name,category,source,lat,lon,wikidata_qid,id
Rio Itapuca,landmark_and_historical_building,overture,-23.036640167236328,-43.55787658691406,,overture:Rio Itapuca:-23.03664:-43.55788
Pedra Do Telégrafo,landmark_and_historical_building,overture,-23.03350067138672,-43.56239700317383,,overture:Pedra Do Telégrafo:-23.03350:-43.56240
Serra do Grumari,landmark_and_historical_building,overture,-23.0334529876709,-43.5356559753418,,overture:Serra do Grumari:-23.03345:-43.53566
Rio do Portinho,landmark_and_historical_building,overture,-23.04287338256836,-43.576541900634766,,overture:Rio do Portinho:-23.04287:-43.57654
Antiga Casa do Sitio do Picapau Amarelo,landmark_and_historical_building,overture,-23.045921325683594,-43.55409622192383,,overture:Antiga Casa do Sitio do Picapau Amarelo:-23.04592:-43.55410
Garganta do Grumari,landmark_and_historical_building,overture,-23.04844093322754,-43.549896240234375,,overture:Garganta do Grumari:-23.04844:-43.54990
Campo de Sao Joao,landmark_and_historical_building,overture,-23.048616409301758,-43.5583381652832,,overture:Campo de Sao Joao:-23.04862:-43.55834
Costão do Grumari,landmark_and_historical_building,overture,-23.054950714111328,-43.53920364379883,,overture:Costão do Grumari:-23.05495:-43.53920
"Ilha das Palmas (ö i Brasilien, Rio de Janeiro, lat -23,06, long -43,51)",landmark_and_historical_building,overture,-23.062843322753906,-43.511531829833984,,"overture:Ilha das Palmas (ö i Brasilien, Rio de Janeiro, lat -23,06, long -43,51):-23.06284:-43.51153"
Clube dos marambaias,landmark_and_historical_building,overture,-23.059200286865234,-43.561004638671875,,overture:Clube dos marambaias:-23.05920:-43.56100
Canal do Bacalhau,landmark_and_historical_building,overture,-23.057710647583008,-43.563270568847656,,overture:Canal do Bacalhau:-23.05771:-43.56327
Pedra da Tartaruga,landmark_and_historical_building,overture,-23.073312759399414,-43.5512580871582,,overture:Pedra da Tartaruga:-23.07331:-43.55126
Mc Nego do Borel,landmark_and_historical_building,overture,-23.067123413085938,-43.56571578979492,,overture:Mc Nego do Borel:-23.06712:-43.56572
Serra Grande-Santa Cruz Rj,landmark_and_historical_building,overture,-22.940536499023438,-43.68299102783203,,overture:Serra Grande-Santa Cruz Rj:-22.94054:-43.68299
Sítio Duros na Queda,topic_concert_venue,overture,-22.94070053100586,-43.684871673583984,,overture:Sítio Duros na Queda:-22.94070:-43.68487
Madean Secret,topic_concert_venue,overture,-22.9406795501709,-43.680335998535156,,overture:Madean Secret:-22.94068:-43.68034
Viva Vida Zona Oeste,landmark_and_historical_building,overture,-22.940658569335938,-43.662940979003906,,overture:Viva Vida Zona Oeste:-22.94066:-43.66294
Sítio Sossego,topic_concert_venue,overture,-22.93893051147461,-43.6463508605957,,overture:Sítio Sossego:-22.93893:-43.64635
Forró do Sítio do Moa,topic_concert_venue,overture,-22.938570022583008,-43.69713592529297,,overture:Forró do Sítio do Moa:-22.93857:-43.69714
Casa de Festa Cristal kids,topic_concert_venue,overture,-22.937183380126953,-43.70003128051758,,overture:Casa de Festa Cristal kids:-22.93718:-43.70003
Areia Branca / São Benedito,landmark_and_historical_building,overture,-22.93767547607422,-43.683082580566406,,overture:Areia Branca / São Benedito:-22.93768:-43.68308
Santa Cruz - Residencial Otacilio Câmara,landmark_and_historical_building,overture,-22.936752319335938,-43.66283416748047,,overture:Santa Cruz - Residencial Otacilio Câmara:-22.93675:-43.66283
Condomínio Fernanda park,landmark_and_historical_building,overture,-22.935649871826172,-43.67055892944336,,overture:Condomínio Fernanda park:-22.93565:-43.67056
Sítio Paraíso - RJ,topic_concert_venue,overture,-22.93600082397461,-43.667240142822266,,overture:Sítio Paraíso - RJ:-22.93600:-43.66724
quintaldadel,topic_concert_venue,overture,-22.936159133911133,-43.67433166503906,,overture:quintaldadel:-22.93616:-43.67433
TOP FESTA,topic_concert_venue,overture,-22.937091827392578,-43.695533752441406,,overture:TOP FESTA:-22.93709:-43.69553
Bola Show,topic_concert_venue,overture,-22.930233001708984,-43.68015670776367,,overture:Bola Show:-22.93023:-43.68016
Salão de Festas e Eventos Esperança,topic_concert_venue,overture,-22.931303024291992,-43.66851043701172,,overture:Salão de Festas e Eventos Esperança:-22.93130:-43.66851
Condominio do Bloco 2B do Parque Residencial Santa Cristina,landmark_and_historical_building,overture,-22.932104110717773,-43.67159652709961,,overture:Condominio do Bloco 2B do Parque Residencial Santa Cristina:-22.93210:-43.67160
Condomínio Morada Santa Cruz,landmark_and_historical_building,overture,-22.93207550048828,-43.67219161987305,,overture:Condomínio Morada Santa Cruz:-22.93208:-43.67219
Conjunto Cesarão Sitio,landmark_and_historical_building,overture,-22.933549880981445,-43.65120315551758,,overture:Conjunto Cesarão Sitio:-22.93355:-43.65120
Espaço Madur,topic_concert_venue,overture,-22.93313217163086,-43.70189666748047,,overture:Espaço Madur:-22.93313:-43.70190
Espaço da Saúde,topic_concert_venue,overture,-22.933935165405273,-43.69731521606445,,overture:Espaço da Saúde:-22.93394:-43.69732
Quintaldojeito,topic_concert_venue,overture,-22.934110641479492,-43.68932342529297,,overture:Quintaldojeito:-22.93411:-43.68932
Condomínio Morada do Sol,landmark_and_historical_building,overture,-22.934425354003906,-43.70065689086914,,overture:Condomínio Morada do Sol:-22.93443:-43.70066
Twelve Nights Experience,topic_concert_venue,overture,-22.935182571411133,-43.69894027709961,,overture:Twelve Nights Experience:-22.93518:-43.69894
Conjunto Cesarão - Santa Cruz,landmark_and_historical_building,overture,-22.935440063476562,-43.66527557373047,,overture:Conjunto Cesarão - Santa Cruz:-22.93544:-43.66528
Home Sweet Home,landmark_and_historical_building,overture,-22.931459426879883,-43.635196685791016,,overture:Home Sweet Home:-22.93146:-43.63520
Condomínio Village Cachamorra,landmark_and_historical_building,overture,-22.932666778564453,-43.5546875,,overture:Condomínio Village Cachamorra:-22.93267:-43.55469
Sertanejo Palace Hall,topic_concert_venue,overture,-22.931608200073242,-43.55551528930664,,overture:Sertanejo Palace Hall:-22.93161:-43.55552
Luiz Faustino Eventos,topic_concert_venue,overture,-22.931556701660156,-43.55542755126953,,overture:Luiz Faustino Eventos:-22.93156:-43.55543
Residencial Agulhas Negras,landmark_and_historical_building,overture,-22.93044662475586,-43.56058883666992,,overture:Residencial Agulhas Negras:-22.93045:-43.56059
CondomÍNio Treviso,landmark_and_historical_building,overture,-22.93050765991211,-43.547908782958984,,overture:CondomÍNio Treviso:-22.93051:-43.54791
Centro de Treinamento Aliados,topic_concert_venue,overture,-22.931150436401367,-43.55550003051758,,overture:Centro de Treinamento Aliados:-22.93115:-43.55550
Espaço Realize Sonhos & Festas,topic_concert_venue,overture,-22.931011199951172,-43.548980712890625,,overture:Espaço Realize Sonhos & Festas:-22.93101:-43.54898
Espaço Ground,topic_concert_venue,overture,-22.93018341064453,-43.51652145385742,,overture:Espaço Ground:-22.93018:-43.51652
Sítio Valdir Bigode,topic_concert_venue,overture,-22.93345832824707,-43.567623138427734,,overture:Sítio Valdir Bigode:-22.93346:-43.56762
Condominium Garden of Acacias,landmark_and_historical_building,overture,-22.935312271118164,-43.557376861572266,,overture:Condominium Garden of Acacias:-22.93531:-43.55738
Condominio Esmeralda Ville,landmark_and_historical_building,overture,-22.938467025756836,-43.57535171508789,,overture:Condominio Esmeralda Ville:-22.93847:-43.57535
Condominio Reserva das Arvores V,landmark_and_historical_building,overture,-22.938039779663086,-43.57278060913086,,overture:Condominio Reserva das Arvores V:-22.93804:-43.57278
Condomínio Campo das Azaléias,landmark_and_historical_building,overture,-22.93697738647461,-43.573909759521484,,overture:Condomínio Campo das Azaléias:-22.93698:-43.57391
Condomínio Reserva Das Árvores IV,landmark_and_historical_building,overture,-22.937040328979492,-43.57052230834961,,overture:Condomínio Reserva Das Árvores IV:-22.93704:-43.57052
Condomínio Reserva das Árvores II,landmark_and_historical_building,overture,-22.93668556213379,-43.57463836669922,,overture:Condomínio Reserva das Árvores II:-22.93669:-43.57464
Condomínio Residencial Campo Real,landmark_and_historical_building,overture,-22.93655776977539,-43.574607849121094,,overture:Condomínio Residencial Campo Real:-22.93656:-43.57461
Condominio 400 Brito,landmark_and_historical_building,overture,-22.93642234802246,-43.563297271728516,,overture:Condominio 400 Brito:-22.93642:-43.56330
Sitio Esmeralda,topic_concert_venue,overture,-22.936325073242188,-43.55388259887695,,overture:Sitio Esmeralda:-22.93633:-43.55388
Front Park,landmark_and_historical_building,overture,-22.935951232910156,-43.57048797607422,,overture:Front Park:-22.93595:-43.57049
Jardim Magarça - Festas e Eventos,topic_concert_venue,overture,-22.936477661132812,-43.58066177368164,,overture:Jardim Magarça - Festas e Eventos:-22.93648:-43.58066
Condomínio Jardim dos Lírios,landmark_and_historical_building,overture,-22.936338424682617,-43.636478424072266,,overture:Condomínio Jardim dos Lírios:-22.93634:-43.63648
Rio Cantagalo,landmark_and_historical_building,overture,-22.936710357666016,-43.64215087890625,,overture:Rio Cantagalo:-22.93671:-43.64215
Conjunto dos Mouras,landmark_and_historical_building,overture,-22.937055587768555,-43.633087158203125,,overture:Conjunto dos Mouras:-22.93706:-43.63309
Condomínio Jardim Hibisco,landmark_and_historical_building,overture,-22.938146591186523,-43.63676071166992,,overture:Condomínio Jardim Hibisco:-22.93815:-43.63676
Condomínio Alice de Castro,landmark_and_historical_building,overture,-22.937589645385742,-43.580482482910156,,overture:Condomínio Alice de Castro:-22.93759:-43.58048
Condomínio Brilho do Sol,landmark_and_historical_building,overture,-22.941030502319336,-43.59733963012695,,overture:Condomínio Brilho do Sol:-22.94103:-43.59734
Condomínio Caminhos Do Park-Estrada Do Magarça N1870 Campo Grande,landmark_and_historical_building,overture,-22.940454483032227,-43.591331481933594,,overture:Condomínio Caminhos Do Park-Estrada Do Magarça N1870 Campo Grande:-22.94045:-43.59133
Condominio Residencial Villa Maria,landmark_and_historical_building,overture,-22.940311431884766,-43.58232116699219,,overture:Condominio Residencial Villa Maria:-22.94031:-43.58232
Vivendas de Sagres,landmark_and_historical_building,overture,-22.941404342651367,-43.575775146484375,,overture:Vivendas de Sagres:-22.94140:-43.57578
Condomínio Village Recanto do Sabiá - Guaratiba,landmark_and_historical_building,overture,-22.941246032714844,-43.56087875366211,,overture:Condomínio Village Recanto do Sabiá - Guaratiba:-22.94125:-43.56088
Vitta Green,landmark_and_historical_building,overture,-22.940412521362305,-43.556907653808594,,overture:Vitta Green:-22.94041:-43.55691
ASM Martins soluções LTDA,landmark_and_historical_building,overture,-22.94080352783203,-43.5627326965332,,overture:ASM Martins soluções LTDA:-22.94080:-43.56273
Sítio Pedacinho do Céu,topic_concert_venue,overture,-22.941686630249023,-43.555721282958984,,overture:Sítio Pedacinho do Céu:-22.94169:-43.55572
Condomínio Casas do Campo,landmark_and_historical_building,overture,-22.943540573120117,-43.57120132446289,,overture:Condomínio Casas do Campo:-22.94354:-43.57120
Largo do 40,topic_concert_venue,overture,-22.94723892211914,-43.60466766357422,,overture:Largo do 40:-22.94724:-43.60467
Casa de Festas Moment' s,topic_concert_venue,overture,-22.94635772705078,-43.596641540527344,,overture:Casa de Festas Moment' s:-22.94636:-43.59664
Condominio Bosque Majuri,landmark_and_historical_building,overture,-22.94361686706543,-43.641380310058594,,overture:Condominio Bosque Majuri:-22.94362:-43.64138
Cond Clube Vida Boa I e II,landmark_and_historical_building,overture,-22.94295310974121,-43.5832405090332,,overture:Cond Clube Vida Boa I e II:-22.94295:-43.58324
Condominio Vida Boa,landmark_and_historical_building,overture,-22.942813873291016,-43.584068298339844,,overture:Condominio Vida Boa:-22.94281:-43.58407
Olympia Park Clube Condomínio,landmark_and_historical_building,overture,-22.942188262939453,-43.58004379272461,,overture:Olympia Park Clube Condomínio:-22.94219:-43.58004
Comdomínio Colinas Do Magarça,landmark_and_historical_building,overture,-22.9417724609375,-43.587162017822266,,overture:Comdomínio Colinas Do Magarça:-22.94177:-43.58716
Espaço Estação,topic_concert_venue,overture,-22.944677352905273,-43.68891906738281,,overture:Espaço Estação:-22.94468:-43.68892
Condomínio Residencial Riviera,landmark_and_historical_building,overture,-22.945568084716797,-43.650054931640625,,overture:Condomínio Residencial Riviera:-22.94557:-43.65005
Condomínio Quintas do Massapê,landmark_and_historical_building,overture,-22.945262908935547,-43.65083312988281,,overture:Condomínio Quintas do Massapê:-22.94526:-43.65083
Condominio Executive Houses,landmark_and_historical_building,overture,-22.946325302124023,-43.65253829956055,,overture:Condominio Executive Houses:-22.94633:-43.65254
Condominio da Caixa Economica Federal,landmark_and_historical_building,overture,-22.94613265991211,-43.67621612548828,,overture:Condominio da Caixa Economica Federal:-22.94613:-43.67622
Condomínio Constança,landmark_and_historical_building,overture,-22.953094482421875,-43.68120193481445,,overture:Condomínio Constança:-22.95309:-43.68120
Salão de festas espaço fac,topic_concert_venue,overture,-22.95124053955078,-43.68075180053711,,overture:Salão de festas espaço fac:-22.95124:-43.68075
Beco Do Constâncio,landmark_and_historical_building,overture,-22.951696395874023,-43.68178176879883,,overture:Beco Do Constâncio:-22.95170:-43.68178
Condomínio residencial Serpa,landmark_and_historical_building,overture,-22.951814651489258,-43.669063568115234,,overture:Condomínio residencial Serpa:-22.95181:-43.66906
Espaço Festas Sonho Realizado,topic_concert_venue,overture,-22.9514102935791,-43.67932891845703,,overture:Espaço Festas Sonho Realizado:-22.95141:-43.67933
Condomínio Residencial do Viseu,landmark_and_historical_building,overture,-22.950841903686523,-43.66706848144531,,overture:Condomínio Residencial do Viseu:-22.95084:-43.66707
Condomínio Residencial Queluz,landmark_and_historical_building,overture,-22.952051162719727,-43.66947937011719,,overture:Condomínio Residencial Queluz:-22.95205:-43.66948
Condomínio Residencial Saboia,landmark_and_historical_building,overture,-22.95197868347168,-43.67060470581055,,overture:Condomínio Residencial Saboia:-22.95198:-43.67060
Salão de Festas Casa Branca,topic_concert_venue,overture,-22.951753616333008,-43.603126525878906,,overture:Salão de Festas Casa Branca:-22.95175:-43.60313
Rua Itumirim número 621 Condomínio Village do Itumirim,landmark_and_historical_building,overture,-22.95055389404297,-43.60169219970703,,overture:Rua Itumirim número 621 Condomínio Village do Itumirim:-22.95055:-43.60169
Salão de Festas Eliane,topic_concert_venue,overture,-22.95075798034668,-43.596675872802734,,overture:Salão de Festas Eliane:-22.95076:-43.59668
Condomínio recanto do Magarça N615,landmark_and_historical_building,overture,-22.950517654418945,-43.60902786254883,,overture:Condomínio recanto do Magarça N615:-22.95052:-43.60903
Condomínio Residencial Colinas do Sol,landmark_and_historical_building,overture,-22.95161247253418,-43.643341064453125,,overture:Condomínio Residencial Colinas do Sol:-22.95161:-43.64334
Condominio Rio Vida Residêncial Club 3,landmark_and_historical_building,overture,-22.950546264648438,-43.64360046386719,,overture:Condominio Rio Vida Residêncial Club 3:-22.95055:-43.64360
Jardim dos Lírios I,landmark_and_historical_building,overture,-22.950603485107422,-43.64236068725586,,overture:Jardim dos Lírios I:-22.95060:-43.64236
Residencial Flor de Laranjeira,landmark_and_historical_building,overture,-22.94883155822754,-43.581947326660156,,overture:Residencial Flor de Laranjeira:-22.94883:-43.58195
Casa Real Eventos,topic_concert_venue,overture,-22.950000762939453,-43.55756378173828,,overture:Casa Real Eventos:-22.95000:-43.55756
Contemporâneo Design Resort,landmark_and_historical_building,overture,-22.947513580322266,-43.56160354614258,,overture:Contemporâneo Design Resort:-22.94751:-43.56160
Morro dos Caboclos,landmark_and_historical_building,overture,-22.951669692993164,-43.51750946044922,,overture:Morro dos Caboclos:-22.95167:-43.51751
Sítio Pestana Eventos,topic_concert_venue,overture,-22.95248031616211,-43.56024169921875,,overture:Sítio Pestana Eventos:-22.95248:-43.56024
Sítio West Hall,topic_concert_venue,overture,-22.953224182128906,-43.56207275390625,,overture:Sítio West Hall:-22.95322:-43.56207
Condominio Recreio Quality,landmark_and_historical_building,overture,-22.953420639038086,-43.561500549316406,,overture:Condominio Recreio Quality:-22.95342:-43.56150
Espaço Donalda Festas,topic_concert_venue,overture,-22.954853057861328,-43.607093811035156,,overture:Espaço Donalda Festas:-22.95485:-43.60709
Espaço de Festas Pilar do Sul,topic_concert_venue,overture,-22.95615005493164,-43.604026794433594,,overture:Espaço de Festas Pilar do Sul:-22.95615:-43.60403
Condomínio Silver Green,landmark_and_historical_building,overture,-22.954980850219727,-43.582523345947266,,overture:Condomínio Silver Green:-22.95498:-43.58252
Condomínio Grass 13,landmark_and_historical_building,overture,-22.957366943359375,-43.613773345947266,,overture:Condomínio Grass 13:-22.95737:-43.61377
"Condominio Residencial Saint Patrick, Guaratiba - RJ",landmark_and_historical_building,overture,-22.958383560180664,-43.61555862426758,,"overture:Condominio Residencial Saint Patrick, Guaratiba - RJ:-22.95838:-43.61556"
Condomínio Portal do Magarça,landmark_and_historical_building,overture,-22.959228515625,-43.61333084106445,,overture:Condomínio Portal do Magarça:-22.95923:-43.61333
Recanto do Vale,topic_concert_venue,overture,-22.965023040771484,-43.5893669128418,,overture:Recanto do Vale:-22.96502:-43.58937
Espaço Cultural e Social Artes e Música,cultural_center,overture,-22.96148681640625,-43.61184310913086,,overture:Espaço Cultural e Social Artes e Música:-22.96149:-43.61184
Condominio Campo Verde,landmark_and_historical_building,overture,-22.96030044555664,-43.61368942260742,,overture:Condominio Campo Verde:-22.96030:-43.61369
Conjunto nova sepetiba,landmark_and_historical_building,overture,-22.959871292114258,-43.685543060302734,,overture:Conjunto nova sepetiba:-22.95987:-43.68554
Gênesis Festas e Eventos,topic_concert_venue,overture,-22.960180282592773,-43.69793701171875,,overture:Gênesis Festas e Eventos:-22.96018:-43.69794
Sítio Santa Terezinha,topic_concert_venue,overture,-22.961280822753906,-43.648834228515625,,overture:Sítio Santa Terezinha:-22.96128:-43.64883
Condomínio da Graça 37b rua 1,landmark_and_historical_building,overture,-22.964740753173828,-43.68953323364258,,overture:Condomínio da Graça 37b rua 1:-22.96474:-43.68953
Sepetiba,landmark_and_historical_building,overture,-22.958721160888672,-43.702903747558594,,overture:Sepetiba:-22.95872:-43.70290
Espaço Margö Festas,topic_concert_venue,overture,-22.95519256591797,-43.68983459472656,,overture:Espaço Margö Festas:-22.95519:-43.68983
Instituto Territórios Diversos,cultural_center,overture,-22.955045700073242,-43.68669128417969,,overture:Instituto Territórios Diversos:-22.95505:-43.68669
Sítio Ares da Serra,topic_concert_venue,overture,-22.95616340637207,-43.67997741699219,,overture:Sítio Ares da Serra:-22.95616:-43.67998
Varanda's Lounge,topic_concert_venue,overture,-22.95417022705078,-43.65453338623047,,overture:Varanda's Lounge:-22.95417:-43.65453
Sitio Brilhante,topic_concert_venue,overture,-22.977020263671875,-43.66503143310547,,overture:Sitio Brilhante:-22.97702:-43.66503
Sitio do Boi,topic_concert_venue,overture,-22.97390365600586,-43.64812088012695,,overture:Sitio do Boi:-22.97390:-43.64812
BAC - Barracão de Arte e Cultura Sepetiba,cultural_center,overture,-22.9674129486084,-43.6905403137207,,overture:BAC - Barracão de Arte e Cultura Sepetiba:-22.96741:-43.69054
Espaço Imperial,topic_concert_venue,overture,-22.967117309570312,-43.70822525024414,,overture:Espaço Imperial:-22.96712:-43.70823
Asé Pingo D'água,cultural_center,overture,-22.965988159179688,-43.64802932739258,,overture:Asé Pingo D'água:-22.96599:-43.64803
Espaço de Festas Pimenta Doce,topic_concert_venue,overture,-22.968393325805664,-43.70011520385742,,overture:Espaço de Festas Pimenta Doce:-22.96839:-43.70012
Ecomuseu de Sepetiba,museum,overture,-22.97085189819336,-43.70990753173828,,overture:Ecomuseu de Sepetiba:-22.97085:-43.70991
Coreto de Sepetiba Rj,landmark_and_historical_building,overture,-22.97089385986328,-43.70962905883789,,overture:Coreto de Sepetiba Rj:-22.97089:-43.70963
Espaço Vicenzo,topic_concert_venue,overture,-22.96986198425293,-43.63058853149414,,overture:Espaço Vicenzo:-22.96986:-43.63059
Ocean Residence & Beach Place Pontal Oceânico,landmark_and_historical_building,overture,-22.970218658447266,-43.614898681640625,,overture:Ocean Residence & Beach Place Pontal Oceânico:-22.97022:-43.61490
Up Barra Mais,landmark_and_historical_building,overture,-22.967199325561523,-43.64199447631836,,overture:Up Barra Mais:-22.96720:-43.64199
Ribalta - Barra da Tijuca,topic_concert_venue,overture,-22.96702766418457,-43.642608642578125,,overture:Ribalta - Barra da Tijuca:-22.96703:-43.64261
Santhorini Hall RJ,topic_concert_venue,overture,-22.96627426147461,-43.645172119140625,,overture:Santhorini Hall RJ:-22.96627:-43.64517
Casa do Saber Popular,cultural_center,overture,-22.966026306152344,-43.605770111083984,,overture:Casa do Saber Popular:-22.96603:-43.60577
Sitio Belo Vale ,topic_concert_venue,overture,-22.971193313598633,-43.53731155395508,,overture:Sitio Belo Vale :-22.97119:-43.53731
Casa do Xandro,landmark_and_historical_building,overture,-22.972610473632812,-43.59062576293945,,overture:Casa do Xandro:-22.97261:-43.59063
Salão de festa Realizando Sonhos,topic_concert_venue,overture,-22.972013473510742,-43.64017105102539,,overture:Salão de festa Realizando Sonhos:-22.97201:-43.64017
Solar das Heras,topic_concert_venue,overture,-22.972423553466797,-43.614990234375,,overture:Solar das Heras:-22.97242:-43.61499
Condomínio Recanto do Sabiá,landmark_and_historical_building,overture,-22.97348403930664,-43.59344482421875,,overture:Condomínio Recanto do Sabiá:-22.97348:-43.59344
Espaço Casa Grande ll,topic_concert_venue,overture,-22.976394653320312,-43.63788986206055,,overture:Espaço Casa Grande ll:-22.97639:-43.63789
Residencial Vale dos Bambus,landmark_and_historical_building,overture,-22.974689483642578,-43.546363830566406,,overture:Residencial Vale dos Bambus:-22.97469:-43.54636
Oduduwa Centro Cultural,cultural_center,overture,-22.980133056640625,-43.61598587036133,,overture:Oduduwa Centro Cultural:-22.98013:-43.61599
Capela Magdalena e Roberto de Regina,museum,overture,-22.978500366210938,-43.58981704711914,,overture:Capela Magdalena e Roberto de Regina:-22.97850:-43.58982
Salão de Festas e Eventos na Brisa,topic_concert_venue,overture,-22.97940444946289,-43.66791915893555,,overture:Salão de Festas e Eventos na Brisa:-22.97940:-43.66792
Rancho PAIOL,landmark_and_historical_building,overture,-22.978988647460938,-43.68959426879883,,overture:Rancho PAIOL:-22.97899:-43.68959
Condomínio Guaratibinha,landmark_and_historical_building,overture,-22.980642318725586,-43.65198516845703,,overture:Condomínio Guaratibinha:-22.98064:-43.65199
Residência,landmark_and_historical_building,overture,-22.984058380126953,-43.696781158447266,,overture:Residência:-22.98406:-43.69678
Jardim Garrido,landmark_and_historical_building,overture,-22.986560821533203,-43.63270950317383,,overture:Jardim Garrido:-22.98656:-43.63271
Vila Balbina,landmark_and_historical_building,overture,-22.985200881958008,-43.62468338012695,,overture:Vila Balbina:-22.98520:-43.62468
Espaço Real Eventos,topic_concert_venue,overture,-22.984573364257812,-43.569026947021484,,overture:Espaço Real Eventos:-22.98457:-43.56903
Espaço Harmonia,topic_concert_venue,overture,-22.98763084411621,-43.56310272216797,,overture:Espaço Harmonia:-22.98763:-43.56310
Recanto Bela Flor,topic_concert_venue,overture,-22.988903045654297,-43.53631591796875,,overture:Recanto Bela Flor:-22.98890:-43.53632
PEDRA De Guaratba,landmark_and_historical_building,overture,-22.99120330810547,-43.62716293334961,,overture:PEDRA De Guaratba:-22.99120:-43.62716
Residencial San Germano,landmark_and_historical_building,overture,-22.991859436035156,-43.55781173706055,,overture:Residencial San Germano:-22.99186:-43.55781
Condomínio Ilha Dourada,landmark_and_historical_building,overture,-22.992210388183594,-43.54798889160156,,overture:Condomínio Ilha Dourada:-22.99221:-43.54799
Valentino's Festas,topic_concert_venue,overture,-23.00017547607422,-43.63591766357422,,overture:Valentino's Festas:-23.00018:-43.63592
Cigana dos Ventos,topic_concert_venue,overture,-23.00054359436035,-43.630126953125,,overture:Cigana dos Ventos:-23.00054:-43.63013
Rossi Ideal Vila Guaratiba,landmark_and_historical_building,overture,-22.9967041015625,-43.628318786621094,,overture:Rossi Ideal Vila Guaratiba:-22.99670:-43.62832
Mulheres de Pedra,topic_concert_venue,overture,-23.002981185913086,-43.63909149169922,,overture:Mulheres de Pedra:-23.00298:-43.63909
Mundial lash congress,topic_concert_venue,overture,-23.002243041992188,-43.63309097290039,,overture:Mundial lash congress:-23.00224:-43.63309
Colônia de Pescadores Z-14,museum,overture,-23.002498626708984,-43.64120864868164,,overture:Colônia de Pescadores Z-14:-23.00250:-43.64121
Píer da Pedra de Guaratiba,landmark_and_historical_building,overture,-23.001893997192383,-43.6422119140625,,overture:Píer da Pedra de Guaratiba:-23.00189:-43.64221
EAM Sítios&Eventos,topic_concert_venue,overture,-23.00120735168457,-43.64472579956055,,overture:EAM Sítios&Eventos:-23.00121:-43.64473
Residencial CTEx,landmark_and_historical_building,overture,-23.00369644165039,-43.55773162841797,,overture:Residencial CTEx:-23.00370:-43.55773
Galeria Jardim,topic_concert_venue,overture,-23.00695037841797,-43.5405158996582,,overture:Galeria Jardim:-23.00695:-43.54052
Palmeiras da Ilha Eventos,topic_concert_venue,overture,-23.008333206176758,-43.538673400878906,,overture:Palmeiras da Ilha Eventos:-23.00833:-43.53867
Condomínio Condado de York,landmark_and_historical_building,overture,-23.010740280151367,-43.51852035522461,,overture:Condomínio Condado de York:-23.01074:-43.51852
Festival da Pinga Paraty,topic_concert_venue,overture,-23.014699935913086,-43.51957321166992,,overture:Festival da Pinga Paraty:-23.01470:-43.51957
Cidade Jardim - Barra,landmark_and_historical_building,overture,-23.014270782470703,-43.52638626098633,,overture:Cidade Jardim - Barra:-23.01427:-43.52639
Recanto do Pontal,landmark_and_historical_building,overture,-23.01998519897461,-43.51258087158203,,overture:Recanto do Pontal:-23.01999:-43.51258
Frames Residence,landmark_and_historical_building,overture,-23.020448684692383,-43.51190185546875,,overture:Frames Residence:-23.02045:-43.51190
Condominio Pontal Quality Green,landmark_and_historical_building,overture,-23.02014923095703,-43.520870208740234,,overture:Condominio Pontal Quality Green:-23.02015:-43.52087
Ocean Residence Pontal,landmark_and_historical_building,overture,-23.02243423461914,-43.50992202758789,,overture:Ocean Residence Pontal:-23.02243:-43.50992
Maui Unique Life Residences,landmark_and_historical_building,overture,-23.022706985473633,-43.512351989746094,,overture:Maui Unique Life Residences:-23.02271:-43.51235
Sítio do Pontal,topic_concert_venue,overture,-23.023523330688477,-43.519378662109375,,overture:Sítio do Pontal:-23.02352:-43.51938
Luar do Pontal,landmark_and_historical_building,overture,-23.023250579833984,-43.512939453125,,overture:Luar do Pontal:-23.02325:-43.51294
Museu Casa do Pontal,art_museum,overture,-23.02385902404785,-43.510189056396484,,overture:Museu Casa do Pontal:-23.02386:-43.51019
Mirante do Roncador,landmark_and_historical_building,overture,-23.037874221801758,-43.499488830566406,,overture:Mirante do Roncador:-23.03787:-43.49949
Canal de Sernambetiba,landmark_and_historical_building,overture,-23.035560607910156,-43.49333572387695,,overture:Canal de Sernambetiba:-23.03556:-43.49334
Estrela do Mar Casa de Festas,topic_concert_venue,overture,-23.0247745513916,-43.457889556884766,,overture:Estrela do Mar Casa de Festas:-23.02477:-43.45789
Edifício Prestige,landmark_and_historical_building,overture,-23.0228328704834,-43.45008850097656,,overture:Edifício Prestige:-23.02283:-43.45009
Condomínio Residencial Copacabana,landmark_and_historical_building,overture,-23.022998809814453,-43.45299530029297,,overture:Condomínio Residencial Copacabana:-23.02300:-43.45300
Condominio do Edificio Nova Praia,landmark_and_historical_building,overture,-23.0233211517334,-43.45451354980469,,overture:Condominio do Edificio Nova Praia:-23.02332:-43.45451
Building Summer Time,landmark_and_historical_building,overture,-23.023475646972656,-43.453094482421875,,overture:Building Summer Time:-23.02348:-43.45309
Residencial Myrtos,landmark_and_historical_building,overture,-23.024377822875977,-43.46070098876953,,overture:Residencial Myrtos:-23.02438:-43.46070
Edifício Escuna,landmark_and_historical_building,overture,-23.024341583251953,-43.4605598449707,,overture:Edifício Escuna:-23.02434:-43.46056
Tatiana Lima Provençal,topic_concert_venue,overture,-23.024560928344727,-43.45854187011719,,overture:Tatiana Lima Provençal:-23.02456:-43.45854
Edifício Luciana,landmark_and_historical_building,overture,-23.02520751953125,-43.46503448486328,,overture:Edifício Luciana:-23.02521:-43.46503
Edifício Aldeia Branca,landmark_and_historical_building,overture,-23.025285720825195,-43.46541213989258,,overture:Edifício Aldeia Branca:-23.02529:-43.46541
Prédio hermes,landmark_and_historical_building,overture,-23.02533721923828,-43.46513748168945,,overture:Prédio hermes:-23.02534:-43.46514
Edifício Verônica XIII,landmark_and_historical_building,overture,-23.02277946472168,-43.474693298339844,,overture:Edifício Verônica XIII:-23.02278:-43.47469
Condo Sunset Club Residence,landmark_and_historical_building,overture,-23.023038864135742,-43.48380661010742,,overture:Condo Sunset Club Residence:-23.02304:-43.48381
Semear Centro Cultural,cultural_center,overture,-23.024076461791992,-43.4794921875,,overture:Semear Centro Cultural:-23.02408:-43.47949
"Texugo, o Entregador",topic_concert_venue,overture,-23.02440071105957,-43.482383728027344,,"overture:Texugo, o Entregador:-23.02440:-43.48238"
Deposito LGM,topic_concert_venue,overture,-23.025588989257812,-43.480228424072266,,overture:Deposito LGM:-23.02559:-43.48023
Condomínio Residências da Praia,landmark_and_historical_building,overture,-23.026647567749023,-43.47709655761719,,overture:Condomínio Residências da Praia:-23.02665:-43.47710
Museu Arqueológico e Histórico de Lima,history_museum,overture,-23.028419494628906,-43.47789001464844,,overture:Museu Arqueológico e Histórico de Lima:-23.02842:-43.47789
Condominium Villagio Del Mare,landmark_and_historical_building,overture,-23.02753448486328,-43.47614288330078,,overture:Condominium Villagio Del Mare:-23.02753:-43.47614
Espaço Alfa,topic_concert_venue,overture,-23.02851104736328,-43.47289276123047,,overture:Espaço Alfa:-23.02851:-43.47289
Museu do Cárcere,history_museum,overture,-23.02817153930664,-43.46785354614258,,overture:Museu do Cárcere:-23.02817:-43.46785
Rua Newton Fontoura Reis,landmark_and_historical_building,overture,-23.026412963867188,-43.465980529785156,,overture:Rua Newton Fontoura Reis:-23.02641:-43.46598
Oceana Waterfront,landmark_and_historical_building,overture,-23.026506423950195,-43.46271896362305,,overture:Oceana Waterfront:-23.02651:-43.46272
Condomínio do Edifício Rodeni,landmark_and_historical_building,overture,-23.026453018188477,-43.46410369873047,,overture:Condomínio do Edifício Rodeni:-23.02645:-43.46410
Edifício Bandeirantes,landmark_and_historical_building,overture,-23.025747299194336,-43.464637756347656,,overture:Edifício Bandeirantes:-23.02575:-43.46464
Condominio do Edificio Green Sea Beach Residence Service,landmark_and_historical_building,overture,-23.0285587310791,-43.4677619934082,,overture:Condominio do Edificio Green Sea Beach Residence Service:-23.02856:-43.46776
Morro do Pontal de Sernambetiba,landmark_and_historical_building,overture,-23.034170150756836,-43.470096588134766,,overture:Morro do Pontal de Sernambetiba:-23.03417:-43.47010
Centro de Treinamento Surf Conectado,topic_concert_venue,overture,-23.031557083129883,-43.47496032714844,,overture:Centro de Treinamento Surf Conectado:-23.03156:-43.47496
Pedra de Itapuã,landmark_and_historical_building,overture,-23.032230377197266,-43.48084259033203,,overture:Pedra de Itapuã:-23.03223:-43.48084
Pedra da Macumba,landmark_and_historical_building,overture,-23.032020568847656,-43.48051834106445,,overture:Pedra da Macumba:-23.03202:-43.48052
Condomínio Reference Life Resort,landmark_and_historical_building,overture,-23.030820846557617,-43.480926513671875,,overture:Condomínio Reference Life Resort:-23.03082:-43.48093
Condominio Praia Nova Sernambetiba,landmark_and_historical_building,overture,-23.03034210205078,-43.479515075683594,,overture:Condominio Praia Nova Sernambetiba:-23.03034:-43.47952
Gaivotas Praia Residencial,landmark_and_historical_building,overture,-23.03071403503418,-43.48060989379883,,overture:Gaivotas Praia Residencial:-23.03071:-43.48061
Condomíno La Plage,landmark_and_historical_building,overture,-23.031055450439453,-43.48023223876953,,overture:Condomíno La Plage:-23.03106:-43.48023
Equipe Leandro Galvão,landmark_and_historical_building,overture,-23.03112030029297,-43.4720573425293,,overture:Equipe Leandro Galvão:-23.03112:-43.47206
Na Praia12 - Recreio,topic_concert_venue,overture,-23.030284881591797,-43.471466064453125,,overture:Na Praia12 - Recreio:-23.03028:-43.47147
Prédio Brisa do Mar,landmark_and_historical_building,overture,-23.030088424682617,-43.47254943847656,,overture:Prédio Brisa do Mar:-23.03009:-43.47255
Condomínio do Edifício Fiori Del Pontal,landmark_and_historical_building,overture,-23.0301513671875,-43.47483825683594,,overture:Condomínio do Edifício Fiori Del Pontal:-23.03015:-43.47484
Villa Del Sol Residences,landmark_and_historical_building,overture,-23.030380249023438,-43.475982666015625,,overture:Villa Del Sol Residences:-23.03038:-43.47598
Condominio do Edificio Residencial Nova Sernambetiba,landmark_and_historical_building,overture,-23.0296630859375,-43.476444244384766,,overture:Condominio do Edificio Residencial Nova Sernambetiba:-23.02966:-43.47644
Residencial Paris,landmark_and_historical_building,overture,-23.029827117919922,-43.47264862060547,,overture:Residencial Paris:-23.02983:-43.47265
Recreio dos Bandeirantes posto 12,landmark_and_historical_building,overture,-23.028682708740234,-43.47203063964844,,overture:Recreio dos Bandeirantes posto 12:-23.02868:-43.47203
Edifício Pontal Beach Green,landmark_and_historical_building,overture,-23.02992057800293,-43.48338317871094,,overture:Edifício Pontal Beach Green:-23.02992:-43.48338
Condomínio Maramar,landmark_and_historical_building,overture,-23.028568267822266,-43.49464416503906,,overture:Condomínio Maramar:-23.02857:-43.49464
Condomínio San Francesco,landmark_and_historical_building,overture,-23.030290603637695,-43.48422622680664,,overture:Condomínio San Francesco:-23.03029:-43.48423
Condomínio Villaggio Acquafina,landmark_and_historical_building,overture,-23.03288459777832,-43.485504150390625,,overture:Condomínio Villaggio Acquafina:-23.03288:-43.48550
Praia da Macumba,landmark_and_historical_building,overture,-23.03227424621582,-43.48467254638672,,overture:Praia da Macumba:-23.03227:-43.48467
Mansão Bitcoin,landmark_and_historical_building,overture,-23.03400993347168,-43.48860549926758,,overture:Mansão Bitcoin:-23.03401:-43.48861
Mirante do Pontal,landmark_and_historical_building,overture,-23.034191131591797,-43.491432189941406,,overture:Mirante do Pontal:-23.03419:-43.49143
Maramar,landmark_and_historical_building,overture,-23.032779693603516,-43.49314498901367,,overture:Maramar:-23.03278:-43.49314
Quintas do Pontal Recreio dos Bandeirantes,landmark_and_historical_building,overture,-23.025787353515625,-43.50464630126953,,overture:Quintas do Pontal Recreio dos Bandeirantes:-23.02579:-43.50465
Rua arquiteto,landmark_and_historical_building,overture,-23.025802612304688,-43.485103607177734,,overture:Rua arquiteto:-23.02580:-43.48510
Condomínio Maison Du Soleil,landmark_and_historical_building,overture,-23.026216506958008,-43.491790771484375,,overture:Condomínio Maison Du Soleil:-23.02622:-43.49179
Maison Paradis,landmark_and_historical_building,overture,-23.025087356567383,-43.48919677734375,,overture:Maison Paradis:-23.02509:-43.48920
Condomínio Summer Club Residence Resort,landmark_and_historical_building,overture,-23.023696899414062,-43.485050201416016,,overture:Condomínio Summer Club Residence Resort:-23.02370:-43.48505
Park View Barra Bonita,landmark_and_historical_building,overture,-23.023237228393555,-43.486942291259766,,overture:Park View Barra Bonita:-23.02324:-43.48694
Condomínio do Edifício Villa Venézia,landmark_and_historical_building,overture,-23.02278709411621,-43.48650360107422,,overture:Condomínio do Edifício Villa Venézia:-23.02279:-43.48650
Puerto Madero,landmark_and_historical_building,overture,-23.022727966308594,-43.487972259521484,,overture:Puerto Madero:-23.02273:-43.48797
Lar Cida,landmark_and_historical_building,overture,-23.022733688354492,-43.488346099853516,,overture:Lar Cida:-23.02273:-43.48835
Top Duplex,landmark_and_historical_building,overture,-23.023069381713867,-43.489097595214844,,overture:Top Duplex:-23.02307:-43.48910
Palhaçada Real,landmark_and_historical_building,overture,-23.024023056030273,-43.491275787353516,,overture:Palhaçada Real:-23.02402:-43.49128
Mare Pontal Oceanico,landmark_and_historical_building,overture,-23.02125358581543,-43.50575637817383,,overture:Mare Pontal Oceanico:-23.02125:-43.50576
Centro Cultural Marrom Music,cultural_center,overture,-23.02163314819336,-43.49923324584961,,overture:Centro Cultural Marrom Music:-23.02163:-43.49923
Condomínio Sun Garden,landmark_and_historical_building,overture,-23.017229080200195,-43.50366973876953,,overture:Condomínio Sun Garden:-23.01723:-43.50367
Condomínio Oliver,landmark_and_historical_building,overture,-23.017282485961914,-43.50412368774414,,overture:Condomínio Oliver:-23.01728:-43.50412
Condominium Art Life,landmark_and_historical_building,overture,-23.01734161376953,-43.49263000488281,,overture:Condominium Art Life:-23.01734:-43.49263
Oceanside Recreio - Emccamp,landmark_and_historical_building,overture,-23.01871681213379,-43.485591888427734,,overture:Oceanside Recreio - Emccamp:-23.01872:-43.48559
Condomínio Terra Américas,landmark_and_historical_building,overture,-23.019535064697266,-43.48933792114258,,overture:Condomínio Terra Américas:-23.01954:-43.48934
Condomínio do Edifício Home Ways Residence Service,landmark_and_historical_building,overture,-23.020029067993164,-43.484962463378906,,overture:Condomínio do Edifício Home Ways Residence Service:-23.02003:-43.48496
Condominio Barra Bonita - Recreio Dos Bandeirantes,landmark_and_historical_building,overture,-23.020082473754883,-43.48516082763672,,overture:Condominio Barra Bonita - Recreio Dos Bandeirantes:-23.02008:-43.48516
Residential Condominium Villa Bella,landmark_and_historical_building,overture,-23.02081298828125,-43.4850959777832,,overture:Residential Condominium Villa Bella:-23.02081:-43.48510
Wings Residence RJ,landmark_and_historical_building,overture,-23.020816802978516,-43.48388671875,,overture:Wings Residence RJ:-23.02082:-43.48389
Varandas de Barra Bonita,landmark_and_historical_building,overture,-23.020828247070312,-43.48691940307617,,overture:Varandas de Barra Bonita:-23.02083:-43.48692
Mares de Goa Residence,landmark_and_historical_building,overture,-23.020124435424805,-43.49243927001953,,overture:Mares de Goa Residence:-23.02012:-43.49244
Condominio Recanto da Carolina,landmark_and_historical_building,overture,-23.02054214477539,-43.49540328979492,,overture:Condominio Recanto da Carolina:-23.02054:-43.49540
Canal das Taxas,landmark_and_historical_building,overture,-23.02071189880371,-43.491851806640625,,overture:Canal das Taxas:-23.02071:-43.49185
Choice,landmark_and_historical_building,overture,-23.021974563598633,-43.49062728881836,,overture:Choice:-23.02197:-43.49063
Luau do Recreio,landmark_and_historical_building,overture,-23.022499084472656,-43.49000549316406,,overture:Luau do Recreio:-23.02250:-43.49001
Up Life,landmark_and_historical_building,overture,-23.022132873535156,-43.48737716674805,,overture:Up Life:-23.02213:-43.48738
Lume Residential Barra Bonita,landmark_and_historical_building,overture,-23.021305084228516,-43.490089416503906,,overture:Lume Residential Barra Bonita:-23.02131:-43.49009
Wide Residences,landmark_and_historical_building,overture,-23.021379470825195,-43.48700714111328,,overture:Wide Residences:-23.02138:-43.48701
Wings Residence,landmark_and_historical_building,overture,-23.021587371826172,-43.484432220458984,,overture:Wings Residence:-23.02159:-43.48443
Jardim do Alto Estilo e Serviços,landmark_and_historical_building,overture,-23.022207260131836,-43.48677444458008,,overture:Jardim do Alto Estilo e Serviços:-23.02221:-43.48677
Salvez,cultural_center,overture,-23.022174835205078,-43.48680114746094,,overture:Salvez:-23.02217:-43.48680
Condomínio Pablo Picasso,landmark_and_historical_building,overture,-23.022132873535156,-43.48570251464844,,overture:Condomínio Pablo Picasso:-23.02213:-43.48570
Condominio do Edificio Conde do Recreio,landmark_and_historical_building,overture,-23.02251434326172,-43.4843864440918,,overture:Condominio do Edificio Conde do Recreio:-23.02251:-43.48439
Casa do Recreio Arte e Cultura,cultural_center,overture,-23.021535873413086,-43.47924041748047,,overture:Casa do Recreio Arte e Cultura:-23.02154:-43.47924
Condominio Bosque do Recreio,landmark_and_historical_building,overture,-23.019922256469727,-43.478271484375,,overture:Condominio Bosque do Recreio:-23.01992:-43.47827
Edifício Cabo da Roca IV,landmark_and_historical_building,overture,-23.020662307739258,-43.47843933105469,,overture:Edifício Cabo da Roca IV:-23.02066:-43.47844
Condomínio Le Jour,landmark_and_historical_building,overture,-23.02061653137207,-43.47642135620117,,overture:Condomínio Le Jour:-23.02062:-43.47642
Edifício Praia de Grumari,landmark_and_historical_building,overture,-23.020614624023438,-43.47421646118164,,overture:Edifício Praia de Grumari:-23.02061:-43.47422
Condominio Chacara do Recreio,landmark_and_historical_building,overture,-23.022253036499023,-43.47713088989258,,overture:Condominio Chacara do Recreio:-23.02225:-43.47713
Condomínio NASCER NATURAL,landmark_and_historical_building,overture,-23.0217342376709,-43.470359802246094,,overture:Condomínio NASCER NATURAL:-23.02173:-43.47036
Condominio do Edificio Residencial Chico Mendes,landmark_and_historical_building,overture,-23.02162742614746,-43.469688415527344,,overture:Condominio do Edificio Residencial Chico Mendes:-23.02163:-43.46969
Condomínio Champs Elysées,landmark_and_historical_building,overture,-23.021892547607422,-43.466835021972656,,overture:Condomínio Champs Elysées:-23.02189:-43.46684
Condominio do Edificio Novo Recreio,landmark_and_historical_building,overture,-23.02224349975586,-43.46587371826172,,overture:Condominio do Edificio Novo Recreio:-23.02224:-43.46587
Reserva Marapendi,landmark_and_historical_building,overture,-23.020572662353516,-43.46424102783203,,overture:Reserva Marapendi:-23.02057:-43.46424
Apartamento Recreio dos Bandeirantes,landmark_and_historical_building,overture,-23.021156311035156,-43.462162017822266,,overture:Apartamento Recreio dos Bandeirantes:-23.02116:-43.46216
Condomínio Recanto do Recreio,landmark_and_historical_building,overture,-23.020105361938477,-43.46416473388672,,overture:Condomínio Recanto do Recreio:-23.02011:-43.46416
Condomínio Lancaster Place Residences,landmark_and_historical_building,overture,-23.020082473754883,-43.46333312988281,,overture:Condomínio Lancaster Place Residences:-23.02008:-43.46333
Museu Nacional,museum,overture,-23.019765853881836,-43.46478271484375,,overture:Museu Nacional:-23.01977:-43.46478
Residencial Athos,landmark_and_historical_building,overture,-23.019540786743164,-43.46775436401367,,overture:Residencial Athos:-23.01954:-43.46775
Azul Da Cor Do Mar,landmark_and_historical_building,overture,-23.019521713256836,-43.46739959716797,,overture:Azul Da Cor Do Mar:-23.01952:-43.46740
Henri Matisse,landmark_and_historical_building,overture,-23.018508911132812,-43.46314239501953,,overture:Henri Matisse:-23.01851:-43.46314
GMA Consultoria e Assessoria de Condominios,landmark_and_historical_building,overture,-23.01787757873535,-43.458885192871094,,overture:GMA Consultoria e Assessoria de Condominios:-23.01788:-43.45889
Residencial Mussauer Gold,landmark_and_historical_building,overture,-23.01685333251953,-43.46593475341797,,overture:Residencial Mussauer Gold:-23.01685:-43.46593
Edifício Yette,landmark_and_historical_building,overture,-23.018138885498047,-43.465675354003906,,overture:Edifício Yette:-23.01814:-43.46568
Condomínio Praia do Forte,landmark_and_historical_building,overture,-23.017860412597656,-43.46918869018555,,overture:Condomínio Praia do Forte:-23.01786:-43.46919
Microlins,cultural_center,overture,-23.017459869384766,-43.47515106201172,,overture:Microlins:-23.01746:-43.47515
Condomínio do Edifício Sorrento,landmark_and_historical_building,overture,-23.01877212524414,-43.47350311279297,,overture:Condomínio do Edifício Sorrento:-23.01877:-43.47350
Alameda do recreio,topic_concert_venue,overture,-23.019622802734375,-43.47136688232422,,overture:Alameda do recreio:-23.01962:-43.47137
Ocean Breeze,landmark_and_historical_building,overture,-23.017518997192383,-43.48177719116211,,overture:Ocean Breeze:-23.01752:-43.48178
Saint Vivant Residence Club,landmark_and_historical_building,overture,-23.017263412475586,-43.48286819458008,,overture:Saint Vivant Residence Club:-23.01726:-43.48287
Sunflower,landmark_and_historical_building,overture,-23.017547607421875,-43.4823112487793,,overture:Sunflower:-23.01755:-43.48231
Condomínio Saint Vivant,landmark_and_historical_building,overture,-23.017065048217773,-43.483089447021484,,overture:Condomínio Saint Vivant:-23.01707:-43.48309
Vila Avance,landmark_and_historical_building,overture,-23.01658821105957,-43.47797393798828,,overture:Vila Avance:-23.01659:-43.47797
Condomínio Green Place,landmark_and_historical_building,overture,-23.015071868896484,-43.48337936401367,,overture:Condomínio Green Place:-23.01507:-43.48338
Sunrise House Garden,landmark_and_historical_building,overture,-23.015352249145508,-43.4815673828125,,overture:Sunrise House Garden:-23.01535:-43.48157
"Condomínio Flamboyant, Aldora",landmark_and_historical_building,overture,-23.014150619506836,-43.48152542114258,,"overture:Condomínio Flamboyant, Aldora:-23.01415:-43.48153"
Cachoeira Indiana Jones,landmark_and_historical_building,overture,-23.016630172729492,-43.46807098388672,,overture:Cachoeira Indiana Jones:-23.01663:-43.46807
Condominio Solar Do Recreio,landmark_and_historical_building,overture,-23.016498565673828,-43.468421936035156,,overture:Condominio Solar Do Recreio:-23.01650:-43.46842
Condomínio Spazio Del Mare,landmark_and_historical_building,overture,-23.015661239624023,-43.467674255371094,,overture:Condomínio Spazio Del Mare:-23.01566:-43.46767
Ensina Mais,cultural_center,overture,-23.014739990234375,-43.4639778137207,,overture:Ensina Mais:-23.01474:-43.46398
Stand de Vendas,landmark_and_historical_building,overture,-23.014070510864258,-43.467403411865234,,overture:Stand de Vendas:-23.01407:-43.46740
Condomínio Vivendas do Sol,landmark_and_historical_building,overture,-23.01386070251465,-43.46658706665039,,overture:Condomínio Vivendas do Sol:-23.01386:-43.46659
Edificio Residencial Saint Bartl,landmark_and_historical_building,overture,-23.013809204101562,-43.460540771484375,,overture:Edificio Residencial Saint Bartl:-23.01381:-43.46054
LUME Residencial,landmark_and_historical_building,overture,-23.01314353942871,-43.463661193847656,,overture:LUME Residencial:-23.01314:-43.46366
Condominio Residencial Claude Monet,landmark_and_historical_building,overture,-23.011394500732422,-43.46437072753906,,overture:Condominio Residencial Claude Monet:-23.01139:-43.46437
Liv Lifestyle Residence,landmark_and_historical_building,overture,-23.011444091796875,-43.470149993896484,,overture:Liv Lifestyle Residence:-23.01144:-43.47015
Condomínio Sandlake,landmark_and_historical_building,overture,-23.011293411254883,-43.470428466796875,,overture:Condomínio Sandlake:-23.01129:-43.47043
Giardini Di Milano,landmark_and_historical_building,overture,-23.011137008666992,-43.47327423095703,,overture:Giardini Di Milano:-23.01114:-43.47327
Condomínio Concetto Bianco,landmark_and_historical_building,overture,-23.011093139648438,-43.472896575927734,,overture:Condomínio Concetto Bianco:-23.01109:-43.47290
Condomínio Dream Village,landmark_and_historical_building,overture,-23.011838912963867,-43.47627258300781,,overture:Condomínio Dream Village:-23.01184:-43.47627
Condomínio Nova Barra Residências,landmark_and_historical_building,overture,-23.013811111450195,-43.47195816040039,,overture:Condomínio Nova Barra Residências:-23.01381:-43.47196
Riviera Del Sol,landmark_and_historical_building,overture,-23.013439178466797,-43.49278259277344,,overture:Riviera Del Sol:-23.01344:-43.49278
Condomínio Riviera Del Sol,landmark_and_historical_building,overture,-23.01386070251465,-43.49003219604492,,overture:Condomínio Riviera Del Sol:-23.01386:-43.49003
Condomínio Life,landmark_and_historical_building,overture,-23.008140563964844,-43.48450469970703,,overture:Condomínio Life:-23.00814:-43.48450
Residencial BRISA DO SOL,landmark_and_historical_building,overture,-23.00615882873535,-43.49296951293945,,overture:Residencial BRISA DO SOL:-23.00616:-43.49297
Bosque dos Bandeirantes,landmark_and_historical_building,overture,-23.005096435546875,-43.50886535644531,,overture:Bosque dos Bandeirantes:-23.00510:-43.50887
Canal do Cascalho,landmark_and_historical_building,overture,-23.003232955932617,-43.49403381347656,,overture:Canal do Cascalho:-23.00323:-43.49403
Condomínio Round Decks,landmark_and_historical_building,overture,-23.00417709350586,-43.486297607421875,,overture:Condomínio Round Decks:-23.00418:-43.48630
Maximo Recreio Condominio Resort,landmark_and_historical_building,overture,-23.00374984741211,-43.48504638671875,,overture:Maximo Recreio Condominio Resort:-23.00375:-43.48505
Condomínio Maximo Recreio Resort • Rio De Janeiro,landmark_and_historical_building,overture,-23.004140853881836,-43.48500061035156,,overture:Condomínio Maximo Recreio Resort • Rio De Janeiro:-23.00414:-43.48500
Condominio Recreio Quality 2,landmark_and_historical_building,overture,-23.00429916381836,-43.47994613647461,,overture:Condominio Recreio Quality 2:-23.00430:-43.47995
Condomínio Quality 1,landmark_and_historical_building,overture,-23.00368881225586,-43.48059844970703,,overture:Condomínio Quality 1:-23.00369:-43.48060
Viverde Residencial,landmark_and_historical_building,overture,-23.003679275512695,-43.483829498291016,,overture:Viverde Residencial:-23.00368:-43.48383
Damai Condominio - Recreio dos Bandeirantes - RJ.,landmark_and_historical_building,overture,-23.00309181213379,-43.48362350463867,,overture:Damai Condominio - Recreio dos Bandeirantes - RJ.:-23.00309:-43.48362
RG Residencial,landmark_and_historical_building,overture,-23.00278091430664,-43.48283004760742,,overture:RG Residencial:-23.00278:-43.48283
Barra Village Lakes,landmark_and_historical_building,overture,-23.007598876953125,-43.46260070800781,,overture:Barra Village Lakes:-23.00760:-43.46260
Private Aqua and Gourmet Residences,landmark_and_historical_building,overture,-23.007925033569336,-43.467552185058594,,overture:Private Aqua and Gourmet Residences:-23.00793:-43.46755
Leonardo Simões Imóveis,landmark_and_historical_building,overture,-23.005794525146484,-43.48215103149414,,overture:Leonardo Simões Imóveis:-23.00579:-43.48215
American Village,landmark_and_historical_building,overture,-23.00572967529297,-43.48115539550781,,overture:American Village:-23.00573:-43.48116
Concetto Nero,landmark_and_historical_building,overture,-23.009002685546875,-43.473331451416016,,overture:Concetto Nero:-23.00900:-43.47333
Condomínio Jardins de Monet,landmark_and_historical_building,overture,-23.01052474975586,-43.474857330322266,,overture:Condomínio Jardins de Monet:-23.01052:-43.47486
Enjoy,landmark_and_historical_building,overture,-23.01075553894043,-43.471431732177734,,overture:Enjoy:-23.01076:-43.47143
Condominio Vale do Ipê,landmark_and_historical_building,overture,-23.010387420654297,-43.4688835144043,,overture:Condominio Vale do Ipê:-23.01039:-43.46888
Outside Authentic Residences,landmark_and_historical_building,overture,-23.009639739990234,-43.466617584228516,,overture:Outside Authentic Residences:-23.00964:-43.46662
Condominio Village do Sol,landmark_and_historical_building,overture,-23.009538650512695,-43.46913528442383,,overture:Condominio Village do Sol:-23.00954:-43.46914
Sofisticato Residence,landmark_and_historical_building,overture,-23.00889778137207,-43.468570709228516,,overture:Sofisticato Residence:-23.00890:-43.46857
Condomínio Barra Light,landmark_and_historical_building,overture,-23.009902954101562,-43.46143341064453,,overture:Condomínio Barra Light:-23.00990:-43.46143
Condominio Le Quartier Résidences,landmark_and_historical_building,overture,-23.009302139282227,-43.451560974121094,,overture:Condominio Le Quartier Résidences:-23.00930:-43.45156
Brito Corretagem,landmark_and_historical_building,overture,-23.01020622253418,-43.44859313964844,,overture:Brito Corretagem:-23.01021:-43.44859
Ygor - Executivo de Vendas Automotiva,topic_concert_venue,overture,-23.009822845458984,-43.45048904418945,,overture:Ygor - Executivo de Vendas Automotiva:-23.00982:-43.45049
Blue Bali,landmark_and_historical_building,overture,-23.0100040435791,-43.440120697021484,,overture:Blue Bali:-23.01000:-43.44012
Barra da Tijuca,landmark_and_historical_building,overture,-23.00991439819336,-43.43806838989258,,overture:Barra da Tijuca:-23.00991:-43.43807
Peach Bali,landmark_and_historical_building,overture,-23.009090423583984,-43.43728256225586,,overture:Peach Bali:-23.00909:-43.43728
Barra Bali Apple,landmark_and_historical_building,overture,-23.009075164794922,-43.43660354614258,,overture:Barra Bali Apple:-23.00908:-43.43660
Explana Barra Bali,landmark_and_historical_building,overture,-23.009323120117188,-43.43726348876953,,overture:Explana Barra Bali:-23.00932:-43.43726
Condomínio Barra Bali,landmark_and_historical_building,overture,-23.009366989135742,-43.437740325927734,,overture:Condomínio Barra Bali:-23.00937:-43.43774
Reserva de Marapendi,topic_concert_venue,overture,-23.009416580200195,-43.4368896484375,,overture:Reserva de Marapendi:-23.00942:-43.43689
Silver Bali,landmark_and_historical_building,overture,-23.009193420410156,-43.43610382080078,,overture:Silver Bali:-23.00919:-43.43610
Sea Coast Apartments,landmark_and_historical_building,overture,-23.007213592529297,-43.44126892089844,,overture:Sea Coast Apartments:-23.00721:-43.44127
Condominio Villaggio Felicitá,landmark_and_historical_building,overture,-23.007740020751953,-43.433109283447266,,overture:Condominio Villaggio Felicitá:-23.00774:-43.43311
Condominio Barra Allegro,landmark_and_historical_building,overture,-23.005653381347656,-43.44127655029297,,overture:Condominio Barra Allegro:-23.00565:-43.44128
Condominio Camino Del Sol,landmark_and_historical_building,overture,-23.005878448486328,-43.442115783691406,,overture:Condominio Camino Del Sol:-23.00588:-43.44212
Condominio Sublime Max,landmark_and_historical_building,overture,-23.00665283203125,-43.45771789550781,,overture:Condominio Sublime Max:-23.00665:-43.45772
Condomínio Pátio do Sol,landmark_and_historical_building,overture,-23.0037899017334,-43.44768524169922,,overture:Condomínio Pátio do Sol:-23.00379:-43.44769
Condominio Do Val Beira Rio,landmark_and_historical_building,overture,-23.003976821899414,-43.449928283691406,,overture:Condominio Do Val Beira Rio:-23.00398:-43.44993
Condomínio Costa Verde,landmark_and_historical_building,overture,-23.000938415527344,-43.43507766723633,,overture:Condomínio Costa Verde:-23.00094:-43.43508
Barra Village House e Life,landmark_and_historical_building,overture,-23.001657485961914,-43.43705368041992,,overture:Barra Village House e Life:-23.00166:-43.43705
Condomínio Viva Viver,landmark_and_historical_building,overture,-23.002735137939453,-43.433658599853516,,overture:Condomínio Viva Viver:-23.00274:-43.43366
Alvorada da Barra,landmark_and_historical_building,overture,-23.00312614440918,-43.435691833496094,,overture:Alvorada da Barra:-23.00313:-43.43569
Condomínio Vila Real,landmark_and_historical_building,overture,-23.003328323364258,-43.445064544677734,,overture:Condomínio Vila Real:-23.00333:-43.44506
Casa Parc des Palmier,landmark_and_historical_building,overture,-23.00354766845703,-43.43986892700195,,overture:Casa Parc des Palmier:-23.00355:-43.43987
Jardins de Maria,landmark_and_historical_building,overture,-23.004337310791016,-43.4432373046875,,overture:Jardins de Maria:-23.00434:-43.44324
Condominio Barra Zen,landmark_and_historical_building,overture,-23.00481605529785,-43.44208908081055,,overture:Condominio Barra Zen:-23.00482:-43.44209
Condomínio Residencial Barra End - (Recreio dos Bandeirantes),landmark_and_historical_building,overture,-23.00433349609375,-43.43724060058594,,overture:Condomínio Residencial Barra End - (Recreio dos Bandeirantes):-23.00433:-43.43724
RIO Residence,landmark_and_historical_building,overture,-23.00422477722168,-43.4334831237793,,overture:RIO Residence:-23.00422:-43.43348
Condomínio Majestic Cidade Jardim,landmark_and_historical_building,overture,-23.004396438598633,-43.43018341064453,,overture:Condomínio Majestic Cidade Jardim:-23.00440:-43.43018
Ideal Entretenimento,topic_concert_venue,overture,-23.003948211669922,-43.42490768432617,,overture:Ideal Entretenimento:-23.00395:-43.42491
Condo Blue One,landmark_and_historical_building,overture,-23.00243377685547,-43.42515563964844,,overture:Condo Blue One:-23.00243:-43.42516
Condomínio London Green,landmark_and_historical_building,overture,-23.00330352783203,-43.42821502685547,,overture:Condomínio London Green:-23.00330:-43.42822
Navio Museu Bauru,museum,overture,-23.003124237060547,-43.42890167236328,,overture:Navio Museu Bauru:-23.00312:-43.42890
Avenida das Américas,landmark_and_historical_building,overture,-23.002174377441406,-43.4228630065918,,overture:Avenida das Américas:-23.00217:-43.42286
Royal Blue,landmark_and_historical_building,overture,-23.0019474029541,-43.42323303222656,,overture:Royal Blue:-23.00195:-43.42323
Condomínio Mansões,landmark_and_historical_building,overture,-23.001544952392578,-43.41646194458008,,overture:Condomínio Mansões:-23.00154:-43.41646
Empreendimento Rossi Libertá Resort,landmark_and_historical_building,overture,-22.999683380126953,-43.41684341430664,,overture:Empreendimento Rossi Libertá Resort:-22.99968:-43.41684
Condomínio Mansões,landmark_and_historical_building,overture,-23.005762100219727,-43.41645431518555,,overture:Condomínio Mansões:-23.00576:-43.41645
Condomínio do Edifício Grumari,landmark_and_historical_building,overture,-23.006305694580078,-43.42866134643555,,overture:Condomínio do Edifício Grumari:-23.00631:-43.42866
Condominio do Edificio Marapendi,landmark_and_historical_building,overture,-23.006996154785156,-43.42854690551758,,overture:Condominio do Edificio Marapendi:-23.00700:-43.42855
Condomínio do Edifício Marambaia,landmark_and_historical_building,overture,-23.006914138793945,-43.42958068847656,,overture:Condomínio do Edifício Marambaia:-23.00691:-43.42958
Condominio do Edificio Pedra Bonita,landmark_and_historical_building,overture,-23.006641387939453,-43.43024444580078,,overture:Condominio do Edificio Pedra Bonita:-23.00664:-43.43024
Condominio do Edificio Pedra do Conde,landmark_and_historical_building,overture,-23.007230758666992,-43.43134689331055,,overture:Condominio do Edificio Pedra do Conde:-23.00723:-43.43135
Barra Sul - Condomínio Vila Verde,landmark_and_historical_building,overture,-23.00860595703125,-43.428924560546875,,overture:Barra Sul - Condomínio Vila Verde:-23.00861:-43.42892
Condomínio Residências do Sol,landmark_and_historical_building,overture,-23.008153915405273,-43.43132400512695,,overture:Condomínio Residências do Sol:-23.00815:-43.43132
Clube Condomínio Disegno Boutique,landmark_and_historical_building,overture,-23.010042190551758,-43.425323486328125,,overture:Clube Condomínio Disegno Boutique:-23.01004:-43.42532
Disegno Casas Boutique,landmark_and_historical_building,overture,-23.009878158569336,-43.42600631713867,,overture:Disegno Casas Boutique:-23.00988:-43.42601
Condominio do Edificio Reserva de Itauna,landmark_and_historical_building,overture,-23.009737014770508,-43.42338180541992,,overture:Condominio do Edificio Reserva de Itauna:-23.00974:-43.42338
Condomínio Barra de Itaúna,landmark_and_historical_building,overture,-23.009567260742188,-43.42158889770508,,overture:Condomínio Barra de Itaúna:-23.00957:-43.42159
Condo Building Verdes Mares,landmark_and_historical_building,overture,-23.00986671447754,-43.420467376708984,,overture:Condo Building Verdes Mares:-23.00987:-43.42047
Condo Itaúna Gold,landmark_and_historical_building,overture,-23.01053237915039,-43.42089080810547,,overture:Condo Itaúna Gold:-23.01053:-43.42089
Praia do Recreio,landmark_and_historical_building,overture,-23.015560150146484,-43.412506103515625,,overture:Praia do Recreio:-23.01556:-43.41251
Reserva One Eventos,topic_concert_venue,overture,-23.011180877685547,-43.43767166137695,,overture:Reserva One Eventos:-23.01118:-43.43767
Cond. Crystal Lake,landmark_and_historical_building,overture,-23.01310920715332,-43.434356689453125,,overture:Cond. Crystal Lake:-23.01311:-43.43436
Claris Casa & Clube,landmark_and_historical_building,overture,-23.013916015625,-43.440582275390625,,overture:Claris Casa & Clube:-23.01392:-43.44058
Ed. Reserva Marapendi,landmark_and_historical_building,overture,-23.012359619140625,-43.443233489990234,,overture:Ed. Reserva Marapendi:-23.01236:-43.44323
Ed. Varandas do Recreio,landmark_and_historical_building,overture,-23.01108169555664,-43.44865417480469,,overture:Ed. Varandas do Recreio:-23.01108:-43.44865
Residencial Positano,landmark_and_historical_building,overture,-23.011587142944336,-43.44731521606445,,overture:Residencial Positano:-23.01159:-43.44732
Dúvidas sobre sexo,landmark_and_historical_building,overture,-23.011520385742188,-43.44580078125,,overture:Dúvidas sobre sexo:-23.01152:-43.44580
Condominio Residencial California Coast,landmark_and_historical_building,overture,-23.011884689331055,-43.44833755493164,,overture:Condominio Residencial California Coast:-23.01188:-43.44834
Residencial Guignard,landmark_and_historical_building,overture,-23.011775970458984,-43.45052719116211,,overture:Residencial Guignard:-23.01178:-43.45053
Condomínio Opus Pucinni,landmark_and_historical_building,overture,-23.0134220123291,-43.45661163330078,,overture:Condomínio Opus Pucinni:-23.01342:-43.45661
Residencial Pereira Carvalho,landmark_and_historical_building,overture,-23.01299285888672,-43.4483642578125,,overture:Residencial Pereira Carvalho:-23.01299:-43.44836
Residencial do Bosque 1030,landmark_and_historical_building,overture,-23.01445770263672,-43.44678497314453,,overture:Residencial do Bosque 1030:-23.01446:-43.44678
Condominio do Edificio Residencial Cannes,landmark_and_historical_building,overture,-23.014781951904297,-43.455543518066406,,overture:Condominio do Edificio Residencial Cannes:-23.01478:-43.45554
Condomínio Caribbean Village,landmark_and_historical_building,overture,-23.01665687561035,-43.45698165893555,,overture:Condomínio Caribbean Village:-23.01666:-43.45698
Choro no Recreio,topic_concert_venue,overture,-23.016674041748047,-43.4507942199707,,overture:Choro no Recreio:-23.01667:-43.45079
Rua Professor Nehemias Gueiros,landmark_and_historical_building,overture,-23.018375396728516,-43.45341110229492,,overture:Rua Professor Nehemias Gueiros:-23.01838:-43.45341
Espaço Paccha,topic_concert_venue,overture,-23.020402908325195,-43.45121383666992,,overture:Espaço Paccha:-23.02040:-43.45121
Condomínio Pátio Village,landmark_and_historical_building,overture,-23.020187377929688,-43.457576751708984,,overture:Condomínio Pátio Village:-23.02019:-43.45758
Casa do Lagarto,topic_concert_venue,overture,-23.021728515625,-43.4525146484375,,overture:Casa do Lagarto:-23.02173:-43.45251
Residencial Caprera,landmark_and_historical_building,overture,-23.022598266601562,-43.456825256347656,,overture:Residencial Caprera:-23.02260:-43.45683
Condomínio Reserva Do Mar - Posto 9,landmark_and_historical_building,overture,-23.022533416748047,-43.44912338256836,,overture:Condomínio Reserva Do Mar - Posto 9:-23.02253:-43.44912
Canto do Recreio - RJ,landmark_and_historical_building,overture,-23.012300491333008,-43.38496017456055,,overture:Canto do Recreio - RJ:-23.01230:-43.38496
Etehe Residencial,landmark_and_historical_building,overture,-23.001352310180664,-43.40406036376953,,overture:Etehe Residencial:-23.00135:-43.40406
Oceana Golf Barra da Tijuca,landmark_and_historical_building,overture,-23.001249313354492,-43.40754699707031,,overture:Oceana Golf Barra da Tijuca:-23.00125:-43.40755
Riomar VII,landmark_and_historical_building,overture,-23.000137329101562,-43.404335021972656,,overture:Riomar VII:-23.00014:-43.40434
Oceana Golf - Absolute Design,landmark_and_historical_building,overture,-23.000577926635742,-43.40427780151367,,overture:Oceana Golf - Absolute Design:-23.00058:-43.40428
Edifício Sunshine,landmark_and_historical_building,overture,-23.00210952758789,-43.39009094238281,,overture:Edifício Sunshine:-23.00211:-43.39009
SunDeck,landmark_and_historical_building,overture,-23.001203536987305,-43.39118576049805,,overture:SunDeck:-23.00120:-43.39119
Condomínio SunSpecial,landmark_and_historical_building,overture,-23.001502990722656,-43.389259338378906,,overture:Condomínio SunSpecial:-23.00150:-43.38926
SunPlaza,landmark_and_historical_building,overture,-23.001123428344727,-43.39000701904297,,overture:SunPlaza:-23.00112:-43.39001
Ensina Mais,cultural_center,overture,-23.000755310058594,-43.382938385009766,,overture:Ensina Mais:-23.00076:-43.38294
Condo Building Ghirlandaio,landmark_and_historical_building,overture,-23.003040313720703,-43.3823356628418,,overture:Condo Building Ghirlandaio:-23.00304:-43.38234
Prédio Michelozzo,landmark_and_historical_building,overture,-23.003555297851562,-43.38289260864258,,overture:Prédio Michelozzo:-23.00356:-43.38289
Condomínio Sunview,landmark_and_historical_building,overture,-23.002822875976562,-43.38958740234375,,overture:Condomínio Sunview:-23.00282:-43.38959
Condomínio Américas Park,landmark_and_historical_building,overture,-23.002500534057617,-43.39065933227539,,overture:Condomínio Américas Park:-23.00250:-43.39066
Condomínio Sundance,landmark_and_historical_building,overture,-23.00230598449707,-43.39055633544922,,overture:Condomínio Sundance:-23.00231:-43.39056
Condomínio Mundo Novo,landmark_and_historical_building,overture,-23.002779006958008,-43.3919677734375,,overture:Condomínio Mundo Novo:-23.00278:-43.39197
Edificio Bella Vita,landmark_and_historical_building,overture,-23.002792358398438,-43.39190673828125,,overture:Edificio Bella Vita:-23.00279:-43.39191
Praça Marechal Âncora,landmark_and_historical_building,overture,-23.003143310546875,-43.393341064453125,,overture:Praça Marechal Âncora:-23.00314:-43.39334
Building Mare Vita,landmark_and_historical_building,overture,-23.00307273864746,-43.39419174194336,,overture:Building Mare Vita:-23.00307:-43.39419
Building Lucca Della Robbia,landmark_and_historical_building,overture,-23.004297256469727,-43.382476806640625,,overture:Building Lucca Della Robbia:-23.00430:-43.38248
Condominio do Edificio Villa di Genova,landmark_and_historical_building,overture,-23.004592895507812,-43.36962127685547,,overture:Condominio do Edificio Villa di Genova:-23.00459:-43.36962
Condomínio Bourbon,landmark_and_historical_building,overture,-23.003557205200195,-43.372886657714844,,overture:Condomínio Bourbon:-23.00356:-43.37289
Condomínio Prince de Mônaco,landmark_and_historical_building,overture,-23.003232955932617,-43.37158203125,,overture:Condomínio Prince de Mônaco:-23.00323:-43.37158
Condomínio Barra Deck Leste,landmark_and_historical_building,overture,-23.002338409423828,-43.37308883666992,,overture:Condomínio Barra Deck Leste:-23.00234:-43.37309
Condomínio Novo Leblon,landmark_and_historical_building,overture,-23.002595901489258,-43.38215255737305,,overture:Condomínio Novo Leblon:-23.00260:-43.38215
Condomínio Mandala,landmark_and_historical_building,overture,-23.001018524169922,-43.376800537109375,,overture:Condomínio Mandala:-23.00102:-43.37680
Condomínio Santa Marina,landmark_and_historical_building,overture,-22.999757766723633,-43.38210678100586,,overture:Condomínio Santa Marina:-22.99976:-43.38211
Condomínio do Edifício Portal do Parque,landmark_and_historical_building,overture,-22.999412536621094,-43.37795639038086,,overture:Condomínio do Edifício Portal do Parque:-22.99941:-43.37796
Condominio Park Palace,landmark_and_historical_building,overture,-23.001052856445312,-43.37146759033203,,overture:Condominio Park Palace:-23.00105:-43.37147
Condomínio La Place Residence Service,landmark_and_historical_building,overture,-23.00211524963379,-43.371822357177734,,overture:Condomínio La Place Residence Service:-23.00212:-43.37182
Vibe Carioca Eventos,topic_concert_venue,overture,-23.001171112060547,-43.36341857910156,,overture:Vibe Carioca Eventos:-23.00117:-43.36342
Cidade das Artes,cultural_center,overture,-22.99934196472168,-43.36579132080078,,overture:Cidade das Artes:-22.99934:-43.36579
Condomínio Parque Marapendi,landmark_and_historical_building,overture,-23.000272750854492,-43.357337951660156,,overture:Condomínio Parque Marapendi:-23.00027:-43.35734
Condomínio Jardim Europa,landmark_and_historical_building,overture,-23.003368377685547,-43.358211517333984,,overture:Condomínio Jardim Europa:-23.00337:-43.35821
Edifício Berlin,landmark_and_historical_building,overture,-23.003732681274414,-43.3571662902832,,overture:Edifício Berlin:-23.00373:-43.35717
Lac Premier,landmark_and_historical_building,overture,-23.005313873291016,-43.37181854248047,,overture:Lac Premier:-23.00531:-43.37182
Sunshine Drive Resort,landmark_and_historical_building,overture,-23.0102596282959,-43.37023162841797,,overture:Sunshine Drive Resort:-23.01026:-43.37023
Condomínio Sunshine Drive,landmark_and_historical_building,overture,-23.010602951049805,-43.370643615722656,,overture:Condomínio Sunshine Drive:-23.01060:-43.37064
Alfa Barra I,landmark_and_historical_building,overture,-23.009784698486328,-43.36476135253906,,overture:Alfa Barra I:-23.00978:-43.36476
Edifício Alfa Classic,landmark_and_historical_building,overture,-23.009552001953125,-43.367881774902344,,overture:Edifício Alfa Classic:-23.00955:-43.36788
Alfabarra II,landmark_and_historical_building,overture,-23.00982666015625,-43.367374420166016,,overture:Alfabarra II:-23.00983:-43.36737
Condomínio Queen Elizabeth,landmark_and_historical_building,overture,-23.010122299194336,-43.36695861816406,,overture:Condomínio Queen Elizabeth:-23.01012:-43.36696
Amigos do Ocean Drive -,landmark_and_historical_building,overture,-23.010087966918945,-43.36895751953125,,overture:Amigos do Ocean Drive -:-23.01009:-43.36896
Condomínio Ocean Drive- Barra Da Tijuca RJ,landmark_and_historical_building,overture,-23.01009750366211,-43.369258880615234,,overture:Condomínio Ocean Drive- Barra Da Tijuca RJ:-23.01010:-43.36926
Alfa Barra Resort & Services,landmark_and_historical_building,overture,-23.009693145751953,-43.36878967285156,,overture:Alfa Barra Resort & Services:-23.00969:-43.36879
Queen Victoria Building condo,landmark_and_historical_building,overture,-23.009075164794922,-43.367835998535156,,overture:Queen Victoria Building condo:-23.00908:-43.36784
Edificio Queen Christina,landmark_and_historical_building,overture,-23.009132385253906,-43.36674118041992,,overture:Edificio Queen Christina:-23.00913:-43.36674
Condomínio do Edifício Queen Christina,landmark_and_historical_building,overture,-23.009002685546875,-43.36711120605469,,overture:Condomínio do Edifício Queen Christina:-23.00900:-43.36711
Condomínio do Edifício Queen Mary,landmark_and_historical_building,overture,-23.008275985717773,-43.36671829223633,,overture:Condomínio do Edifício Queen Mary:-23.00828:-43.36672
Condomínios Alfataurus,landmark_and_historical_building,overture,-23.008317947387695,-43.365745544433594,,overture:Condomínios Alfataurus:-23.00832:-43.36575
Caxias,landmark_and_historical_building,overture,-23.00982093811035,-43.35793685913086,,overture:Caxias:-23.00982:-43.35794
Ocean Star,landmark_and_historical_building,overture,-23.010059356689453,-43.352054595947266,,overture:Ocean Star:-23.01006:-43.35205
"Condomínio Barra Bela, Barra Da Tijuca-Rio De Janeiro",landmark_and_historical_building,overture,-23.00865936279297,-43.344635009765625,,"overture:Condomínio Barra Bela, Barra Da Tijuca-Rio De Janeiro:-23.00866:-43.34464"
Condomínio do Edifício Praia Rio,landmark_and_historical_building,overture,-23.009536743164062,-43.34421157836914,,overture:Condomínio do Edifício Praia Rio:-23.00954:-43.34421
Edifício Residencial Barrabella,landmark_and_historical_building,overture,-23.009876251220703,-43.344905853271484,,overture:Edifício Residencial Barrabella:-23.00988:-43.34491
Celita Falcão Imóveis,landmark_and_historical_building,overture,-23.009742736816406,-43.344818115234375,,overture:Celita Falcão Imóveis:-23.00974:-43.34482
Condomínio Vivendas,landmark_and_historical_building,overture,-23.010236740112305,-43.33995819091797,,overture:Condomínio Vivendas:-23.01024:-43.33996
Edifício Praia de Guarujá,landmark_and_historical_building,overture,-23.010133743286133,-43.33945083618164,,overture:Edifício Praia de Guarujá:-23.01013:-43.33945
Condomínio Atlântico Sul,landmark_and_historical_building,overture,-23.010522842407227,-43.331932067871094,,overture:Condomínio Atlântico Sul:-23.01052:-43.33193
Costa Del Sol,landmark_and_historical_building,overture,-23.010282516479492,-43.332672119140625,,overture:Costa Del Sol:-23.01028:-43.33267
NextPro,topic_concert_venue,overture,-23.010244369506836,-43.33441162109375,,overture:NextPro:-23.01024:-43.33441
Next Residence Service,landmark_and_historical_building,overture,-23.010046005249023,-43.33360290527344,,overture:Next Residence Service:-23.01005:-43.33360
Condominio Costa del Sol,landmark_and_historical_building,overture,-23.010225296020508,-43.332672119140625,,overture:Condominio Costa del Sol:-23.01023:-43.33267
Condomínio Saint Tropez !!!,landmark_and_historical_building,overture,-23.009113311767578,-43.33658981323242,,overture:Condomínio Saint Tropez !!!:-23.00911:-43.33659
Condomínio do Edifício Fanny,landmark_and_historical_building,overture,-23.00933265686035,-43.33579635620117,,overture:Condomínio do Edifício Fanny:-23.00933:-43.33580
Condomínio Summer Dreams,landmark_and_historical_building,overture,-23.009315490722656,-43.3330192565918,,overture:Condomínio Summer Dreams:-23.00932:-43.33302
Rua Jornalista Pierre Plancher,landmark_and_historical_building,overture,-23.00857162475586,-43.33901596069336,,overture:Rua Jornalista Pierre Plancher:-23.00857:-43.33902
Drop Vertical - Escola de Surf e Kitesurf,landmark_and_historical_building,overture,-23.009166717529297,-43.34249496459961,,overture:Drop Vertical - Escola de Surf e Kitesurf:-23.00917:-43.34249
Weekend,landmark_and_historical_building,overture,-23.009199142456055,-43.342464447021484,,overture:Weekend:-23.00920:-43.34246
Playa Exclusive Residences,landmark_and_historical_building,overture,-23.006765365600586,-43.344078063964844,,overture:Playa Exclusive Residences:-23.00677:-43.34408
Condomínio Marinas de Marapendi,landmark_and_historical_building,overture,-23.006925582885742,-43.339149475097656,,overture:Condomínio Marinas de Marapendi:-23.00693:-43.33915
Wonderful Ocean Suites,landmark_and_historical_building,overture,-23.007980346679688,-43.33298873901367,,overture:Wonderful Ocean Suites:-23.00798:-43.33299
Riviera Dei Fiori,landmark_and_historical_building,overture,-23.005695343017578,-43.33983612060547,,overture:Riviera Dei Fiori:-23.00570:-43.33984
Liberty House Residências,landmark_and_historical_building,overture,-23.005624771118164,-43.3389892578125,,overture:Liberty House Residências:-23.00562:-43.33899
Condomínio Marina Barra Bella,landmark_and_historical_building,overture,-23.006813049316406,-43.345069885253906,,overture:Condomínio Marina Barra Bella:-23.00681:-43.34507
Condomínio Vivenda Marapendi,landmark_and_historical_building,overture,-23.007530212402344,-43.34552764892578,,overture:Condomínio Vivenda Marapendi:-23.00753:-43.34553
Condomínio do Edifício Royal Saint George,landmark_and_historical_building,overture,-23.007984161376953,-43.34992218017578,,overture:Condomínio do Edifício Royal Saint George:-23.00798:-43.34992
Condomínio vila de Gênova,landmark_and_historical_building,overture,-23.00503158569336,-43.351837158203125,,overture:Condomínio vila de Gênova:-23.00503:-43.35184
Condomínio do Edifício Rosa Maior,landmark_and_historical_building,overture,-23.004932403564453,-43.350765228271484,,overture:Condomínio do Edifício Rosa Maior:-23.00493:-43.35077
Claris Casa & Clube,landmark_and_historical_building,overture,-23.005107879638672,-43.349910736083984,,overture:Claris Casa & Clube:-23.00511:-43.34991
Condomínio Parque Das Rosas - Barra Da Tijuca,landmark_and_historical_building,overture,-23.004844665527344,-43.35023498535156,,overture:Condomínio Parque Das Rosas - Barra Da Tijuca:-23.00484:-43.35023
Condomínio Four Seasons,landmark_and_historical_building,overture,-23.00474739074707,-43.34904479980469,,overture:Condomínio Four Seasons:-23.00475:-43.34904
Condominio Rosa Viva,landmark_and_historical_building,overture,-23.00446128845215,-43.34791564941406,,overture:Condominio Rosa Viva:-23.00446:-43.34792
Liberty Place Residence Service,landmark_and_historical_building,overture,-23.003082275390625,-43.347755432128906,,overture:Liberty Place Residence Service:-23.00308:-43.34776
Condomínio California Park,landmark_and_historical_building,overture,-23.00274085998535,-43.349281311035156,,overture:Condomínio California Park:-23.00274:-43.34928
Condomínio Rosa dos Ventos,landmark_and_historical_building,overture,-23.00285530090332,-43.352169036865234,,overture:Condomínio Rosa dos Ventos:-23.00286:-43.35217
Condomínio Casa Blanca Residence Service,landmark_and_historical_building,overture,-23.003446578979492,-43.352012634277344,,overture:Condomínio Casa Blanca Residence Service:-23.00345:-43.35201
Condo Longbeach and Casablanca,landmark_and_historical_building,overture,-23.003376007080078,-43.351402282714844,,overture:Condo Longbeach and Casablanca:-23.00338:-43.35140
Estúdio Roupa Nova,topic_concert_venue,overture,-23.001197814941406,-43.352142333984375,,overture:Estúdio Roupa Nova:-23.00120:-43.35214
Condominio Esplanada da Barra,landmark_and_historical_building,overture,-23.000585556030273,-43.352325439453125,,overture:Condominio Esplanada da Barra:-23.00059:-43.35233
De 4 É Melhor Produções,topic_concert_venue,overture,-23.000532150268555,-43.34957504272461,,overture:De 4 É Melhor Produções:-23.00053:-43.34958
Condominio Le Mond,landmark_and_historical_building,overture,-22.999439239501953,-43.34874725341797,,overture:Condominio Le Mond:-22.99944:-43.34875
Wimbledon Park,landmark_and_historical_building,overture,-23.001502990722656,-43.34663391113281,,overture:Wimbledon Park:-23.00150:-43.34663
O Reino da Gataria,topic_concert_venue,overture,-23.00121307373047,-43.34889602661133,,overture:O Reino da Gataria:-23.00121:-43.34890
Varanda das Rosas,landmark_and_historical_building,overture,-23.00212287902832,-43.348487854003906,,overture:Varanda das Rosas:-23.00212:-43.34849
Unidos Da Barra Da Tijuca,cultural_center,overture,-23.001970291137695,-43.3486213684082,,overture:Unidos Da Barra Da Tijuca:-23.00197:-43.34862
Portomare - Condominio Mediterraneo,landmark_and_historical_building,overture,-23.001876831054688,-43.34101104736328,,overture:Portomare - Condominio Mediterraneo:-23.00188:-43.34101
Edifício Petúnia,landmark_and_historical_building,overture,-23.00196647644043,-43.339447021484375,,overture:Edifício Petúnia:-23.00197:-43.33945
Centro EcoCultural Sueli Pontes,cultural_center,overture,-23.001243591308594,-43.341041564941406,,overture:Centro EcoCultural Sueli Pontes:-23.00124:-43.34104
Casa dos pais,landmark_and_historical_building,overture,-23.0013427734375,-43.341590881347656,,overture:Casa dos pais:-23.00134:-43.34159
Condomínio Jardim Nova Barra,landmark_and_historical_building,overture,-22.999977111816406,-43.33767318725586,,overture:Condomínio Jardim Nova Barra:-22.99998:-43.33767
Barra & Península Imóveis,landmark_and_historical_building,overture,-23.000011444091797,-43.336669921875,,overture:Barra & Península Imóveis:-23.00001:-43.33667
Condominio do Edificio Jardim Barra da Tijuca,landmark_and_historical_building,overture,-23.00022315979004,-43.33342361450195,,overture:Condominio do Edificio Jardim Barra da Tijuca:-23.00022:-43.33342
Condomínio Lagoa Mar Sul,landmark_and_historical_building,overture,-23.001708984375,-43.3337287902832,,overture:Condomínio Lagoa Mar Sul:-23.00171:-43.33373
Condomínio Jardim Clube da Barra,landmark_and_historical_building,overture,-23.003414154052734,-43.33699035644531,,overture:Condomínio Jardim Clube da Barra:-23.00341:-43.33699
Island Personal Office,landmark_and_historical_building,overture,-23.002700805664062,-43.33815383911133,,overture:Island Personal Office:-23.00270:-43.33815
Condomínio Mediterraneo Barra da Tijuca,landmark_and_historical_building,overture,-23.003068923950195,-43.34138107299805,,overture:Condomínio Mediterraneo Barra da Tijuca:-23.00307:-43.34138
Edifício Portofelice,landmark_and_historical_building,overture,-23.003406524658203,-43.34132766723633,,overture:Edifício Portofelice:-23.00341:-43.34133
Portofino,landmark_and_historical_building,overture,-23.003881454467773,-43.341548919677734,,overture:Portofino:-23.00388:-43.34155
Mediterrâneo Flat Condomínio Residencial,landmark_and_historical_building,overture,-23.00459098815918,-43.34115982055664,,overture:Mediterrâneo Flat Condomínio Residencial:-23.00459:-43.34116
Condomínio Riviera del Fiori,landmark_and_historical_building,overture,-23.00473403930664,-43.34022521972656,,overture:Condomínio Riviera del Fiori:-23.00473:-43.34023
Condomínio Santa Helena,landmark_and_historical_building,overture,-23.003826141357422,-43.333595275878906,,overture:Condomínio Santa Helena:-23.00383:-43.33360
Condo Saint Lucia,landmark_and_historical_building,overture,-23.00507926940918,-43.33229446411133,,overture:Condo Saint Lucia:-23.00508:-43.33229
Condominio Villa Borghese,landmark_and_historical_building,overture,-23.004058837890625,-43.32851791381836,,overture:Condominio Villa Borghese:-23.00406:-43.32852
Condominio Residencial Vitória,landmark_and_historical_building,overture,-23.004350662231445,-43.3298225402832,,overture:Condominio Residencial Vitória:-23.00435:-43.32982
Edifício Saint George,landmark_and_historical_building,overture,-23.004024505615234,-43.327857971191406,,overture:Edifício Saint George:-23.00402:-43.32786
Condomínio Mirante Cinco Estrelas,landmark_and_historical_building,overture,-23.003780364990234,-43.327117919921875,,overture:Condomínio Mirante Cinco Estrelas:-23.00378:-43.32712
Condomínio Barra D'Ouro,landmark_and_historical_building,overture,-23.004634857177734,-43.323970794677734,,overture:Condomínio Barra D'Ouro:-23.00463:-43.32397
Condomínio do Edifício Aloha,landmark_and_historical_building,overture,-23.004789352416992,-43.32353973388672,,overture:Condomínio do Edifício Aloha:-23.00479:-43.32354
CRV Imagem,topic_concert_venue,overture,-23.00493812561035,-43.321197509765625,,overture:CRV Imagem:-23.00494:-43.32120
Centro Cultural China Brasil Yuan Aiping,cultural_center,overture,-23.004392623901367,-43.319679260253906,,overture:Centro Cultural China Brasil Yuan Aiping:-23.00439:-43.31968
Condomínio do Edifício Mar de Prata,landmark_and_historical_building,overture,-23.00425148010254,-43.32474899291992,,overture:Condomínio do Edifício Mar de Prata:-23.00425:-43.32475
Barra da Tijuca,monument,overture,-23.0032958984375,-43.323974609375,,overture:Barra da Tijuca:-23.00330:-43.32397
Porto dos Cabritos numero 1000,landmark_and_historical_building,overture,-23.00229263305664,-43.3252067565918,,overture:Porto dos Cabritos numero 1000:-23.00229:-43.32521
Ed Torre Charles Degaulle,landmark_and_historical_building,overture,-23.00225257873535,-43.32795333862305,,overture:Ed Torre Charles Degaulle:-23.00225:-43.32795
Residence Saint Gothard,landmark_and_historical_building,overture,-23.00285530090332,-43.32734298706055,,overture:Residence Saint Gothard:-23.00286:-43.32734
Condominio Residence Saint Gothard,landmark_and_historical_building,overture,-23.002948760986328,-43.32700729370117,,overture:Condominio Residence Saint Gothard:-23.00295:-43.32701
Escala Eventos,topic_concert_venue,overture,-23.003068923950195,-43.32666778564453,,overture:Escala Eventos:-23.00307:-43.32667
Condomínio Mirante Cruzeiro do Sul,landmark_and_historical_building,overture,-23.003385543823242,-43.32693862915039,,overture:Condomínio Mirante Cruzeiro do Sul:-23.00339:-43.32694
Saint Germain,landmark_and_historical_building,overture,-23.003459930419922,-43.327579498291016,,overture:Saint Germain:-23.00346:-43.32758
Summer Coast,landmark_and_historical_building,overture,-23.003419876098633,-43.328765869140625,,overture:Summer Coast:-23.00342:-43.32877
Torre Niemeyer,landmark_and_historical_building,overture,-23.00208282470703,-43.328269958496094,,overture:Torre Niemeyer:-23.00208:-43.32827
Night Bus,topic_concert_venue,overture,-23.00100326538086,-43.32856369018555,,overture:Night Bus:-23.00100:-43.32856
Condomínio Santa Helena,landmark_and_historical_building,overture,-23.001346588134766,-43.331443786621094,,overture:Condomínio Santa Helena:-23.00135:-43.33144
Canal Marapendi,landmark_and_historical_building,overture,-23.0,-43.316673278808594,,overture:Canal Marapendi:-23.00000:-43.31667
Condominio Barra Vento,landmark_and_historical_building,overture,-23.001352310180664,-43.309635162353516,,overture:Condominio Barra Vento:-23.00135:-43.30964
Madah Gigoia,topic_concert_venue,overture,-23.00178337097168,-43.307769775390625,,overture:Madah Gigoia:-23.00178:-43.30777
Projac - Central Globo de Produções,topic_concert_venue,overture,-23.00255012512207,-43.3094367980957,,overture:Projac - Central Globo de Produções:-23.00255:-43.30944
Armazem Paraiba,topic_concert_venue,overture,-23.002973556518555,-43.317344665527344,,overture:Armazem Paraiba:-23.00297:-43.31734
Centro Cultural China Brasil Yuan Aiping,cultural_center,overture,-23.002981185913086,-43.31788635253906,,overture:Centro Cultural China Brasil Yuan Aiping:-23.00298:-43.31789
Arena Music,topic_concert_venue,overture,-23.004222869873047,-43.3136100769043,,overture:Arena Music:-23.00422:-43.31361
Condominio do Albano,landmark_and_historical_building,overture,-23.0051212310791,-43.31039047241211,,overture:Condominio do Albano:-23.00512:-43.31039
Ilha Cultural a arte está na rua,topic_concert_venue,overture,-23.00415802001953,-43.309268951416016,,overture:Ilha Cultural a arte está na rua:-23.00416:-43.30927
All Jardim Oceânico,landmark_and_historical_building,overture,-23.0059871673584,-43.31239700317383,,overture:All Jardim Oceânico:-23.00599:-43.31240
Edifício Quality,landmark_and_historical_building,overture,-23.007949829101562,-43.30754470825195,,overture:Edifício Quality:-23.00795:-43.30754
Largo da Barra da Tijuca,topic_concert_venue,overture,-23.00742530822754,-43.30802536010742,,overture:Largo da Barra da Tijuca:-23.00743:-43.30803
The Choice Rio De Janeiro,topic_concert_venue,overture,-23.00709342956543,-43.31288146972656,,overture:The Choice Rio De Janeiro:-23.00709:-43.31288
Condomínio do Edifício Vega,landmark_and_historical_building,overture,-23.007402420043945,-43.31454849243164,,overture:Condomínio do Edifício Vega:-23.00740:-43.31455
Condomínio Residencial Portal da Barra,landmark_and_historical_building,overture,-23.006929397583008,-43.31844711303711,,overture:Condomínio Residencial Portal da Barra:-23.00693:-43.31845
Condomínio Paradiso,landmark_and_historical_building,overture,-23.005741119384766,-43.319820404052734,,overture:Condomínio Paradiso:-23.00574:-43.31982
Building Royal Barravai,landmark_and_historical_building,overture,-23.00606346130371,-43.32160949707031,,overture:Building Royal Barravai:-23.00606:-43.32161
Palace II,landmark_and_historical_building,overture,-23.00615882873535,-43.322265625,,overture:Palace II:-23.00616:-43.32227
Condomínio do Edifício Estrela do Mar,landmark_and_historical_building,overture,-23.00547981262207,-43.32236099243164,,overture:Condomínio do Edifício Estrela do Mar:-23.00548:-43.32236
Condomínio Sunset,landmark_and_historical_building,overture,-23.00525665283203,-43.322689056396484,,overture:Condomínio Sunset:-23.00526:-43.32269
Barra Sol,landmark_and_historical_building,overture,-23.005172729492188,-43.325923919677734,,overture:Barra Sol:-23.00517:-43.32592
Condomínio do Edifício Porto Seguro II,landmark_and_historical_building,overture,-23.005287170410156,-43.32632827758789,,overture:Condomínio do Edifício Porto Seguro II:-23.00529:-43.32633
Condomínio Barra Sol,landmark_and_historical_building,overture,-23.005447387695312,-43.32568359375,,overture:Condomínio Barra Sol:-23.00545:-43.32568
Condomínio North Coast,landmark_and_historical_building,overture,-23.00528907775879,-43.32984924316406,,overture:Condomínio North Coast:-23.00529:-43.32985
Edifício Key Biscayne,landmark_and_historical_building,overture,-23.005420684814453,-43.330345153808594,,overture:Edifício Key Biscayne:-23.00542:-43.33035
Condo San Fil Building,landmark_and_historical_building,overture,-23.00581169128418,-43.32951354980469,,overture:Condo San Fil Building:-23.00581:-43.32951
Costa Blanca,landmark_and_historical_building,overture,-23.006338119506836,-43.326637268066406,,overture:Costa Blanca:-23.00634:-43.32664
Condomínio Spazio Barra,landmark_and_historical_building,overture,-23.006624221801758,-43.325775146484375,,overture:Condomínio Spazio Barra:-23.00662:-43.32578
Villa Di Genova,landmark_and_historical_building,overture,-23.00672721862793,-43.3263053894043,,overture:Villa Di Genova:-23.00673:-43.32631
Condomínio Barra Marina,landmark_and_historical_building,overture,-23.006845474243164,-43.32727813720703,,overture:Condomínio Barra Marina:-23.00685:-43.32728
Condomínio Costa Blanca,landmark_and_historical_building,overture,-23.006778717041016,-43.3269157409668,,overture:Condomínio Costa Blanca:-23.00678:-43.32692
Condominio Varandas do Mar,landmark_and_historical_building,overture,-23.007843017578125,-43.329132080078125,,overture:Condominio Varandas do Mar:-23.00784:-43.32913
Edificio Costabella,landmark_and_historical_building,overture,-23.007606506347656,-43.32294464111328,,overture:Edificio Costabella:-23.00761:-43.32294
Lake Buena Vista condo,landmark_and_historical_building,overture,-23.007362365722656,-43.3223876953125,,overture:Lake Buena Vista condo:-23.00736:-43.32239
Condomínio Costa Bella,landmark_and_historical_building,overture,-23.00743293762207,-43.32282638549805,,overture:Condomínio Costa Bella:-23.00743:-43.32283
Edifício Via Cancun,landmark_and_historical_building,overture,-23.007150650024414,-43.32456970214844,,overture:Edifício Via Cancun:-23.00715:-43.32457
Condo Sol Marapendi,landmark_and_historical_building,overture,-23.006980895996094,-43.325050354003906,,overture:Condo Sol Marapendi:-23.00698:-43.32505
Santorini,landmark_and_historical_building,overture,-23.007314682006836,-43.319393157958984,,overture:Santorini:-23.00731:-43.31939
Avenida Lúcio Costa,landmark_and_historical_building,overture,-23.008474349975586,-43.32720947265625,,overture:Avenida Lúcio Costa:-23.00847:-43.32721
Condomínio Palais de Nice,landmark_and_historical_building,overture,-23.008291244506836,-43.32950210571289,,overture:Condomínio Palais de Nice:-23.00829:-43.32950
Condomi'nio Ilha de Cozumel,landmark_and_historical_building,overture,-23.008455276489258,-43.32904052734375,,overture:Condomi'nio Ilha de Cozumel:-23.00846:-43.32904
Condomínio do Edifício Mar de Bali,landmark_and_historical_building,overture,-23.009340286254883,-43.328121185302734,,overture:Condomínio do Edifício Mar de Bali:-23.00934:-43.32812
Condomínio Vivendas da Barra,landmark_and_historical_building,overture,-23.00983428955078,-43.32585906982422,,overture:Condomínio Vivendas da Barra:-23.00983:-43.32586
Condominio do Edificio Torre Ernest Hemingway,landmark_and_historical_building,overture,-23.010202407836914,-43.32946014404297,,overture:Condominio do Edificio Torre Ernest Hemingway:-23.01020:-43.32946
Wave by Yoo,landmark_and_historical_building,overture,-23.01034927368164,-43.33107376098633,,overture:Wave by Yoo:-23.01035:-43.33107
Acquabella,landmark_and_historical_building,overture,-23.010690689086914,-43.33005905151367,,overture:Acquabella:-23.01069:-43.33006
Condomínio Barramares,landmark_and_historical_building,overture,-23.010950088500977,-43.32828140258789,,overture:Condomínio Barramares:-23.01095:-43.32828
Vivendas 3200,landmark_and_historical_building,overture,-23.01061248779297,-43.32735824584961,,overture:Vivendas 3200:-23.01061:-43.32736
Espaço Casa Cader,topic_concert_venue,overture,-23.010950088500977,-43.32670593261719,,overture:Espaço Casa Cader:-23.01095:-43.32671
Condomínio do Edifício Geral Parque da Barra,landmark_and_historical_building,overture,-23.0104923248291,-43.324867248535156,,overture:Condomínio do Edifício Geral Parque da Barra:-23.01049:-43.32487
Edifício Saint Paul,landmark_and_historical_building,overture,-23.008438110351562,-43.3167839050293,,overture:Edifício Saint Paul:-23.00844:-43.31678
Edifício Previlége,landmark_and_historical_building,overture,-23.008411407470703,-43.30755615234375,,overture:Edifício Previlége:-23.00841:-43.30756
Leandro Zulu l Corretor de Imóveis,landmark_and_historical_building,overture,-23.0107421875,-43.30816650390625,,overture:Leandro Zulu l Corretor de Imóveis:-23.01074:-43.30817
Barra da Tijuca - Rio de Janeiro,landmark_and_historical_building,overture,-23.0107421875,-43.30816650390625,,overture:Barra da Tijuca - Rio de Janeiro:-23.01074:-43.30817
Condomínio do Edifício Del Fiore,landmark_and_historical_building,overture,-23.01240348815918,-43.308372497558594,,overture:Condomínio do Edifício Del Fiore:-23.01240:-43.30837
Alphaville Barra da Tijuca,landmark_and_historical_building,overture,-23.01190757751465,-43.30857849121094,,overture:Alphaville Barra da Tijuca:-23.01191:-43.30858
Varanda dos Abreus,landmark_and_historical_building,overture,-23.011096954345703,-43.313072204589844,,overture:Varanda dos Abreus:-23.01110:-43.31307
Wave by Yoo,landmark_and_historical_building,overture,-23.0119686126709,-43.3187255859375,,overture:Wave by Yoo:-23.01197:-43.31873
Condominio do Edificio Barra Blue,landmark_and_historical_building,overture,-23.013072967529297,-43.31378173828125,,overture:Condominio do Edificio Barra Blue:-23.01307:-43.31378
Condominio Edificio San Martinho,landmark_and_historical_building,overture,-23.012460708618164,-43.314170837402344,,overture:Condominio Edificio San Martinho:-23.01246:-43.31417
Barra da Tijuca,landmark_and_historical_building,overture,-23.013816833496094,-43.31413650512695,,overture:Barra da Tijuca:-23.01382:-43.31414
Condomínio do Edifício Padova,landmark_and_historical_building,overture,-23.01361083984375,-43.31045913696289,,overture:Condomínio do Edifício Padova:-23.01361:-43.31046
Condomínio Toscano,landmark_and_historical_building,overture,-23.013660430908203,-43.3106803894043,,overture:Condomínio Toscano:-23.01366:-43.31068
Projeto In.House,cultural_center,overture,-23.014053344726562,-43.30872344970703,,overture:Projeto In.House:-23.01405:-43.30872
Condomínio do Edifício Residencial Blue Ocean,landmark_and_historical_building,overture,-23.013986587524414,-43.309200286865234,,overture:Condomínio do Edifício Residencial Blue Ocean:-23.01399:-43.30920
Edifício Bandeirante José Dias,landmark_and_historical_building,overture,-23.01169204711914,-43.32101058959961,,overture:Edifício Bandeirante José Dias:-23.01169:-43.32101
Bagunça,topic_concert_venue,overture,-23.011333465576172,-43.32296371459961,,overture:Bagunça:-23.01133:-43.32296
Condomínio Garden Flowers,landmark_and_historical_building,overture,-22.998315811157227,-43.50505065917969,,overture:Condomínio Garden Flowers:-22.99832:-43.50505
Quinta do Ninho,topic_concert_venue,overture,-22.996240615844727,-43.507896423339844,,overture:Quinta do Ninho:-22.99624:-43.50790
Apartamento Recreio,landmark_and_historical_building,overture,-22.992000579833984,-43.493011474609375,,overture:Apartamento Recreio:-22.99200:-43.49301
Estr. Do Morgado - Vargem Grande,landmark_and_historical_building,overture,-22.992481231689453,-43.509273529052734,,overture:Estr. Do Morgado - Vargem Grande:-22.99248:-43.50927
Sitio Pedaço Do Paraiso - Vargem Grande,topic_concert_venue,overture,-22.99275016784668,-43.506290435791016,,overture:Sitio Pedaço Do Paraiso - Vargem Grande:-22.99275:-43.50629
Condomínio Vivendas de Vargem Grande,landmark_and_historical_building,overture,-22.983781814575195,-43.4989128112793,,overture:Condomínio Vivendas de Vargem Grande:-22.98378:-43.49891
Condomínio Residências da Praça da Vargem Grande,landmark_and_historical_building,overture,-22.983871459960938,-43.497013092041016,,overture:Condomínio Residências da Praça da Vargem Grande:-22.98387:-43.49701
Quintas do Rio,landmark_and_historical_building,overture,-22.98480987548828,-43.5018424987793,,overture:Quintas do Rio:-22.98481:-43.50184
Condominio Residencial Condato New York,landmark_and_historical_building,overture,-22.98303985595703,-43.49449920654297,,overture:Condominio Residencial Condato New York:-22.98304:-43.49450
Ville Verte Residências,landmark_and_historical_building,overture,-22.982646942138672,-43.496337890625,,overture:Ville Verte Residências:-22.98265:-43.49634
Espaço Santa América Festas e Eventos,topic_concert_venue,overture,-22.98343276977539,-43.49018478393555,,overture:Espaço Santa América Festas e Eventos:-22.98343:-43.49018
Condomínio Family Club,landmark_and_historical_building,overture,-22.988237380981445,-43.486534118652344,,overture:Condomínio Family Club:-22.98824:-43.48653
Nectar Som,cultural_center,overture,-22.986780166625977,-43.488834381103516,,overture:Nectar Som:-22.98678:-43.48883
Costa Verde Residencial,landmark_and_historical_building,overture,-22.990032196044922,-43.47611999511719,,overture:Costa Verde Residencial:-22.99003:-43.47612
Condominio Novo Recreio,landmark_and_historical_building,overture,-22.989439010620117,-43.47541809082031,,overture:Condominio Novo Recreio:-22.98944:-43.47542
Condomínio Pedra Bonita,landmark_and_historical_building,overture,-22.989253997802734,-43.47617721557617,,overture:Condomínio Pedra Bonita:-22.98925:-43.47618
Condomínio Monte Serrat,landmark_and_historical_building,overture,-22.98946762084961,-43.477378845214844,,overture:Condomínio Monte Serrat:-22.98947:-43.47738
The Forum,topic_concert_venue,overture,-22.987714767456055,-43.48125457763672,,overture:The Forum:-22.98771:-43.48125
Arena 10 e meio # Top10,topic_concert_venue,overture,-22.982568740844727,-43.46514892578125,,overture:Arena 10 e meio # Top10:-22.98257:-43.46515
Apartamento Morais,landmark_and_historical_building,overture,-22.98280143737793,-43.46417999267578,,overture:Apartamento Morais:-22.98280:-43.46418
Condominio Reserva da Praia 2 - Bloco 6,landmark_and_historical_building,overture,-22.98413848876953,-43.46466064453125,,overture:Condominio Reserva da Praia 2 - Bloco 6:-22.98414:-43.46466
Condomínio Reserva da Praia II,landmark_and_historical_building,overture,-22.98457145690918,-43.46454620361328,,overture:Condomínio Reserva da Praia II:-22.98457:-43.46455
Restaurante Rancho Oeste RJ,topic_concert_venue,overture,-22.98552131652832,-43.460113525390625,,overture:Restaurante Rancho Oeste RJ:-22.98552:-43.46011
Condomínio Dream Garden 1,landmark_and_historical_building,overture,-22.988155364990234,-43.46162033081055,,overture:Condomínio Dream Garden 1:-22.98816:-43.46162
Condominio Brisa do Mar,landmark_and_historical_building,overture,-22.986665725708008,-43.462196350097656,,overture:Condominio Brisa do Mar:-22.98667:-43.46220
Praia Park Sol,landmark_and_historical_building,overture,-22.986509323120117,-43.46849822998047,,overture:Praia Park Sol:-22.98651:-43.46850
Condomínio Santa Bárbara II,landmark_and_historical_building,overture,-22.987417221069336,-43.46745681762695,,overture:Condomínio Santa Bárbara II:-22.98742:-43.46746
Condomínio Dom José II,landmark_and_historical_building,overture,-22.988483428955078,-43.46559143066406,,overture:Condomínio Dom José II:-22.98848:-43.46559
Condomínio Dom José III,landmark_and_historical_building,overture,-22.99013328552246,-43.464866638183594,,overture:Condomínio Dom José III:-22.99013:-43.46487
Condomínio das Orquídeas,landmark_and_historical_building,overture,-22.98915672302246,-43.45878982543945,,overture:Condomínio das Orquídeas:-22.98916:-43.45879
Condomi'nio Village dos Oitis,landmark_and_historical_building,overture,-22.991422653198242,-43.48050308227539,,overture:Condomi'nio Village dos Oitis:-22.99142:-43.48050
Condomínio Coqueiro,landmark_and_historical_building,overture,-22.99119758605957,-43.45811080932617,,overture:Condomínio Coqueiro:-22.99120:-43.45811
Condomínio Terra Nostra,landmark_and_historical_building,overture,-22.991138458251953,-43.45574951171875,,overture:Condomínio Terra Nostra:-22.99114:-43.45575
Heaven Residencial Recreio,landmark_and_historical_building,overture,-22.99250030517578,-43.451072692871094,,overture:Heaven Residencial Recreio:-22.99250:-43.45107
Residencial Tangarás Recreio,landmark_and_historical_building,overture,-22.993026733398438,-43.45133972167969,,overture:Residencial Tangarás Recreio:-22.99303:-43.45134
"Condominio pedra do recreio 1, número 11",landmark_and_historical_building,overture,-22.992870330810547,-43.45145034790039,,"overture:Condominio pedra do recreio 1, número 11:-22.99287:-43.45145"
Condomínio Bosque do Recreio,landmark_and_historical_building,overture,-22.994840621948242,-43.451499938964844,,overture:Condomínio Bosque do Recreio:-22.99484:-43.45150
Condomínio Benvindo de Novaes,landmark_and_historical_building,overture,-22.993423461914062,-43.44536590576172,,overture:Condomínio Benvindo de Novaes:-22.99342:-43.44537
Condomínio Vivendas do Calembar,landmark_and_historical_building,overture,-22.99180793762207,-43.43864822387695,,overture:Condomínio Vivendas do Calembar:-22.99181:-43.43865
Condomínio Anhanguera,landmark_and_historical_building,overture,-22.991422653198242,-43.43600082397461,,overture:Condomínio Anhanguera:-22.99142:-43.43600
Condomínio Morada,landmark_and_historical_building,overture,-22.99188804626465,-43.4358024597168,,overture:Condomínio Morada:-22.99189:-43.43580
Condomínio Recanto dos Anjos,landmark_and_historical_building,overture,-22.993667602539062,-43.43544387817383,,overture:Condomínio Recanto dos Anjos:-22.99367:-43.43544
Condomínio Girassol,landmark_and_historical_building,overture,-22.99329948425293,-43.436519622802734,,overture:Condomínio Girassol:-22.99330:-43.43652
Condomínio Mont Serrat Recreio,landmark_and_historical_building,overture,-22.994165420532227,-43.437355041503906,,overture:Condomínio Mont Serrat Recreio:-22.99417:-43.43736
Condomínio Blue Houses,landmark_and_historical_building,overture,-22.998811721801758,-43.42306137084961,,overture:Condomínio Blue Houses:-22.99881:-43.42306
Ventanas Nature,landmark_and_historical_building,overture,-22.998884201049805,-43.41744613647461,,overture:Ventanas Nature:-22.99888:-43.41745
Interlagos Quality,landmark_and_historical_building,overture,-22.997228622436523,-43.4193229675293,,overture:Interlagos Quality:-22.99723:-43.41932
Condominio residencial Vitality,landmark_and_historical_building,overture,-22.99870491027832,-43.41609573364258,,overture:Condominio residencial Vitality:-22.99870:-43.41610
Reveillon Ribalta,topic_concert_venue,overture,-22.999244689941406,-43.409263610839844,,overture:Reveillon Ribalta:-22.99924:-43.40926
NoctuRoofTop,topic_concert_venue,overture,-22.999204635620117,-43.40874481201172,,overture:NoctuRoofTop:-22.99920:-43.40874
Condominio Interlagos de Itauna,landmark_and_historical_building,overture,-22.997051239013672,-43.41524887084961,,overture:Condominio Interlagos de Itauna:-22.99705:-43.41525
Conjunto César maia,landmark_and_historical_building,overture,-22.98977279663086,-43.43174362182617,,overture:Conjunto César maia:-22.98977:-43.43174
Viure - Ilha Pura,landmark_and_historical_building,overture,-22.985010147094727,-43.41506576538086,,overture:Viure - Ilha Pura:-22.98501:-43.41507
Ilha Pura Barra da Tijuca,landmark_and_historical_building,overture,-22.98309898376465,-43.409950256347656,,overture:Ilha Pura Barra da Tijuca:-22.98310:-43.40995
Ilha Pura,landmark_and_historical_building,overture,-22.982933044433594,-43.411842346191406,,overture:Ilha Pura:-22.98293:-43.41184
Condominio Ilha Pura,landmark_and_historical_building,overture,-22.98332977294922,-43.41557312011719,,overture:Condominio Ilha Pura:-22.98333:-43.41557
Condominio Parque Nobre,landmark_and_historical_building,overture,-22.982242584228516,-43.4189338684082,,overture:Condominio Parque Nobre:-22.98224:-43.41893
Condomínio Murano Residencial,landmark_and_historical_building,overture,-22.983640670776367,-43.42353057861328,,overture:Condomínio Murano Residencial:-22.98364:-43.42353
condominio village vargem grande,landmark_and_historical_building,overture,-22.990285873413086,-43.43902587890625,,overture:condominio village vargem grande:-22.99029:-43.43903
VIVAZ Bandeirantes,landmark_and_historical_building,overture,-22.988773345947266,-43.44082260131836,,overture:VIVAZ Bandeirantes:-22.98877:-43.44082
Salaõ de Festas VIP,topic_concert_venue,overture,-22.989341735839844,-43.4556999206543,,overture:Salaõ de Festas VIP:-22.98934:-43.45570
Condomínio Paraíso Classe A,landmark_and_historical_building,overture,-22.986286163330078,-43.455326080322266,,overture:Condomínio Paraíso Classe A:-22.98629:-43.45533
Sítio das Pedras,topic_concert_venue,overture,-22.986093521118164,-43.4573974609375,,overture:Sítio das Pedras:-22.98609:-43.45740
Condomínio Jardins de Florença,landmark_and_historical_building,overture,-22.984411239624023,-43.455142974853516,,overture:Condomínio Jardins de Florença:-22.98441:-43.45514
Condomínio Atlântico Sul,landmark_and_historical_building,overture,-22.979412078857422,-43.454708099365234,,overture:Condomínio Atlântico Sul:-22.97941:-43.45471
Fazenda Alegria,topic_concert_venue,overture,-22.975915908813477,-43.45672607421875,,overture:Fazenda Alegria:-22.97592:-43.45673
Via Premiere,landmark_and_historical_building,overture,-22.980527877807617,-43.422664642333984,,overture:Via Premiere:-22.98053:-43.42266
Condomínio Barra Central Park,landmark_and_historical_building,overture,-22.97979736328125,-43.41532897949219,,overture:Condomínio Barra Central Park:-22.97980:-43.41533
Rio + Imóveis RJ,landmark_and_historical_building,overture,-22.980213165283203,-43.414180755615234,,overture:Rio + Imóveis RJ:-22.98021:-43.41418
GGRF - Geek & Game Rio Festival,topic_concert_venue,overture,-22.981037139892578,-43.409969329833984,,overture:GGRF - Geek & Game Rio Festival:-22.98104:-43.40997
Condomínio Residencial Aquagreen,landmark_and_historical_building,overture,-22.979276657104492,-43.4169921875,,overture:Condomínio Residencial Aquagreen:-22.97928:-43.41699
Apogeu Barra,landmark_and_historical_building,overture,-22.97899055480957,-43.4189567565918,,overture:Apogeu Barra:-22.97899:-43.41896
Midas Rio Convention Suites,landmark_and_historical_building,overture,-22.9741268157959,-43.4132194519043,,overture:Midas Rio Convention Suites:-22.97413:-43.41322
Condomínio Neo Bandeirantes,landmark_and_historical_building,overture,-22.973434448242188,-43.41389465332031,,overture:Condomínio Neo Bandeirantes:-22.97343:-43.41389
Promenade Rio Stay,landmark_and_historical_building,overture,-22.975135803222656,-43.414527893066406,,overture:Promenade Rio Stay:-22.97514:-43.41453
Rio São Gonçalo (vattendrag),landmark_and_historical_building,overture,-22.969343185424805,-43.424781799316406,,overture:Rio São Gonçalo (vattendrag):-22.96934:-43.42478
Sítio Haroldo Grande,topic_concert_venue,overture,-22.970190048217773,-43.4212532043457,,overture:Sítio Haroldo Grande:-22.97019:-43.42125
Condomínio Edifício Pôr do Sol,landmark_and_historical_building,overture,-22.972429275512695,-43.41278839111328,,overture:Condomínio Edifício Pôr do Sol:-22.97243:-43.41279
Condominio Panorama Bloco 5 Etapa 1,landmark_and_historical_building,overture,-22.97214698791504,-43.41205596923828,,overture:Condominio Panorama Bloco 5 Etapa 1:-22.97215:-43.41206
Condomínio Village Sol e Mar,landmark_and_historical_building,overture,-22.97287940979004,-43.410945892333984,,overture:Condomínio Village Sol e Mar:-22.97288:-43.41095
Condomínio do Edifício Estrela do Mar,landmark_and_historical_building,overture,-22.973018646240234,-43.411338806152344,,overture:Condomínio do Edifício Estrela do Mar:-22.97302:-43.41134
Condomínio do Edifício Mar e Sol,landmark_and_historical_building,overture,-22.972232818603516,-43.409141540527344,,overture:Condomínio do Edifício Mar e Sol:-22.97223:-43.40914
Summer Bandeirantes Residencial,landmark_and_historical_building,overture,-22.97144889831543,-43.41272735595703,,overture:Summer Bandeirantes Residencial:-22.97145:-43.41273
Condomínio Weekend Bandeirantes,landmark_and_historical_building,overture,-22.970794677734375,-43.41352081298828,,overture:Condomínio Weekend Bandeirantes:-22.97079:-43.41352
Vent Residencial,landmark_and_historical_building,overture,-22.96917152404785,-43.415584564208984,,overture:Vent Residencial:-22.96917:-43.41558
Condomínio Vivenda de Jacarepaguá,landmark_and_historical_building,overture,-22.96894073486328,-43.41507339477539,,overture:Condomínio Vivenda de Jacarepaguá:-22.96894:-43.41507
Reserva Natura Camorim,landmark_and_historical_building,overture,-22.96956443786621,-43.41856384277344,,overture:Reserva Natura Camorim:-22.96956:-43.41856
Condomínio do Edifício Bandeirantes Residence Club,landmark_and_historical_building,overture,-22.96858024597168,-43.412872314453125,,overture:Condomínio do Edifício Bandeirantes Residence Club:-22.96858:-43.41287
Condomínio Residencial Bandeirantes,landmark_and_historical_building,overture,-22.96786880493164,-43.412723541259766,,overture:Condomínio Residencial Bandeirantes:-22.96787:-43.41272
Condomínio Village Barra Linda,landmark_and_historical_building,overture,-22.96884536743164,-43.41224670410156,,overture:Condomínio Village Barra Linda:-22.96885:-43.41225
Condomínio Rota do Sol,landmark_and_historical_building,overture,-22.967111587524414,-43.41166687011719,,overture:Condomínio Rota do Sol:-22.96711:-43.41167
Wind Residencial,landmark_and_historical_building,overture,-22.966794967651367,-43.413848876953125,,overture:Wind Residencial:-22.96679:-43.41385
Village Vip Jacarepaguá,landmark_and_historical_building,overture,-22.96640968322754,-43.40888214111328,,overture:Village Vip Jacarepaguá:-22.96641:-43.40888
Condomínio Village Vip,landmark_and_historical_building,overture,-22.965768814086914,-43.40945053100586,,overture:Condomínio Village Vip:-22.96577:-43.40945
Vivaz Bandeirantes,landmark_and_historical_building,overture,-22.966073989868164,-43.409854888916016,,overture:Vivaz Bandeirantes:-22.96607:-43.40985
Condomínio Parque Carioca,landmark_and_historical_building,overture,-22.964895248413086,-43.410797119140625,,overture:Condomínio Parque Carioca:-22.96490:-43.41080
Condomínio Pedra Branca - Camorim,landmark_and_historical_building,overture,-22.965065002441406,-43.41279602050781,,overture:Condomínio Pedra Branca - Camorim:-22.96507:-43.41280
Batalha do Camorim,cultural_center,overture,-22.96579360961914,-43.41481018066406,,overture:Batalha do Camorim:-22.96579:-43.41481
Praça Chale,landmark_and_historical_building,overture,-22.966550827026367,-43.414730072021484,,overture:Praça Chale:-22.96655:-43.41473
Quintal da Casa,topic_concert_venue,overture,-22.977373123168945,-43.460811614990234,,overture:Quintal da Casa:-22.97737:-43.46081
Espaço Shalon,topic_concert_venue,overture,-22.98015022277832,-43.46135330200195,,overture:Espaço Shalon:-22.98015:-43.46135
Village do Maciço,landmark_and_historical_building,overture,-22.981565475463867,-43.46297073364258,,overture:Village do Maciço:-22.98157:-43.46297
Vargem Pequena (bairro),landmark_and_historical_building,overture,-22.98055648803711,-43.4636116027832,,overture:Vargem Pequena (bairro):-22.98056:-43.46361
Condomínio Vale dos Jequitibás,landmark_and_historical_building,overture,-22.97759246826172,-43.48011016845703,,overture:Condomínio Vale dos Jequitibás:-22.97759:-43.48011
Condomínio Versace A,landmark_and_historical_building,overture,-22.973388671875,-43.48524475097656,,overture:Condomínio Versace A:-22.97339:-43.48524
Rio da Toca,landmark_and_historical_building,overture,-22.974750518798828,-43.495723724365234,,overture:Rio da Toca:-22.97475:-43.49572
Vargem Grande,landmark_and_historical_building,overture,-22.97685432434082,-43.493309020996094,,overture:Vargem Grande:-22.97685:-43.49331
Condominio Residencial Jardim Nova Suissa,landmark_and_historical_building,overture,-22.977304458618164,-43.49026870727539,,overture:Condominio Residencial Jardim Nova Suissa:-22.97730:-43.49027
Condomínio Residencial Horse Shoe,landmark_and_historical_building,overture,-22.97582244873047,-43.48604202270508,,overture:Condomínio Residencial Horse Shoe:-22.97582:-43.48604
Fresh Water Festival,topic_concert_venue,overture,-22.9788875579834,-43.48749923706055,,overture:Fresh Water Festival:-22.97889:-43.48750
Espaço Coliseu Eventos Vargem Grande,topic_concert_venue,overture,-22.977746963500977,-43.499267578125,,overture:Espaço Coliseu Eventos Vargem Grande:-22.97775:-43.49927
Condomi'nio Quinta do Morgado,landmark_and_historical_building,overture,-22.976438522338867,-43.50006866455078,,overture:Condomi'nio Quinta do Morgado:-22.97644:-43.50007
Parque Coqueiros,landmark_and_historical_building,overture,-22.97472381591797,-43.4984016418457,,overture:Parque Coqueiros:-22.97472:-43.49840
Espaço Pacuí Eventos,topic_concert_venue,overture,-22.972190856933594,-43.493621826171875,,overture:Espaço Pacuí Eventos:-22.97219:-43.49362
Condominio Village Serra Dourada,landmark_and_historical_building,overture,-22.973203659057617,-43.48979187011719,,overture:Condominio Village Serra Dourada:-22.97320:-43.48979
Condominio Vargem Green Residencial,landmark_and_historical_building,overture,-22.966642379760742,-43.49153518676758,,overture:Condominio Vargem Green Residencial:-22.96664:-43.49154
Espaço Xamânico Ninho da Águia,topic_concert_venue,overture,-22.965763092041016,-43.499271392822266,,overture:Espaço Xamânico Ninho da Águia:-22.96576:-43.49927
Condomínio Fazendinha,landmark_and_historical_building,overture,-22.963409423828125,-43.490089416503906,,overture:Condomínio Fazendinha:-22.96341:-43.49009
"Rio Água Fria (vattendrag i Brasilien, Rio de Janeiro)",landmark_and_historical_building,overture,-22.952070236206055,-43.48862075805664,,"overture:Rio Água Fria (vattendrag i Brasilien, Rio de Janeiro):-22.95207:-43.48862"
Pico da Pedra Branca,landmark_and_historical_building,overture,-22.9320011138916,-43.47306823730469,,overture:Pico da Pedra Branca:-22.93200:-43.47307
"Serra do Quilombo (bergskedja i Brasilien, Rio de Janeiro, lat -22,95, long -43,45)",landmark_and_historical_building,overture,-22.946332931518555,-43.44986343383789,,"overture:Serra do Quilombo (bergskedja i Brasilien, Rio de Janeiro, lat -22,95, long -43,45):-22.94633:-43.44986"
Serra do Macaco (berg),landmark_and_historical_building,overture,-22.961341857910156,-43.426273345947266,,overture:Serra do Macaco (berg):-22.96134:-43.42627
Pedra Negra,landmark_and_historical_building,overture,-22.958881378173828,-43.41416549682617,,overture:Pedra Negra:-22.95888:-43.41417
Big Brother Brasil,landmark_and_historical_building,overture,-22.956666946411133,-43.40888977050781,,overture:Big Brother Brasil:-22.95667:-43.40889
Condomínio Grand Family,landmark_and_historical_building,overture,-22.964359283447266,-43.40470886230469,,overture:Condomínio Grand Family:-22.96436:-43.40471
Global Park,landmark_and_historical_building,overture,-22.963756561279297,-43.40176010131836,,overture:Global Park:-22.96376:-43.40176
Arte Studios,landmark_and_historical_building,overture,-22.96433448791504,-43.402130126953125,,overture:Arte Studios:-22.96433:-43.40213
Beach condo Plus,landmark_and_historical_building,overture,-22.96438980102539,-43.397823333740234,,overture:Beach condo Plus:-22.96439:-43.39782
Condomínio Residencial Seasons,landmark_and_historical_building,overture,-22.96239471435547,-43.39699172973633,,overture:Condomínio Residencial Seasons:-22.96239:-43.39699
Florestinha Clube,topic_concert_venue,overture,-22.95974349975586,-43.38912582397461,,overture:Florestinha Clube:-22.95974:-43.38913
Casa de festa,topic_concert_venue,overture,-22.956298828125,-43.385284423828125,,overture:Casa de festa:-22.95630:-43.38528
Condomínio Live,landmark_and_historical_building,overture,-22.961212158203125,-43.39397048950195,,overture:Condomínio Live:-22.96121:-43.39397
Live Bandeirantes All Suites,landmark_and_historical_building,overture,-22.961393356323242,-43.39372253417969,,overture:Live Bandeirantes All Suites:-22.96139:-43.39372
Sítio Monte Horebe,topic_concert_venue,overture,-22.96173858642578,-43.39353561401367,,overture:Sítio Monte Horebe:-22.96174:-43.39354
Top Festas & Eventos,topic_concert_venue,overture,-22.96207046508789,-43.392215728759766,,overture:Top Festas & Eventos:-22.96207:-43.39222
RJZ Cyrela Like Residencial Club,landmark_and_historical_building,overture,-22.9633846282959,-43.3910026550293,,overture:RJZ Cyrela Like Residencial Club:-22.96338:-43.39100
Like Barra da Tijuca,landmark_and_historical_building,overture,-22.963266372680664,-43.39149475097656,,overture:Like Barra da Tijuca:-22.96327:-43.39149
Condomínio Living Sunset,landmark_and_historical_building,overture,-22.962705612182617,-43.390628814697266,,overture:Condomínio Living Sunset:-22.96271:-43.39063
Condomínio Residencial Brisas. Do Mar,landmark_and_historical_building,overture,-22.963333129882812,-43.393402099609375,,overture:Condomínio Residencial Brisas. Do Mar:-22.96333:-43.39340
Barra Da Tijuca R.J. Condomínio Reserva Do Parque,landmark_and_historical_building,overture,-22.964468002319336,-43.38451385498047,,overture:Barra Da Tijuca R.J. Condomínio Reserva Do Parque:-22.96447:-43.38451
Edifício das Azaleias,landmark_and_historical_building,overture,-22.96438217163086,-43.38463592529297,,overture:Edifício das Azaleias:-22.96438:-43.38464
Espaço Cultural Escola Sesc,cultural_center,overture,-22.96029281616211,-43.359230041503906,,overture:Espaço Cultural Escola Sesc:-22.96029:-43.35923
Le Garden,topic_concert_venue,overture,-22.956790924072266,-43.380760192871094,,overture:Le Garden:-22.95679:-43.38076
Mk Polo House,topic_concert_venue,overture,-22.954639434814453,-43.379486083984375,,overture:Mk Polo House:-22.95464:-43.37949
Studio Privativo,landmark_and_historical_building,overture,-22.952960968017578,-43.38086700439453,,overture:Studio Privativo:-22.95296:-43.38087
Kitnet Mobiliada,landmark_and_historical_building,overture,-22.95296287536621,-43.38085174560547,,overture:Kitnet Mobiliada:-22.95296:-43.38085
Mansao da Colina Producao de Eventos,topic_concert_venue,overture,-22.953460693359375,-43.37620162963867,,overture:Mansao da Colina Producao de Eventos:-22.95346:-43.37620
UTR-Rio Arroio fundo,monument,overture,-22.955286026000977,-43.35807800292969,,overture:UTR-Rio Arroio fundo:-22.95529:-43.35808
Condomínio Itamar Franco II,landmark_and_historical_building,overture,-22.95298957824707,-43.36138916015625,,overture:Condomínio Itamar Franco II:-22.95299:-43.36139
Pagode Da Praça Do Galo Cdd,topic_concert_venue,overture,-22.94993019104004,-43.36117172241211,,overture:Pagode Da Praça Do Galo Cdd:-22.94993:-43.36117
Condomínio Quarto Centenário,landmark_and_historical_building,overture,-22.951383590698242,-43.376792907714844,,overture:Condomínio Quarto Centenário:-22.95138:-43.37679
GRAN Reserva Metropolitano,landmark_and_historical_building,overture,-22.950620651245117,-43.38103485107422,,overture:GRAN Reserva Metropolitano:-22.95062:-43.38103
Eventos Guaratiba,topic_concert_venue,overture,-22.95166015625,-43.39194107055664,,overture:Eventos Guaratiba:-22.95166:-43.39194
Sítio Dois Irmãos - Colônia,topic_concert_venue,overture,-22.944828033447266,-43.395511627197266,,overture:Sítio Dois Irmãos - Colônia:-22.94483:-43.39551
Trilha Morro da Babilônia -RJ,landmark_and_historical_building,overture,-22.944150924682617,-43.38671112060547,,overture:Trilha Morro da Babilônia -RJ:-22.94415:-43.38671
Praça do Brizolinha,landmark_and_historical_building,overture,-22.94445037841797,-43.38547897338867,,overture:Praça do Brizolinha:-22.94445:-43.38548
Condomínio Residencial Hergas Munis,landmark_and_historical_building,overture,-22.94304084777832,-43.393733978271484,,overture:Condomínio Residencial Hergas Munis:-22.94304:-43.39373
Aqueduct Taquara,landmark_and_historical_building,overture,-22.936246871948242,-43.39985275268555,,overture:Aqueduct Taquara:-22.93625:-43.39985
Cantinho da Pedra - Eventos,topic_concert_venue,overture,-22.93328094482422,-43.39454650878906,,overture:Cantinho da Pedra - Eventos:-22.93328:-43.39455
Taquara,landmark_and_historical_building,overture,-22.9306583404541,-43.393280029296875,,overture:Taquara:-22.93066:-43.39328
Condomínio Jardim Do Outeiro,landmark_and_historical_building,overture,-22.930694580078125,-43.39228057861328,,overture:Condomínio Jardim Do Outeiro:-22.93069:-43.39228
Condomínio Solar do Outeiro,landmark_and_historical_building,overture,-22.929901123046875,-43.39076232910156,,overture:Condomínio Solar do Outeiro:-22.92990:-43.39076
Associação dos moradores : Alto Bela Vista,landmark_and_historical_building,overture,-22.929800033569336,-43.38775634765625,,overture:Associação dos moradores : Alto Bela Vista:-22.92980:-43.38776
Ville Roma,landmark_and_historical_building,overture,-22.930259704589844,-43.38517379760742,,overture:Ville Roma:-22.93026:-43.38517
Condomínio Líbero Badaró,landmark_and_historical_building,overture,-22.93106460571289,-43.382347106933594,,overture:Condomínio Líbero Badaró:-22.93106:-43.38235
"Rio Engenho Novo (vattendrag i Brasilien, lat -22,94, long -43,38)",landmark_and_historical_building,overture,-22.935043334960938,-43.38311004638672,,"overture:Rio Engenho Novo (vattendrag i Brasilien, lat -22,94, long -43,38):-22.93504:-43.38311"
Vila do Arco-íris,landmark_and_historical_building,overture,-22.93772315979004,-43.386653900146484,,overture:Vila do Arco-íris:-22.93772:-43.38665
Travessa Nossa Senhora de Fátima,landmark_and_historical_building,overture,-22.937458038330078,-43.38710403442383,,overture:Travessa Nossa Senhora de Fátima:-22.93746:-43.38710
Condomínio Malvadeza,landmark_and_historical_building,overture,-22.937864303588867,-43.38412857055664,,overture:Condomínio Malvadeza:-22.93786:-43.38413
Edifício Dom Fernando,landmark_and_historical_building,overture,-22.937393188476562,-43.36996078491211,,overture:Edifício Dom Fernando:-22.93739:-43.36996
Laço de Ouro Eventos,topic_concert_venue,overture,-22.937376022338867,-43.370296478271484,,overture:Laço de Ouro Eventos:-22.93738:-43.37030
Residential Condominium Facile,landmark_and_historical_building,overture,-22.937671661376953,-43.371273040771484,,overture:Residential Condominium Facile:-22.93767:-43.37127
Facile,landmark_and_historical_building,overture,-22.93682861328125,-43.371681213378906,,overture:Facile:-22.93683:-43.37168
Cruzeiro do Sul Capoeiragem Merck,cultural_center,overture,-22.934368133544922,-43.36961364746094,,overture:Cruzeiro do Sul Capoeiragem Merck:-22.93437:-43.36961
BAIXO Taquara,topic_concert_venue,overture,-22.935422897338867,-43.37892150878906,,overture:BAIXO Taquara:-22.93542:-43.37892
Edifício Tapajós,landmark_and_historical_building,overture,-22.92982292175293,-43.37553405761719,,overture:Edifício Tapajós:-22.92982:-43.37553
Arroio Tindiba,landmark_and_historical_building,overture,-22.9326229095459,-43.36539077758789,,overture:Arroio Tindiba:-22.93262:-43.36539
Maison Merlot,landmark_and_historical_building,overture,-22.93152618408203,-43.36215591430664,,overture:Maison Merlot:-22.93153:-43.36216
Condominio Edificio Rio Amazonas,landmark_and_historical_building,overture,-22.930940628051758,-43.361976623535156,,overture:Condominio Edificio Rio Amazonas:-22.93094:-43.36198
Condomínio Felicittá,landmark_and_historical_building,overture,-22.931324005126953,-43.36233139038086,,overture:Condomínio Felicittá:-22.93132:-43.36233
Condominio do Edificio Rio Solimoes,landmark_and_historical_building,overture,-22.93059730529785,-43.36177062988281,,overture:Condominio do Edificio Rio Solimoes:-22.93060:-43.36177
Condomínio do Edifício Rio Tocantins,landmark_and_historical_building,overture,-22.93019676208496,-43.361793518066406,,overture:Condomínio do Edifício Rio Tocantins:-22.93020:-43.36179
Condomínio do Edifício Rio Negro,landmark_and_historical_building,overture,-22.93001365661621,-43.36151123046875,,overture:Condomínio do Edifício Rio Negro:-22.93001:-43.36151
Bairro de Jacarépaguá,landmark_and_historical_building,overture,-22.931198120117188,-43.35783767700195,,overture:Bairro de Jacarépaguá:-22.93120:-43.35784
Espaço Pacoti,topic_concert_venue,overture,-22.931541442871094,-43.35926818847656,,overture:Espaço Pacoti:-22.93154:-43.35927
Samba do Pechincha,topic_concert_venue,overture,-22.931360244750977,-43.35919189453125,,overture:Samba do Pechincha:-22.93136:-43.35919
Edifício Caribe,landmark_and_historical_building,overture,-22.93354034423828,-43.35947799682617,,overture:Edifício Caribe:-22.93354:-43.35948
Teatro Iracema de Alencar,topic_concert_venue,overture,-22.933502197265625,-43.35719680786133,,overture:Teatro Iracema de Alencar:-22.93350:-43.35720
Retiro dos Artistas,cultural_center,overture,-22.933555603027344,-43.357295989990234,,overture:Retiro dos Artistas:-22.93356:-43.35730
Condominio do Edificio Vivendas do Retiro,landmark_and_historical_building,overture,-22.934406280517578,-43.35805130004883,,overture:Condominio do Edificio Vivendas do Retiro:-22.93441:-43.35805
Condomínio Rio Antigo,landmark_and_historical_building,overture,-22.934404373168945,-43.35884094238281,,overture:Condomínio Rio Antigo:-22.93440:-43.35884
Vernissage Residence,landmark_and_historical_building,overture,-22.935466766357422,-43.358924865722656,,overture:Vernissage Residence:-22.93547:-43.35892
Condominio Vilaggio Verde,landmark_and_historical_building,overture,-22.93516731262207,-43.35977554321289,,overture:Condominio Vilaggio Verde:-22.93517:-43.35978
More Residential Club,landmark_and_historical_building,overture,-22.93512725830078,-43.363914489746094,,overture:More Residential Club:-22.93513:-43.36391
Condomínio Cândido Mariano Rondon,landmark_and_historical_building,overture,-22.93511962890625,-43.36640167236328,,overture:Condomínio Cândido Mariano Rondon:-22.93512:-43.36640
"Frei Luiz Alevato, 356",landmark_and_historical_building,overture,-22.93550682067871,-43.368011474609375,,"overture:Frei Luiz Alevato, 356:-22.93551:-43.36801"
Condomínio Domingos Jorge Velho,landmark_and_historical_building,overture,-22.935453414916992,-43.36795425415039,,overture:Condomínio Domingos Jorge Velho:-22.93545:-43.36795
Condomínio Mirataia Júnior,landmark_and_historical_building,overture,-22.936691284179688,-43.36381530761719,,overture:Condomínio Mirataia Júnior:-22.93669:-43.36382
Condomínio Mirataia II,landmark_and_historical_building,overture,-22.93666648864746,-43.365318298339844,,overture:Condomínio Mirataia II:-22.93667:-43.36532
"Condomínio Vivendas Bandeirantes , Taquara",landmark_and_historical_building,overture,-22.938152313232422,-43.36802673339844,,"overture:Condomínio Vivendas Bandeirantes , Taquara:-22.93815:-43.36803"
Condomínio Smart Residencial,landmark_and_historical_building,overture,-22.938100814819336,-43.360618591308594,,overture:Condomínio Smart Residencial:-22.93810:-43.36062
Reserva Mirataia,landmark_and_historical_building,overture,-22.93734359741211,-43.36237335205078,,overture:Reserva Mirataia:-22.93734:-43.36237
Condo Grove Mirataia,landmark_and_historical_building,overture,-22.936260223388672,-43.36266326904297,,overture:Condo Grove Mirataia:-22.93626:-43.36266
Condomínio Peninsula-Barra Da Tijuca,landmark_and_historical_building,overture,-22.93665885925293,-43.36200714111328,,overture:Condomínio Peninsula-Barra Da Tijuca:-22.93666:-43.36201
Spazio Reale,landmark_and_historical_building,overture,-22.936573028564453,-43.35918045043945,,overture:Spazio Reale:-22.93657:-43.35918
Edifício Península Fit,landmark_and_historical_building,overture,-22.9383487701416,-43.35813903808594,,overture:Edifício Península Fit:-22.93835:-43.35814
Condomi'nio Oswaldo Lussac,landmark_and_historical_building,overture,-22.9395694732666,-43.36278533935547,,overture:Condomi'nio Oswaldo Lussac:-22.93957:-43.36279
Condominio Residencial Sintonia,landmark_and_historical_building,overture,-22.939897537231445,-43.36198425292969,,overture:Condominio Residencial Sintonia:-22.93990:-43.36198
Residencial Freguesia II,landmark_and_historical_building,overture,-22.93990707397461,-43.357666015625,,overture:Residencial Freguesia II:-22.93991:-43.35767
Condomínio Vila de Piza,landmark_and_historical_building,overture,-22.941104888916016,-43.3588752746582,,overture:Condomínio Vila de Piza:-22.94110:-43.35888
Condomínio Residencial 4 de Dezembro,landmark_and_historical_building,overture,-22.941675186157227,-43.36301040649414,,overture:Condomínio Residencial 4 de Dezembro:-22.94168:-43.36301
Condomínio Vita Residencial,landmark_and_historical_building,overture,-22.941120147705078,-43.36213684082031,,overture:Condomínio Vita Residencial:-22.94112:-43.36214
Residencial My Jacarepagua Style,landmark_and_historical_building,overture,-22.94228172302246,-43.36606979370117,,overture:Residencial My Jacarepagua Style:-22.94228:-43.36607
Condo Bella Vitta Jacarepagua,landmark_and_historical_building,overture,-22.941804885864258,-43.36747360229492,,overture:Condo Bella Vitta Jacarepagua:-22.94180:-43.36747
Condomínio Village Das Acácias,landmark_and_historical_building,overture,-22.94102668762207,-43.369022369384766,,overture:Condomínio Village Das Acácias:-22.94103:-43.36902
Residencial Nova Laranjeiras,landmark_and_historical_building,overture,-22.94071388244629,-43.3695068359375,,overture:Residencial Nova Laranjeiras:-22.94071:-43.36951
Condominio Mirataia III Bloco 13,landmark_and_historical_building,overture,-22.938833236694336,-43.36465072631836,,overture:Condominio Mirataia III Bloco 13:-22.93883:-43.36465
Lar doce lar,landmark_and_historical_building,overture,-22.939453125,-43.36819076538086,,overture:Lar doce lar:-22.93945:-43.36819
Residencial Condomínio Miguel Salazar,landmark_and_historical_building,overture,-22.939231872558594,-43.369544982910156,,overture:Residencial Condomínio Miguel Salazar:-22.93923:-43.36954
Condomínio das Amendoeiras,landmark_and_historical_building,overture,-22.940603256225586,-43.3709831237793,,overture:Condomínio das Amendoeiras:-22.94060:-43.37098
Casuarinas Festas e Eventos,topic_concert_venue,overture,-22.94402313232422,-43.3719367980957,,overture:Casuarinas Festas e Eventos:-22.94402:-43.37194
Gardênia Azul,landmark_and_historical_building,overture,-22.944473266601562,-43.361183166503906,,overture:Gardênia Azul:-22.94447:-43.36118
Condomínio Village Suzano,landmark_and_historical_building,overture,-22.945558547973633,-43.354881286621094,,overture:Condomínio Village Suzano:-22.94556:-43.35488
Condominio Alvorada,landmark_and_historical_building,overture,-22.943876266479492,-43.354652404785156,,overture:Condominio Alvorada:-22.94388:-43.35465
Lista Festa Planet Espaço Hall,topic_concert_venue,overture,-22.94497299194336,-43.34600067138672,,overture:Lista Festa Planet Espaço Hall:-22.94497:-43.34600
Condominio Campestre,landmark_and_historical_building,overture,-22.946117401123047,-43.347801208496094,,overture:Condominio Campestre:-22.94612:-43.34780
Condomínio Monte Carlo 3,landmark_and_historical_building,overture,-22.94593620300293,-43.34172821044922,,overture:Condomínio Monte Carlo 3:-22.94594:-43.34173
Condominio Village Ouro Preto I,landmark_and_historical_building,overture,-22.945348739624023,-43.339637756347656,,overture:Condominio Village Ouro Preto I:-22.94535:-43.33964
Monte Carlo Residence Park I,landmark_and_historical_building,overture,-22.946643829345703,-43.340789794921875,,overture:Monte Carlo Residence Park I:-22.94664:-43.34079
Stardust,landmark_and_historical_building,overture,-22.946760177612305,-43.33684158325195,,overture:Stardust:-22.94676:-43.33684
Condomínio Mansões Ituverava,landmark_and_historical_building,overture,-22.94660186767578,-43.337677001953125,,overture:Condomínio Mansões Ituverava:-22.94660:-43.33768
Condomínio do Edifício Gramado,landmark_and_historical_building,overture,-22.946256637573242,-43.33669662475586,,overture:Condomínio do Edifício Gramado:-22.94626:-43.33670
Edificio Serraazul,landmark_and_historical_building,overture,-22.946067810058594,-43.33658981323242,,overture:Edificio Serraazul:-22.94607:-43.33659
Residencial Parque das Árvores,landmark_and_historical_building,overture,-22.94511604309082,-43.33531951904297,,overture:Residencial Parque das Árvores:-22.94512:-43.33532
Condominio do Edificio Napoleao Bonaparte,landmark_and_historical_building,overture,-22.945280075073242,-43.33592987060547,,overture:Condominio do Edificio Napoleao Bonaparte:-22.94528:-43.33593
Residencial Guilherme Norwich,landmark_and_historical_building,overture,-22.945728302001953,-43.334869384765625,,overture:Residencial Guilherme Norwich:-22.94573:-43.33487
Condominio Jardim Uruçanga,landmark_and_historical_building,overture,-22.945762634277344,-43.33478927612305,,overture:Condominio Jardim Uruçanga:-22.94576:-43.33479
Edifício Vivendas do Sul,landmark_and_historical_building,overture,-22.945892333984375,-43.33673858642578,,overture:Edifício Vivendas do Sul:-22.94589:-43.33674
Condomínio Village Ouro Preto,landmark_and_historical_building,overture,-22.944866180419922,-43.33763885498047,,overture:Condomínio Village Ouro Preto:-22.94487:-43.33764
Condomínio Golden Hills,landmark_and_historical_building,overture,-22.94409942626953,-43.33677291870117,,overture:Condomínio Golden Hills:-22.94410:-43.33677
Freguesia Tower,landmark_and_historical_building,overture,-22.944156646728516,-43.33576583862305,,overture:Freguesia Tower:-22.94416:-43.33577
Grand Village Freguesia,landmark_and_historical_building,overture,-22.94483184814453,-43.33506393432617,,overture:Grand Village Freguesia:-22.94483:-43.33506
Rivieras De Florenca,landmark_and_historical_building,overture,-22.944011688232422,-43.33381652832031,,overture:Rivieras De Florenca:-22.94401:-43.33382
Chácara da Freguesia,landmark_and_historical_building,overture,-22.944339752197266,-43.33444595336914,,overture:Chácara da Freguesia:-22.94434:-43.33445
Vila 838,landmark_and_historical_building,overture,-22.943737030029297,-43.33283615112305,,overture:Vila 838:-22.94374:-43.33284
Vivendas da Freguesia,landmark_and_historical_building,overture,-22.942806243896484,-43.333648681640625,,overture:Vivendas da Freguesia:-22.94281:-43.33365
Bon Vivaggi,landmark_and_historical_building,overture,-22.943140029907227,-43.33669662475586,,overture:Bon Vivaggi:-22.94314:-43.33670
Building Grand Valley,landmark_and_historical_building,overture,-22.94412612915039,-43.338623046875,,overture:Building Grand Valley:-22.94413:-43.33862
Condomínio Serramar,landmark_and_historical_building,overture,-22.94489288330078,-43.34016036987305,,overture:Condomínio Serramar:-22.94489:-43.34016
Conjunto Habitacional São Sebastião,landmark_and_historical_building,overture,-22.944400787353516,-43.342037200927734,,overture:Conjunto Habitacional São Sebastião:-22.94440:-43.34204
Centro Cultural Dragão Do Mar,cultural_center,overture,-22.944835662841797,-43.34160614013672,,overture:Centro Cultural Dragão Do Mar:-22.94484:-43.34161
Comunidade do Jacarezinho-RJ,landmark_and_historical_building,overture,-22.94476318359375,-43.34285354614258,,overture:Comunidade do Jacarezinho-RJ:-22.94476:-43.34285
Condominio Residencial Sao Nicolau,landmark_and_historical_building,overture,-22.942415237426758,-43.34133529663086,,overture:Condominio Residencial Sao Nicolau:-22.94242:-43.34134
Corretor Lucas Mendes,landmark_and_historical_building,overture,-22.941970825195312,-43.3415412902832,,overture:Corretor Lucas Mendes:-22.94197:-43.34154
Residencial Lumière,landmark_and_historical_building,overture,-22.94075584411621,-43.338191986083984,,overture:Residencial Lumière:-22.94076:-43.33819
Condomínio Frei Cassiano de Villarosa,landmark_and_historical_building,overture,-22.941335678100586,-43.33808517456055,,overture:Condomínio Frei Cassiano de Villarosa:-22.94134:-43.33809
Del Bosco,landmark_and_historical_building,overture,-22.941490173339844,-43.33827590942383,,overture:Del Bosco:-22.94149:-43.33828
Barra Da Tijuca Posto Três,landmark_and_historical_building,overture,-22.942649841308594,-43.339317321777344,,overture:Barra Da Tijuca Posto Três:-22.94265:-43.33932
Mercado Kalakuta,topic_concert_venue,overture,-22.942731857299805,-43.33924102783203,,overture:Mercado Kalakuta:-22.94273:-43.33924
Edifício Kauai,landmark_and_historical_building,overture,-22.94277000427246,-43.337669372558594,,overture:Edifício Kauai:-22.94277:-43.33767
Reserva dos Pássaros,landmark_and_historical_building,overture,-22.942535400390625,-43.33285903930664,,overture:Reserva dos Pássaros:-22.94254:-43.33286
Condomínio Belle Epoque,landmark_and_historical_building,overture,-22.942279815673828,-43.33171081542969,,overture:Condomínio Belle Epoque:-22.94228:-43.33171
High Residence,landmark_and_historical_building,overture,-22.942325592041016,-43.33284378051758,,overture:High Residence:-22.94233:-43.33284
Condomínio Moradas da Freguesia,landmark_and_historical_building,overture,-22.941001892089844,-43.33198165893555,,overture:Condomínio Moradas da Freguesia:-22.94100:-43.33198
Colors,landmark_and_historical_building,overture,-22.940959930419922,-43.33461380004883,,overture:Colors:-22.94096:-43.33461
Condomínio Santorini Freguesia,landmark_and_historical_building,overture,-22.940736770629883,-43.33475112915039,,overture:Condomínio Santorini Freguesia:-22.94074:-43.33475
Condomínio do Edifício Green Place,landmark_and_historical_building,overture,-22.94158935546875,-43.33622741699219,,overture:Condomínio do Edifício Green Place:-22.94159:-43.33623
Condomínio Parque da Freguesia,landmark_and_historical_building,overture,-22.9412841796875,-43.336151123046875,,overture:Condomínio Parque da Freguesia:-22.94128:-43.33615
Condomínio Papillon Blue,landmark_and_historical_building,overture,-22.94136619567871,-43.336421966552734,,overture:Condomínio Papillon Blue:-22.94137:-43.33642
Condomínio do edifício Guarujá,landmark_and_historical_building,overture,-22.940616607666016,-43.336341857910156,,overture:Condomínio do edifício Guarujá:-22.94062:-43.33634
Condomínio do Edifício Residencial Tirol,landmark_and_historical_building,overture,-22.94000244140625,-43.33745574951172,,overture:Condomínio do Edifício Residencial Tirol:-22.94000:-43.33746
Village Florença,landmark_and_historical_building,overture,-22.940210342407227,-43.332069396972656,,overture:Village Florença:-22.94021:-43.33207
Today Modern Residence,landmark_and_historical_building,overture,-22.939760208129883,-43.332298278808594,,overture:Today Modern Residence:-22.93976:-43.33230
Condominio Green Park,landmark_and_historical_building,overture,-22.939443588256836,-43.33254623413086,,overture:Condominio Green Park:-22.93944:-43.33255
Laje dos Balbinot,landmark_and_historical_building,overture,-22.938608169555664,-43.335628509521484,,overture:Laje dos Balbinot:-22.93861:-43.33563
Condomínio Larissa,landmark_and_historical_building,overture,-22.9392032623291,-43.334938049316406,,overture:Condomínio Larissa:-22.93920:-43.33494
Prima Classe,landmark_and_historical_building,overture,-22.93889045715332,-43.337039947509766,,overture:Prima Classe:-22.93889:-43.33704
Bloco Banda da Freguesia,topic_concert_venue,overture,-22.938570022583008,-43.339866638183594,,overture:Bloco Banda da Freguesia:-22.93857:-43.33987
Condomínio Pousada dos Três Rios,landmark_and_historical_building,overture,-22.939205169677734,-43.340850830078125,,overture:Condomínio Pousada dos Três Rios:-22.93921:-43.34085
Ensina Mais,cultural_center,overture,-22.93928337097168,-43.3419075012207,,overture:Ensina Mais:-22.93928:-43.34191
Conjunto Residencial Gal Luiz de França Oliveira,landmark_and_historical_building,overture,-22.93938446044922,-43.34847640991211,,overture:Conjunto Residencial Gal Luiz de França Oliveira:-22.93938:-43.34848
Condomínio Tijolinhos,landmark_and_historical_building,overture,-22.940143585205078,-43.348602294921875,,overture:Condomínio Tijolinhos:-22.94014:-43.34860
Espaço da Ladeira,topic_concert_venue,overture,-22.94041633605957,-43.345306396484375,,overture:Espaço da Ladeira:-22.94042:-43.34531
Quarta Under,cultural_center,overture,-22.942243576049805,-43.344905853271484,,overture:Quarta Under:-22.94224:-43.34491
Residencial Werneck,landmark_and_historical_building,overture,-22.94194221496582,-43.35460662841797,,overture:Residencial Werneck:-22.94194:-43.35461
Residencial Fênix,landmark_and_historical_building,overture,-22.941362380981445,-43.35416793823242,,overture:Residencial Fênix:-22.94136:-43.35417
Condomínio do Conjunto Residencial Pero Lopes de Souza,landmark_and_historical_building,overture,-22.940471649169922,-43.3538932800293,,overture:Condomínio do Conjunto Residencial Pero Lopes de Souza:-22.94047:-43.35389
Condomínio Residencial Mirante Campestre,landmark_and_historical_building,overture,-22.93878746032715,-43.35688400268555,,overture:Condomínio Residencial Mirante Campestre:-22.93879:-43.35688
Condomínio Residencial Rodrigo Miranda,landmark_and_historical_building,overture,-22.936403274536133,-43.35057830810547,,overture:Condomínio Residencial Rodrigo Miranda:-22.93640:-43.35058
Condomínio Vivendas da Freguesia,landmark_and_historical_building,overture,-22.937374114990234,-43.352874755859375,,overture:Condomínio Vivendas da Freguesia:-22.93737:-43.35287
Residencial Arthur I,landmark_and_historical_building,overture,-22.938058853149414,-43.348045349121094,,overture:Residencial Arthur I:-22.93806:-43.34805
Teatro Quality,topic_concert_venue,overture,-22.938182830810547,-43.34792709350586,,overture:Teatro Quality:-22.93818:-43.34793
Condominio Premiere Araguaia,landmark_and_historical_building,overture,-22.938217163085938,-43.34648132324219,,overture:Condominio Premiere Araguaia:-22.93822:-43.34648
Condomínio Edson Passos,landmark_and_historical_building,overture,-22.937191009521484,-43.34720230102539,,overture:Condomínio Edson Passos:-22.93719:-43.34720
Travessa Cunha Galvão 1137,landmark_and_historical_building,overture,-22.9366397857666,-43.349365234375,,overture:Travessa Cunha Galvão 1137:-22.93664:-43.34937
Be Happy Clube Condomínio,landmark_and_historical_building,overture,-22.935914993286133,-43.349273681640625,,overture:Be Happy Clube Condomínio:-22.93591:-43.34927
Village Firenze,landmark_and_historical_building,overture,-22.93605613708496,-43.34564971923828,,overture:Village Firenze:-22.93606:-43.34565
Condominio do Edificio Giovana,landmark_and_historical_building,overture,-22.935977935791016,-43.34577560424805,,overture:Condominio do Edificio Giovana:-22.93598:-43.34578
Edifício Moana I,landmark_and_historical_building,overture,-22.934541702270508,-43.351051330566406,,overture:Edifício Moana I:-22.93454:-43.35105
Condominio Retiro Dos Artistas,landmark_and_historical_building,overture,-22.934236526489258,-43.356834411621094,,overture:Condominio Retiro Dos Artistas:-22.93424:-43.35683
Blend Life and Business,landmark_and_historical_building,overture,-22.932992935180664,-43.352867126464844,,overture:Blend Life and Business:-22.93299:-43.35287
Recanto Do Pontal - Tenda,landmark_and_historical_building,overture,-22.93317985534668,-43.35260009765625,,overture:Recanto Do Pontal - Tenda:-22.93318:-43.35260
Condomínio Rio Taquara,landmark_and_historical_building,overture,-22.932802200317383,-43.352684020996094,,overture:Condomínio Rio Taquara:-22.93280:-43.35268
Lopes House,landmark_and_historical_building,overture,-22.932809829711914,-43.352684020996094,,overture:Lopes House:-22.93281:-43.35268
Condomínio Residencial Mediterranne,landmark_and_historical_building,overture,-22.93084144592285,-43.35636520385742,,overture:Condomínio Residencial Mediterranne:-22.93084:-43.35637
Condomínio do Edifício Vilage Cancun,landmark_and_historical_building,overture,-22.930709838867188,-43.35652160644531,,overture:Condomínio do Edifício Vilage Cancun:-22.93071:-43.35652
Spazio Recriart,landmark_and_historical_building,overture,-22.931570053100586,-43.353477478027344,,overture:Spazio Recriart:-22.93157:-43.35348
Condo Eldorado Green,landmark_and_historical_building,overture,-22.930936813354492,-43.347694396972656,,overture:Condo Eldorado Green:-22.93094:-43.34769
Condomínio CasaBella,landmark_and_historical_building,overture,-22.93006134033203,-43.34723663330078,,overture:Condomínio CasaBella:-22.93006:-43.34724
Estrada do capenha 1130,landmark_and_historical_building,overture,-22.932893753051758,-43.34952163696289,,overture:Estrada do capenha 1130:-22.93289:-43.34952
Village do capenha,landmark_and_historical_building,overture,-22.933618545532227,-43.35005187988281,,overture:Village do capenha:-22.93362:-43.35005
Casa da Tia Paulinha,landmark_and_historical_building,overture,-22.930503845214844,-43.34123611450195,,overture:Casa da Tia Paulinha:-22.93050:-43.34124
Condomínio Garden Góis,landmark_and_historical_building,overture,-22.930139541625977,-43.33893966674805,,overture:Condomínio Garden Góis:-22.93014:-43.33894
Condomínio do Edifício Alto Paraíso,landmark_and_historical_building,overture,-22.93052101135254,-43.338661193847656,,overture:Condomínio do Edifício Alto Paraíso:-22.93052:-43.33866
Condomínio Mansões do Paraíso,landmark_and_historical_building,overture,-22.93096351623535,-43.34026336669922,,overture:Condomínio Mansões do Paraíso:-22.93096:-43.34026
Residencial Dayse Lucy Bolelli,landmark_and_historical_building,overture,-22.930400848388672,-43.333213806152344,,overture:Residencial Dayse Lucy Bolelli:-22.93040:-43.33321
Majesty,landmark_and_historical_building,overture,-22.931724548339844,-43.333473205566406,,overture:Majesty:-22.93172:-43.33347
Reserva da Freguesia,landmark_and_historical_building,overture,-22.93151092529297,-43.332984924316406,,overture:Reserva da Freguesia:-22.93151:-43.33298
Condomínio Alphaville II,landmark_and_historical_building,overture,-22.93294334411621,-43.33454132080078,,overture:Condomínio Alphaville II:-22.93294:-43.33454
Bora Bora Hills Town,landmark_and_historical_building,overture,-22.932228088378906,-43.33403015136719,,overture:Bora Bora Hills Town:-22.93223:-43.33403
Condominio Residencial Dos Bosques,landmark_and_historical_building,overture,-22.93321990966797,-43.334815979003906,,overture:Condominio Residencial Dos Bosques:-22.93322:-43.33482
Edifício Galileu Galilei,landmark_and_historical_building,overture,-22.93377113342285,-43.3353385925293,,overture:Edifício Galileu Galilei:-22.93377:-43.33534
Condomínio L'Espace,landmark_and_historical_building,overture,-22.93362808227539,-43.334957122802734,,overture:Condomínio L'Espace:-22.93363:-43.33496
Village Livorno,landmark_and_historical_building,overture,-22.933181762695312,-43.33446502685547,,overture:Village Livorno:-22.93318:-43.33447
Lajão,landmark_and_historical_building,overture,-22.93304443359375,-43.334537506103516,,overture:Lajão:-22.93304:-43.33454
Capri Residencial,landmark_and_historical_building,overture,-22.933378219604492,-43.33220291137695,,overture:Capri Residencial:-22.93338:-43.33220
Condomínio Santa Amélia,landmark_and_historical_building,overture,-22.933523178100586,-43.332035064697266,,overture:Condomínio Santa Amélia:-22.93352:-43.33204
Trend Residence Boutique,landmark_and_historical_building,overture,-22.933704376220703,-43.33296585083008,,overture:Trend Residence Boutique:-22.93370:-43.33297
Personnalité Luxury Apartments,landmark_and_historical_building,overture,-22.934101104736328,-43.33406448364258,,overture:Personnalité Luxury Apartments:-22.93410:-43.33406
L'unité Araguaia,landmark_and_historical_building,overture,-22.934463500976562,-43.33447265625,,overture:L'unité Araguaia:-22.93446:-43.33447
Raro Design Residence,landmark_and_historical_building,overture,-22.93485450744629,-43.33372116088867,,overture:Raro Design Residence:-22.93485:-43.33372
Edifício Natan,landmark_and_historical_building,overture,-22.93505859375,-43.3332633972168,,overture:Edifício Natan:-22.93506:-43.33326
Belle Vie,landmark_and_historical_building,overture,-22.93595314025879,-43.332054138183594,,overture:Belle Vie:-22.93595:-43.33205
Condomínio Ecolife,landmark_and_historical_building,overture,-22.935894012451172,-43.331729888916016,,overture:Condomínio Ecolife:-22.93589:-43.33173
Condomínio Lótus Freguesia,landmark_and_historical_building,overture,-22.93593406677246,-43.3330192565918,,overture:Condomínio Lótus Freguesia:-22.93593:-43.33302
Condomínio Residencial Majoy,landmark_and_historical_building,overture,-22.936098098754883,-43.337608337402344,,overture:Condomínio Residencial Majoy:-22.93610:-43.33761
Elite Residences,landmark_and_historical_building,overture,-22.93535041809082,-43.337158203125,,overture:Elite Residences:-22.93535:-43.33716
Chateau Raquel Residences Araguaia,landmark_and_historical_building,overture,-22.935104370117188,-43.33721923828125,,overture:Chateau Raquel Residences Araguaia:-22.93510:-43.33722
Condomínio Bosque Araguaia,landmark_and_historical_building,overture,-22.934778213500977,-43.33647918701172,,overture:Condomínio Bosque Araguaia:-22.93478:-43.33648
Aquarius Residencial,landmark_and_historical_building,overture,-22.93497085571289,-43.33499526977539,,overture:Aquarius Residencial:-22.93497:-43.33500
Grand Araguaia,landmark_and_historical_building,overture,-22.934507369995117,-43.335121154785156,,overture:Grand Araguaia:-22.93451:-43.33512
Frequesia,landmark_and_historical_building,overture,-22.934324264526367,-43.3359375,,overture:Frequesia:-22.93432:-43.33594
Condomínio Miraggio,landmark_and_historical_building,overture,-22.934139251708984,-43.342281341552734,,overture:Condomínio Miraggio:-22.93414:-43.34228
Teatro dos Grandes Atores - Barra da Tijuca,topic_concert_venue,overture,-22.93578338623047,-43.338531494140625,,overture:Teatro dos Grandes Atores - Barra da Tijuca:-22.93578:-43.33853
Condominio do Edificio Apolo,landmark_and_historical_building,overture,-22.935930252075195,-43.33912658691406,,overture:Condominio do Edificio Apolo:-22.93593:-43.33913
Splendore Araguaia,landmark_and_historical_building,overture,-22.935949325561523,-43.33879470825195,,overture:Splendore Araguaia:-22.93595:-43.33879
Condomínio vila Araguaia,landmark_and_historical_building,overture,-22.936853408813477,-43.33958435058594,,overture:Condomínio vila Araguaia:-22.93685:-43.33958
Condomínio Phartenom,landmark_and_historical_building,overture,-22.936702728271484,-43.340579986572266,,overture:Condomínio Phartenom:-22.93670:-43.34058
Ninho dos Accioly,landmark_and_historical_building,overture,-22.938188552856445,-43.34104537963867,,overture:Ninho dos Accioly:-22.93819:-43.34105
Igor Cunha Imóveis,landmark_and_historical_building,overture,-22.938039779663086,-43.33893585205078,,overture:Igor Cunha Imóveis:-22.93804:-43.33894
Residencial Spazio San Geminiano,landmark_and_historical_building,overture,-22.937959671020508,-43.33531188964844,,overture:Residencial Spazio San Geminiano:-22.93796:-43.33531
Amznwarehouses US,landmark_and_historical_building,overture,-22.93769645690918,-43.33492660522461,,overture:Amznwarehouses US:-22.93770:-43.33493
Edifício Solar Real,landmark_and_historical_building,overture,-22.93770980834961,-43.33539581298828,,overture:Edifício Solar Real:-22.93771:-43.33540
Condomínio Residencial Matisse,landmark_and_historical_building,overture,-22.93743896484375,-43.33666229248047,,overture:Condomínio Residencial Matisse:-22.93744:-43.33666
Condomínio Residencial Comandante,landmark_and_historical_building,overture,-22.93625831604004,-43.337745666503906,,overture:Condomínio Residencial Comandante:-22.93626:-43.33775
Avant Garde,landmark_and_historical_building,overture,-22.936391830444336,-43.3348274230957,,overture:Avant Garde:-22.93639:-43.33483
Vivance Residence,landmark_and_historical_building,overture,-22.9367733001709,-43.334022521972656,,overture:Vivance Residence:-22.93677:-43.33402
Victoria Park,landmark_and_historical_building,overture,-22.93734359741211,-43.33268737792969,,overture:Victoria Park:-22.93734:-43.33269
Life 360 Residences,landmark_and_historical_building,overture,-22.937536239624023,-43.33317565917969,,overture:Life 360 Residences:-22.93754:-43.33318
Condomínio da Comunidade Bancária Paulo VI,landmark_and_historical_building,overture,-22.938308715820312,-43.33386993408203,,overture:Condomínio da Comunidade Bancária Paulo VI:-22.93831:-43.33387
Freedom freguesia,landmark_and_historical_building,overture,-22.936630249023438,-43.32676696777344,,overture:Freedom freguesia:-22.93663:-43.32677
Rua timboacu,landmark_and_historical_building,overture,-22.93602752685547,-43.32036209106445,,overture:Rua timboacu:-22.93603:-43.32036
Condomínio Independência,landmark_and_historical_building,overture,-22.935958862304688,-43.32918167114258,,overture:Condomínio Independência:-22.93596:-43.32918
Condomínio Reserva do Bosque,landmark_and_historical_building,overture,-22.93362045288086,-43.328453063964844,,overture:Condomínio Reserva do Bosque:-22.93362:-43.32845
Vivendas Da Serra. Freguesia,landmark_and_historical_building,overture,-22.93373680114746,-43.32939529418945,,overture:Vivendas Da Serra. Freguesia:-22.93374:-43.32940
Condomínio Vivenda das Paineiras,landmark_and_historical_building,overture,-22.933818817138672,-43.32907485961914,,overture:Condomínio Vivenda das Paineiras:-22.93382:-43.32907
Condomínio Bella Vista Classic Houses,landmark_and_historical_building,overture,-22.931482315063477,-43.331199645996094,,overture:Condomínio Bella Vista Classic Houses:-22.93148:-43.33120
Condominio Recanto Verde,landmark_and_historical_building,overture,-22.93028450012207,-43.32517623901367,,overture:Condominio Recanto Verde:-22.93028:-43.32518
Residencial Bosque da Freguesia,landmark_and_historical_building,overture,-22.931339263916016,-43.32673645019531,,overture:Residencial Bosque da Freguesia:-22.93134:-43.32674
Village Botanique,landmark_and_historical_building,overture,-22.93181037902832,-43.327598571777344,,overture:Village Botanique:-22.93181:-43.32760
Rancho M.R,topic_concert_venue,overture,-22.936857223510742,-43.3180046081543,,overture:Rancho M.R:-22.93686:-43.31800
Pedra de São Francisco,landmark_and_historical_building,overture,-22.942502975463867,-43.3186149597168,,overture:Pedra de São Francisco:-22.94250:-43.31861
Condomínio Saíra Verde,landmark_and_historical_building,overture,-22.940462112426758,-43.327125549316406,,overture:Condomínio Saíra Verde:-22.94046:-43.32713
Condomínio Colinas da Capitu,landmark_and_historical_building,overture,-22.94074249267578,-43.32644271850586,,overture:Condomínio Colinas da Capitu:-22.94074:-43.32644
Contemporaneum Residence,landmark_and_historical_building,overture,-22.94284439086914,-43.330841064453125,,overture:Contemporaneum Residence:-22.94284:-43.33084
Vale Dourado,landmark_and_historical_building,overture,-22.94407081604004,-43.330692291259766,,overture:Vale Dourado:-22.94407:-43.33069
Condomínio terral,landmark_and_historical_building,overture,-22.94611358642578,-43.331050872802734,,overture:Condomínio terral:-22.94611:-43.33105
Condomínio Pedras Douradas,landmark_and_historical_building,overture,-22.9547176361084,-43.327239990234375,,overture:Condomínio Pedras Douradas:-22.95472:-43.32724
Condomínio Villarejo,landmark_and_historical_building,overture,-22.951065063476562,-43.32879638671875,,overture:Condomínio Villarejo:-22.95107:-43.32880
Condomínio Jardim Presidente,landmark_and_historical_building,overture,-22.949838638305664,-43.3291130065918,,overture:Condomínio Jardim Presidente:-22.94984:-43.32911
Casa Fred Coworking,cultural_center,overture,-22.948102951049805,-43.329830169677734,,overture:Casa Fred Coworking:-22.94810:-43.32983
Ccju,landmark_and_historical_building,overture,-22.947471618652344,-43.33686828613281,,overture:Ccju:-22.94747:-43.33687
Condomínio Ville Montagne,landmark_and_historical_building,overture,-22.94902801513672,-43.33310317993164,,overture:Condomínio Ville Montagne:-22.94903:-43.33310
Condomínio 400,landmark_and_historical_building,overture,-22.950742721557617,-43.334903717041016,,overture:Condomínio 400:-22.95074:-43.33490
Condomínio Dr. Waldo Ribeiro da Silva,landmark_and_historical_building,overture,-22.94753074645996,-43.33802795410156,,overture:Condomínio Dr. Waldo Ribeiro da Silva:-22.94753:-43.33803
CasarÃO 4.5,topic_concert_venue,overture,-22.948686599731445,-43.347511291503906,,overture:CasarÃO 4.5:-22.94869:-43.34751
Condomínio Parque Gabinal I,landmark_and_historical_building,overture,-22.94850730895996,-43.35027313232422,,overture:Condomínio Parque Gabinal I:-22.94851:-43.35027
Condomínio Gabinal 4 Lote 2,landmark_and_historical_building,overture,-22.948362350463867,-43.35236740112305,,overture:Condomínio Gabinal 4 Lote 2:-22.94836:-43.35237
Condomínio Gabinal 4 - Lote 2,landmark_and_historical_building,overture,-22.94861602783203,-43.350929260253906,,overture:Condomínio Gabinal 4 - Lote 2:-22.94862:-43.35093
CDD ROCK Baile,topic_concert_venue,overture,-22.950897216796875,-43.35429000854492,,overture:CDD ROCK Baile:-22.95090:-43.35429
Ap-Cdd,landmark_and_historical_building,overture,-22.951133728027344,-43.355377197265625,,overture:Ap-Cdd:-22.95113:-43.35538
Baile do Zé,topic_concert_venue,overture,-22.950998306274414,-43.35445022583008,,overture:Baile do Zé:-22.95100:-43.35445
Condominio do Edificio Vivendas do Gabinal,landmark_and_historical_building,overture,-22.951383590698242,-43.34976577758789,,overture:Condominio do Edificio Vivendas do Gabinal:-22.95138:-43.34977
Parque Residencial Gabinal,landmark_and_historical_building,overture,-22.949857711791992,-43.34917449951172,,overture:Parque Residencial Gabinal:-22.94986:-43.34917
Condomínio Residências do Bosque,landmark_and_historical_building,overture,-22.951494216918945,-43.3451042175293,,overture:Condomínio Residências do Bosque:-22.95149:-43.34510
Cond Bosque da Freguesia,landmark_and_historical_building,overture,-22.95310401916504,-43.347225189208984,,overture:Cond Bosque da Freguesia:-22.95310:-43.34723
Casa de Festas da Adriana,topic_concert_venue,overture,-22.95375633239746,-43.34089660644531,,overture:Casa de Festas da Adriana:-22.95376:-43.34090
Cond. vale dos bem te vis,landmark_and_historical_building,overture,-22.952869415283203,-43.3428840637207,,overture:Cond. vale dos bem te vis:-22.95287:-43.34288
Condomínio Aldeia,landmark_and_historical_building,overture,-22.953096389770508,-43.34387969970703,,overture:Condomínio Aldeia:-22.95310:-43.34388
Vale dos Bentivis,landmark_and_historical_building,overture,-22.952348709106445,-43.342628479003906,,overture:Vale dos Bentivis:-22.95235:-43.34263
Condomínio Quinta do Anil,landmark_and_historical_building,overture,-22.952716827392578,-43.34082794189453,,overture:Condomínio Quinta do Anil:-22.95272:-43.34083
Meu lar,landmark_and_historical_building,overture,-22.953487396240234,-43.33952713012695,,overture:Meu lar:-22.95349:-43.33953
Portaria 2 - Pedestre Condomínio Vilarejo,landmark_and_historical_building,overture,-22.952272415161133,-43.33241653442383,,overture:Portaria 2 - Pedestre Condomínio Vilarejo:-22.95227:-43.33242
Vision Espaço PARA Eventos,topic_concert_venue,overture,-22.953895568847656,-43.3343505859375,,overture:Vision Espaço PARA Eventos:-22.95390:-43.33435
Tô de Boa,topic_concert_venue,overture,-22.955055236816406,-43.337520599365234,,overture:Tô de Boa:-22.95506:-43.33752
Novo Horizonte,landmark_and_historical_building,overture,-22.956300735473633,-43.33353805541992,,overture:Novo Horizonte:-22.95630:-43.33354
Condomínio Classe A,landmark_and_historical_building,overture,-22.955829620361328,-43.33511734008789,,overture:Condomínio Classe A:-22.95583:-43.33512
LadumaOficial,topic_concert_venue,overture,-22.956993103027344,-43.336666107177734,,overture:LadumaOficial:-22.95699:-43.33667
Anil Jacarepaguá,landmark_and_historical_building,overture,-22.957748413085938,-43.336082458496094,,overture:Anil Jacarepaguá:-22.95775:-43.33608
Condomínio Vale Araticum,landmark_and_historical_building,overture,-22.95760726928711,-43.333168029785156,,overture:Condomínio Vale Araticum:-22.95761:-43.33317
Residencial Parque dos Passarinhos,landmark_and_historical_building,overture,-22.959482192993164,-43.33617401123047,,overture:Residencial Parque dos Passarinhos:-22.95948:-43.33617
Condomínio Dez Jacarepaguá,landmark_and_historical_building,overture,-22.95832633972168,-43.34269332885742,,overture:Condomínio Dez Jacarepaguá:-22.95833:-43.34269
Mérito Jacarepaguá,landmark_and_historical_building,overture,-22.957992553710938,-43.342376708984375,,overture:Mérito Jacarepaguá:-22.95799:-43.34238
Cond vila Heloisa 1220,landmark_and_historical_building,overture,-22.956205368041992,-43.34683609008789,,overture:Cond vila Heloisa 1220:-22.95621:-43.34684
UP Barra Condomínio Clube,landmark_and_historical_building,overture,-22.956926345825195,-43.34805679321289,,overture:UP Barra Condomínio Clube:-22.95693:-43.34806
Condominio Caminhos Da Barra,landmark_and_historical_building,overture,-22.956937789916992,-43.350074768066406,,overture:Condominio Caminhos Da Barra:-22.95694:-43.35007
Up Barra,landmark_and_historical_building,overture,-22.956798553466797,-43.347877502441406,,overture:Up Barra:-22.95680:-43.34788
Caminhos da Barra,landmark_and_historical_building,overture,-22.95616912841797,-43.34952926635742,,overture:Caminhos da Barra:-22.95617:-43.34953
Marcellino Luta Livre,topic_concert_venue,overture,-22.956865310668945,-43.35512924194336,,overture:Marcellino Luta Livre:-22.95687:-43.35513
Colonia de Férias RJ,landmark_and_historical_building,overture,-22.95808219909668,-43.35148239135742,,overture:Colonia de Férias RJ:-22.95808:-43.35148
Associação Gardenia Azul,topic_concert_venue,overture,-22.95941925048828,-43.352745056152344,,overture:Associação Gardenia Azul:-22.95942:-43.35275
Condomínio Cores da Mata,landmark_and_historical_building,overture,-22.960660934448242,-43.344844818115234,,overture:Condomínio Cores da Mata:-22.96066:-43.34484
Marcão Comunidade Novo Rio,landmark_and_historical_building,overture,-22.961856842041016,-43.34775924682617,,overture:Marcão Comunidade Novo Rio:-22.96186:-43.34776
Fun Page Arts,topic_concert_venue,overture,-22.960840225219727,-43.35615921020508,,overture:Fun Page Arts:-22.96084:-43.35616
Arena Gardênia,topic_concert_venue,overture,-22.961442947387695,-43.35100173950195,,overture:Arena Gardênia:-22.96144:-43.35100
Mônica Festas e Foods,topic_concert_venue,overture,-22.962791442871094,-43.352882385253906,,overture:Mônica Festas e Foods:-22.96279:-43.35288
Condomínio Garden Blue,landmark_and_historical_building,overture,-22.96435546875,-43.3515510559082,,overture:Condomínio Garden Blue:-22.96436:-43.35155
Condomínio Vila Carioca 4,landmark_and_historical_building,overture,-22.96281623840332,-43.34257507324219,,overture:Condomínio Vila Carioca 4:-22.96282:-43.34258
Casa Jardim Clarice,topic_concert_venue,overture,-22.96211051940918,-43.33574676513672,,overture:Casa Jardim Clarice:-22.96211:-43.33575
Bosque Dos Esquilos,landmark_and_historical_building,overture,-22.962066650390625,-43.334747314453125,,overture:Bosque Dos Esquilos:-22.96207:-43.33475
Condomínio Lagoa Santa,landmark_and_historical_building,overture,-22.961332321166992,-43.33330154418945,,overture:Condomínio Lagoa Santa:-22.96133:-43.33330
Condominio Jardim Clarice,landmark_and_historical_building,overture,-22.963109970092773,-43.33717727661133,,overture:Condominio Jardim Clarice:-22.96311:-43.33718
Condomínio Bosque Do Esquilos,landmark_and_historical_building,overture,-22.96439552307129,-43.331214904785156,,overture:Condomínio Bosque Do Esquilos:-22.96440:-43.33121
Leitão's House,topic_concert_venue,overture,-22.962772369384766,-43.329898834228516,,overture:Leitão's House:-22.96277:-43.32990
Condomínio Mirante da Serra,landmark_and_historical_building,overture,-22.95962905883789,-43.33124542236328,,overture:Condomínio Mirante da Serra:-22.95963:-43.33125
Edu's & Monic Resort Residence,landmark_and_historical_building,overture,-22.9560604095459,-43.32925796508789,,overture:Edu's & Monic Resort Residence:-22.95606:-43.32926
Condominio Bosque das Pedras,landmark_and_historical_building,overture,-22.956666946411133,-43.329158782958984,,overture:Condominio Bosque das Pedras:-22.95667:-43.32916
EspaÇO SertÃO,topic_concert_venue,overture,-22.966703414916992,-43.321346282958984,,overture:EspaÇO SertÃO:-22.96670:-43.32135
"Rio Taquara (vattendrag i Brasilien, Rio de Janeiro)",landmark_and_historical_building,overture,-22.9805908203125,-43.30785369873047,,"overture:Rio Taquara (vattendrag i Brasilien, Rio de Janeiro):-22.98059:-43.30785"
Estudio Toca Do Bandido,topic_concert_venue,overture,-22.978487014770508,-43.32402801513672,,overture:Estudio Toca Do Bandido:-22.97849:-43.32403
Colinas Do Itanhangá,landmark_and_historical_building,overture,-22.979843139648438,-43.325103759765625,,overture:Colinas Do Itanhangá:-22.97984:-43.32510
Condomínio Costa Verde - Itanhangá,landmark_and_historical_building,overture,-22.97941017150879,-43.328468322753906,,overture:Condomínio Costa Verde - Itanhangá:-22.97941:-43.32847
Moradas do Itanhangá,landmark_and_historical_building,overture,-22.97698974609375,-43.32949447631836,,overture:Moradas do Itanhangá:-22.97699:-43.32949
Barra Da Tijuca Itanhangá,landmark_and_historical_building,overture,-22.976694107055664,-43.32863235473633,,overture:Barra Da Tijuca Itanhangá:-22.97669:-43.32863
Condomínio Moradas do Itanhangá,landmark_and_historical_building,overture,-22.976526260375977,-43.32851028442383,,overture:Condomínio Moradas do Itanhangá:-22.97653:-43.32851
Moradas Do Itanhangá Condominium,landmark_and_historical_building,overture,-22.97563934326172,-43.3276481628418,,overture:Moradas Do Itanhangá Condominium:-22.97564:-43.32765
Crystal Lounge Eventos,topic_concert_venue,overture,-22.976137161254883,-43.32376480102539,,overture:Crystal Lounge Eventos:-22.97614:-43.32376
Morada Delas,landmark_and_historical_building,overture,-22.975324630737305,-43.326805114746094,,overture:Morada Delas:-22.97532:-43.32681
Rua Nova Forever,topic_concert_venue,overture,-22.973716735839844,-43.3336067199707,,overture:Rua Nova Forever:-22.97372:-43.33361
Mansão Ross,landmark_and_historical_building,overture,-22.974294662475586,-43.333099365234375,,overture:Mansão Ross:-22.97429:-43.33310
In Rio Das Pedras Jacarepaguá-RJ,landmark_and_historical_building,overture,-22.973873138427734,-43.33502197265625,,overture:In Rio Das Pedras Jacarepaguá-RJ:-22.97387:-43.33502
"Rio das Pedras (vattendrag i Brasilien, Rio de Janeiro, lat -22,98, long -43,33)",landmark_and_historical_building,overture,-22.97666358947754,-43.334381103515625,,"overture:Rio das Pedras (vattendrag i Brasilien, Rio de Janeiro, lat -22,98, long -43,33):-22.97666:-43.33438"
Jardins do Itanhangá,topic_concert_venue,overture,-22.981348037719727,-43.3328742980957,,overture:Jardins do Itanhangá:-22.98135:-43.33287
PARA SHOWS,topic_concert_venue,overture,-22.97870635986328,-43.33917999267578,,overture:PARA SHOWS:-22.97871:-43.33918
Casas Bahia,landmark_and_historical_building,overture,-22.977981567382812,-43.33823776245117,,overture:Casas Bahia:-22.97798:-43.33824
"Arroio Fundo (vattendrag i Brasilien, Rio de Janeiro)",landmark_and_historical_building,overture,-22.97760009765625,-43.34803009033203,,"overture:Arroio Fundo (vattendrag i Brasilien, Rio de Janeiro):-22.97760:-43.34803"
Condomínio Canadá,landmark_and_historical_building,overture,-22.971477508544922,-43.35688781738281,,overture:Condomínio Canadá:-22.97148:-43.35689
Salão de Festas Espaço Decora,topic_concert_venue,overture,-22.970746994018555,-43.33485412597656,,overture:Salão de Festas Espaço Decora:-22.97075:-43.33485
Ilha Da Barra,topic_concert_venue,overture,-22.970138549804688,-43.33420181274414,,overture:Ilha Da Barra:-22.97014:-43.33420
Espaço Terraço,topic_concert_venue,overture,-22.9698486328125,-43.336090087890625,,overture:Espaço Terraço:-22.96985:-43.33609
Condominio em Jacarepagua,landmark_and_historical_building,overture,-22.96527671813965,-43.33805465698242,,overture:Condominio em Jacarepagua:-22.96528:-43.33805
Soho Residence,landmark_and_historical_building,overture,-22.968284606933594,-43.36506652832031,,overture:Soho Residence:-22.96828:-43.36507
Vila do Pan,landmark_and_historical_building,overture,-22.97111701965332,-43.358341217041016,,overture:Vila do Pan:-22.97112:-43.35834
Condomínio Golfo do México,landmark_and_historical_building,overture,-22.97174644470215,-43.35884475708008,,overture:Condomínio Golfo do México:-22.97175:-43.35884
Mansao Rosa - Alto da Boa Vista,topic_concert_venue,overture,-22.97185707092285,-43.35940933227539,,overture:Mansao Rosa - Alto da Boa Vista:-22.97186:-43.35941
Edifício Saint Louis,landmark_and_historical_building,overture,-22.972490310668945,-43.35835266113281,,overture:Edifício Saint Louis:-22.97249:-43.35835
Vila Pan-Americana,landmark_and_historical_building,overture,-22.97303581237793,-43.3580322265625,,overture:Vila Pan-Americana:-22.97304:-43.35803
Teatro Silvio Monteiro,topic_concert_venue,overture,-22.971542358398438,-43.362327575683594,,overture:Teatro Silvio Monteiro:-22.97154:-43.36233
Quality Green,landmark_and_historical_building,overture,-22.97073745727539,-43.367645263671875,,overture:Quality Green:-22.97074:-43.36765
Embala 30+,topic_concert_venue,overture,-22.972843170166016,-43.373531341552734,,overture:Embala 30+:-22.97284:-43.37353
FrontLake Barra,landmark_and_historical_building,overture,-22.97269058227539,-43.38174057006836,,overture:FrontLake Barra:-22.97269:-43.38174
Residencial Front Lake,landmark_and_historical_building,overture,-22.972562789916992,-43.38184356689453,,overture:Residencial Front Lake:-22.97256:-43.38184
Residencial Borgonha - Edf Avalon,landmark_and_historical_building,overture,-22.97089195251465,-43.381805419921875,,overture:Residencial Borgonha - Edf Avalon:-22.97089:-43.38181
Condomínio Cidade Jardim,landmark_and_historical_building,overture,-22.965269088745117,-43.384395599365234,,overture:Condomínio Cidade Jardim:-22.96527:-43.38440
Majestic Cyrela,landmark_and_historical_building,overture,-22.965084075927734,-43.386436462402344,,overture:Majestic Cyrela:-22.96508:-43.38644
Condomínio Majestic,landmark_and_historical_building,overture,-22.96514892578125,-43.38602828979492,,overture:Condomínio Majestic:-22.96515:-43.38603
Cidade Jardim Barra da Tijuca,landmark_and_historical_building,overture,-22.966243743896484,-43.3849983215332,,overture:Cidade Jardim Barra da Tijuca:-22.96624:-43.38500
Condomínio Reserva Jardim,landmark_and_historical_building,overture,-22.96738624572754,-43.3840217590332,,overture:Condomínio Reserva Jardim:-22.96739:-43.38402
Condomínio Green Park 3000,landmark_and_historical_building,overture,-22.968807220458984,-43.3852424621582,,overture:Condomínio Green Park 3000:-22.96881:-43.38524
Condomínio Rio 2,landmark_and_historical_building,overture,-22.968217849731445,-43.38649368286133,,overture:Condomínio Rio 2:-22.96822:-43.38649
The Wonderful World of Pink Jana,landmark_and_historical_building,overture,-22.967309951782227,-43.3861198425293,,overture:The Wonderful World of Pink Jana:-22.96731:-43.38612
Maayan - Barra Da Tijuca,landmark_and_historical_building,overture,-22.966991424560547,-43.38652801513672,,overture:Maayan - Barra Da Tijuca:-22.96699:-43.38653
Condomínio Maayan,landmark_and_historical_building,overture,-22.966854095458984,-43.38617706298828,,overture:Condomínio Maayan:-22.96685:-43.38618
Edificio Reno,landmark_and_historical_building,overture,-22.966787338256836,-43.385746002197266,,overture:Edificio Reno:-22.96679:-43.38575
Condomínio Portal do Atlântico,landmark_and_historical_building,overture,-22.967388153076172,-43.390804290771484,,overture:Condomínio Portal do Atlântico:-22.96739:-43.39080
Freedom - Barra da Tijuca,landmark_and_historical_building,overture,-22.967905044555664,-43.393714904785156,,overture:Freedom - Barra da Tijuca:-22.96791:-43.39371
Barra Verde,landmark_and_historical_building,overture,-22.967451095581055,-43.391937255859375,,overture:Barra Verde:-22.96745:-43.39194
Fontano Residencial,landmark_and_historical_building,overture,-22.966941833496094,-43.393131256103516,,overture:Fontano Residencial:-22.96694:-43.39313
Condomínio Barra Dreams,landmark_and_historical_building,overture,-22.965116500854492,-43.396732330322266,,overture:Condomínio Barra Dreams:-22.96512:-43.39673
Way Residential Bandeirantes,landmark_and_historical_building,overture,-22.964746475219727,-43.40511703491211,,overture:Way Residential Bandeirantes:-22.96475:-43.40512
Condomínio Via Flamboyant,landmark_and_historical_building,overture,-22.96481704711914,-43.40605545043945,,overture:Condomínio Via Flamboyant:-22.96482:-43.40606
Condominio Solar da Montanha,landmark_and_historical_building,overture,-22.96590805053711,-43.40515899658203,,overture:Condominio Solar da Montanha:-22.96591:-43.40516
Condomínio Solar da Montanha Bloco 11,landmark_and_historical_building,overture,-22.96677017211914,-43.40571975708008,,overture:Condomínio Solar da Montanha Bloco 11:-22.96677:-43.40572
Minha Praia Cond. Clube,landmark_and_historical_building,overture,-22.96761131286621,-43.39702224731445,,overture:Minha Praia Cond. Clube:-22.96761:-43.39702
Condomínio Barra Soleil Résidence,landmark_and_historical_building,overture,-22.96923065185547,-43.39510726928711,,overture:Condomínio Barra Soleil Résidence:-22.96923:-43.39511
Condominio Village Garden,landmark_and_historical_building,overture,-22.969362258911133,-43.39546203613281,,overture:Condominio Village Garden:-22.96936:-43.39546
Condomínio Barra Fun,landmark_and_historical_building,overture,-22.96967315673828,-43.39579391479492,,overture:Condomínio Barra Fun:-22.96967:-43.39579
Vila Del Mar,landmark_and_historical_building,overture,-22.970870971679688,-43.395259857177734,,overture:Vila Del Mar:-22.97087:-43.39526
Morro do Outeiro,landmark_and_historical_building,overture,-22.96949005126953,-43.40370178222656,,overture:Morro do Outeiro:-22.96949:-43.40370
Condomínio Origami,landmark_and_historical_building,overture,-22.972736358642578,-43.39901351928711,,overture:Condomínio Origami:-22.97274:-43.39901
Origami Residencial,landmark_and_historical_building,overture,-22.972322463989258,-43.39841079711914,,overture:Origami Residencial:-22.97232:-43.39841
Edifício Solar Aroazes,landmark_and_historical_building,overture,-22.971511840820312,-43.3967399597168,,overture:Edifício Solar Aroazes:-22.97151:-43.39674
Condomínio Barra Premier,landmark_and_historical_building,overture,-22.971128463745117,-43.39617919921875,,overture:Condomínio Barra Premier:-22.97113:-43.39618
Edifício Costa Allegra,landmark_and_historical_building,overture,-22.97126007080078,-43.39589309692383,,overture:Edifício Costa Allegra:-22.97126:-43.39589
Condomínio Villa Esplendore,landmark_and_historical_building,overture,-22.971420288085938,-43.39501190185547,,overture:Condomínio Villa Esplendore:-22.97142:-43.39501
Condominio Residencial Milano,landmark_and_historical_building,overture,-22.972572326660156,-43.39679718017578,,overture:Condominio Residencial Milano:-22.97257:-43.39680
Condominio Fontano,landmark_and_historical_building,overture,-22.972898483276367,-43.39739227294922,,overture:Condominio Fontano:-22.97290:-43.39739
Condomínio Bora Bora Barra Resort Real,landmark_and_historical_building,overture,-22.97283363342285,-43.39521026611328,,overture:Condomínio Bora Bora Barra Resort Real:-22.97283:-43.39521
Temporada Bora Bora Barra Resort Real,landmark_and_historical_building,overture,-22.97283363342285,-43.39521026611328,,overture:Temporada Bora Bora Barra Resort Real:-22.97283:-43.39521
Condomínio Cope Barra,landmark_and_historical_building,overture,-22.972726821899414,-43.394954681396484,,overture:Condomínio Cope Barra:-22.97273:-43.39495
Condomínio do Edifício Orizzonti Di Barra,landmark_and_historical_building,overture,-22.972505569458008,-43.3940315246582,,overture:Condomínio do Edifício Orizzonti Di Barra:-22.97251:-43.39403
Centro Metropolitano - Barra da Tijuca,topic_concert_venue,overture,-22.972883224487305,-43.391746520996094,,overture:Centro Metropolitano - Barra da Tijuca:-22.97288:-43.39175
Union Square RJ,landmark_and_historical_building,overture,-22.9728946685791,-43.391536712646484,,overture:Union Square RJ:-22.97289:-43.39154
Vercelli Residencial,landmark_and_historical_building,overture,-22.97154998779297,-43.38961410522461,,overture:Vercelli Residencial:-22.97155:-43.38961
Condomínio do Edifício Vila Firenze,landmark_and_historical_building,overture,-22.971324920654297,-43.389259338378906,,overture:Condomínio do Edifício Vila Firenze:-22.97132:-43.38926
Condo Villa Espanã,landmark_and_historical_building,overture,-22.971364974975586,-43.390419006347656,,overture:Condo Villa Espanã:-22.97136:-43.39042
Condominio Villa Ferrara,landmark_and_historical_building,overture,-22.971450805664062,-43.391326904296875,,overture:Condominio Villa Ferrara:-22.97145:-43.39133
Condomínio Villa Fiori,landmark_and_historical_building,overture,-22.971542358398438,-43.391597747802734,,overture:Condomínio Villa Fiori:-22.97154:-43.39160
Barra Acrópole,landmark_and_historical_building,overture,-22.9714412689209,-43.391902923583984,,overture:Barra Acrópole:-22.97144:-43.39190
Condomínio Residencial Jóia da Barra,landmark_and_historical_building,overture,-22.971830368041992,-43.39348602294922,,overture:Condomínio Residencial Jóia da Barra:-22.97183:-43.39349
Condomínio do Edifício Villa Aqua,landmark_and_historical_building,overture,-22.971336364746094,-43.394813537597656,,overture:Condomínio do Edifício Villa Aqua:-22.97134:-43.39481
Condomínio Residencial Pesonnalisé,landmark_and_historical_building,overture,-22.97051239013672,-43.3946533203125,,overture:Condomínio Residencial Pesonnalisé:-22.97051:-43.39465
Personnalise,landmark_and_historical_building,overture,-22.970653533935547,-43.394569396972656,,overture:Personnalise:-22.97065:-43.39457
Condominio Barra Quality,landmark_and_historical_building,overture,-22.970638275146484,-43.39383316040039,,overture:Condominio Barra Quality:-22.97064:-43.39383
Residencial aroazes,landmark_and_historical_building,overture,-22.9708251953125,-43.392948150634766,,overture:Residencial aroazes:-22.97083:-43.39295
Condomínio Villa Stella,landmark_and_historical_building,overture,-22.97064971923828,-43.39208984375,,overture:Condomínio Villa Stella:-22.97065:-43.39209
Condominio Joia de Ouro,landmark_and_historical_building,overture,-22.9705810546875,-43.3924674987793,,overture:Condominio Joia de Ouro:-22.97058:-43.39247
Villa messina,landmark_and_historical_building,overture,-22.970094680786133,-43.39384078979492,,overture:Villa messina:-22.97009:-43.39384
Villa Luna,landmark_and_historical_building,overture,-22.970407485961914,-43.39406204223633,,overture:Villa Luna:-22.97041:-43.39406
Reserva Carioca,landmark_and_historical_building,overture,-22.969743728637695,-43.39356231689453,,overture:Reserva Carioca:-22.96974:-43.39356
Condomínio Reserva Carioca,landmark_and_historical_building,overture,-22.96891212463379,-43.39370346069336,,overture:Condomínio Reserva Carioca:-22.96891:-43.39370
Condomínio Barra Único,landmark_and_historical_building,overture,-22.969188690185547,-43.393314361572266,,overture:Condomínio Barra Único:-22.96919:-43.39331
Estrelas Full Condominium,landmark_and_historical_building,overture,-22.96902084350586,-43.391849517822266,,overture:Estrelas Full Condominium:-22.96902:-43.39185
Condomínio Pan Privilege,landmark_and_historical_building,overture,-22.970497131347656,-43.39120864868164,,overture:Condomínio Pan Privilege:-22.97050:-43.39121
Condomínio Barra Corinto,landmark_and_historical_building,overture,-22.970523834228516,-43.39152145385742,,overture:Condomínio Barra Corinto:-22.97052:-43.39152
Villa Sole,landmark_and_historical_building,overture,-22.97075843811035,-43.391761779785156,,overture:Villa Sole:-22.97076:-43.39176
Condomínio Barra Top Life,landmark_and_historical_building,overture,-22.970945358276367,-43.39088439941406,,overture:Condomínio Barra Top Life:-22.97095:-43.39088
Condomínio Villa Cielo,landmark_and_historical_building,overture,-22.97080421447754,-43.390403747558594,,overture:Condomínio Villa Cielo:-22.97080:-43.39040
Cond Grand Village,landmark_and_historical_building,overture,-22.970693588256836,-43.38974380493164,,overture:Cond Grand Village:-22.97069:-43.38974
Edifício Fontana Di Trevi,landmark_and_historical_building,overture,-22.969356536865234,-43.38813400268555,,overture:Edifício Fontana Di Trevi:-22.96936:-43.38813
Edificio Malága,landmark_and_historical_building,overture,-22.96906852722168,-43.387596130371094,,overture:Edificio Malága:-22.96907:-43.38760
Condomínio Verano,landmark_and_historical_building,overture,-22.96918487548828,-43.386817932128906,,overture:Condomínio Verano:-22.96918:-43.38682
Condomínio do Edifício Residencial Provence,landmark_and_historical_building,overture,-22.970964431762695,-43.382537841796875,,overture:Condomínio do Edifício Residencial Provence:-22.97096:-43.38254
Condomínio Residencial Normandie,landmark_and_historical_building,overture,-22.9710636138916,-43.3836669921875,,overture:Condomínio Residencial Normandie:-22.97106:-43.38367
Residencial Gênova,landmark_and_historical_building,overture,-22.971960067749023,-43.383750915527344,,overture:Residencial Gênova:-22.97196:-43.38375
San Remo - Rio2,landmark_and_historical_building,overture,-22.971759796142578,-43.38466262817383,,overture:San Remo - Rio2:-22.97176:-43.38466
"Quem fez, fez",topic_concert_venue,overture,-22.972740173339844,-43.3867301940918,,"overture:Quem fez, fez:-22.97274:-43.38673"
G.R.E.S. Mocidade Independente de Padre Miguel,topic_concert_venue,overture,-22.973054885864258,-43.3846435546875,,overture:G.R.E.S. Mocidade Independente de Padre Miguel:-22.97305:-43.38464
Dimension RJ,topic_concert_venue,overture,-22.972911834716797,-43.384761810302734,,overture:Dimension RJ:-22.97291:-43.38476
Condomínio Residencial Verona,landmark_and_historical_building,overture,-22.972518920898438,-43.38420104980469,,overture:Condomínio Residencial Verona:-22.97252:-43.38420
Residencial Sardenha,landmark_and_historical_building,overture,-22.972412109375,-43.38386917114258,,overture:Residencial Sardenha:-22.97241:-43.38387
Condomínio Aeronáutica,landmark_and_historical_building,overture,-22.97500228881836,-43.385894775390625,,overture:Condomínio Aeronáutica:-22.97500:-43.38589
Farmasi Arena Brasil,topic_concert_venue,overture,-22.975513458251953,-43.39054870605469,,overture:Farmasi Arena Brasil:-22.97551:-43.39055
Rio Museu Olímpico,museum,overture,-22.975435256958008,-43.39298629760742,,overture:Rio Museu Olímpico:-22.97544:-43.39299
Show da Ivete no Rio - Tour Madison,topic_concert_venue,overture,-22.97367286682129,-43.393821716308594,,overture:Show da Ivete no Rio - Tour Madison:-22.97367:-43.39382
Essence Condominium,landmark_and_historical_building,overture,-22.976167678833008,-43.373870849609375,,overture:Essence Condominium:-22.97617:-43.37387
Dimension Lasers,topic_concert_venue,overture,-22.974485397338867,-43.36452102661133,,overture:Dimension Lasers:-22.97449:-43.36452
Via Parque Offices,landmark_and_historical_building,overture,-22.983638763427734,-43.3610954284668,,overture:Via Parque Offices:-22.98364:-43.36110
Citibank Hall,topic_concert_venue,overture,-22.983131408691406,-43.36281204223633,,overture:Citibank Hall:-22.98313:-43.36281
Thriller Live Brasil Tour,topic_concert_venue,overture,-22.983123779296875,-43.36268615722656,,overture:Thriller Live Brasil Tour:-22.98312:-43.36269
Qualistage,topic_concert_venue,overture,-22.98295021057129,-43.36262130737305,,overture:Qualistage:-22.98295:-43.36262
Espaço Mundo Rio,topic_concert_venue,overture,-22.98330307006836,-43.36620330810547,,overture:Espaço Mundo Rio:-22.98330:-43.36620
Saint Martin,landmark_and_historical_building,overture,-22.985294342041016,-43.35954284667969,,overture:Saint Martin:-22.98529:-43.35954
Condo Peninsula Way,landmark_and_historical_building,overture,-22.98711585998535,-43.35757064819336,,overture:Condo Peninsula Way:-22.98712:-43.35757
Rio Residence,landmark_and_historical_building,overture,-22.987079620361328,-43.35844802856445,,overture:Rio Residence:-22.98708:-43.35845
Península Office,landmark_and_historical_building,overture,-22.9870662689209,-43.3585319519043,,overture:Península Office:-22.98707:-43.35853
Condominium Via Bella,landmark_and_historical_building,overture,-22.987791061401367,-43.3572883605957,,overture:Condominium Via Bella:-22.98779:-43.35729
PenÍNsula Singular Private Residence,landmark_and_historical_building,overture,-22.989032745361328,-43.35701370239258,,overture:PenÍNsula Singular Private Residence:-22.98903:-43.35701
Edifício Península Fit,landmark_and_historical_building,overture,-22.989208221435547,-43.35718536376953,,overture:Edifício Península Fit:-22.98921:-43.35719
Cidade Jardim,landmark_and_historical_building,overture,-22.988590240478516,-43.36514663696289,,overture:Cidade Jardim:-22.98859:-43.36515
Rio Sporting Sunset,topic_concert_venue,overture,-22.988964080810547,-43.36631774902344,,overture:Rio Sporting Sunset:-22.98896:-43.36632
Condomínio Del Lago- Barra Da Tijuca,landmark_and_historical_building,overture,-22.990238189697266,-43.380775451660156,,overture:Condomínio Del Lago- Barra Da Tijuca:-22.99024:-43.38078
Condomínio Residencial Quintas do Rio,landmark_and_historical_building,overture,-22.98834800720215,-43.379356384277344,,overture:Condomínio Residencial Quintas do Rio:-22.98835:-43.37936
Condominio Vista Laguna,landmark_and_historical_building,overture,-22.985389709472656,-43.38078689575195,,overture:Condominio Vista Laguna:-22.98539:-43.38079
Patrimovel Scena Laguna,landmark_and_historical_building,overture,-22.98373794555664,-43.38142776489258,,overture:Patrimovel Scena Laguna:-22.98374:-43.38143
Laguna di Mare,landmark_and_historical_building,overture,-22.983253479003906,-43.382328033447266,,overture:Laguna di Mare:-22.98325:-43.38233
Espacio Laguna,landmark_and_historical_building,overture,-22.984416961669922,-43.38486862182617,,overture:Espacio Laguna:-22.98442:-43.38487
Alphaville,landmark_and_historical_building,overture,-22.99169158935547,-43.395328521728516,,overture:Alphaville:-22.99169:-43.39533
Condominio Alphaville Barra Da Tijuca,landmark_and_historical_building,overture,-22.991743087768555,-43.39585494995117,,overture:Condominio Alphaville Barra Da Tijuca:-22.99174:-43.39585
Alphaland Residence Club,landmark_and_historical_building,overture,-22.99294090270996,-43.402584075927734,,overture:Alphaland Residence Club:-22.99294:-43.40258
Museu do Pontal,art_museum,overture,-22.994173049926758,-43.39838409423828,,overture:Museu do Pontal:-22.99417:-43.39838
Condominio Rio Mar - Barra da Tijuca,landmark_and_historical_building,overture,-22.9965877532959,-43.40715026855469,,overture:Condominio Rio Mar - Barra da Tijuca:-22.99659:-43.40715
Mudrá Full Living,landmark_and_historical_building,overture,-22.999061584472656,-43.40622329711914,,overture:Mudrá Full Living:-22.99906:-43.40622
Condomínio Santa Mônica Jardins Casas,landmark_and_historical_building,overture,-22.998279571533203,-43.398948669433594,,overture:Condomínio Santa Mônica Jardins Casas:-22.99828:-43.39895
Condomínio Santa Mônica Sul,landmark_and_historical_building,overture,-22.999073028564453,-43.3892936706543,,overture:Condomínio Santa Mônica Sul:-22.99907:-43.38929
Condomínio Santa Mônica Club,landmark_and_historical_building,overture,-22.99782371520996,-43.389739990234375,,overture:Condomínio Santa Mônica Club:-22.99782:-43.38974
Santa Monica Classic Houses,landmark_and_historical_building,overture,-22.997535705566406,-43.394710540771484,,overture:Santa Monica Classic Houses:-22.99754:-43.39471
Condomínio do Edifício Laplaya,landmark_and_historical_building,overture,-22.99930191040039,-43.388328552246094,,overture:Condomínio do Edifício Laplaya:-22.99930:-43.38833
Vivendas Do Bosque,landmark_and_historical_building,overture,-22.997722625732422,-43.37957763671875,,overture:Vivendas Do Bosque:-22.99772:-43.37958
Condomínio Nau da Barra,landmark_and_historical_building,overture,-22.997982025146484,-43.378421783447266,,overture:Condomínio Nau da Barra:-22.99798:-43.37842
Nau da Barra,landmark_and_historical_building,overture,-22.99764633178711,-43.37818908691406,,overture:Nau da Barra:-22.99765:-43.37819
Edifício Alfa Ritz,landmark_and_historical_building,overture,-22.99492073059082,-43.36540603637695,,overture:Edifício Alfa Ritz:-22.99492:-43.36541
Espaço Casa,topic_concert_venue,overture,-22.992897033691406,-43.36405944824219,,overture:Espaço Casa:-22.99290:-43.36406
Museu CBF Experience,museum,overture,-22.996002197265625,-43.36406707763672,,overture:Museu CBF Experience:-22.99600:-43.36407
Cidade das artes,topic_concert_venue,overture,-22.99777603149414,-43.365028381347656,,overture:Cidade das artes:-22.99778:-43.36503
Rio2C,topic_concert_venue,overture,-22.99905014038086,-43.36604309082031,,overture:Rio2C:-22.99905:-43.36604
Up Norte,landmark_and_historical_building,overture,-22.99832534790039,-43.3651008605957,,overture:Up Norte:-22.99833:-43.36510
Condomínio Oceana Golf,landmark_and_historical_building,overture,-22.99800682067871,-43.3463134765625,,overture:Condomínio Oceana Golf:-22.99801:-43.34631
Zoifer,landmark_and_historical_building,overture,-22.997512817382812,-43.34824752807617,,overture:Zoifer:-22.99751:-43.34825
Condominio Le Parc-Barra Da Tijuca,landmark_and_historical_building,overture,-22.997806549072266,-43.34837341308594,,overture:Condominio Le Parc-Barra Da Tijuca:-22.99781:-43.34837
Evidence Península,landmark_and_historical_building,overture,-22.991003036499023,-43.35050582885742,,overture:Evidence Península:-22.99100:-43.35051
Condomínio Via Privilege,landmark_and_historical_building,overture,-22.992048263549805,-43.348514556884766,,overture:Condomínio Via Privilege:-22.99205:-43.34851
Condomínio Aquarela - Península,landmark_and_historical_building,overture,-22.99195098876953,-43.34716033935547,,overture:Condomínio Aquarela - Península:-22.99195:-43.34716
Península Condominium Bernini,landmark_and_historical_building,overture,-22.99308967590332,-43.35109329223633,,overture:Península Condominium Bernini:-22.99309:-43.35109
Residencial Monet,landmark_and_historical_building,overture,-22.99252700805664,-43.35128402709961,,overture:Residencial Monet:-22.99253:-43.35128
Península Style,landmark_and_historical_building,overture,-22.99066734313965,-43.35089111328125,,overture:Península Style:-22.99067:-43.35089
Condo Royal Green,landmark_and_historical_building,overture,-22.989885330200195,-43.35418701171875,,overture:Condo Royal Green:-22.98989:-43.35419
Condomínio Green Lake e Green Garden,landmark_and_historical_building,overture,-22.98956871032715,-43.356685638427734,,overture:Condomínio Green Lake e Green Garden:-22.98957:-43.35669
Península - Barra da Tijuca,landmark_and_historical_building,overture,-22.988998413085938,-43.35490798950195,,overture:Península - Barra da Tijuca:-22.98900:-43.35491
Condominio dos Edificios Green Bay e Green Star,landmark_and_historical_building,overture,-22.989360809326172,-43.35491180419922,,overture:Condominio dos Edificios Green Bay e Green Star:-22.98936:-43.35491
Condomínio Green Bay e Green Star,landmark_and_historical_building,overture,-22.989477157592773,-43.35493469238281,,overture:Condomínio Green Bay e Green Star:-22.98948:-43.35493
Font Vieille,landmark_and_historical_building,overture,-22.989416122436523,-43.352882385253906,,overture:Font Vieille:-22.98942:-43.35288
Condomínio Fontvieille,landmark_and_historical_building,overture,-22.989421844482422,-43.352874755859375,,overture:Condomínio Fontvieille:-22.98942:-43.35287
Peninsula,landmark_and_historical_building,overture,-22.988842010498047,-43.35319900512695,,overture:Peninsula:-22.98884:-43.35320
Saint Barth Club Residence,landmark_and_historical_building,overture,-22.988632202148438,-43.35213851928711,,overture:Saint Barth Club Residence:-22.98863:-43.35214
Gauguin,landmark_and_historical_building,overture,-22.989959716796875,-43.350990295410156,,overture:Gauguin:-22.98996:-43.35099
Mandarim Península Barra,landmark_and_historical_building,overture,-22.990510940551758,-43.35167694091797,,overture:Mandarim Península Barra:-22.99051:-43.35168
Soul Península by Canopus,landmark_and_historical_building,overture,-22.989952087402344,-43.34910202026367,,overture:Soul Península by Canopus:-22.98995:-43.34910
"Condominio Sant Martin - Peninsula, Barra da Tijuca",landmark_and_historical_building,overture,-22.989046096801758,-43.349754333496094,,"overture:Condominio Sant Martin - Peninsula, Barra da Tijuca:-22.98905:-43.34975"
360 On The Park,landmark_and_historical_building,overture,-22.987184524536133,-43.35572052001953,,overture:360 On The Park:-22.98718:-43.35572
Condomínio Jardim Europa bloco 6 cobertura 702,landmark_and_historical_building,overture,-22.990215301513672,-43.32490921020508,,overture:Condomínio Jardim Europa bloco 6 cobertura 702:-22.99022:-43.32491
Condominio Taragui,landmark_and_historical_building,overture,-22.989810943603516,-43.3232307434082,,overture:Condominio Taragui:-22.98981:-43.32323
Muzema Cit,museum,overture,-22.990306854248047,-43.32258224487305,,overture:Muzema Cit:-22.99031:-43.32258
Condomínio Manancial de Itanhangá,landmark_and_historical_building,overture,-22.990510940551758,-43.321659088134766,,overture:Condomínio Manancial de Itanhangá:-22.99051:-43.32166
Muzema,landmark_and_historical_building,overture,-22.990123748779297,-43.32046127319336,,overture:Muzema:-22.99012:-43.32046
Condominio Recanto do Itanhangá,landmark_and_historical_building,overture,-22.989866256713867,-43.31888961791992,,overture:Condominio Recanto do Itanhangá:-22.98987:-43.31889
Condomínio Dr. MARIO PINOTTE,landmark_and_historical_building,overture,-22.98997688293457,-43.320674896240234,,overture:Condomínio Dr. MARIO PINOTTE:-22.98998:-43.32067
Condomínio Figueiras do Itanhangá,landmark_and_historical_building,overture,-22.987638473510742,-43.3222770690918,,overture:Condomínio Figueiras do Itanhangá:-22.98764:-43.32228
Condomínio Jardim Muzema,landmark_and_historical_building,overture,-22.988346099853516,-43.322452545166016,,overture:Condomínio Jardim Muzema:-22.98835:-43.32245
Condomínio moradas do pica pau,landmark_and_historical_building,overture,-22.988298416137695,-43.31901168823242,,overture:Condomínio moradas do pica pau:-22.98830:-43.31901
Condomínio Jardim tropical,landmark_and_historical_building,overture,-22.987897872924805,-43.31948471069336,,overture:Condomínio Jardim tropical:-22.98790:-43.31948
EdifÍCio Enzo,landmark_and_historical_building,overture,-22.986560821533203,-43.3222770690918,,overture:EdifÍCio Enzo:-22.98656:-43.32228
Espaço Calçada,topic_concert_venue,overture,-22.986600875854492,-43.32918930053711,,overture:Espaço Calçada:-22.98660:-43.32919
Bonifacio Divulgaçoes,topic_concert_venue,overture,-22.98600196838379,-43.329803466796875,,overture:Bonifacio Divulgaçoes:-22.98600:-43.32980
Village Park Itanhangá,landmark_and_historical_building,overture,-22.984949111938477,-43.329627990722656,,overture:Village Park Itanhangá:-22.98495:-43.32963
Morro do Pica Pau,landmark_and_historical_building,overture,-22.98366355895996,-43.31216049194336,,overture:Morro do Pica Pau:-22.98366:-43.31216
Espaço Vá,topic_concert_venue,overture,-22.987560272216797,-43.3095817565918,,overture:Espaço Vá:-22.98756:-43.30958
Condomínio vale do Itanhangá,landmark_and_historical_building,overture,-22.98839569091797,-43.31010818481445,,overture:Condomínio vale do Itanhangá:-22.98840:-43.31011
Itanhaga,landmark_and_historical_building,overture,-22.986461639404297,-43.309993743896484,,overture:Itanhaga:-22.98646:-43.30999
Condomínio Lagoa do Itanhangá,landmark_and_historical_building,overture,-22.99476432800293,-43.32027053833008,,overture:Condomínio Lagoa do Itanhangá:-22.99476:-43.32027
Choperia Varandão,topic_concert_venue,overture,-22.99471092224121,-43.31955337524414,,overture:Choperia Varandão:-22.99471:-43.31955
Condomínio Alameda Eucalíptos,landmark_and_historical_building,overture,-22.9989013671875,-43.3283805847168,,overture:Condomínio Alameda Eucalíptos:-22.99890:-43.32838
Villa Jardim Itanhangá,landmark_and_historical_building,overture,-22.99728775024414,-43.31345748901367,,overture:Villa Jardim Itanhangá:-22.99729:-43.31346
Lona Cultural Sandra de Sá,topic_concert_venue,overture,-22.902097702026367,-43.707359313964844,,overture:Lona Cultural Sandra de Sá:-22.90210:-43.70736
Canal Cação Vermelho,landmark_and_historical_building,overture,-22.902223587036133,-43.69191360473633,,overture:Canal Cação Vermelho:-22.90222:-43.69191
Condominio Verona,landmark_and_historical_building,overture,-22.902387619018555,-43.68233871459961,,overture:Condominio Verona:-22.90239:-43.68234
Condomínio Villa Romana,landmark_and_historical_building,overture,-22.902019500732422,-43.612735748291016,,overture:Condomínio Villa Romana:-22.90202:-43.61274
Condominio Moradas do Itanhanga - Bloco 7,topic_concert_venue,overture,-22.901918411254883,-43.61659240722656,,overture:Condominio Moradas do Itanhanga - Bloco 7:-22.90192:-43.61659
Condomínio Residencial Casa Blanca,landmark_and_historical_building,overture,-22.901445388793945,-43.683380126953125,,overture:Condomínio Residencial Casa Blanca:-22.90145:-43.68338
Verona Casablanca,landmark_and_historical_building,overture,-22.901731491088867,-43.68262481689453,,overture:Verona Casablanca:-22.90173:-43.68262
Rua Quatro (Cj Guandu Velho),landmark_and_historical_building,overture,-22.901397705078125,-43.70309066772461,,overture:Rua Quatro (Cj Guandu Velho):-22.90140:-43.70309
Conjunto Liberdade,landmark_and_historical_building,overture,-22.901315689086914,-43.70948791503906,,overture:Conjunto Liberdade:-22.90132:-43.70949
Espaço G,topic_concert_venue,overture,-22.901071548461914,-43.7100830078125,,overture:Espaço G:-22.90107:-43.71008
Residencial Porto Fino,landmark_and_historical_building,overture,-22.900285720825195,-43.67607879638672,,overture:Residencial Porto Fino:-22.90029:-43.67608
Condomínio Residencial Porto Seguro,landmark_and_historical_building,overture,-22.899837493896484,-43.677268981933594,,overture:Condomínio Residencial Porto Seguro:-22.89984:-43.67727
Perrottão,landmark_and_historical_building,overture,-22.900230407714844,-43.56180953979492,,overture:Perrottão:-22.90023:-43.56181
Condomínio Bela Vida 2,landmark_and_historical_building,overture,-22.900531768798828,-43.57255554199219,,overture:Condomínio Bela Vida 2:-22.90053:-43.57256
Condomínio Parque dos eucaliptos 1,landmark_and_historical_building,overture,-22.8994197845459,-43.58560562133789,,overture:Condomínio Parque dos eucaliptos 1:-22.89942:-43.58561
Rock & Metal Dance Studio,topic_concert_venue,overture,-22.899673461914062,-43.56191635131836,,overture:Rock & Metal Dance Studio:-22.89967:-43.56192
Campo grande,landmark_and_historical_building,overture,-22.89962387084961,-43.56221008300781,,overture:Campo grande:-22.89962:-43.56221
Condominio Alfredo de Morais,landmark_and_historical_building,overture,-22.899429321289062,-43.56144714355469,,overture:Condominio Alfredo de Morais:-22.89943:-43.56145
Edifício Pajussara,landmark_and_historical_building,overture,-22.899438858032227,-43.55882263183594,,overture:Edifício Pajussara:-22.89944:-43.55882
Salão De Festas Espaço Rosa,topic_concert_venue,overture,-22.89940071105957,-43.539241790771484,,overture:Salão De Festas Espaço Rosa:-22.89940:-43.53924
Espaço Cultural Laurindo Rosa,cultural_center,overture,-22.8997802734375,-43.541385650634766,,overture:Espaço Cultural Laurindo Rosa:-22.89978:-43.54139
G.R.E.S. Delírio da Zona Oeste,topic_concert_venue,overture,-22.899829864501953,-43.549659729003906,,overture:G.R.E.S. Delírio da Zona Oeste:-22.89983:-43.54966
Sítio Das Mangueiras,topic_concert_venue,overture,-22.900339126586914,-43.48965072631836,,overture:Sítio Das Mangueiras:-22.90034:-43.48965
Sitio Humayta,landmark_and_historical_building,overture,-22.901487350463867,-43.5308723449707,,overture:Sitio Humayta:-22.90149:-43.53087
Espaço Ypê Inhoaíba,topic_concert_venue,overture,-22.901533126831055,-43.59795379638672,,overture:Espaço Ypê Inhoaíba:-22.90153:-43.59795
Condomínio Parque dos Girassóis,landmark_and_historical_building,overture,-22.9014892578125,-43.56889724731445,,overture:Condomínio Parque dos Girassóis:-22.90149:-43.56890
Show Biju de Campo Grande,topic_concert_venue,overture,-22.902050018310547,-43.559776306152344,,overture:Show Biju de Campo Grande:-22.90205:-43.55978
Condomínio Villar,landmark_and_historical_building,overture,-22.90179443359375,-43.5450553894043,,overture:Condomínio Villar:-22.90179:-43.54506
Residencial Thutson Park,landmark_and_historical_building,overture,-22.902441024780273,-43.569091796875,,overture:Residencial Thutson Park:-22.90244:-43.56909
Lions Arena CT,topic_concert_venue,overture,-22.902721405029297,-43.57411193847656,,overture:Lions Arena CT:-22.90272:-43.57411
Condomínio Trieste,landmark_and_historical_building,overture,-22.90268325805664,-43.57890319824219,,overture:Condomínio Trieste:-22.90268:-43.57890
Minha Casa Minha Vida,landmark_and_historical_building,overture,-22.90293312072754,-43.5610466003418,,overture:Minha Casa Minha Vida:-22.90293:-43.56105
Casa Própria Laiane Zidório,landmark_and_historical_building,overture,-22.904312133789062,-43.565757751464844,,overture:Casa Própria Laiane Zidório:-22.90431:-43.56576
Condomínio Residencial Dupret,landmark_and_historical_building,overture,-22.903427124023438,-43.54015350341797,,overture:Condomínio Residencial Dupret:-22.90343:-43.54015
Condomínio do Edifício Dvora,landmark_and_historical_building,overture,-22.903152465820312,-43.55513381958008,,overture:Condomínio do Edifício Dvora:-22.90315:-43.55513
Edificio Praça dos Estudantes,landmark_and_historical_building,overture,-22.903064727783203,-43.5675163269043,,overture:Edificio Praça dos Estudantes:-22.90306:-43.56752
Condomínio Park Safira,landmark_and_historical_building,overture,-22.903335571289062,-43.67824935913086,,overture:Condomínio Park Safira:-22.90334:-43.67825
Fazenda Arpoador sitio para festas e eventos,topic_concert_venue,overture,-22.904260635375977,-43.70842361450195,,overture:Fazenda Arpoador sitio para festas e eventos:-22.90426:-43.70842
Conjunto Guandu 2,landmark_and_historical_building,overture,-22.90460777282715,-43.70819091796875,,overture:Conjunto Guandu 2:-22.90461:-43.70819
CondomÍNio Vale Verde,landmark_and_historical_building,overture,-22.905790328979492,-43.62126922607422,,overture:CondomÍNio Vale Verde:-22.90579:-43.62127
Residencial São Bento,landmark_and_historical_building,overture,-22.904970169067383,-43.681941986083984,,overture:Residencial São Bento:-22.90497:-43.68194
Condomínio Campo Verde De Santa Cruz,landmark_and_historical_building,overture,-22.90550422668457,-43.70458984375,,overture:Condomínio Campo Verde De Santa Cruz:-22.90550:-43.70459
Village Atlanta,landmark_and_historical_building,overture,-22.90570640563965,-43.69640350341797,,overture:Village Atlanta:-22.90571:-43.69640
Condominio Park Ametista,landmark_and_historical_building,overture,-22.90554428100586,-43.67496109008789,,overture:Condominio Park Ametista:-22.90554:-43.67496
Residencial Condominio Park Jade,landmark_and_historical_building,overture,-22.906110763549805,-43.67317199707031,,overture:Residencial Condominio Park Jade:-22.90611:-43.67317
Condomínio Park Ágata,landmark_and_historical_building,overture,-22.90619468688965,-43.67353820800781,,overture:Condomínio Park Ágata:-22.90619:-43.67354
Condomínio Ravenna,landmark_and_historical_building,overture,-22.906789779663086,-43.68489074707031,,overture:Condomínio Ravenna:-22.90679:-43.68489
Cosmos,landmark_and_historical_building,overture,-22.90591049194336,-43.60982131958008,,overture:Cosmos:-22.90591:-43.60982
Pedra da Gávea - Rio de Janeiro,landmark_and_historical_building,overture,-22.90637969970703,-43.60930633544922,,overture:Pedra da Gávea - Rio de Janeiro:-22.90638:-43.60931
condominio premium -campo grande,landmark_and_historical_building,overture,-22.906526565551758,-43.5672492980957,,overture:condominio premium -campo grande:-22.90653:-43.56725
Rua Francisco Mota 174,landmark_and_historical_building,overture,-22.906574249267578,-43.54376220703125,,overture:Rua Francisco Mota 174:-22.90657:-43.54376
Nova Cedae,monument,overture,-22.906391143798828,-43.56119155883789,,overture:Nova Cedae:-22.90639:-43.56119
Cond. Village Bouganvilles,landmark_and_historical_building,overture,-22.90548324584961,-43.566139221191406,,overture:Cond. Village Bouganvilles:-22.90548:-43.56614
GRES Sereno de Campo Grande,topic_concert_venue,overture,-22.905160903930664,-43.55683898925781,,overture:GRES Sereno de Campo Grande:-22.90516:-43.55684
Amcrag Guillobel,landmark_and_historical_building,overture,-22.905210494995117,-43.54246139526367,,overture:Amcrag Guillobel:-22.90521:-43.54246
Tardezinha Prime,topic_concert_venue,overture,-22.90707015991211,-43.50893020629883,,overture:Tardezinha Prime:-22.90707:-43.50893
Condominio do Edificio Palazzo di Genova,landmark_and_historical_building,overture,-22.90730094909668,-43.56067657470703,,overture:Condominio do Edificio Palazzo di Genova:-22.90730:-43.56068
Espaço Casa Verde,topic_concert_venue,overture,-22.90704345703125,-43.58315658569336,,overture:Espaço Casa Verde:-22.90704:-43.58316
Ícono Parque Residências,landmark_and_historical_building,overture,-22.907268524169922,-43.595741271972656,,overture:Ícono Parque Residências:-22.90727:-43.59574
DNA HOMER,landmark_and_historical_building,overture,-22.90721321105957,-43.56602096557617,,overture:DNA HOMER:-22.90721:-43.56602
Condo Riviera Premium Residences,landmark_and_historical_building,overture,-22.90732192993164,-43.5709342956543,,overture:Condo Riviera Premium Residences:-22.90732:-43.57093
Germinal,cultural_center,overture,-22.907657623291016,-43.541011810302734,,overture:Germinal:-22.90766:-43.54101
Casa Rústica Festas & Eventos,monument,overture,-22.907835006713867,-43.541141510009766,,overture:Casa Rústica Festas & Eventos:-22.90784:-43.54114
Condomínio Poatã,landmark_and_historical_building,overture,-22.90806007385254,-43.54775619506836,,overture:Condomínio Poatã:-22.90806:-43.54776
G.R.E.S. Sereno de Campo Grande,topic_concert_venue,overture,-22.90782356262207,-43.565120697021484,,overture:G.R.E.S. Sereno de Campo Grande:-22.90782:-43.56512
Condomínio Novo Lar - 2020,landmark_and_historical_building,overture,-22.907878875732422,-43.578956604003906,,overture:Condomínio Novo Lar - 2020:-22.90788:-43.57896
Boulevard Carioca,landmark_and_historical_building,overture,-22.90825080871582,-43.58162307739258,,overture:Boulevard Carioca:-22.90825:-43.58162
Condomínio Vila Real,landmark_and_historical_building,overture,-22.909637451171875,-43.513946533203125,,overture:Condomínio Vila Real:-22.90964:-43.51395
Casa Bella Eventos,topic_concert_venue,overture,-22.910472869873047,-43.51487731933594,,overture:Casa Bella Eventos:-22.91047:-43.51488
Arnaldo Eugênio,landmark_and_historical_building,overture,-22.909942626953125,-43.53205490112305,,overture:Arnaldo Eugênio:-22.90994:-43.53205
Campo Grande - Santa Cruz,topic_concert_venue,overture,-22.91017723083496,-43.56596374511719,,overture:Campo Grande - Santa Cruz:-22.91018:-43.56596
Solar Da Gabela,landmark_and_historical_building,overture,-22.910442352294922,-43.582435607910156,,overture:Solar Da Gabela:-22.91044:-43.58244
Salão de Festas & Eventos Trindade,topic_concert_venue,overture,-22.909238815307617,-43.57792663574219,,overture:Salão de Festas & Eventos Trindade:-22.90924:-43.57793
Condominio Morada do Campo Verde,landmark_and_historical_building,overture,-22.909526824951172,-43.55919647216797,,overture:Condominio Morada do Campo Verde:-22.90953:-43.55920
Salão de Festas L.M ou Salão da Janaina,topic_concert_venue,overture,-22.9095516204834,-43.532958984375,,overture:Salão de Festas L.M ou Salão da Janaina:-22.90955:-43.53296
Complexo Da Barreira.,landmark_and_historical_building,overture,-22.908824920654297,-43.58688735961914,,overture:Complexo Da Barreira.:-22.90882:-43.58689
Espaço Tijolinho,cultural_center,overture,-22.90888023376465,-43.605506896972656,,overture:Espaço Tijolinho:-22.90888:-43.60551
Condomínio Campo Verde,landmark_and_historical_building,overture,-22.908950805664062,-43.623966217041016,,overture:Condomínio Campo Verde:-22.90895:-43.62397
Vila do Céu Show,topic_concert_venue,overture,-22.90928077697754,-43.60603332519531,,overture:Vila do Céu Show:-22.90928:-43.60603
Casa Vazia,topic_concert_venue,overture,-22.9101505279541,-43.660003662109375,,overture:Casa Vazia:-22.91015:-43.66000
Fazenda Imperial de Santa Cruz,landmark_and_historical_building,overture,-22.910003662109375,-43.685306549072266,,overture:Fazenda Imperial de Santa Cruz:-22.91000:-43.68531
Residencial Mikonos,landmark_and_historical_building,overture,-22.90914535522461,-43.69694900512695,,overture:Residencial Mikonos:-22.90915:-43.69695
Espaço Verde Festas E Eventos,topic_concert_venue,overture,-22.90862274169922,-43.70003890991211,,overture:Espaço Verde Festas E Eventos:-22.90862:-43.70004
Salão do Nem,topic_concert_venue,overture,-22.907520294189453,-43.655792236328125,,overture:Salão do Nem:-22.90752:-43.65579
Condomínio Matélica,landmark_and_historical_building,overture,-22.907184600830078,-43.68528747558594,,overture:Condomínio Matélica:-22.90718:-43.68529
Park condominium Onix,landmark_and_historical_building,overture,-22.907081604003906,-43.67153549194336,,overture:Park condominium Onix:-22.90708:-43.67154
Condomino delos,landmark_and_historical_building,overture,-22.90752410888672,-43.695133209228516,,overture:Condomino delos:-22.90752:-43.69513
Canal de Santo Agostinho,landmark_and_historical_building,overture,-22.91079330444336,-43.78764343261719,,overture:Canal de Santo Agostinho:-22.91079:-43.78764
Salão de Festas Regina,topic_concert_venue,overture,-22.914419174194336,-43.64103317260742,,overture:Salão de Festas Regina:-22.91442:-43.64103
Condomínio Village,landmark_and_historical_building,overture,-22.91440773010254,-43.604557037353516,,overture:Condomínio Village:-22.91441:-43.60456
Espaço Real Eventos,topic_concert_venue,overture,-22.914020538330078,-43.611366271972656,,overture:Espaço Real Eventos:-22.91402:-43.61137
Park Rossette,landmark_and_historical_building,overture,-22.913951873779297,-43.605735778808594,,overture:Park Rossette:-22.91395:-43.60574
Casa de Festas Jardim Secreto,topic_concert_venue,overture,-22.913789749145508,-43.63715362548828,,overture:Casa de Festas Jardim Secreto:-22.91379:-43.63715
Condomínio Village Ramona,landmark_and_historical_building,overture,-22.913372039794922,-43.619293212890625,,overture:Condomínio Village Ramona:-22.91337:-43.61929
Condomínio Cesário de Melo,landmark_and_historical_building,overture,-22.913009643554688,-43.60657501220703,,overture:Condomínio Cesário de Melo:-22.91301:-43.60658
Condomínio Residencial Jardim dos Ipês I,landmark_and_historical_building,overture,-22.91341209411621,-43.69289779663086,,overture:Condomínio Residencial Jardim dos Ipês I:-22.91341:-43.69290
Santa Cruz,landmark_and_historical_building,overture,-22.913223266601562,-43.68636703491211,,overture:Santa Cruz:-22.91322:-43.68637
Cristo Redentor - RJ,landmark_and_historical_building,overture,-22.910680770874023,-43.6578369140625,,overture:Cristo Redentor - RJ:-22.91068:-43.65784
Studio da Nonna,topic_concert_venue,overture,-22.91195297241211,-43.61587142944336,,overture:Studio da Nonna:-22.91195:-43.61587
SalÂO Sollar,topic_concert_venue,overture,-22.912378311157227,-43.60493469238281,,overture:SalÂO Sollar:-22.91238:-43.60493
Márcio Alto Aratanha,landmark_and_historical_building,overture,-22.91245460510254,-43.56863021850586,,overture:Márcio Alto Aratanha:-22.91245:-43.56863
Praça do Bnh,landmark_and_historical_building,overture,-22.912151336669922,-43.541568756103516,,overture:Praça do Bnh:-22.91215:-43.54157
Caboclos Brasil M.C.,topic_concert_venue,overture,-22.91217041015625,-43.56044006347656,,overture:Caboclos Brasil M.C.:-22.91217:-43.56044
Residencial Flora,landmark_and_historical_building,overture,-22.912015914916992,-43.55757522583008,,overture:Residencial Flora:-22.91202:-43.55758
Bravo Residencial,landmark_and_historical_building,overture,-22.911724090576172,-43.560142517089844,,overture:Bravo Residencial:-22.91172:-43.56014
Xmgpfshop02,landmark_and_historical_building,overture,-22.91167640686035,-43.56014633178711,,overture:Xmgpfshop02:-22.91168:-43.56015
Condomi'nio Vivendas das Oliveiras,landmark_and_historical_building,overture,-22.91160774230957,-43.58198547363281,,overture:Condomi'nio Vivendas das Oliveiras:-22.91161:-43.58199
C.C.N Fruta do Pé,cultural_center,overture,-22.911243438720703,-43.590633392333984,,overture:C.C.N Fruta do Pé:-22.91124:-43.59063
Condomínio Residencial Bella Torre,landmark_and_historical_building,overture,-22.91094970703125,-43.564788818359375,,overture:Condomínio Residencial Bella Torre:-22.91095:-43.56479
Sítio do Gugu - Pedra de Guaratiba,topic_concert_venue,overture,-22.910930633544922,-43.54717254638672,,overture:Sítio do Gugu - Pedra de Guaratiba:-22.91093:-43.54717
Crazy For Beer,topic_concert_venue,overture,-22.91131019592285,-43.558380126953125,,overture:Crazy For Beer:-22.91131:-43.55838
Res. Paineiras,landmark_and_historical_building,overture,-22.91158676147461,-43.5634880065918,,overture:Res. Paineiras:-22.91159:-43.56349
Condomínio Palace da Prata,landmark_and_historical_building,overture,-22.910720825195312,-43.515499114990234,,overture:Condomínio Palace da Prata:-22.91072:-43.51550
Sítio Espaco Verde Rio da Prata Campo Grande RJ,topic_concert_venue,overture,-22.912023544311523,-43.51690673828125,,overture:Sítio Espaco Verde Rio da Prata Campo Grande RJ:-22.91202:-43.51691
O Altar,topic_concert_venue,overture,-22.9121036529541,-43.52290344238281,,overture:O Altar:-22.91210:-43.52290
Sítio Calciolândia,topic_concert_venue,overture,-22.91259002685547,-43.51976013183594,,overture:Sítio Calciolândia:-22.91259:-43.51976
Alcácer Prata Residencial,landmark_and_historical_building,overture,-22.913198471069336,-43.56159591674805,,overture:Alcácer Prata Residencial:-22.91320:-43.56160
Condomínio,landmark_and_historical_building,overture,-22.91319465637207,-43.56043243408203,,overture:Condomínio:-22.91319:-43.56043
Jóia do Campo,landmark_and_historical_building,overture,-22.913665771484375,-43.547542572021484,,overture:Jóia do Campo:-22.91367:-43.54754
D&A Areia de Quartzo,landmark_and_historical_building,overture,-22.913684844970703,-43.54753112792969,,overture:D&A Areia de Quartzo:-22.91368:-43.54753
Oxi Geniu's Academia,topic_concert_venue,overture,-22.91370964050293,-43.54271697998047,,overture:Oxi Geniu's Academia:-22.91371:-43.54272
Condominium park of Hortências,landmark_and_historical_building,overture,-22.91396141052246,-43.54823684692383,,overture:Condominium park of Hortências:-22.91396:-43.54824
Condomínio Parque das Margaridas,landmark_and_historical_building,overture,-22.91370964050293,-43.554962158203125,,overture:Condomínio Parque das Margaridas:-22.91371:-43.55496
Condomínio Parque Residencial Malvina Olga,landmark_and_historical_building,overture,-22.914419174194336,-43.55109405517578,,overture:Condomínio Parque Residencial Malvina Olga:-22.91442:-43.55109
Parque Roma,landmark_and_historical_building,overture,-22.914140701293945,-43.5568733215332,,overture:Parque Roma:-22.91414:-43.55687
Mansões da Prata,landmark_and_historical_building,overture,-22.914871215820312,-43.518436431884766,,overture:Mansões da Prata:-22.91487:-43.51844
Condomínio Mansões Da Prata,landmark_and_historical_building,overture,-22.914966583251953,-43.517574310302734,,overture:Condomínio Mansões Da Prata:-22.91497:-43.51757
Condominio Athenas,landmark_and_historical_building,overture,-22.915544509887695,-43.540836334228516,,overture:Condominio Athenas:-22.91554:-43.54084
Rio Cabuçu Mirim,landmark_and_historical_building,overture,-22.915340423583984,-43.55038070678711,,overture:Rio Cabuçu Mirim:-22.91534:-43.55038
Espaço 2 Irmãos,topic_concert_venue,overture,-22.91457176208496,-43.58262252807617,,overture:Espaço 2 Irmãos:-22.91457:-43.58262
Condominio Vivenda das Garças,landmark_and_historical_building,overture,-22.914623260498047,-43.62205123901367,,overture:Condominio Vivenda das Garças:-22.91462:-43.62205
Condomínio Livorno,landmark_and_historical_building,overture,-22.91469955444336,-43.61802673339844,,overture:Condomínio Livorno:-22.91470:-43.61803
Condomínio Vivendas da Estrada da Paciência,landmark_and_historical_building,overture,-22.91474723815918,-43.628902435302734,,overture:Condomínio Vivendas da Estrada da Paciência:-22.91475:-43.62890
Condomínio Varese,landmark_and_historical_building,overture,-22.91521453857422,-43.62018585205078,,overture:Condomínio Varese:-22.91521:-43.62019
Condomínio Vivenda das Gaivotas,landmark_and_historical_building,overture,-22.915386199951172,-43.62137222290039,,overture:Condomínio Vivenda das Gaivotas:-22.91539:-43.62137
Salão de Festas do Cacá,topic_concert_venue,overture,-22.915193557739258,-43.63184356689453,,overture:Salão de Festas do Cacá:-22.91519:-43.63184
Condomínio Trento,landmark_and_historical_building,overture,-22.915071487426758,-43.61930465698242,,overture:Condomínio Trento:-22.91507:-43.61930
Salão de Festas NJ,topic_concert_venue,overture,-22.914560317993164,-43.679901123046875,,overture:Salão de Festas NJ:-22.91456:-43.67990
Condomínio Residencial Santa Cruz,landmark_and_historical_building,overture,-22.91584587097168,-43.68154525756836,,overture:Condomínio Residencial Santa Cruz:-22.91585:-43.68155
Condominio Viva Mais Campo Grande,landmark_and_historical_building,overture,-22.915950775146484,-43.6171989440918,,overture:Condominio Viva Mais Campo Grande:-22.91595:-43.61720
Residencial Condomínio Florence Life,landmark_and_historical_building,overture,-22.9161319732666,-43.616539001464844,,overture:Residencial Condomínio Florence Life:-22.91613:-43.61654
Quinta De Luxo,topic_concert_venue,overture,-22.916698455810547,-43.616546630859375,,overture:Quinta De Luxo:-22.91670:-43.61655
Cosmos City,landmark_and_historical_building,overture,-22.916927337646484,-43.614559173583984,,overture:Cosmos City:-22.91693:-43.61456
Residencial Arvoredo,landmark_and_historical_building,overture,-22.917007446289062,-43.6089973449707,,overture:Residencial Arvoredo:-22.91701:-43.60900
Condo Villas Of Almond,landmark_and_historical_building,overture,-22.916959762573242,-43.615440368652344,,overture:Condo Villas Of Almond:-22.91696:-43.61544
Espaço Bela Vista,topic_concert_venue,overture,-22.916730880737305,-43.63669204711914,,overture:Espaço Bela Vista:-22.91673:-43.63669
Condomínio Vivendas das Castanheiras,landmark_and_historical_building,overture,-22.917659759521484,-43.611148834228516,,overture:Condomínio Vivendas das Castanheiras:-22.91766:-43.61115
Espaço Piscina Julya,topic_concert_venue,overture,-22.917890548706055,-43.602901458740234,,overture:Espaço Piscina Julya:-22.91789:-43.60290
Residencial Quinta do Ingá - ENGEFIC Engenharia,landmark_and_historical_building,overture,-22.9182071685791,-43.61133575439453,,overture:Residencial Quinta do Ingá - ENGEFIC Engenharia:-22.91821:-43.61134
Condomínio Village do Cabuçu,landmark_and_historical_building,overture,-22.91802406311035,-43.5335693359375,,overture:Condomínio Village do Cabuçu:-22.91802:-43.53357
Casa Golden Garden,landmark_and_historical_building,overture,-22.917936325073242,-43.549625396728516,,overture:Casa Golden Garden:-22.91794:-43.54963
Condomínio San Diego,landmark_and_historical_building,overture,-22.917604446411133,-43.55278396606445,,overture:Condomínio San Diego:-22.91760:-43.55278
Comari - Campo Grande - Rj,landmark_and_historical_building,overture,-22.916589736938477,-43.5543327331543,,overture:Comari - Campo Grande - Rj:-22.91659:-43.55433
Condominio River Plate,landmark_and_historical_building,overture,-22.9172420501709,-43.52839660644531,,overture:Condominio River Plate:-22.91724:-43.52840
Condominio Village Sol da Prata,landmark_and_historical_building,overture,-22.91710090637207,-43.52404022216797,,overture:Condominio Village Sol da Prata:-22.91710:-43.52404
Condomínio Recanto das Palmeiras,landmark_and_historical_building,overture,-22.916961669921875,-43.52382278442383,,overture:Condomínio Recanto das Palmeiras:-22.91696:-43.52382
Sítio Casarão da Prata,topic_concert_venue,overture,-22.916580200195312,-43.507076263427734,,overture:Sítio Casarão da Prata:-22.91658:-43.50708
Sítio Flor da Mata,topic_concert_venue,overture,-22.917400360107422,-43.51746368408203,,overture:Sítio Flor da Mata:-22.91740:-43.51746
Residencial Village Aquarius,landmark_and_historical_building,overture,-22.918317794799805,-43.538150787353516,,overture:Residencial Village Aquarius:-22.91832:-43.53815
Quadrilha Junina Explosão,topic_concert_venue,overture,-22.918930053710938,-43.538230895996094,,overture:Quadrilha Junina Explosão:-22.91893:-43.53823
"Rua Mangueiral N11, Campo Grande/ Rj.",landmark_and_historical_building,overture,-22.919586181640625,-43.554840087890625,,"overture:Rua Mangueiral N11, Campo Grande/ Rj.:-22.91959:-43.55484"
Condominio Village do Monteiro,landmark_and_historical_building,overture,-22.919525146484375,-43.56308364868164,,overture:Condominio Village do Monteiro:-22.91953:-43.56308
Condomínio Fazenda Montenegro,landmark_and_historical_building,overture,-22.91971778869629,-43.5528564453125,,overture:Condomínio Fazenda Montenegro:-22.91972:-43.55286
Recanto D'Maria Festas e Eventos,topic_concert_venue,overture,-22.919940948486328,-43.5141716003418,,overture:Recanto D'Maria Festas e Eventos:-22.91994:-43.51417
Sítio Do Baiaco,topic_concert_venue,overture,-22.919315338134766,-43.52466583251953,,overture:Sítio Do Baiaco:-22.91932:-43.52467
Espaço Casa Blanca,topic_concert_venue,overture,-22.921070098876953,-43.52995681762695,,overture:Espaço Casa Blanca:-22.92107:-43.52996
Quintaneja Universitária,topic_concert_venue,overture,-22.9212703704834,-43.527671813964844,,overture:Quintaneja Universitária:-22.92127:-43.52767
Vivo Rio,topic_concert_venue,overture,-22.92123031616211,-43.55054473876953,,overture:Vivo Rio:-22.92123:-43.55054
Rio Da Prata Campo Grande,topic_concert_venue,overture,-22.921030044555664,-43.533119201660156,,overture:Rio Da Prata Campo Grande:-22.92103:-43.53312
Vila Branca Campo Grande,landmark_and_historical_building,overture,-22.92095375061035,-43.545597076416016,,overture:Vila Branca Campo Grande:-22.92095:-43.54560
Carlini's SITIO,topic_concert_venue,overture,-22.9207706451416,-43.54020690917969,,overture:Carlini's SITIO:-22.92077:-43.54021
Castelo Encantado,topic_concert_venue,overture,-22.920446395874023,-43.55044174194336,,overture:Castelo Encantado:-22.92045:-43.55044
Rua das Amendoeira,landmark_and_historical_building,overture,-22.920177459716797,-43.615623474121094,,overture:Rua das Amendoeira:-22.92018:-43.61562
Casa Rosendo,topic_concert_venue,overture,-22.921340942382812,-43.61113357543945,,overture:Casa Rosendo:-22.92134:-43.61113
Espaço Alegria,topic_concert_venue,overture,-22.921493530273438,-43.61655044555664,,overture:Espaço Alegria:-22.92149:-43.61655
Espaço Regina eventos,topic_concert_venue,overture,-22.921873092651367,-43.6186637878418,,overture:Espaço Regina eventos:-22.92187:-43.61866
Tenda Residencial Vida Leve,landmark_and_historical_building,overture,-22.921850204467773,-43.61900329589844,,overture:Tenda Residencial Vida Leve:-22.92185:-43.61900
Salão de Festas Be Happy,topic_concert_venue,overture,-22.921913146972656,-43.66242599487305,,overture:Salão de Festas Be Happy:-22.92191:-43.66243
Praça da Boa Vista Santa Cruz,landmark_and_historical_building,overture,-22.921825408935547,-43.69108963012695,,overture:Praça da Boa Vista Santa Cruz:-22.92183:-43.69109
Condomínio Vivendas do Império,landmark_and_historical_building,overture,-22.921707153320312,-43.6999397277832,,overture:Condomínio Vivendas do Império:-22.92171:-43.69994
Condomínio do Edifício Pindaré,landmark_and_historical_building,overture,-22.92061424255371,-43.686344146728516,,overture:Condomínio do Edifício Pindaré:-22.92061:-43.68634
Vivendas Do Paraíso,landmark_and_historical_building,overture,-22.92037010192871,-43.69985580444336,,overture:Vivendas Do Paraíso:-22.92037:-43.69986
Santa cruz,landmark_and_historical_building,overture,-22.919591903686523,-43.68437194824219,,overture:Santa cruz:-22.91959:-43.68437
Centro Cultural Pedro II,cultural_center,overture,-22.920072555541992,-43.67871856689453,,overture:Centro Cultural Pedro II:-22.92007:-43.67872
Condomínio Vivenda de Jardim Anápolis,landmark_and_historical_building,overture,-22.919960021972656,-43.611167907714844,,overture:Condomínio Vivenda de Jardim Anápolis:-22.91996:-43.61117
Condomínio Vivenda das Figueiras,landmark_and_historical_building,overture,-22.919342041015625,-43.61161804199219,,overture:Condomínio Vivenda das Figueiras:-22.91934:-43.61162
Residencial Naturalis,landmark_and_historical_building,overture,-22.918777465820312,-43.61442184448242,,overture:Residencial Naturalis:-22.91878:-43.61442
Residencial Quinta do Ipê,landmark_and_historical_building,overture,-22.918684005737305,-43.615631103515625,,overture:Residencial Quinta do Ipê:-22.91868:-43.61563
Microlins,cultural_center,overture,-22.91910743713379,-43.68229293823242,,overture:Microlins:-22.91911:-43.68229
Canal São Fernando,landmark_and_historical_building,overture,-22.928720474243164,-43.77055358886719,,overture:Canal São Fernando:-22.92872:-43.77055
Rodo City,landmark_and_historical_building,overture,-22.925613403320312,-43.669715881347656,,overture:Rodo City:-22.92561:-43.66972
Condomínio Juliette,landmark_and_historical_building,overture,-22.92450714111328,-43.618900299072266,,overture:Condomínio Juliette:-22.92451:-43.61890
Salão de Festas Vera Cruz ,topic_concert_venue,overture,-22.924108505249023,-43.63818359375,,overture:Salão de Festas Vera Cruz :-22.92411:-43.63818
Condomínio Santa Cruz Première,landmark_and_historical_building,overture,-22.924354553222656,-43.685028076171875,,overture:Condomínio Santa Cruz Première:-22.92435:-43.68503
Centro Cultural Pedro II,cultural_center,overture,-22.924331665039062,-43.676612854003906,,overture:Centro Cultural Pedro II:-22.92433:-43.67661
Centro Cultural Santa Cruz Dr. Antônio Nicolau Jorge,cultural_center,overture,-22.923450469970703,-43.693077087402344,,overture:Centro Cultural Santa Cruz Dr. Antônio Nicolau Jorge:-22.92345:-43.69308
Palacete Princesa Isabel,landmark_and_historical_building,overture,-22.92320442199707,-43.69315719604492,,overture:Palacete Princesa Isabel:-22.92320:-43.69316
Edifício Azevedo Mattos,landmark_and_historical_building,overture,-22.922189712524414,-43.67979431152344,,overture:Edifício Azevedo Mattos:-22.92219:-43.67979
Condomínio Siena,landmark_and_historical_building,overture,-22.92224884033203,-43.616729736328125,,overture:Condomínio Siena:-22.92225:-43.61673
Condomínio Vivenda dos Colibris,landmark_and_historical_building,overture,-22.923023223876953,-43.610870361328125,,overture:Condomínio Vivenda dos Colibris:-22.92302:-43.61087
(Village Palmeiras),landmark_and_historical_building,overture,-22.923282623291016,-43.60556411743164,,overture:(Village Palmeiras):-22.92328:-43.60556
Recanto do Sonhos - Salão de Festas & Eventos,topic_concert_venue,overture,-22.923168182373047,-43.6195182800293,,overture:Recanto do Sonhos - Salão de Festas & Eventos:-22.92317:-43.61952
Conjunto Cesarinho,topic_concert_venue,overture,-22.92376708984375,-43.639522552490234,,overture:Conjunto Cesarinho:-22.92377:-43.63952
Residencial Varandas do Park,landmark_and_historical_building,overture,-22.923709869384766,-43.56835174560547,,overture:Residencial Varandas do Park:-22.92371:-43.56835
Villagio Arboretto,landmark_and_historical_building,overture,-22.923351287841797,-43.551265716552734,,overture:Villagio Arboretto:-22.92335:-43.55127
FPaiva Produções,topic_concert_venue,overture,-22.92342758178711,-43.551273345947266,,overture:FPaiva Produções:-22.92343:-43.55127
conjunto maravilha,landmark_and_historical_building,overture,-22.923192977905273,-43.54715347290039,,overture:conjunto maravilha:-22.92319:-43.54715
Condominio Morada do Moinho,landmark_and_historical_building,overture,-22.92265510559082,-43.547176361083984,,overture:Condominio Morada do Moinho:-22.92266:-43.54718
Condomínio Pedra Bonita,landmark_and_historical_building,overture,-22.922805786132812,-43.543113708496094,,overture:Condomínio Pedra Bonita:-22.92281:-43.54311
Condomínio Residencial Rio da Prata,landmark_and_historical_building,overture,-22.92323112487793,-43.52067947387695,,overture:Condomínio Residencial Rio da Prata:-22.92323:-43.52068
Muniz,topic_concert_venue,overture,-22.92478370666504,-43.51740646362305,,overture:Muniz:-22.92478:-43.51741
Condo Horacio Camargo,landmark_and_historical_building,overture,-22.924701690673828,-43.52793502807617,,overture:Condo Horacio Camargo:-22.92470:-43.52794
Residencial Rio da Prata,landmark_and_historical_building,overture,-22.924501419067383,-43.520347595214844,,overture:Residencial Rio da Prata:-22.92450:-43.52035
Residencial Quintas da Prata,landmark_and_historical_building,overture,-22.924238204956055,-43.52769088745117,,overture:Residencial Quintas da Prata:-22.92424:-43.52769
Condomínio Residencial Supera,landmark_and_historical_building,overture,-22.924697875976562,-43.55171585083008,,overture:Condomínio Residencial Supera:-22.92470:-43.55172
Condomínio Julio Fleischman,landmark_and_historical_building,overture,-22.925355911254883,-43.559364318847656,,overture:Condomínio Julio Fleischman:-22.92536:-43.55936
Condomínio Parque Residencial Regina Cukierman,landmark_and_historical_building,overture,-22.925060272216797,-43.558284759521484,,overture:Condomínio Parque Residencial Regina Cukierman:-22.92506:-43.55828
People Tech And English,cultural_center,overture,-22.92545509338379,-43.55864715576172,,overture:People Tech And English:-22.92546:-43.55865
Life Resort Club Campo Grande,landmark_and_historical_building,overture,-22.92543601989746,-43.55203628540039,,overture:Life Resort Club Campo Grande:-22.92544:-43.55204
Condominio Village Rio da Prata,landmark_and_historical_building,overture,-22.92544174194336,-43.51860809326172,,overture:Condominio Village Rio da Prata:-22.92544:-43.51861
Águas da Prata • RJ,topic_concert_venue,overture,-22.924970626831055,-43.51445007324219,,overture:Águas da Prata • RJ:-22.92497:-43.51445
Condominio Nova Jerusalém II,landmark_and_historical_building,overture,-22.926679611206055,-43.5311279296875,,overture:Condominio Nova Jerusalém II:-22.92668:-43.53113
campo grande,landmark_and_historical_building,overture,-22.927143096923828,-43.561466217041016,,overture:campo grande:-22.92714:-43.56147
Condomínio Recanto da Montanha,landmark_and_historical_building,overture,-22.927501678466797,-43.53428649902344,,overture:Condomínio Recanto da Montanha:-22.92750:-43.53429
Condomínio Novo Campo Grande,landmark_and_historical_building,overture,-22.926401138305664,-43.554649353027344,,overture:Condomínio Novo Campo Grande:-22.92640:-43.55465
Condomini,landmark_and_historical_building,overture,-22.926050186157227,-43.55168533325195,,overture:Condomini:-22.92605:-43.55169
"Condominio residencial paçuaré""",landmark_and_historical_building,overture,-22.926082611083984,-43.62125778198242,,"overture:Condominio residencial paçuaré"":-22.92608:-43.62126"
Condominio Imperial Santa Cruz,landmark_and_historical_building,overture,-22.927602767944336,-43.68303680419922,,overture:Condominio Imperial Santa Cruz:-22.92760:-43.68304
Rancho Da Mina Sta Cruz,topic_concert_venue,overture,-22.928043365478516,-43.68461608886719,,overture:Rancho Da Mina Sta Cruz:-22.92804:-43.68462
Condominio Visconde de Araguaia,landmark_and_historical_building,overture,-22.929508209228516,-43.68214797973633,,overture:Condominio Visconde de Araguaia:-22.92951:-43.68215
Residencial Cantagalo,landmark_and_historical_building,overture,-22.92936897277832,-43.58743667602539,,overture:Residencial Cantagalo:-22.92937:-43.58744
Condominio Ferrara,landmark_and_historical_building,overture,-22.92931365966797,-43.54775619506836,,overture:Condominio Ferrara:-22.92931:-43.54776
Condomínio Terni,landmark_and_historical_building,overture,-22.92924690246582,-43.547393798828125,,overture:Condomínio Terni:-22.92925:-43.54739
Condomínio Yellow Palace,landmark_and_historical_building,overture,-22.929054260253906,-43.56438446044922,,overture:Condomínio Yellow Palace:-22.92905:-43.56438
Casa da Vovó Alzira,landmark_and_historical_building,overture,-22.929033279418945,-43.56045150756836,,overture:Casa da Vovó Alzira:-22.92903:-43.56045
Espaço JS - Festas E Eventos,topic_concert_venue,overture,-22.929182052612305,-43.5450553894043,,overture:Espaço JS - Festas E Eventos:-22.92918:-43.54506
Big Fest Salão de Festas,topic_concert_venue,overture,-22.9285831451416,-43.561790466308594,,overture:Big Fest Salão de Festas:-22.92858:-43.56179
O Rancho do sapê,topic_concert_venue,overture,-22.845823287963867,-43.79194641113281,,overture:O Rancho do sapê:-22.84582:-43.79195
Cachoeira Da Mazomba,landmark_and_historical_building,overture,-22.84524917602539,-43.7604866027832,,overture:Cachoeira Da Mazomba:-22.84525:-43.76049
Condomínio São Pedro,landmark_and_historical_building,overture,-22.842361450195312,-43.4686279296875,,overture:Condomínio São Pedro:-22.84236:-43.46863
Bangu,landmark_and_historical_building,overture,-22.843887329101562,-43.46941375732422,,overture:Bangu:-22.84389:-43.46941
Condominio Residencial Florenca,landmark_and_historical_building,overture,-22.843782424926758,-43.468257904052734,,overture:Condominio Residencial Florenca:-22.84378:-43.46826
Condomínio Santa Emiliana,landmark_and_historical_building,overture,-22.84372901916504,-43.46938705444336,,overture:Condomínio Santa Emiliana:-22.84373:-43.46939
Residência Alex,landmark_and_historical_building,overture,-22.84415626525879,-43.46853256225586,,overture:Residência Alex:-22.84416:-43.46853
Conjunto Do Desipe - Bangu,landmark_and_historical_building,overture,-22.845867156982422,-43.485591888427734,,overture:Conjunto Do Desipe - Bangu:-22.84587:-43.48559
Jardim bangu,landmark_and_historical_building,overture,-22.84579086303711,-43.46562576293945,,overture:Jardim bangu:-22.84579:-43.46563
Kadosch Festas,topic_concert_venue,overture,-22.84760093688965,-43.5226936340332,,overture:Kadosch Festas:-22.84760:-43.52269
Condomínio Recanto do Pedregoso,landmark_and_historical_building,overture,-22.84781837463379,-43.56487274169922,,overture:Condomínio Recanto do Pedregoso:-22.84782:-43.56487
Salao Espaço girassol,topic_concert_venue,overture,-22.84579086303711,-43.608062744140625,,overture:Salao Espaço girassol:-22.84579:-43.60806
Ilê Orixá Odé Messan Orun,topic_concert_venue,overture,-22.849884033203125,-43.52749252319336,,overture:Ilê Orixá Odé Messan Orun:-22.84988:-43.52749
"Estrada do pedregoso,mendanha,tingui,posse",topic_concert_venue,overture,-22.849138259887695,-43.56648635864258,,"overture:Estrada do pedregoso,mendanha,tingui,posse:-22.84914:-43.56649"
Sítio Encantado,topic_concert_venue,overture,-22.84847068786621,-43.52333068847656,,overture:Sítio Encantado:-22.84847:-43.52333
A Griff Do Bolo,landmark_and_historical_building,overture,-22.848777770996094,-43.46574783325195,,overture:A Griff Do Bolo:-22.84878:-43.46575
Sítio Green Garden,topic_concert_venue,overture,-22.84945297241211,-43.48312759399414,,overture:Sítio Green Garden:-22.84945:-43.48313
D&M Personalizados Bangu,topic_concert_venue,overture,-22.849729537963867,-43.46223068237305,,overture:D&M Personalizados Bangu:-22.84973:-43.46223
Praça da Maria Quitéria,monument,overture,-22.850812911987305,-43.47036361694336,,overture:Praça da Maria Quitéria:-22.85081:-43.47036
Condomínio Esplendor 1,landmark_and_historical_building,overture,-22.850805282592773,-43.483978271484375,,overture:Condomínio Esplendor 1:-22.85081:-43.48398
condominium of acacias,landmark_and_historical_building,overture,-22.850345611572266,-43.482059478759766,,overture:condominium of acacias:-22.85035:-43.48206
Set Tom Jobim,landmark_and_historical_building,overture,-22.85188865661621,-43.47499084472656,,overture:Set Tom Jobim:-22.85189:-43.47499
Espaço de festa  Peixe,topic_concert_venue,overture,-22.85271644592285,-43.48471450805664,,overture:Espaço de festa  Peixe:-22.85272:-43.48471
Mansão dos Cordeiros,landmark_and_historical_building,overture,-22.853050231933594,-43.46698760986328,,overture:Mansão dos Cordeiros:-22.85305:-43.46699
Condomínio Monte Reis IV,landmark_and_historical_building,overture,-22.8531494140625,-43.47198486328125,,overture:Condomínio Monte Reis IV:-22.85315:-43.47198
TOP FEST,topic_concert_venue,overture,-22.853368759155273,-43.48408508300781,,overture:TOP FEST:-22.85337:-43.48409
Residencial Palmeiras Green,landmark_and_historical_building,overture,-22.852989196777344,-43.4809455871582,,overture:Residencial Palmeiras Green:-22.85299:-43.48095
Vila Kennedy Quafá,topic_concert_venue,overture,-22.85285186767578,-43.4842414855957,,overture:Vila Kennedy Quafá:-22.85285:-43.48424
Espaço Cara de Pau,topic_concert_venue,overture,-22.853382110595703,-43.49699401855469,,overture:Espaço Cara de Pau:-22.85338:-43.49699
Conviva Residencial,landmark_and_historical_building,overture,-22.85352897644043,-43.59257125854492,,overture:Conviva Residencial:-22.85353:-43.59257
Mendanha,landmark_and_historical_building,overture,-22.854156494140625,-43.53953170776367,,overture:Mendanha:-22.85416:-43.53953
Gres Unidos Da Vila Kennedy,topic_concert_venue,overture,-22.855567932128906,-43.494693756103516,,overture:Gres Unidos Da Vila Kennedy:-22.85557:-43.49469
Garden Place Festas,topic_concert_venue,overture,-22.85454750061035,-43.48059844970703,,overture:Garden Place Festas:-22.85455:-43.48060
Salão de Festas Fortaleza,topic_concert_venue,overture,-22.853832244873047,-43.489383697509766,,overture:Salão de Festas Fortaleza:-22.85383:-43.48938
Residencial Jardim Progresso,landmark_and_historical_building,overture,-22.854076385498047,-43.46466064453125,,overture:Residencial Jardim Progresso:-22.85408:-43.46466
Sitio do Mendanha,topic_concert_venue,overture,-22.854997634887695,-43.46484375,,overture:Sitio do Mendanha:-22.85500:-43.46484
Raízes de Gericinó,cultural_center,overture,-22.855810165405273,-43.47392272949219,,overture:Raízes de Gericinó:-22.85581:-43.47392
Museu Casa Bumba Meu Boi,museum,overture,-22.85610008239746,-43.473670959472656,,overture:Museu Casa Bumba Meu Boi:-22.85610:-43.47367
Residencial California XIII,landmark_and_historical_building,overture,-22.856748580932617,-43.46666717529297,,overture:Residencial California XIII:-22.85675:-43.46667
Espaço 80,topic_concert_venue,overture,-22.85636329650879,-43.47359085083008,,overture:Espaço 80:-22.85636:-43.47359
T&J Decorações,topic_concert_venue,overture,-22.856443405151367,-43.49119186401367,,overture:T&J Decorações:-22.85644:-43.49119
"Morro da Formiga (kulle i Brasilien, Rio de Janeiro, Rio de Janeiro, lat -22,86, long -43,52)",landmark_and_historical_building,overture,-22.856853485107422,-43.52488708496094,,"overture:Morro da Formiga (kulle i Brasilien, Rio de Janeiro, Rio de Janeiro, lat -22,86, long -43,52):-22.85685:-43.52489"
Cond. Residencial Village,landmark_and_historical_building,overture,-22.857019424438477,-43.4659309387207,,overture:Cond. Residencial Village:-22.85702:-43.46593
Espaço Araquem,topic_concert_venue,overture,-22.857770919799805,-43.4637565612793,,overture:Espaço Araquem:-22.85777:-43.46376
Grande Miquelon,landmark_and_historical_building,overture,-22.858013153076172,-43.487396240234375,,overture:Grande Miquelon:-22.85801:-43.48740
Condominio Residencial Grand Ville,landmark_and_historical_building,overture,-22.858787536621094,-43.46705627441406,,overture:Condominio Residencial Grand Ville:-22.85879:-43.46706
Ecomuseu Ilha Grande,museum,overture,-22.8593807220459,-43.49663162231445,,overture:Ecomuseu Ilha Grande:-22.85938:-43.49663
Espaço Amarelo,topic_concert_venue,overture,-22.85745620727539,-43.54439926147461,,overture:Espaço Amarelo:-22.85746:-43.54440
Centro Cultural e Social Música e Arte Soul Emanuel,cultural_center,overture,-22.854793548583984,-43.605892181396484,,overture:Centro Cultural e Social Música e Arte Soul Emanuel:-22.85479:-43.60589
Alegria Total Espaço Para Eventos,topic_concert_venue,overture,-22.85445785522461,-43.763389587402344,,overture:Alegria Total Espaço Para Eventos:-22.85446:-43.76339
Sítio Santa Catarina,topic_concert_venue,overture,-22.85641098022461,-43.77400588989258,,overture:Sítio Santa Catarina:-22.85641:-43.77401
Boate do Chico,topic_concert_venue,overture,-22.85919189453125,-43.78017044067383,,overture:Boate do Chico:-22.85919:-43.78017
Casa de Festas Hope,topic_concert_venue,overture,-22.85947608947754,-43.77714920043945,,overture:Casa de Festas Hope:-22.85948:-43.77715
Condominio Residencial Safira II,landmark_and_historical_building,overture,-22.860158920288086,-43.77330017089844,,overture:Condominio Residencial Safira II:-22.86016:-43.77330
MM Espaço Festas,topic_concert_venue,overture,-22.860233306884766,-43.78715133666992,,overture:MM Espaço Festas:-22.86023:-43.78715
Minha,landmark_and_historical_building,overture,-22.86237907409668,-43.782806396484375,,overture:Minha:-22.86238:-43.78281
Expo Itaguaí 2024,cultural_center,overture,-22.864782333374023,-43.7731819152832,,overture:Expo Itaguaí 2024:-22.86478:-43.77318
Condomínio Califórnia VIII,landmark_and_historical_building,overture,-22.8660888671875,-43.78974151611328,,overture:Condomínio Califórnia VIII:-22.86609:-43.78974
Canal do Guandu,landmark_and_historical_building,overture,-22.866670608520508,-43.68333053588867,,overture:Canal do Guandu:-22.86667:-43.68333
Sitio Balbinos,topic_concert_venue,overture,-22.86184310913086,-43.67757034301758,,overture:Sitio Balbinos:-22.86184:-43.67757
Condomínio Pomar do Mendanha,landmark_and_historical_building,overture,-22.863279342651367,-43.54161834716797,,overture:Condomínio Pomar do Mendanha:-22.86328:-43.54162
Condomínio Valesca,landmark_and_historical_building,overture,-22.86294937133789,-43.53492736816406,,overture:Condomínio Valesca:-22.86295:-43.53493
Condomínio Solar do Mendanha,landmark_and_historical_building,overture,-22.862098693847656,-43.541080474853516,,overture:Condomínio Solar do Mendanha:-22.86210:-43.54108
Sítio Monte Sião,topic_concert_venue,overture,-22.86103057861328,-43.502655029296875,,overture:Sítio Monte Sião:-22.86103:-43.50266
Palácio De La Potrinyh - Malvinas,landmark_and_historical_building,overture,-22.860286712646484,-43.481868743896484,,overture:Palácio De La Potrinyh - Malvinas:-22.86029:-43.48187
Salão 5 Estrelas,topic_concert_venue,overture,-22.860612869262695,-43.46569061279297,,overture:Salão 5 Estrelas:-22.86061:-43.46569
Espaço de festa flor do Oriente,topic_concert_venue,overture,-22.861080169677734,-43.467960357666016,,overture:Espaço de festa flor do Oriente:-22.86108:-43.46796
Condomínio Serra Azul,landmark_and_historical_building,overture,-22.861766815185547,-43.46281051635742,,overture:Condomínio Serra Azul:-22.86177:-43.46281
Condomínio Green Park,landmark_and_historical_building,overture,-22.861797332763672,-43.4675407409668,,overture:Condomínio Green Park:-22.86180:-43.46754
Condominio Moradas Bangu,landmark_and_historical_building,overture,-22.862051010131836,-43.46842575073242,,overture:Condominio Moradas Bangu:-22.86205:-43.46843
Condomínio Vivendas de Bangu,landmark_and_historical_building,overture,-22.86202621459961,-43.468990325927734,,overture:Condomínio Vivendas de Bangu:-22.86203:-43.46899
Condomínio bouganville,landmark_and_historical_building,overture,-22.861974716186523,-43.460845947265625,,overture:Condomínio bouganville:-22.86197:-43.46085
Condomínio Belo Horizonte,landmark_and_historical_building,overture,-22.862590789794922,-43.458885192871094,,overture:Condomínio Belo Horizonte:-22.86259:-43.45889
Salão De Festas Espaço Silva,topic_concert_venue,overture,-22.862319946289062,-43.49081802368164,,overture:Salão De Festas Espaço Silva:-22.86232:-43.49082
Condomínio dos Irmãos Araújo,landmark_and_historical_building,overture,-22.863143920898438,-43.47275161743164,,overture:Condomínio dos Irmãos Araújo:-22.86314:-43.47275
Conjunto Ubaldo de Oliveira,landmark_and_historical_building,overture,-22.863134384155273,-43.47187805175781,,overture:Conjunto Ubaldo de Oliveira:-22.86313:-43.47188
Condominio Geral Zagreb 180,landmark_and_historical_building,overture,-22.863061904907227,-43.466426849365234,,overture:Condominio Geral Zagreb 180:-22.86306:-43.46643
Condomínio Parque Formoso,landmark_and_historical_building,overture,-22.86316680908203,-43.464210510253906,,overture:Condomínio Parque Formoso:-22.86317:-43.46421
Selvinha Bangu,landmark_and_historical_building,overture,-22.86322593688965,-43.457977294921875,,overture:Selvinha Bangu:-22.86323:-43.45798
Salão de festas Opção.,topic_concert_venue,overture,-22.864286422729492,-43.45722198486328,,overture:Salão de festas Opção.:-22.86429:-43.45722
Parque São Pedro,landmark_and_historical_building,overture,-22.864713668823242,-43.46309280395508,,overture:Parque São Pedro:-22.86471:-43.46309
Condomínio São Félix,landmark_and_historical_building,overture,-22.864675521850586,-43.46409606933594,,overture:Condomínio São Félix:-22.86468:-43.46410
Building Park Ritz,landmark_and_historical_building,overture,-22.86402130126953,-43.54240798950195,,overture:Building Park Ritz:-22.86402:-43.54241
Cond.Vale Das Palmeiras,landmark_and_historical_building,overture,-22.86421012878418,-43.55933380126953,,overture:Cond.Vale Das Palmeiras:-22.86421:-43.55933
Lancamentos  de Imoveis R.J.,landmark_and_historical_building,overture,-22.863845825195312,-43.54655456542969,,overture:Lancamentos  de Imoveis R.J.:-22.86385:-43.54655
Consultor Imobiliário Jorge Rondão,landmark_and_historical_building,overture,-22.867420196533203,-43.553321838378906,,overture:Consultor Imobiliário Jorge Rondão:-22.86742:-43.55332
Villagio Silvestre Condo Club,landmark_and_historical_building,overture,-22.867502212524414,-43.544979095458984,,overture:Villagio Silvestre Condo Club:-22.86750:-43.54498
Rio Oceane,landmark_and_historical_building,overture,-22.86723518371582,-43.5614128112793,,overture:Rio Oceane:-22.86724:-43.56141
Condomínio Parque dos Sonhos,landmark_and_historical_building,overture,-22.86678695678711,-43.55253219604492,,overture:Condomínio Parque dos Sonhos:-22.86679:-43.55253
Salão Quintal di Casa,topic_concert_venue,overture,-22.867353439331055,-43.52485656738281,,overture:Salão Quintal di Casa:-22.86735:-43.52486
Colinas do Retiro,landmark_and_historical_building,overture,-22.865671157836914,-43.47866439819336,,overture:Colinas do Retiro:-22.86567:-43.47866
Vila Porta do Céu,landmark_and_historical_building,overture,-22.866830825805664,-43.46247482299805,,overture:Vila Porta do Céu:-22.86683:-43.46247
Mangueiral,landmark_and_historical_building,overture,-22.866737365722656,-43.480220794677734,,overture:Mangueiral:-22.86674:-43.48022
Orquestra Católica do Rio de Janeiro,topic_concert_venue,overture,-22.86715316772461,-43.464866638183594,,overture:Orquestra Católica do Rio de Janeiro:-22.86715:-43.46487
Condominio Vivenda dos Pintassilgos,landmark_and_historical_building,overture,-22.869565963745117,-43.50932693481445,,overture:Condominio Vivenda dos Pintassilgos:-22.86957:-43.50933
FÊNIX,topic_concert_venue,overture,-22.869129180908203,-43.48646545410156,,overture:FÊNIX:-22.86913:-43.48647
Favela e Lugar de Paz e alegria pras Crianças,topic_concert_venue,overture,-22.868810653686523,-43.47218704223633,,overture:Favela e Lugar de Paz e alegria pras Crianças:-22.86881:-43.47219
Ap de Bangu,landmark_and_historical_building,overture,-22.86931037902832,-43.46147537231445,,overture:Ap de Bangu:-22.86931:-43.46148
Salão Raio de Sol,topic_concert_venue,overture,-22.86983299255371,-43.48152160644531,,overture:Salão Raio de Sol:-22.86983:-43.48152
Bangu,landmark_and_historical_building,overture,-22.87127113342285,-43.46128463745117,,overture:Bangu:-22.87127:-43.46128
Praça Paulo Da Portela Madureira,topic_concert_venue,overture,-22.86992835998535,-43.4986572265625,,overture:Praça Paulo Da Portela Madureira:-22.86993:-43.49866
Espaço Silva Festa e Eventos,topic_concert_venue,overture,-22.870264053344727,-43.54902648925781,,overture:Espaço Silva Festa e Eventos:-22.87026:-43.54903
Condominium Park Silvestre,landmark_and_historical_building,overture,-22.871389389038086,-43.54833221435547,,overture:Condominium Park Silvestre:-22.87139:-43.54833
Campo grande,landmark_and_historical_building,overture,-22.8709659576416,-43.552978515625,,overture:Campo grande:-22.87097:-43.55298
Espaço Vivian Lima,topic_concert_venue,overture,-22.871240615844727,-43.564483642578125,,overture:Espaço Vivian Lima:-22.87124:-43.56448
Residencial Andrea,landmark_and_historical_building,overture,-22.870479583740234,-43.57737350463867,,overture:Residencial Andrea:-22.87048:-43.57737
TERTU's Espaço de festas,topic_concert_venue,overture,-22.870113372802734,-43.563880920410156,,overture:TERTU's Espaço de festas:-22.87011:-43.56388
Condomínio Vale das Palmeiras,landmark_and_historical_building,overture,-22.8693790435791,-43.55453109741211,,overture:Condomínio Vale das Palmeiras:-22.86938:-43.55453
Condominio Moradas do Lameirão,landmark_and_historical_building,overture,-22.868946075439453,-43.5295524597168,,overture:Condominio Moradas do Lameirão:-22.86895:-43.52955
Casa silvestre,landmark_and_historical_building,overture,-22.86907386779785,-43.54745101928711,,overture:Casa silvestre:-22.86907:-43.54745
Conquista Mendanha,landmark_and_historical_building,overture,-22.86824607849121,-43.55197525024414,,overture:Conquista Mendanha:-22.86825:-43.55198
Condomínio girassol,landmark_and_historical_building,overture,-22.867734909057617,-43.55455017089844,,overture:Condomínio girassol:-22.86773:-43.55455
Condomínio Park Riviera da Costa,landmark_and_historical_building,overture,-22.86850357055664,-43.58575439453125,,overture:Condomínio Park Riviera da Costa:-22.86850:-43.58575
Psicologo Lemuel Gonçalves,topic_concert_venue,overture,-22.86909294128418,-43.64397048950195,,overture:Psicologo Lemuel Gonçalves:-22.86909:-43.64397
Salão Realize,topic_concert_venue,overture,-22.869354248046875,-43.675086975097656,,overture:Salão Realize:-22.86935:-43.67509
Espaço CM Festas e Eventos,topic_concert_venue,overture,-22.873332977294922,-43.63103103637695,,overture:Espaço CM Festas e Eventos:-22.87333:-43.63103
Residencial Brisa Mar de Jesuitas,landmark_and_historical_building,overture,-22.872699737548828,-43.65977096557617,,overture:Residencial Brisa Mar de Jesuitas:-22.87270:-43.65977
Sitio Arena Nordeste,topic_concert_venue,overture,-22.875356674194336,-43.63236999511719,,overture:Sitio Arena Nordeste:-22.87536:-43.63237
Fiori Residências,landmark_and_historical_building,overture,-22.87502670288086,-43.56970977783203,,overture:Fiori Residências:-22.87503:-43.56971
Condomínio Residencial Parma Life,landmark_and_historical_building,overture,-22.875347137451172,-43.533714294433594,,overture:Condomínio Residencial Parma Life:-22.87535:-43.53371
Condo Piacenza Life,landmark_and_historical_building,overture,-22.875185012817383,-43.53435134887695,,overture:Condo Piacenza Life:-22.87519:-43.53435
Residencial Vera Cruz,landmark_and_historical_building,overture,-22.87419891357422,-43.55055618286133,,overture:Residencial Vera Cruz:-22.87420:-43.55056
Salão de Festas - Espaço Realce,topic_concert_venue,overture,-22.87432289123535,-43.58368682861328,,overture:Salão de Festas - Espaço Realce:-22.87432:-43.58369
Asé Carmelita,landmark_and_historical_building,overture,-22.87306785583496,-43.576419830322266,,overture:Asé Carmelita:-22.87307:-43.57642
Fio Cruz Museu da Vida,museum,overture,-22.8718204498291,-43.562618255615234,,overture:Fio Cruz Museu da Vida:-22.87182:-43.56262
Sitio Do Miguel,topic_concert_venue,overture,-22.871858596801758,-43.536529541015625,,overture:Sitio Do Miguel:-22.87186:-43.53653
Condominio Beija-Flor das Laranjeiras,landmark_and_historical_building,overture,-22.87251853942871,-43.5299186706543,,overture:Condominio Beija-Flor das Laranjeiras:-22.87252:-43.52992
Condomínio Serra Alta,landmark_and_historical_building,overture,-22.87266731262207,-43.52924346923828,,overture:Condomínio Serra Alta:-22.87267:-43.52924
Orange Village Condo,landmark_and_historical_building,overture,-22.872657775878906,-43.53068542480469,,overture:Orange Village Condo:-22.87266:-43.53069
Espaço MOURA,topic_concert_venue,overture,-22.872900009155273,-43.53239059448242,,overture:Espaço MOURA:-22.87290:-43.53239
Sítio do Manolo Festas e Eventos,topic_concert_venue,overture,-22.87291145324707,-43.54643630981445,,overture:Sítio do Manolo Festas e Eventos:-22.87291:-43.54644
Condomínio Vivendas dos Rouxinóis,landmark_and_historical_building,overture,-22.873279571533203,-43.551109313964844,,overture:Condomínio Vivendas dos Rouxinóis:-22.87328:-43.55111
Conquista Campo Grande,landmark_and_historical_building,overture,-22.872623443603516,-43.526302337646484,,overture:Conquista Campo Grande:-22.87262:-43.52630
Espaço MaJu Festas,topic_concert_venue,overture,-22.87250328063965,-43.49429702758789,,overture:Espaço MaJu Festas:-22.87250:-43.49430
Casa de Festa Evidence ,topic_concert_venue,overture,-22.87220001220703,-43.46215057373047,,overture:Casa de Festa Evidence :-22.87220:-43.46215
"Vila Aliança, Bangu, Rio de Janeiro - RJ",landmark_and_historical_building,overture,-22.872724533081055,-43.472251892089844,,"overture:Vila Aliança, Bangu, Rio de Janeiro - RJ:-22.87272:-43.47225"
Em Bangu,landmark_and_historical_building,overture,-22.87270736694336,-43.48126983642578,,overture:Em Bangu:-22.87271:-43.48127
Terraço Meso,topic_concert_venue,overture,-22.873268127441406,-43.457279205322266,,overture:Terraço Meso:-22.87327:-43.45728
Condomínio Residencial Vivendas de Bangu,landmark_and_historical_building,overture,-22.874242782592773,-43.47724151611328,,overture:Condomínio Residencial Vivendas de Bangu:-22.87424:-43.47724
Semente do Futuro,cultural_center,overture,-22.875003814697266,-43.47321701049805,,overture:Semente do Futuro:-22.87500:-43.47322
Associação dos Amigos da Lona Cultural Hermeto Pascoal,cultural_center,overture,-22.877389907836914,-43.47265625,,overture:Associação dos Amigos da Lona Cultural Hermeto Pascoal:-22.87739:-43.47266
Areninha Carioca Hermeto Pascoal,cultural_center,overture,-22.87732696533203,-43.47283172607422,,overture:Areninha Carioca Hermeto Pascoal:-22.87733:-43.47283
Condomínio Laura serra,landmark_and_historical_building,overture,-22.876352310180664,-43.555992126464844,,overture:Condomínio Laura serra:-22.87635:-43.55599
Condomínio Esplanada,landmark_and_historical_building,overture,-22.876487731933594,-43.5533332824707,,overture:Condomínio Esplanada:-22.87649:-43.55333
Condomínio Firenze Life,landmark_and_historical_building,overture,-22.876811981201172,-43.53386306762695,,overture:Condomínio Firenze Life:-22.87681:-43.53386
Espaço Luzier,topic_concert_venue,overture,-22.87763023376465,-43.543670654296875,,overture:Espaço Luzier:-22.87763:-43.54367
Condomínio Colline Verte,landmark_and_historical_building,overture,-22.877973556518555,-43.54408264160156,,overture:Condomínio Colline Verte:-22.87797:-43.54408
Victoria Reserva Residence Club,landmark_and_historical_building,overture,-22.877941131591797,-43.53135299682617,,overture:Victoria Reserva Residence Club:-22.87794:-43.53135
Condomínio Village da Posse,landmark_and_historical_building,overture,-22.878381729125977,-43.545345306396484,,overture:Condomínio Village da Posse:-22.87838:-43.54535
Condominio Colinas Do Mendanha,landmark_and_historical_building,overture,-22.877744674682617,-43.55498123168945,,overture:Condominio Colinas Do Mendanha:-22.87774:-43.55498
Ideal Village Condominium Rossi Guandu Sape,landmark_and_historical_building,overture,-22.87750816345215,-43.56141662597656,,overture:Ideal Village Condominium Rossi Guandu Sape:-22.87751:-43.56142
Condominio West Garden Campo Grande,landmark_and_historical_building,overture,-22.877857208251953,-43.56904602050781,,overture:Condominio West Garden Campo Grande:-22.87786:-43.56905
Residencial Vitória II,landmark_and_historical_building,overture,-22.87789535522461,-43.571468353271484,,overture:Residencial Vitória II:-22.87790:-43.57147
Condominio SNT Maria,landmark_and_historical_building,overture,-22.878963470458984,-43.58132553100586,,overture:Condominio SNT Maria:-22.87896:-43.58133
Loteamento Monte Líbano,landmark_and_historical_building,overture,-22.879207611083984,-43.59512710571289,,overture:Loteamento Monte Líbano:-22.87921:-43.59513
Condomínio Bosque do Tinguí,landmark_and_historical_building,overture,-22.87944221496582,-43.58745574951172,,overture:Condomínio Bosque do Tinguí:-22.87944:-43.58746
Condominium Park Renovare,landmark_and_historical_building,overture,-22.879005432128906,-43.550411224365234,,overture:Condominium Park Renovare:-22.87901:-43.55041
Condomínio Flores do Campo,landmark_and_historical_building,overture,-22.878698348999023,-43.540061950683594,,overture:Condomínio Flores do Campo:-22.87870:-43.54006
Edifício 13 De Janeiro,landmark_and_historical_building,overture,-22.87860679626465,-43.49220275878906,,overture:Edifício 13 De Janeiro:-22.87861:-43.49220
Condominio Vacary- Senador Camará,landmark_and_historical_building,overture,-22.878082275390625,-43.48818588256836,,overture:Condominio Vacary- Senador Camará:-22.87808:-43.48819
Condominio Destri,landmark_and_historical_building,overture,-22.8775634765625,-43.488670349121094,,overture:Condominio Destri:-22.87756:-43.48867
Pistão De BANGU,topic_concert_venue,overture,-22.87837028503418,-43.46483612060547,,overture:Pistão De BANGU:-22.87837:-43.46484
Museu de Bangu,museum,overture,-22.878812789916992,-43.46345901489258,,overture:Museu de Bangu:-22.87881:-43.46346
Teatro Bangu Shopping,topic_concert_venue,overture,-22.878684997558594,-43.465885162353516,,overture:Teatro Bangu Shopping:-22.87868:-43.46589
Condomínio Ayres,landmark_and_historical_building,overture,-22.87877082824707,-43.48748016357422,,overture:Condomínio Ayres:-22.87877:-43.48748
Condomínio Speranza,landmark_and_historical_building,overture,-22.879053115844727,-43.48896789550781,,overture:Condomínio Speranza:-22.87905:-43.48897
Sítio Verde Morada,topic_concert_venue,overture,-22.879425048828125,-43.46992874145508,,overture:Sítio Verde Morada:-22.87943:-43.46993
Condomínio Edifício Maravilha,landmark_and_historical_building,overture,-22.878997802734375,-43.457672119140625,,overture:Condomínio Edifício Maravilha:-22.87900:-43.45767
Edifício Reserva Estampadores,landmark_and_historical_building,overture,-22.879680633544922,-43.4708366394043,,overture:Edifício Reserva Estampadores:-22.87968:-43.47084
Vila Anime,topic_concert_venue,overture,-22.880002975463867,-43.465614318847656,,overture:Vila Anime:-22.88000:-43.46561
Salao Enkontrus,topic_concert_venue,overture,-22.880250930786133,-43.48322677612305,,overture:Salao Enkontrus:-22.88025:-43.48323
Edifício Guanabara,landmark_and_historical_building,overture,-22.8796329498291,-43.493160247802734,,overture:Edifício Guanabara:-22.87963:-43.49316
Residencial Arcos Da Prata,landmark_and_historical_building,overture,-22.87967300415039,-43.510711669921875,,overture:Residencial Arcos Da Prata:-22.87967:-43.51071
CT Santíssimo de Tênis de Mesa,topic_concert_venue,overture,-22.880033493041992,-43.51340103149414,,overture:CT Santíssimo de Tênis de Mesa:-22.88003:-43.51340
Edifício Bahia,landmark_and_historical_building,overture,-22.88028907775879,-43.49332809448242,,overture:Edifício Bahia:-22.88029:-43.49333
Leopoldina Minas Gerais,landmark_and_historical_building,overture,-22.881160736083984,-43.47553634643555,,overture:Leopoldina Minas Gerais:-22.88116:-43.47554
Condomínio Taroni,landmark_and_historical_building,overture,-22.880830764770508,-43.48908996582031,,overture:Condomínio Taroni:-22.88083:-43.48909
Correntes De Sangue MC,topic_concert_venue,overture,-22.880859375,-43.48382568359375,,overture:Correntes De Sangue MC:-22.88086:-43.48383
Recanto dos Tintureiros,topic_concert_venue,overture,-22.88071632385254,-43.47268295288086,,overture:Recanto dos Tintureiros:-22.88072:-43.47268
Condominio do Edificio Residencial Bangu,landmark_and_historical_building,overture,-22.880462646484375,-43.466976165771484,,overture:Condominio do Edificio Residencial Bangu:-22.88046:-43.46698
Upa de magalhas bastos,landmark_and_historical_building,overture,-22.88100242614746,-43.45863342285156,,overture:Upa de magalhas bastos:-22.88100:-43.45863
Edifício Santa Cecília,landmark_and_historical_building,overture,-22.881305694580078,-43.465354919433594,,overture:Edifício Santa Cecília:-22.88131:-43.46535
Condomínio Monte Líbano,landmark_and_historical_building,overture,-22.88165283203125,-43.49155807495117,,overture:Condomínio Monte Líbano:-22.88165:-43.49156
Condo Building Jerusalem,landmark_and_historical_building,overture,-22.881956100463867,-43.491451263427734,,overture:Condo Building Jerusalem:-22.88196:-43.49145
Condomínio do Edifício Amazonas,landmark_and_historical_building,overture,-22.882265090942383,-43.49139404296875,,overture:Condomínio do Edifício Amazonas:-22.88227:-43.49139
Malena Salão de Festas,topic_concert_venue,overture,-22.882183074951172,-43.46230697631836,,overture:Malena Salão de Festas:-22.88218:-43.46231
avenida santa cruz,landmark_and_historical_building,overture,-22.882829666137695,-43.488285064697266,,overture:avenida santa cruz:-22.88283:-43.48829
Salão de Festas Casa Fiorio,topic_concert_venue,overture,-22.882522583007812,-43.49959945678711,,overture:Salão de Festas Casa Fiorio:-22.88252:-43.49960
Condomínio Margarida,landmark_and_historical_building,overture,-22.882091522216797,-43.497169494628906,,overture:Condomínio Margarida:-22.88209:-43.49717
Condominio do Edificio Aquarius,landmark_and_historical_building,overture,-22.881677627563477,-43.49231719970703,,overture:Condominio do Edificio Aquarius:-22.88168:-43.49232
Espaço Catavento,topic_concert_venue,overture,-22.88188362121582,-43.52267074584961,,overture:Espaço Catavento:-22.88188:-43.52267
Espaço TERRA,topic_concert_venue,overture,-22.881689071655273,-43.53512954711914,,overture:Espaço TERRA:-22.88169:-43.53513
Residencial Vitória,landmark_and_historical_building,overture,-22.881778717041016,-43.540367126464844,,overture:Residencial Vitória:-22.88178:-43.54037
Condomínio Jardim Tropical,landmark_and_historical_building,overture,-22.8818359375,-43.55183792114258,,overture:Condomínio Jardim Tropical:-22.88184:-43.55184
Condo Villa Borghese,landmark_and_historical_building,overture,-22.88241195678711,-43.55095672607422,,overture:Condo Villa Borghese:-22.88241:-43.55096
Avenida Mergulhao,landmark_and_historical_building,overture,-22.882204055786133,-43.549560546875,,overture:Avenida Mergulhao:-22.88220:-43.54956
Condo San Remo,landmark_and_historical_building,overture,-22.882211685180664,-43.54956817626953,,overture:Condo San Remo:-22.88221:-43.54957
Centro Cultural Pedro II - Posse,cultural_center,overture,-22.882858276367188,-43.55149459838867,,overture:Centro Cultural Pedro II - Posse:-22.88286:-43.55149
Condominio Residencial Campo Grande,landmark_and_historical_building,overture,-22.882936477661133,-43.5706672668457,,overture:Condominio Residencial Campo Grande:-22.88294:-43.57067
Espaço Styllus,topic_concert_venue,overture,-22.88321304321289,-43.584251403808594,,overture:Espaço Styllus:-22.88321:-43.58425
Condomínio Solar do Oeste,landmark_and_historical_building,overture,-22.883136749267578,-43.59379196166992,,overture:Condomínio Solar do Oeste:-22.88314:-43.59379
Residencial Asa Branca,landmark_and_historical_building,overture,-22.882524490356445,-43.59542465209961,,overture:Residencial Asa Branca:-22.88252:-43.59542
Centro Cultural Pedro I,cultural_center,overture,-22.88216209411621,-43.58867263793945,,overture:Centro Cultural Pedro I:-22.88216:-43.58867
Espaço Arthur Festas,topic_concert_venue,overture,-22.882413864135742,-43.56846237182617,,overture:Espaço Arthur Festas:-22.88241:-43.56846
Residencial Monte Campestre,landmark_and_historical_building,overture,-22.881614685058594,-43.57097244262695,,overture:Residencial Monte Campestre:-22.88161:-43.57097
Condomínio Flamingo Residências,landmark_and_historical_building,overture,-22.880680084228516,-43.59149169921875,,overture:Condomínio Flamingo Residências:-22.88068:-43.59149
Estrada Santa Maria,landmark_and_historical_building,overture,-22.880563735961914,-43.5805549621582,,overture:Estrada Santa Maria:-22.88056:-43.58055
Condomínio 11,landmark_and_historical_building,overture,-22.880701065063477,-43.57035827636719,,overture:Condomínio 11:-22.88070:-43.57036
Condominio Residencial Vitória,landmark_and_historical_building,overture,-22.881389617919922,-43.54084777832031,,overture:Condominio Residencial Vitória:-22.88139:-43.54085
Park condominium Reality,landmark_and_historical_building,overture,-22.880151748657227,-43.55083084106445,,overture:Park condominium Reality:-22.88015:-43.55083
West Garden Residencial,landmark_and_historical_building,overture,-22.879663467407227,-43.54233169555664,,overture:West Garden Residencial:-22.87966:-43.54233
Condominio Residencial Morada do Sape,landmark_and_historical_building,overture,-22.879514694213867,-43.56303787231445,,overture:Condominio Residencial Morada do Sape:-22.87951:-43.56304
Condomínio Jardim Lorena,landmark_and_historical_building,overture,-22.87959861755371,-43.57499313354492,,overture:Condomínio Jardim Lorena:-22.87960:-43.57499
CasaBela Eventos,topic_concert_venue,overture,-22.880430221557617,-43.58828353881836,,overture:CasaBela Eventos:-22.88043:-43.58828
Condomínio Recanto do Tinguí,landmark_and_historical_building,overture,-22.879831314086914,-43.58694076538086,,overture:Condomínio Recanto do Tinguí:-22.87983:-43.58694
Condomínio Évora,landmark_and_historical_building,overture,-22.880615234375,-43.66007614135742,,overture:Condomínio Évora:-22.88062:-43.66008
Condomínio Recanto Da Natureza,landmark_and_historical_building,overture,-22.880958557128906,-43.62044906616211,,overture:Condomínio Recanto Da Natureza:-22.88096:-43.62045
Arena Campinho Eventos,topic_concert_venue,overture,-22.881580352783203,-43.617820739746094,,overture:Arena Campinho Eventos:-22.88158:-43.61782
Recanto do Guerreiro,topic_concert_venue,overture,-22.882251739501953,-43.60535430908203,,overture:Recanto do Guerreiro:-22.88225:-43.60535
Arena Monte Líbano,topic_concert_venue,overture,-22.882505416870117,-43.597259521484375,,overture:Arena Monte Líbano:-22.88251:-43.59726
Condo Park Royal,landmark_and_historical_building,overture,-22.882863998413086,-43.6302490234375,,overture:Condo Park Royal:-22.88286:-43.63025
Condomínio Park Imperial,landmark_and_historical_building,overture,-22.882694244384766,-43.63128662109375,,overture:Condomínio Park Imperial:-22.88269:-43.63129
Condomínio residencial Montblanc,landmark_and_historical_building,overture,-22.883028030395508,-43.63559341430664,,overture:Condomínio residencial Montblanc:-22.88303:-43.63559
Condomínio Cascais,landmark_and_historical_building,overture,-22.8829288482666,-43.661895751953125,,overture:Condomínio Cascais:-22.88293:-43.66190
Condomínio Residencial Toulon,landmark_and_historical_building,overture,-22.88234519958496,-43.636871337890625,,overture:Condomínio Residencial Toulon:-22.88235:-43.63687
Santa Cruz Condominio Estoril 3735,landmark_and_historical_building,overture,-22.881765365600586,-43.66044235229492,,overture:Santa Cruz Condominio Estoril 3735:-22.88177:-43.66044
Morro da Conceicao,landmark_and_historical_building,overture,-22.88028335571289,-43.677581787109375,,overture:Morro da Conceicao:-22.88028:-43.67758
Espaço Bia Marques,topic_concert_venue,overture,-22.87921905517578,-43.665096282958984,,overture:Espaço Bia Marques:-22.87922:-43.66510
Residential Malaga Garden,landmark_and_historical_building,overture,-22.877717971801758,-43.615699768066406,,overture:Residential Malaga Garden:-22.87772:-43.61570
Condomínio Morada Verde,landmark_and_historical_building,overture,-22.877798080444336,-43.64689254760742,,overture:Condomínio Morada Verde:-22.87780:-43.64689
Residencial Condomínio Gibraltar Garden,landmark_and_historical_building,overture,-22.87714385986328,-43.61274337768555,,overture:Residencial Condomínio Gibraltar Garden:-22.87714:-43.61274
Paciência,landmark_and_historical_building,overture,-22.876020431518555,-43.62932586669922,,overture:Paciência:-22.87602:-43.62933
Vila Dos Mineiros,landmark_and_historical_building,overture,-22.87588119506836,-43.77155303955078,,overture:Vila Dos Mineiros:-22.87588:-43.77155
Castelinho Coroa Grande,topic_concert_venue,overture,-22.878358840942383,-43.76845932006836,,overture:Castelinho Coroa Grande:-22.87836:-43.76846
Recanto das Pedras,topic_concert_venue,overture,-22.88127326965332,-43.76504135131836,,overture:Recanto das Pedras:-22.88127:-43.76504
Estação Ferroviária Casa de Cultura de Itaguaí,topic_concert_venue,overture,-22.87369155883789,-43.77744674682617,,overture:Estação Ferroviária Casa de Cultura de Itaguaí:-22.87369:-43.77745
Casa de Cultura Marise Moreira de Brito,cultural_center,overture,-22.874069213867188,-43.77790069580078,,overture:Casa de Cultura Marise Moreira de Brito:-22.87407:-43.77790
Celebridade Casa de Festas,topic_concert_venue,overture,-22.874319076538086,-43.78937530517578,,overture:Celebridade Casa de Festas:-22.87432:-43.78938
Clube do Cavalo Itaguaí,topic_concert_venue,overture,-22.872697830200195,-43.780967712402344,,overture:Clube do Cavalo Itaguaí:-22.87270:-43.78097
"Festival da Cachaça, Cultura e Sabores de Paraty",topic_concert_venue,overture,-22.871797561645508,-43.78200912475586,,"overture:Festival da Cachaça, Cultura e Sabores de Paraty:-22.87180:-43.78201"
Prepara Cursos,cultural_center,overture,-22.87096405029297,-43.77714157104492,,overture:Prepara Cursos:-22.87096:-43.77714
Calçadão Itaguaí,landmark_and_historical_building,overture,-22.8714542388916,-43.77791213989258,,overture:Calçadão Itaguaí:-22.87145:-43.77791
Ed Faestal,landmark_and_historical_building,overture,-22.87135124206543,-43.77780532836914,,overture:Ed Faestal:-22.87135:-43.77781
Condomínio Fusion Work & Life,landmark_and_historical_building,overture,-22.871217727661133,-43.76865005493164,,overture:Condomínio Fusion Work & Life:-22.87122:-43.76865
Cozinha da Nutri Daiana Queiroz,landmark_and_historical_building,overture,-22.871034622192383,-43.766998291015625,,overture:Cozinha da Nutri Daiana Queiroz:-22.87103:-43.76700
Espaço Vip,topic_concert_venue,overture,-22.870288848876953,-43.766502380371094,,overture:Espaço Vip:-22.87029:-43.76650
Centro Cultural Maria Bonita,cultural_center,overture,-22.870250701904297,-43.77561950683594,,overture:Centro Cultural Maria Bonita:-22.87025:-43.77562
Condomínio Parque Independência,landmark_and_historical_building,overture,-22.868940353393555,-43.771949768066406,,overture:Condomínio Parque Independência:-22.86894:-43.77195
Maria,landmark_and_historical_building,overture,-22.86834716796875,-43.79301071166992,,overture:Maria:-22.86835:-43.79301
Sítio Dona Rosa,topic_concert_venue,overture,-22.8896427154541,-43.66837692260742,,overture:Sítio Dona Rosa:-22.88964:-43.66838
Vitale On 2 quartos Rua Piaui. Perto do Norte Shopping,landmark_and_historical_building,overture,-22.89080047607422,-43.63633346557617,,overture:Vitale On 2 quartos Rua Piaui. Perto do Norte Shopping:-22.89080:-43.63633
Desativado,topic_concert_venue,overture,-22.88921356201172,-43.606666564941406,,overture:Desativado:-22.88921:-43.60667
Condomínio Vivendas Do Ingá,landmark_and_historical_building,overture,-22.88792610168457,-43.59748077392578,,overture:Condomínio Vivendas Do Ingá:-22.88793:-43.59748
Campo Grande - Condomínio Vivenda Das Rosas- Estrada Do Campinho,landmark_and_historical_building,overture,-22.88785171508789,-43.61845779418945,,overture:Campo Grande - Condomínio Vivenda Das Rosas- Estrada Do Campinho:-22.88785:-43.61846
Rio Vida Residencial Clube 1,landmark_and_historical_building,overture,-22.887704849243164,-43.629737854003906,,overture:Rio Vida Residencial Clube 1:-22.88770:-43.62974
Condomínio Rio Vida I,landmark_and_historical_building,overture,-22.887615203857422,-43.62800216674805,,overture:Condomínio Rio Vida I:-22.88762:-43.62800
Sítio Canaã,topic_concert_venue,overture,-22.887712478637695,-43.67792892456055,,overture:Sítio Canaã:-22.88771:-43.67793
Condomínio Topázio,landmark_and_historical_building,overture,-22.885671615600586,-43.66724395751953,,overture:Condomínio Topázio:-22.88567:-43.66724
Condominio Ametista,landmark_and_historical_building,overture,-22.884727478027344,-43.666900634765625,,overture:Condominio Ametista:-22.88473:-43.66690
Condomínio Almada,landmark_and_historical_building,overture,-22.88470458984375,-43.664371490478516,,overture:Condomínio Almada:-22.88470:-43.66437
Condomínio Aterrado do Leme III,landmark_and_historical_building,overture,-22.884193420410156,-43.65861511230469,,overture:Condomínio Aterrado do Leme III:-22.88419:-43.65862
Lar de Cultura Nosso Cafofo,cultural_center,overture,-22.884281158447266,-43.61625671386719,,overture:Lar de Cultura Nosso Cafofo:-22.88428:-43.61626
Vivenda das Coleirinhas,landmark_and_historical_building,overture,-22.883481979370117,-43.628448486328125,,overture:Vivenda das Coleirinhas:-22.88348:-43.62845
Villas of Patativas,landmark_and_historical_building,overture,-22.883621215820312,-43.626834869384766,,overture:Villas of Patativas:-22.88362:-43.62683
Grand Reserva - Campo Grande,landmark_and_historical_building,overture,-22.883453369140625,-43.60942077636719,,overture:Grand Reserva - Campo Grande:-22.88345:-43.60942
Condomínio Vila Branca,landmark_and_historical_building,overture,-22.88437271118164,-43.60141372680664,,overture:Condomínio Vila Branca:-22.88437:-43.60141
MRV Riviera Tropical,landmark_and_historical_building,overture,-22.884658813476562,-43.62513732910156,,overture:MRV Riviera Tropical:-22.88466:-43.62514
Condomi'nio Vivendas das Cotovias,landmark_and_historical_building,overture,-22.88468360900879,-43.62765884399414,,overture:Condomi'nio Vivendas das Cotovias:-22.88468:-43.62766
Condomínio Villagio do Campo II,landmark_and_historical_building,overture,-22.885929107666016,-43.598209381103516,,overture:Condomínio Villagio do Campo II:-22.88593:-43.59821
Villagio do Campo I,landmark_and_historical_building,overture,-22.886205673217773,-43.59779739379883,,overture:Villagio do Campo I:-22.88621:-43.59780
jardim palmares,landmark_and_historical_building,overture,-22.886308670043945,-43.63908767700195,,overture:jardim palmares:-22.88631:-43.63909
Mega Eventos -Festas e Eventos,topic_concert_venue,overture,-22.88661003112793,-43.62019348144531,,overture:Mega Eventos -Festas e Eventos:-22.88661:-43.62019
Espaço Cultural Aldair Sales,cultural_center,overture,-22.8870849609375,-43.608192443847656,,overture:Espaço Cultural Aldair Sales:-22.88708:-43.60819
J W festa e eventos,landmark_and_historical_building,overture,-22.886795043945312,-43.59443283081055,,overture:J W festa e eventos:-22.88680:-43.59443
Salão 1290 Festas e Eventos,topic_concert_venue,overture,-22.88677215576172,-43.5892333984375,,overture:Salão 1290 Festas e Eventos:-22.88677:-43.58923
Campo grande,landmark_and_historical_building,overture,-22.886375427246094,-43.5845832824707,,overture:Campo grande:-22.88638:-43.58458
residencial vitoriario,landmark_and_historical_building,overture,-22.88649559020996,-43.56874465942383,,overture:residencial vitoriario:-22.88650:-43.56874
Sonho de um Apartamento,landmark_and_historical_building,overture,-22.886730194091797,-43.56889343261719,,overture:Sonho de um Apartamento:-22.88673:-43.56889
Clayton Corretor de Imóveis,landmark_and_historical_building,overture,-22.886798858642578,-43.568870544433594,,overture:Clayton Corretor de Imóveis:-22.88680:-43.56887
Palace Hall,topic_concert_venue,overture,-22.885622024536133,-43.55775833129883,,overture:Palace Hall:-22.88562:-43.55776
Salao de Festas Versailles,topic_concert_venue,overture,-22.886167526245117,-43.57985305786133,,overture:Salao de Festas Versailles:-22.88617:-43.57985
Condomínio Bosque Do Ingá,landmark_and_historical_building,overture,-22.885711669921875,-43.59641647338867,,overture:Condomínio Bosque Do Ingá:-22.88571:-43.59642
Samba Do Bolete,topic_concert_venue,overture,-22.885272979736328,-43.56219482421875,,overture:Samba Do Bolete:-22.88527:-43.56219
Condominio Completo Campo Grande,landmark_and_historical_building,overture,-22.88480567932129,-43.57127380371094,,overture:Condominio Completo Campo Grande:-22.88481:-43.57127
Rio do ”A”,landmark_and_historical_building,overture,-22.883750915527344,-43.59432601928711,,overture:Rio do ”A”:-22.88375:-43.59433
Cond. Village do Tingui,landmark_and_historical_building,overture,-22.883764266967773,-43.56650161743164,,overture:Cond. Village do Tingui:-22.88376:-43.56650
Espaço Mix ViVer,topic_concert_venue,overture,-22.883895874023438,-43.565303802490234,,overture:Espaço Mix ViVer:-22.88390:-43.56530
Maison Ágape Eventos,topic_concert_venue,overture,-22.884033203125,-43.563865661621094,,overture:Maison Ágape Eventos:-22.88403:-43.56387
West Residencial,landmark_and_historical_building,overture,-22.884084701538086,-43.55353927612305,,overture:West Residencial:-22.88408:-43.55354
Condomínio Porto Real Resort,landmark_and_historical_building,overture,-22.88388442993164,-43.55778884887695,,overture:Condomínio Porto Real Resort:-22.88388:-43.55779
Centro cultural Pedro II - Santíssimo,cultural_center,overture,-22.8846378326416,-43.55292892456055,,overture:Centro cultural Pedro II - Santíssimo:-22.88464:-43.55293
Adryana Varandas Residences,landmark_and_historical_building,overture,-22.88450813293457,-43.54975509643555,,overture:Adryana Varandas Residences:-22.88451:-43.54976
Agape Eventos,topic_concert_venue,overture,-22.884912490844727,-43.54269790649414,,overture:Agape Eventos:-22.88491:-43.54270
Condominio Morada do Sol,landmark_and_historical_building,overture,-22.884689331054688,-43.49855422973633,,overture:Condominio Morada do Sol:-22.88469:-43.49855
Sapo de Camará,landmark_and_historical_building,overture,-22.884366989135742,-43.487239837646484,,overture:Sapo de Camará:-22.88437:-43.48724
Espaço para eventos Pool Party,topic_concert_venue,overture,-22.883670806884766,-43.483890533447266,,overture:Espaço para eventos Pool Party:-22.88367:-43.48389
Condomínio Park Riviera do Campo,landmark_and_historical_building,overture,-22.88362693786621,-43.48207092285156,,overture:Condomínio Park Riviera do Campo:-22.88363:-43.48207
Comunidade saibreira,landmark_and_historical_building,overture,-22.883514404296875,-43.48014450073242,,overture:Comunidade saibreira:-22.88351:-43.48014
Sai de Baixo Center,topic_concert_venue,overture,-22.88580322265625,-43.466453552246094,,overture:Sai de Baixo Center:-22.88580:-43.46645
Casa de Festas e Eventos - Bistrô 160 - Campo Grande,topic_concert_venue,overture,-22.885820388793945,-43.4643669128418,,overture:Casa de Festas e Eventos - Bistrô 160 - Campo Grande:-22.88582:-43.46437
Condomínio Ville Blanche,landmark_and_historical_building,overture,-22.885833740234375,-43.46243667602539,,overture:Condomínio Ville Blanche:-22.88583:-43.46244
Grbc Grilo de Bangu Carnaval 2019,topic_concert_venue,overture,-22.886123657226562,-43.47760772705078,,overture:Grbc Grilo de Bangu Carnaval 2019:-22.88612:-43.47761
Fazenda do Viegas,landmark_and_historical_building,overture,-22.88597297668457,-43.48427963256836,,overture:Fazenda do Viegas:-22.88597:-43.48428
Espaço Bandeck,topic_concert_venue,overture,-22.885805130004883,-43.501556396484375,,overture:Espaço Bandeck:-22.88581:-43.50156
Bemi.eventos,topic_concert_venue,overture,-22.88662338256836,-43.46556091308594,,overture:Bemi.eventos:-22.88662:-43.46556
Condomínio Moradas de Bangu,landmark_and_historical_building,overture,-22.887086868286133,-43.46431350708008,,overture:Condomínio Moradas de Bangu:-22.88709:-43.46431
Aabb Campos,topic_concert_venue,overture,-22.887840270996094,-43.46647644042969,,overture:Aabb Campos:-22.88784:-43.46648
Condominio Residencial Rio Da Prata,landmark_and_historical_building,overture,-22.887449264526367,-43.47221374511719,,overture:Condominio Residencial Rio Da Prata:-22.88745:-43.47221
Domingo a vontade,topic_concert_venue,overture,-22.887752532958984,-43.47689437866211,,overture:Domingo a vontade:-22.88775:-43.47689
Sítio São Luiz,landmark_and_historical_building,overture,-22.889286041259766,-43.516380310058594,,overture:Sítio São Luiz:-22.88929:-43.51638
Pedro II - Carvalho Ramos,cultural_center,overture,-22.88772964477539,-43.589290618896484,,overture:Pedro II - Carvalho Ramos:-22.88773:-43.58929
Espaço Caselli's,topic_concert_venue,overture,-22.887920379638672,-43.57290267944336,,overture:Espaço Caselli's:-22.88792:-43.57290
Colinas de Campo Grande,landmark_and_historical_building,overture,-22.889039993286133,-43.52928924560547,,overture:Colinas de Campo Grande:-22.88904:-43.52929
Espaço M7,topic_concert_venue,overture,-22.889543533325195,-43.52678680419922,,overture:Espaço M7:-22.88954:-43.52679
Busão Kids,topic_concert_venue,overture,-22.889657974243164,-43.55992126464844,,overture:Busão Kids:-22.88966:-43.55992
New Wave,topic_concert_venue,overture,-22.890300750732422,-43.56566619873047,,overture:New Wave:-22.89030:-43.56567
Condomínio Joaquim Magalhães,landmark_and_historical_building,overture,-22.891075134277344,-43.52956771850586,,overture:Condomínio Joaquim Magalhães:-22.89108:-43.52957
Andrade eventos - Salão de festas,topic_concert_venue,overture,-22.89064598083496,-43.47209548950195,,overture:Andrade eventos - Salão de festas:-22.89065:-43.47210
Salão Três corações,topic_concert_venue,overture,-22.89202117919922,-43.48876190185547,,overture:Salão Três corações:-22.89202:-43.48876
Condominio Paraiso Verde,landmark_and_historical_building,overture,-22.89424705505371,-43.470542907714844,,overture:Condominio Paraiso Verde:-22.89425:-43.47054
Condomínio Cantão,landmark_and_historical_building,overture,-22.89457893371582,-43.49663543701172,,overture:Condomínio Cantão:-22.89458:-43.49664
Casa de Festas Sonho Meu - Viegas,topic_concert_venue,overture,-22.894689559936523,-43.49289321899414,,overture:Casa de Festas Sonho Meu - Viegas:-22.89469:-43.49289
Condomínio Costa Do Sol - Viegas,landmark_and_historical_building,overture,-22.893604278564453,-43.49757766723633,,overture:Condomínio Costa Do Sol - Viegas:-22.89360:-43.49758
Condomínio Oiti,landmark_and_historical_building,overture,-22.893674850463867,-43.539329528808594,,overture:Condomínio Oiti:-22.89367:-43.53933
Toca do Minone,topic_concert_venue,overture,-22.894323348999023,-43.540531158447266,,overture:Toca do Minone:-22.89432:-43.54053
Condomínio Rio Tamisa,landmark_and_historical_building,overture,-22.89429473876953,-43.56163787841797,,overture:Condomínio Rio Tamisa:-22.89429:-43.56164
Sala Cultural Mestra Joana Cavalcante,topic_concert_venue,overture,-22.895103454589844,-43.57402038574219,,overture:Sala Cultural Mestra Joana Cavalcante:-22.89510:-43.57402
Johnny Bacana Produções,topic_concert_venue,overture,-22.893840789794922,-43.57174301147461,,overture:Johnny Bacana Produções:-22.89384:-43.57174
Condomínio Vivendas da Estrada do Campinho,landmark_and_historical_building,overture,-22.89340591430664,-43.5861701965332,,overture:Condomínio Vivendas da Estrada do Campinho:-22.89341:-43.58617
Murdock House,landmark_and_historical_building,overture,-22.892929077148438,-43.566917419433594,,overture:Murdock House:-22.89293:-43.56692
Casa Suíça de Nova Friburgo,history_museum,overture,-22.892805099487305,-43.536468505859375,,overture:Casa Suíça de Nova Friburgo:-22.89281:-43.53647
Segunda SEM Limite - Fuzzion CLUB,topic_concert_venue,overture,-22.892061233520508,-43.573974609375,,overture:Segunda SEM Limite - Fuzzion CLUB:-22.89206:-43.57397
Vinícius Lava Jato,topic_concert_venue,overture,-22.892160415649414,-43.58185577392578,,overture:Vinícius Lava Jato:-22.89216:-43.58186
Casa Cambaio,museum,overture,-22.892200469970703,-43.5838508605957,,overture:Casa Cambaio:-22.89220:-43.58385
Museu do Corpo de Fuzileiros Navais,history_museum,overture,-22.892683029174805,-43.6012077331543,,overture:Museu do Corpo de Fuzileiros Navais:-22.89268:-43.60121
"Espaço 42 - Festas, eventos, cultura e lazer",topic_concert_venue,overture,-22.89308738708496,-43.59754943847656,,"overture:Espaço 42 - Festas, eventos, cultura e lazer:-22.89309:-43.59755"
Condominio Zaragosa,landmark_and_historical_building,overture,-22.89259147644043,-43.64044189453125,,overture:Condominio Zaragosa:-22.89259:-43.64044
Espaço Verde Festas & Eventos- SANTA CRUZ,topic_concert_venue,overture,-22.892810821533203,-43.67416000366211,,overture:Espaço Verde Festas & Eventos- SANTA CRUZ:-22.89281:-43.67416
Conjunto 61,landmark_and_historical_building,overture,-22.894437789916992,-43.715816497802734,,overture:Conjunto 61:-22.89444:-43.71582
Condomínio toledo,landmark_and_historical_building,overture,-22.89333152770996,-43.64004898071289,,overture:Condomínio toledo:-22.89333:-43.64005
Salão de Festas Pimentinha,topic_concert_venue,overture,-22.895578384399414,-43.60560607910156,,overture:Salão de Festas Pimentinha:-22.89558:-43.60561
Espaço de Eventos Open House,topic_concert_venue,overture,-22.89606285095215,-43.60502624511719,,overture:Espaço de Eventos Open House:-22.89606:-43.60503
Residencial Águas do Alvorada,landmark_and_historical_building,overture,-22.89644432067871,-43.59999084472656,,overture:Residencial Águas do Alvorada:-22.89644:-43.59999
Edna Germana Corretora,landmark_and_historical_building,overture,-22.89641761779785,-43.604061126708984,,overture:Edna Germana Corretora:-22.89642:-43.60406
Condomínio Residencial das Acácias,landmark_and_historical_building,overture,-22.896570205688477,-43.606075286865234,,overture:Condomínio Residencial das Acácias:-22.89657:-43.60608
Condomínio Colina dos Coqueiros,landmark_and_historical_building,overture,-22.896581649780273,-43.611331939697266,,overture:Condomínio Colina dos Coqueiros:-22.89658:-43.61133
Casa do Jorge miguel,landmark_and_historical_building,overture,-22.89543342590332,-43.71506881713867,,overture:Casa do Jorge miguel:-22.89543:-43.71507
Recanto Das Palmeiras Santa Cruz Rj,topic_concert_venue,overture,-22.896608352661133,-43.67782974243164,,overture:Recanto Das Palmeiras Santa Cruz Rj:-22.89661:-43.67783
Condomínio Villaggio Ventura,landmark_and_historical_building,overture,-22.89818572998047,-43.67726516723633,,overture:Condomínio Villaggio Ventura:-22.89819:-43.67727
Condomínio Recanto Das Flores,landmark_and_historical_building,overture,-22.89808464050293,-43.68096160888672,,overture:Condomínio Recanto Das Flores:-22.89808:-43.68096
Companhia Siderúrgica do Atlântico,landmark_and_historical_building,overture,-22.898929595947266,-43.733333587646484,,overture:Companhia Siderúrgica do Atlântico:-22.89893:-43.73333
Condomínio Villagio Santa Cruz,landmark_and_historical_building,overture,-22.898611068725586,-43.67900466918945,,overture:Condomínio Villagio Santa Cruz:-22.89861:-43.67900
Condomínio Recanto da Colina,landmark_and_historical_building,overture,-22.898462295532227,-43.68109130859375,,overture:Condomínio Recanto da Colina:-22.89846:-43.68109
Condomínio Villaggio Novitá,landmark_and_historical_building,overture,-22.898387908935547,-43.678340911865234,,overture:Condomínio Villaggio Novitá:-22.89839:-43.67834
Condomínio Villaggio Verona,landmark_and_historical_building,overture,-22.898832321166992,-43.6759033203125,,overture:Condomínio Villaggio Verona:-22.89883:-43.67590
Condomínio Vale das Acácias,landmark_and_historical_building,overture,-22.89836311340332,-43.66127014160156,,overture:Condomínio Vale das Acácias:-22.89836:-43.66127
Residencial Vilas do Campo,landmark_and_historical_building,overture,-22.89748191833496,-43.59976577758789,,overture:Residencial Vilas do Campo:-22.89748:-43.59977
Condomínio Parque dos Eucaliptos,landmark_and_historical_building,overture,-22.899005889892578,-43.58536911010742,,overture:Condomínio Parque dos Eucaliptos:-22.89901:-43.58537
Residencial Vivendas De Inhoaíba,landmark_and_historical_building,overture,-22.898895263671875,-43.594425201416016,,overture:Residencial Vivendas De Inhoaíba:-22.89890:-43.59443
Condomínio Jardins Campo Grande,landmark_and_historical_building,overture,-22.89822769165039,-43.58613586425781,,overture:Condomínio Jardins Campo Grande:-22.89823:-43.58614
Bela Vida Campo Grande,landmark_and_historical_building,overture,-22.898948669433594,-43.574981689453125,,overture:Bela Vida Campo Grande:-22.89895:-43.57498
Centro Cultural Pedro II,cultural_center,overture,-22.898635864257812,-43.53797912597656,,overture:Centro Cultural Pedro II:-22.89864:-43.53798
Condominio Parque Dourado,landmark_and_historical_building,overture,-22.89847755432129,-43.5532112121582,,overture:Condominio Parque Dourado:-22.89848:-43.55321
Condomínio Corais,landmark_and_historical_building,overture,-22.898109436035156,-43.55590057373047,,overture:Condomínio Corais:-22.89811:-43.55590
Condomínio Residencial Bela Vida 3,landmark_and_historical_building,overture,-22.897459030151367,-43.57585525512695,,overture:Condomínio Residencial Bela Vida 3:-22.89746:-43.57586
Condomínio Morada do Campinho,landmark_and_historical_building,overture,-22.897886276245117,-43.57444763183594,,overture:Condomínio Morada do Campinho:-22.89789:-43.57445
Bairro Celina,topic_concert_venue,overture,-22.896005630493164,-43.59513473510742,,overture:Bairro Celina:-22.89601:-43.59513
Fazenda Atlântica,landmark_and_historical_building,overture,-22.895477294921875,-43.57758712768555,,overture:Fazenda Atlântica:-22.89548:-43.57759
Condomínio Rio Sena,landmark_and_historical_building,overture,-22.895694732666016,-43.56201934814453,,overture:Condomínio Rio Sena:-22.89569:-43.56202
Viver Mais Campo Grande,landmark_and_historical_building,overture,-22.895612716674805,-43.54952621459961,,overture:Viver Mais Campo Grande:-22.89561:-43.54953
Salão de Festas e Eventos - CTIR,topic_concert_venue,overture,-22.896240234375,-43.546485900878906,,overture:Salão de Festas e Eventos - CTIR:-22.89624:-43.54649
Espaço Família Feliz,topic_concert_venue,overture,-22.89591407775879,-43.49617004394531,,overture:Espaço Família Feliz:-22.89591:-43.49617
Condominio Mucuripe 800,landmark_and_historical_building,overture,-22.89586067199707,-43.48823165893555,,overture:Condominio Mucuripe 800:-22.89586:-43.48823
A CASA De Prata,topic_concert_venue,overture,-22.89580726623535,-43.472869873046875,,overture:A CASA De Prata:-22.89581:-43.47287
Trap House,cultural_center,overture,-22.896591186523438,-43.48428726196289,,overture:Trap House:-22.89659:-43.48429
Condomínio Capitão Trajano,landmark_and_historical_building,overture,-22.897573471069336,-43.48963928222656,,overture:Condomínio Capitão Trajano:-22.89757:-43.48964
Sitio das Palmeiras,topic_concert_venue,overture,-22.91840362548828,-43.43452072143555,,overture:Sitio das Palmeiras:-22.91840:-43.43452
Condomínio Bosque dos Sabiás,landmark_and_historical_building,overture,-22.929040908813477,-43.39940643310547,,overture:Condomínio Bosque dos Sabiás:-22.92904:-43.39941
Condomínio Residencial Remi,landmark_and_historical_building,overture,-22.927499771118164,-43.39406967163086,,overture:Condomínio Residencial Remi:-22.92750:-43.39407
Residencial Manuel Reis,landmark_and_historical_building,overture,-22.927318572998047,-43.3923454284668,,overture:Residencial Manuel Reis:-22.92732:-43.39235
Largo Do Remi,landmark_and_historical_building,overture,-22.92876434326172,-43.3928108215332,,overture:Largo Do Remi:-22.92876:-43.39281
Condomínio Vivendas do Mapuá,landmark_and_historical_building,overture,-22.928546905517578,-43.38551712036133,,overture:Condomínio Vivendas do Mapuá:-22.92855:-43.38552
Condominio Morada Dos Colibris,landmark_and_historical_building,overture,-22.927221298217773,-43.38539505004883,,overture:Condominio Morada Dos Colibris:-22.92722:-43.38540
Village Del Riposo,landmark_and_historical_building,overture,-22.927806854248047,-43.38386917114258,,overture:Village Del Riposo:-22.92781:-43.38387
Morada dos Colibris - JPA,landmark_and_historical_building,overture,-22.926977157592773,-43.388145446777344,,overture:Morada dos Colibris - JPA:-22.92698:-43.38815
Condomínio Vert Vita Bosque Residencial,landmark_and_historical_building,overture,-22.927644729614258,-43.39017868041992,,overture:Condomínio Vert Vita Bosque Residencial:-22.92764:-43.39018
Spazio Reserva Imperial,landmark_and_historical_building,overture,-22.92452049255371,-43.38975143432617,,overture:Spazio Reserva Imperial:-22.92452:-43.38975
Condomnio Residencial Alpes do Ipadu,landmark_and_historical_building,overture,-22.92478370666504,-43.39342498779297,,overture:Condomnio Residencial Alpes do Ipadu:-22.92478:-43.39342
Mirante do Rio Grande,landmark_and_historical_building,overture,-22.920230865478516,-43.398563385009766,,overture:Mirante do Rio Grande:-22.92023:-43.39856
Condomínio Paineiras,landmark_and_historical_building,overture,-22.91977310180664,-43.39470672607422,,overture:Condomínio Paineiras:-22.91977:-43.39471
Condomínio Gramado,landmark_and_historical_building,overture,-22.921518325805664,-43.38741683959961,,overture:Condomínio Gramado:-22.92152:-43.38742
Condomínio Vale do Sol,landmark_and_historical_building,overture,-22.920610427856445,-43.38493347167969,,overture:Condomínio Vale do Sol:-22.92061:-43.38493
Maraville  Rio Grande,landmark_and_historical_building,overture,-22.918594360351562,-43.38925552368164,,overture:Maraville  Rio Grande:-22.91859:-43.38926
Edifício Marlua,landmark_and_historical_building,overture,-22.91690444946289,-43.38300323486328,,overture:Edifício Marlua:-22.91690:-43.38300
Condomínio San Marino,landmark_and_historical_building,overture,-22.916719436645508,-43.38331604003906,,overture:Condomínio San Marino:-22.91672:-43.38332
Condomínio Morada dos Mananciais,landmark_and_historical_building,overture,-22.9156551361084,-43.39103317260742,,overture:Condomínio Morada dos Mananciais:-22.91566:-43.39103
Condomínio Moema,landmark_and_historical_building,overture,-22.915775299072266,-43.392337799072266,,overture:Condomínio Moema:-22.91578:-43.39234
Condominio Residencial Village Green,landmark_and_historical_building,overture,-22.916399002075195,-43.39372634887695,,overture:Condominio Residencial Village Green:-22.91640:-43.39373
Condominio do Edificio Solar dos Mananciais,landmark_and_historical_building,overture,-22.917367935180664,-43.39237594604492,,overture:Condominio do Edificio Solar dos Mananciais:-22.91737:-43.39238
EXATO  Estrada do Rio Grande Taquara,landmark_and_historical_building,overture,-22.91903305053711,-43.39349365234375,,overture:EXATO  Estrada do Rio Grande Taquara:-22.91903:-43.39349
Rampa de Voo Livre Pedra Bonita,topic_concert_venue,overture,-22.91670036315918,-43.40070343017578,,overture:Rampa de Voo Livre Pedra Bonita:-22.91670:-43.40070
Vila Matina,landmark_and_historical_building,overture,-22.916614532470703,-43.40372848510742,,overture:Vila Matina:-22.91661:-43.40373
Espaço Terraço,topic_concert_venue,overture,-22.91684341430664,-43.402870178222656,,overture:Espaço Terraço:-22.91684:-43.40287
"Rio Pequeno (vattendrag i Brasilien, Rio de Janeiro)",landmark_and_historical_building,overture,-22.91567039489746,-43.40953063964844,,"overture:Rio Pequeno (vattendrag i Brasilien, Rio de Janeiro):-22.91567:-43.40953"
Campão da Rio Grande,landmark_and_historical_building,overture,-22.917583465576172,-43.4034309387207,,overture:Campão da Rio Grande:-22.91758:-43.40343
Condomínio Rio Grande 4181,landmark_and_historical_building,overture,-22.920312881469727,-43.40742111206055,,overture:Condomínio Rio Grande 4181:-22.92031:-43.40742
Condominium Fazenda Passaredo,landmark_and_historical_building,overture,-22.92171859741211,-43.41337585449219,,overture:Condominium Fazenda Passaredo:-22.92172:-43.41338
Bosque da Fazenda Eventos RJ,topic_concert_venue,overture,-22.919233322143555,-43.41633605957031,,overture:Bosque da Fazenda Eventos RJ:-22.91923:-43.41634
Condomínio Fazenda Passaredo,landmark_and_historical_building,overture,-22.917917251586914,-43.41173553466797,,overture:Condomínio Fazenda Passaredo:-22.91792:-43.41174
Condomínio São Sebastião,landmark_and_historical_building,overture,-22.91747283935547,-43.41263961791992,,overture:Condomínio São Sebastião:-22.91747:-43.41264
Residencial Completo Jacarepaguá II,landmark_and_historical_building,overture,-22.916467666625977,-43.41407775878906,,overture:Residencial Completo Jacarepaguá II:-22.91647:-43.41408
Largo Da Capela 601,landmark_and_historical_building,overture,-22.916439056396484,-43.41497039794922,,overture:Largo Da Capela 601:-22.91644:-43.41497
Condomínio pomar do rio grande,landmark_and_historical_building,overture,-22.915447235107422,-43.41004180908203,,overture:Condomínio pomar do rio grande:-22.91545:-43.41004
Caminho do Vento,topic_concert_venue,overture,-22.91083335876465,-43.41504669189453,,overture:Caminho do Vento:-22.91083:-43.41505
Condomínio Completo Jacarepaguá I,landmark_and_historical_building,overture,-22.910680770874023,-43.41758346557617,,overture:Condomínio Completo Jacarepaguá I:-22.91068:-43.41758
Condominio Vale dos Teixeiras,landmark_and_historical_building,overture,-22.910051345825195,-43.4188346862793,,overture:Condominio Vale dos Teixeiras:-22.91005:-43.41883
Condomínio Village da Boiúna,landmark_and_historical_building,overture,-22.909711837768555,-43.41234588623047,,overture:Condomínio Village da Boiúna:-22.90971:-43.41235
Condomínio Floresta da Boiuna,landmark_and_historical_building,overture,-22.91379165649414,-43.406768798828125,,overture:Condomínio Floresta da Boiuna:-22.91379:-43.40677
Condomínio Vivendas do Sol,landmark_and_historical_building,overture,-22.913610458374023,-43.40509796142578,,overture:Condomínio Vivendas do Sol:-22.91361:-43.40510
Residencial Bosque Pedra da Boiúna,landmark_and_historical_building,overture,-22.914695739746094,-43.40203094482422,,overture:Residencial Bosque Pedra da Boiúna:-22.91470:-43.40203
Condomínio Bela Vista Jacarepaguá,landmark_and_historical_building,overture,-22.914339065551758,-43.402671813964844,,overture:Condomínio Bela Vista Jacarepaguá:-22.91434:-43.40267
Taquara,landmark_and_historical_building,overture,-22.915157318115234,-43.39909744262695,,overture:Taquara:-22.91516:-43.39910
Bosque da Boiúna,landmark_and_historical_building,overture,-22.914167404174805,-43.39582061767578,,overture:Bosque da Boiúna:-22.91417:-43.39582
Condominio Jacarepagua Residencias,landmark_and_historical_building,overture,-22.915489196777344,-43.38898468017578,,overture:Condominio Jacarepagua Residencias:-22.91549:-43.38898
Richmond Condomínio Resort,landmark_and_historical_building,overture,-22.91499900817871,-43.38877487182617,,overture:Richmond Condomínio Resort:-22.91500:-43.38877
Meringuava 1396,landmark_and_historical_building,overture,-22.91545295715332,-43.387901306152344,,overture:Meringuava 1396:-22.91545:-43.38790
Condomínio Spazio Rio Star,landmark_and_historical_building,overture,-22.915449142456055,-43.386138916015625,,overture:Condomínio Spazio Rio Star:-22.91545:-43.38614
Guess Residencial Taquara,landmark_and_historical_building,overture,-22.914844512939453,-43.3856201171875,,overture:Guess Residencial Taquara:-22.91484:-43.38562
Residencial Taquara,landmark_and_historical_building,overture,-22.913644790649414,-43.38307571411133,,overture:Residencial Taquara:-22.91364:-43.38308
Sítio Primavera,topic_concert_venue,overture,-22.913650512695312,-43.38206100463867,,overture:Sítio Primavera:-22.91365:-43.38206
Condominio Residencial Amores,landmark_and_historical_building,overture,-22.91303825378418,-43.388511657714844,,overture:Condominio Residencial Amores:-22.91304:-43.38851
Condomínio Pousadas do Engenho,landmark_and_historical_building,overture,-22.91204261779785,-43.38935089111328,,overture:Condomínio Pousadas do Engenho:-22.91204:-43.38935
Condomínio Bosque dos Eucaliptos,landmark_and_historical_building,overture,-22.910919189453125,-43.388160705566406,,overture:Condomínio Bosque dos Eucaliptos:-22.91092:-43.38816
Condomínio Carolina Nabuco Em Taquara Jacarepaguá,landmark_and_historical_building,overture,-22.910903930664062,-43.38721466064453,,overture:Condomínio Carolina Nabuco Em Taquara Jacarepaguá:-22.91090:-43.38721
Condomínio Terranossa,landmark_and_historical_building,overture,-22.91162109375,-43.383941650390625,,overture:Condomínio Terranossa:-22.91162:-43.38394
Residencial Jardins da Taquara,landmark_and_historical_building,overture,-22.909305572509766,-43.387001037597656,,overture:Residencial Jardins da Taquara:-22.90931:-43.38700
Condomínio Jardins da Taquara,landmark_and_historical_building,overture,-22.909486770629883,-43.38723373413086,,overture:Condomínio Jardins da Taquara:-22.90949:-43.38723
Residencial Mirante Bela Vista,landmark_and_historical_building,overture,-22.9102725982666,-43.38779067993164,,overture:Residencial Mirante Bela Vista:-22.91027:-43.38779
Cantinho de Paz!,landmark_and_historical_building,overture,-22.91100311279297,-43.3981819152832,,overture:Cantinho de Paz!:-22.91100:-43.39818
Condomínio Verde Ville -Taquara,landmark_and_historical_building,overture,-22.90785789489746,-43.38626480102539,,overture:Condomínio Verde Ville -Taquara:-22.90786:-43.38626
Condomínio Recanto das Hortênsias,landmark_and_historical_building,overture,-22.908369064331055,-43.38801574707031,,overture:Condomínio Recanto das Hortênsias:-22.90837:-43.38802
Morro da Caixa D'Água (berg),landmark_and_historical_building,overture,-22.902603149414062,-43.39375686645508,,overture:Morro da Caixa D'Água (berg):-22.90260:-43.39376
Casa de Festas Sol&Natureza,topic_concert_venue,overture,-22.907333374023438,-43.4090461730957,,overture:Casa de Festas Sol&Natureza:-22.90733:-43.40905
Gokano,landmark_and_historical_building,overture,-22.91425323486328,-43.42098617553711,,overture:Gokano:-22.91425:-43.42099
Pontal do Guity,topic_concert_venue,overture,-22.894777297973633,-43.45307540893555,,overture:Pontal do Guity:-22.89478:-43.45308
"Monte Do Barata , Realengo",topic_concert_venue,overture,-22.8953857421875,-43.44731140136719,,"overture:Monte Do Barata , Realengo:-22.89539:-43.44731"
Barata,landmark_and_historical_building,overture,-22.894737243652344,-43.44096374511719,,overture:Barata:-22.89474:-43.44096
Sítio do Toquinho,topic_concert_venue,overture,-22.898338317871094,-43.44551467895508,,overture:Sítio do Toquinho:-22.89834:-43.44551
Salão Skulashow,topic_concert_venue,overture,-22.893381118774414,-43.4345817565918,,overture:Salão Skulashow:-22.89338:-43.43458
Portão Lá de Casa 2025,topic_concert_venue,overture,-22.891830444335938,-43.43716049194336,,overture:Portão Lá de Casa 2025:-22.89183:-43.43716
Espaço de Eventos Alfa e Ômega,topic_concert_venue,overture,-22.89162254333496,-43.435997009277344,,overture:Espaço de Eventos Alfa e Ômega:-22.89162:-43.43600
"Morro dos Macacos (kulle i Brasilien, Rio de Janeiro, Rio de Janeiro, lat -22,89, long -43,43)",landmark_and_historical_building,overture,-22.893163681030273,-43.42504119873047,,"overture:Morro dos Macacos (kulle i Brasilien, Rio de Janeiro, Rio de Janeiro, lat -22,89, long -43,43):-22.89316:-43.42504"
Rua três corações,landmark_and_historical_building,overture,-22.890180587768555,-43.419986724853516,,overture:Rua três corações:-22.89018:-43.41999
PS Festas,topic_concert_venue,overture,-22.88861083984375,-43.438446044921875,,overture:PS Festas:-22.88861:-43.43845
Arena Padre Miguel,topic_concert_venue,overture,-22.887481689453125,-43.444583892822266,,overture:Arena Padre Miguel:-22.88748:-43.44458
Praça do Skate - 77,landmark_and_historical_building,overture,-22.889400482177734,-43.444480895996094,,overture:Praça do Skate - 77:-22.88940:-43.44448
Condomínio Fernandes,landmark_and_historical_building,overture,-22.890560150146484,-43.44329833984375,,overture:Condomínio Fernandes:-22.89056:-43.44330
Salão de Festas Neves,topic_concert_venue,overture,-22.893930435180664,-43.44200897216797,,overture:Salão de Festas Neves:-22.89393:-43.44201
Realengo,landmark_and_historical_building,overture,-22.89190101623535,-43.4443473815918,,overture:Realengo:-22.89190:-43.44435
Terapia para mulheres reais,topic_concert_venue,overture,-22.892173767089844,-43.4493522644043,,overture:Terapia para mulheres reais:-22.89217:-43.44935
Condominio do Conjunto Parque Residencial Realnego,landmark_and_historical_building,overture,-22.883102416992188,-43.44104766845703,,overture:Condominio do Conjunto Parque Residencial Realnego:-22.88310:-43.44105
Zona Oeste,topic_concert_venue,overture,-22.88369369506836,-43.438594818115234,,overture:Zona Oeste:-22.88369:-43.43859
Condomínio Limites,landmark_and_historical_building,overture,-22.883569717407227,-43.43861770629883,,overture:Condomínio Limites:-22.88357:-43.43862
Espaço Festas,topic_concert_venue,overture,-22.882883071899414,-43.44076156616211,,overture:Espaço Festas:-22.88288:-43.44076
Cindy Festas,topic_concert_venue,overture,-22.88036346435547,-43.44124984741211,,overture:Cindy Festas:-22.88036:-43.44125
Espaço Astral 10,topic_concert_venue,overture,-22.880971908569336,-43.442264556884766,,overture:Espaço Astral 10:-22.88097:-43.44226
Condomínio Recanto Verde,landmark_and_historical_building,overture,-22.88075065612793,-43.45124816894531,,overture:Condomínio Recanto Verde:-22.88075:-43.45125
Centro Cultural Zona Oeste,cultural_center,overture,-22.880123138427734,-43.45375442504883,,overture:Centro Cultural Zona Oeste:-22.88012:-43.45375
Espaço Castelle,topic_concert_venue,overture,-22.8796329498291,-43.44837188720703,,overture:Espaço Castelle:-22.87963:-43.44837
Centro de Convivência Padre Miguel,topic_concert_venue,overture,-22.87879180908203,-43.449275970458984,,overture:Centro de Convivência Padre Miguel:-22.87879:-43.44928
casaparisfestas,topic_concert_venue,overture,-22.87812042236328,-43.451438903808594,,overture:casaparisfestas:-22.87812:-43.45144
Espaço de Festa Brauna,topic_concert_venue,overture,-22.875585556030273,-43.4488410949707,,overture:Espaço de Festa Brauna:-22.87559:-43.44884
Seriguela Garden,topic_concert_venue,overture,-22.87652015686035,-43.45003128051758,,overture:Seriguela Garden:-22.87652:-43.45003
Casa De Festa Em Realengo,landmark_and_historical_building,overture,-22.875802993774414,-43.444976806640625,,overture:Casa De Festa Em Realengo:-22.87580:-43.44498
Espaço para eventos,topic_concert_venue,overture,-22.8756103515625,-43.44416046142578,,overture:Espaço para eventos:-22.87561:-43.44416
Casa Rio,landmark_and_historical_building,overture,-22.880260467529297,-43.44235610961914,,overture:Casa Rio:-22.88026:-43.44236
Cyndi L'espace Casa de Festas,topic_concert_venue,overture,-22.87982177734375,-43.44172668457031,,overture:Cyndi L'espace Casa de Festas:-22.87982:-43.44173
Espaço Imperial,topic_concert_venue,overture,-22.879230499267578,-43.43638610839844,,overture:Espaço Imperial:-22.87923:-43.43639
Condomínio Parque Real,landmark_and_historical_building,overture,-22.878643035888672,-43.431358337402344,,overture:Condomínio Parque Real:-22.87864:-43.43136
Microlins,cultural_center,overture,-22.8780574798584,-43.43398666381836,,overture:Microlins:-22.87806:-43.43399
Espaço Cultural Viaduto de Realengo,cultural_center,overture,-22.87558937072754,-43.42795181274414,,overture:Espaço Cultural Viaduto de Realengo:-22.87559:-43.42795
Espaço Cultural Arlindo Cruz,topic_concert_venue,overture,-22.874351501464844,-43.42841339111328,,overture:Espaço Cultural Arlindo Cruz:-22.87435:-43.42841
Espaço Velasco,topic_concert_venue,overture,-22.874183654785156,-43.428321838378906,,overture:Espaço Velasco:-22.87418:-43.42832
Eventos Lelê Carlos,topic_concert_venue,overture,-22.878036499023438,-43.42123794555664,,overture:Eventos Lelê Carlos:-22.87804:-43.42124
Sextas Intenções,topic_concert_venue,overture,-22.878023147583008,-43.42131042480469,,overture:Sextas Intenções:-22.87802:-43.42131
Bairro de Realengo,landmark_and_historical_building,overture,-22.880836486816406,-43.4375,,overture:Bairro de Realengo:-22.88084:-43.43750
"Cachoeira Anil,rj",landmark_and_historical_building,overture,-22.881404876708984,-43.43754959106445,,"overture:Cachoeira Anil,rj:-22.88140:-43.43755"
Condomínio Imperador,landmark_and_historical_building,overture,-22.882638931274414,-43.4370002746582,,overture:Condomínio Imperador:-22.88264:-43.43700
Minha cass,landmark_and_historical_building,overture,-22.884056091308594,-43.43049621582031,,overture:Minha cass:-22.88406:-43.43050
Edificio El Salvador,landmark_and_historical_building,overture,-22.88420867919922,-43.429840087890625,,overture:Edificio El Salvador:-22.88421:-43.42984
Samba Duro,topic_concert_venue,overture,-22.884830474853516,-43.43691635131836,,overture:Samba Duro:-22.88483:-43.43692
Quintal do Terreiro RJ,topic_concert_venue,overture,-22.884830474853516,-43.43691635131836,,overture:Quintal do Terreiro RJ:-22.88483:-43.43692
Rua Alfredo Bastos,landmark_and_historical_building,overture,-22.886621475219727,-43.427486419677734,,overture:Rua Alfredo Bastos:-22.88662:-43.42749
Realengo.,landmark_and_historical_building,overture,-22.886672973632812,-43.4248161315918,,overture:Realengo.:-22.88667:-43.42482
Black House,topic_concert_venue,overture,-22.88489532470703,-43.427391052246094,,overture:Black House:-22.88490:-43.42739
Mangueiral,landmark_and_historical_building,overture,-22.885042190551758,-43.42033004760742,,overture:Mangueiral:-22.88504:-43.42033
Condomínio Edifício Residencial Piraquara,landmark_and_historical_building,overture,-22.885087966918945,-43.41775131225586,,overture:Condomínio Edifício Residencial Piraquara:-22.88509:-43.41775
Casa da Vo Catarina,monument,overture,-22.886730194091797,-43.41343688964844,,overture:Casa da Vo Catarina:-22.88673:-43.41344
Salão de Festas PEGE,topic_concert_venue,overture,-22.88698959350586,-43.41367721557617,,overture:Salão de Festas PEGE:-22.88699:-43.41368
Condomínio Parque Residencial 31 de Julho,landmark_and_historical_building,overture,-22.88397789001465,-43.40519714355469,,overture:Condomínio Parque Residencial 31 de Julho:-22.88398:-43.40520
Vila Modelo,landmark_and_historical_building,overture,-22.882070541381836,-43.411563873291016,,overture:Vila Modelo:-22.88207:-43.41156
Salão Festas Sol Nascente,topic_concert_venue,overture,-22.88262939453125,-43.41670227050781,,overture:Salão Festas Sol Nascente:-22.88263:-43.41670
Areninha Cultural Gilberto Gil,cultural_center,overture,-22.878103256225586,-43.415794372558594,,overture:Areninha Cultural Gilberto Gil:-22.87810:-43.41579
Lona Cultural Gilberto Gil,cultural_center,overture,-22.87810707092285,-43.4157600402832,,overture:Lona Cultural Gilberto Gil:-22.87811:-43.41576
Léo Oliveira Corretor,landmark_and_historical_building,overture,-22.876789093017578,-43.41794204711914,,overture:Léo Oliveira Corretor:-22.87679:-43.41794
Espaço Magalhães,topic_concert_venue,overture,-22.873640060424805,-43.41537094116211,,overture:Espaço Magalhães:-22.87364:-43.41537
O`Sullivan House,landmark_and_historical_building,overture,-22.87352752685547,-43.41301345825195,,overture:O`Sullivan House:-22.87353:-43.41301
Salão de Festa Imperador,topic_concert_venue,overture,-22.875028610229492,-43.411983489990234,,overture:Salão de Festa Imperador:-22.87503:-43.41198
Espaço Elite,topic_concert_venue,overture,-22.87544059753418,-43.408145904541016,,overture:Espaço Elite:-22.87544:-43.40815
Centro Cultural Pedro Storani,cultural_center,overture,-22.879356384277344,-43.40736770629883,,overture:Centro Cultural Pedro Storani:-22.87936:-43.40737
Museu Aeroespacial,museum,overture,-22.880685806274414,-43.385009765625,,overture:Museu Aeroespacial:-22.88069:-43.38501
Associação de Amigos do Museu Aeroespacial,museum,overture,-22.882553100585938,-43.390045166015625,,overture:Associação de Amigos do Museu Aeroespacial:-22.88255:-43.39005
Musal,landmark_and_historical_building,overture,-22.881122589111328,-43.387413024902344,,overture:Musal:-22.88112:-43.38741
Condominio Residencial Portal do Bosque,landmark_and_historical_building,overture,-22.88558578491211,-43.395870208740234,,overture:Condominio Residencial Portal do Bosque:-22.88559:-43.39587
Condomínio Cabo Zacarias,landmark_and_historical_building,overture,-22.88674545288086,-43.39645004272461,,overture:Condomínio Cabo Zacarias:-22.88675:-43.39645
Condomínio Solar do Bosque,landmark_and_historical_building,overture,-22.886077880859375,-43.39432144165039,,overture:Condomínio Solar do Bosque:-22.88608:-43.39432
Escambo Cultural,cultural_center,overture,-22.886926651000977,-43.39253616333008,,overture:Escambo Cultural:-22.88693:-43.39254
Vila Azul,landmark_and_historical_building,overture,-22.885915756225586,-43.38945007324219,,overture:Vila Azul:-22.88592:-43.38945
Condominio Vila Azul Aeronautica,landmark_and_historical_building,overture,-22.886173248291016,-43.3896369934082,,overture:Condominio Vila Azul Aeronautica:-22.88617:-43.38964
Praça Quincas Borba,landmark_and_historical_building,overture,-22.890283584594727,-43.3856201171875,,overture:Praça Quincas Borba:-22.89028:-43.38562
Condomínio Village Aquarela,landmark_and_historical_building,overture,-22.892135620117188,-43.394073486328125,,overture:Condomínio Village Aquarela:-22.89214:-43.39407
Condo Belle Ville,landmark_and_historical_building,overture,-22.89277458190918,-43.39637756347656,,overture:Condo Belle Ville:-22.89277:-43.39638
Condomínio Solar Sul,landmark_and_historical_building,overture,-22.893632888793945,-43.397560119628906,,overture:Condomínio Solar Sul:-22.89363:-43.39756
Condominio Sulacap 7,landmark_and_historical_building,overture,-22.893747329711914,-43.39944839477539,,overture:Condominio Sulacap 7:-22.89375:-43.39945
Cond. Sulacap Green,landmark_and_historical_building,overture,-22.891733169555664,-43.39824676513672,,overture:Cond. Sulacap Green:-22.89173:-43.39825
Residential Village Sulacap,landmark_and_historical_building,overture,-22.891382217407227,-43.39920425415039,,overture:Residential Village Sulacap:-22.89138:-43.39920
Condomínio Sulacap 1,landmark_and_historical_building,overture,-22.891633987426758,-43.39956283569336,,overture:Condomínio Sulacap 1:-22.89163:-43.39956
Condomínio Le Monde - Barra da Tijuca.,landmark_and_historical_building,overture,-22.890220642089844,-43.39441680908203,,overture:Condomínio Le Monde - Barra da Tijuca.:-22.89022:-43.39442
Condomínio Togo Renan Soares,landmark_and_historical_building,overture,-22.889320373535156,-43.39448165893555,,overture:Condomínio Togo Renan Soares:-22.88932:-43.39448
Condomínio Kanela,landmark_and_historical_building,overture,-22.8890323638916,-43.39459991455078,,overture:Condomínio Kanela:-22.88903:-43.39460
Residencial Condomínio Sargento Menezes,landmark_and_historical_building,overture,-22.88814926147461,-43.396095275878906,,overture:Residencial Condomínio Sargento Menezes:-22.88815:-43.39610
Espaço 130 Sulacap,topic_concert_venue,overture,-22.88971519470215,-43.400325775146484,,overture:Espaço 130 Sulacap:-22.88972:-43.40033
Resenha Top,topic_concert_venue,overture,-22.892330169677734,-43.417945861816406,,overture:Resenha Top:-22.89233:-43.41795
Condomínio Bosque do Valle,landmark_and_historical_building,overture,-22.897113800048828,-43.3974723815918,,overture:Condomínio Bosque do Valle:-22.89711:-43.39747
Residencial Europa,landmark_and_historical_building,overture,-22.894893646240234,-43.398109436035156,,overture:Residencial Europa:-22.89489:-43.39811
Praça Da Rodo,landmark_and_historical_building,overture,-22.89694595336914,-43.36941909790039,,overture:Praça Da Rodo:-22.89695:-43.36942
Condominio Vale Residencial Da Floresta,landmark_and_historical_building,overture,-22.89485740661621,-43.36735153198242,,overture:Condominio Vale Residencial Da Floresta:-22.89486:-43.36735
Condominio do Edificio Spazio Rodin,landmark_and_historical_building,overture,-22.899383544921875,-43.355857849121094,,overture:Condominio do Edificio Spazio Rodin:-22.89938:-43.35586
Condominio Nas Nuvens,landmark_and_historical_building,overture,-22.89849090576172,-43.356201171875,,overture:Condominio Nas Nuvens:-22.89849:-43.35620
Condomínio Aquarius,landmark_and_historical_building,overture,-22.898794174194336,-43.355831146240234,,overture:Condomínio Aquarius:-22.89879:-43.35583
Condomínio Spazio Rennes,landmark_and_historical_building,overture,-22.898183822631836,-43.353904724121094,,overture:Condomínio Spazio Rennes:-22.89818:-43.35390
Espaço Maravilha,topic_concert_venue,overture,-22.900306701660156,-43.3566780090332,,overture:Espaço Maravilha:-22.90031:-43.35668
Condomínio Parque Dom Albano,landmark_and_historical_building,overture,-22.900693893432617,-43.356689453125,,overture:Condomínio Parque Dom Albano:-22.90069:-43.35669
Capoeira Ubemtem,cultural_center,overture,-22.901281356811523,-43.35660934448242,,overture:Capoeira Ubemtem:-22.90128:-43.35661
Village Caribe I,landmark_and_historical_building,overture,-22.901065826416016,-43.35316467285156,,overture:Village Caribe I:-22.90107:-43.35316
Favela da Barão,landmark_and_historical_building,overture,-22.899763107299805,-43.351341247558594,,overture:Favela da Barão:-22.89976:-43.35134
Condomínio dos Contabilistas,landmark_and_historical_building,overture,-22.899930953979492,-43.35081481933594,,overture:Condomínio dos Contabilistas:-22.89993:-43.35081
Rua Japurá,landmark_and_historical_building,overture,-22.900426864624023,-43.34894943237305,,overture:Rua Japurá:-22.90043:-43.34895
Condominio do Edificio Solar da Baronesa,landmark_and_historical_building,overture,-22.90054702758789,-43.34698486328125,,overture:Condominio do Edificio Solar da Baronesa:-22.90055:-43.34698
Condomínio dos Jardins,landmark_and_historical_building,overture,-22.8994197845459,-43.34444808959961,,overture:Condomínio dos Jardins:-22.89942:-43.34445
Museu Histórico da Cidade RJ,history_museum,overture,-22.898433685302734,-43.34912109375,,overture:Museu Histórico da Cidade RJ:-22.89843:-43.34912
Rua Barão 51,landmark_and_historical_building,overture,-22.89968490600586,-43.351158142089844,,overture:Rua Barão 51:-22.89968:-43.35116
Lona Cultural Jacob do Bandolim,cultural_center,overture,-22.89737319946289,-43.35273361206055,,overture:Lona Cultural Jacob do Bandolim:-22.89737:-43.35273
Condominio do Edificio Charles Chaplin,landmark_and_historical_building,overture,-22.89654541015625,-43.3509635925293,,overture:Condominio do Edificio Charles Chaplin:-22.89655:-43.35096
Condominio Porto Fino,landmark_and_historical_building,overture,-22.89716148376465,-43.34870910644531,,overture:Condominio Porto Fino:-22.89716:-43.34871
Condomínio Vila Garcez,landmark_and_historical_building,overture,-22.897897720336914,-43.349308013916016,,overture:Condomínio Vila Garcez:-22.89790:-43.34931
Condomínio Charles II,landmark_and_historical_building,overture,-22.896846771240234,-43.347965240478516,,overture:Condomínio Charles II:-22.89685:-43.34797
Condominio do Edificio Garden View,landmark_and_historical_building,overture,-22.895687103271484,-43.346214294433594,,overture:Condominio do Edificio Garden View:-22.89569:-43.34621
Condomínio Residencial José Alves Areas,landmark_and_historical_building,overture,-22.89499282836914,-43.347312927246094,,overture:Condomínio Residencial José Alves Areas:-22.89499:-43.34731
Praça seca,landmark_and_historical_building,overture,-22.89506721496582,-43.350189208984375,,overture:Praça seca:-22.89507:-43.35019
Centro Cultural Yoruba,cultural_center,overture,-22.89564323425293,-43.34933090209961,,overture:Centro Cultural Yoruba:-22.89564:-43.34933
Residencial Baronesa,landmark_and_historical_building,overture,-22.895092010498047,-43.35450744628906,,overture:Residencial Baronesa:-22.89509:-43.35451
Ed. Alita,landmark_and_historical_building,overture,-22.89542579650879,-43.35401916503906,,overture:Ed. Alita:-22.89543:-43.35402
Centro Cultural Prof Dila,cultural_center,overture,-22.896940231323242,-43.354469299316406,,overture:Centro Cultural Prof Dila:-22.89694:-43.35447
Municipal Cultural Center Dyla Sylvia de Sa,cultural_center,overture,-22.89710807800293,-43.3542366027832,,overture:Municipal Cultural Center Dyla Sylvia de Sa:-22.89711:-43.35424
Edifício Maria Idalina,landmark_and_historical_building,overture,-22.896894454956055,-43.35715866088867,,overture:Edifício Maria Idalina:-22.89689:-43.35716
Condominio Edificio Solar do Bosque Matriz 1,landmark_and_historical_building,overture,-22.896495819091797,-43.35673522949219,,overture:Condominio Edificio Solar do Bosque Matriz 1:-22.89650:-43.35674
Condomínio Residencial Quintas do Valqueire,landmark_and_historical_building,overture,-22.892101287841797,-43.35794448852539,,overture:Condomínio Residencial Quintas do Valqueire:-22.89210:-43.35794
Condominio Parque Residencial Solaris,landmark_and_historical_building,overture,-22.892929077148438,-43.3483772277832,,overture:Condominio Parque Residencial Solaris:-22.89293:-43.34838
Arena Festa F.C.,topic_concert_venue,overture,-22.891860961914062,-43.348270416259766,,overture:Arena Festa F.C.:-22.89186:-43.34827
Centro Cultural Omo Yoruba,cultural_center,overture,-22.89212417602539,-43.34471893310547,,overture:Centro Cultural Omo Yoruba:-22.89212:-43.34472
Casa de Artes e Culturas Percília Teles da Silva,cultural_center,overture,-22.891809463500977,-43.34464645385742,,overture:Casa de Artes e Culturas Percília Teles da Silva:-22.89181:-43.34465
Roda de Samba do Grupo Clareou,topic_concert_venue,overture,-22.89257049560547,-43.34913635253906,,overture:Roda de Samba do Grupo Clareou:-22.89257:-43.34914
Matinho,landmark_and_historical_building,overture,-22.890165328979492,-43.34782409667969,,overture:Matinho:-22.89017:-43.34782
Campo 7 Praça Seca,landmark_and_historical_building,overture,-22.88962745666504,-43.34402847290039,,overture:Campo 7 Praça Seca:-22.88963:-43.34403
Condominio do Edificio Praia de Marica,landmark_and_historical_building,overture,-22.889368057250977,-43.344871520996094,,overture:Condominio do Edificio Praia de Marica:-22.88937:-43.34487
Vitale Easy Residencial,landmark_and_historical_building,overture,-22.888368606567383,-43.34697341918945,,overture:Vitale Easy Residencial:-22.88837:-43.34697
Condominio Village das Baronesas,landmark_and_historical_building,overture,-22.887897491455078,-43.34791564941406,,overture:Condominio Village das Baronesas:-22.88790:-43.34792
Residencial Telles Life,landmark_and_historical_building,overture,-22.88772964477539,-43.34822082519531,,overture:Residencial Telles Life:-22.88773:-43.34822
Condomínio do Edifício Solar Randolpho Ortiz,landmark_and_historical_building,overture,-22.8885498046875,-43.35539627075195,,overture:Condomínio do Edifício Solar Randolpho Ortiz:-22.88855:-43.35540
Vila Valqueire,landmark_and_historical_building,overture,-22.889633178710938,-43.357173919677734,,overture:Vila Valqueire:-22.88963:-43.35717
Azul do Mar,landmark_and_historical_building,overture,-22.887981414794922,-43.362300872802734,,overture:Azul do Mar:-22.88798:-43.36230
Condomínio Jardim do Valqueire,landmark_and_historical_building,overture,-22.88761329650879,-43.36371612548828,,overture:Condomínio Jardim do Valqueire:-22.88761:-43.36372
Edifício Queen Victoria,landmark_and_historical_building,overture,-22.8879451751709,-43.36681365966797,,overture:Edifício Queen Victoria:-22.88795:-43.36681
Sitio Saavedra,topic_concert_venue,overture,-22.88854217529297,-43.370201110839844,,overture:Sitio Saavedra:-22.88854:-43.37020
Condominio Recanto dos Passaros,landmark_and_historical_building,overture,-22.8934268951416,-43.364540100097656,,overture:Condominio Recanto dos Passaros:-22.89343:-43.36454
Condomínio Felicidade,landmark_and_historical_building,overture,-22.89217758178711,-43.36808395385742,,overture:Condomínio Felicidade:-22.89218:-43.36808
Condomínio Vale das Acácias,landmark_and_historical_building,overture,-22.887603759765625,-43.37347412109375,,overture:Condomínio Vale das Acácias:-22.88760:-43.37347
Vila Militar Dos Afonsos,landmark_and_historical_building,overture,-22.88625717163086,-43.38007736206055,,overture:Vila Militar Dos Afonsos:-22.88626:-43.38008
Edifício São George,landmark_and_historical_building,overture,-22.88517189025879,-43.37557601928711,,overture:Edifício São George:-22.88517:-43.37558
Praça Barra Bonita - Recreio,landmark_and_historical_building,overture,-22.886240005493164,-43.3700065612793,,overture:Praça Barra Bonita - Recreio:-22.88624:-43.37001
Villa Lounge Festas,topic_concert_venue,overture,-22.88600730895996,-43.36647033691406,,overture:Villa Lounge Festas:-22.88601:-43.36647
Bazar 4 de Dezembro,landmark_and_historical_building,overture,-22.885272979736328,-43.3627815246582,,overture:Bazar 4 de Dezembro:-22.88527:-43.36278
Ed. Jardim das Tulipas,landmark_and_historical_building,overture,-22.884666442871094,-43.365779876708984,,overture:Ed. Jardim das Tulipas:-22.88467:-43.36578
Condomínio Parque das Margaridas,landmark_and_historical_building,overture,-22.883472442626953,-43.36532211303711,,overture:Condomínio Parque das Margaridas:-22.88347:-43.36532
FoodPark Valqueire,topic_concert_venue,overture,-22.881940841674805,-43.36702346801758,,overture:FoodPark Valqueire:-22.88194:-43.36702
Brabas da Conceito,cultural_center,overture,-22.880990982055664,-43.37028503417969,,overture:Brabas da Conceito:-22.88099:-43.37029
Vale das Orquídeas,landmark_and_historical_building,overture,-22.881696701049805,-43.373538970947266,,overture:Vale das Orquídeas:-22.88170:-43.37354
Condominio do Edifício Residencial Vale das Orquídeas,landmark_and_historical_building,overture,-22.882476806640625,-43.37413024902344,,overture:Condominio do Edifício Residencial Vale das Orquídeas:-22.88248:-43.37413
Condomínio Splendore,landmark_and_historical_building,overture,-22.88330078125,-43.375675201416016,,overture:Condomínio Splendore:-22.88330:-43.37568
Campo dos Afonsos Residencial Club,landmark_and_historical_building,overture,-22.87450408935547,-43.373313903808594,,overture:Campo dos Afonsos Residencial Club:-22.87450:-43.37331
Festa Nossa Epoca 80902000,topic_concert_venue,overture,-22.87628746032715,-43.37232971191406,,overture:Festa Nossa Epoca 80902000:-22.87629:-43.37233
Sapatinho's Salão de Festas,topic_concert_venue,overture,-22.87652587890625,-43.36664962768555,,overture:Sapatinho's Salão de Festas:-22.87653:-43.36665
Ed Verbenas,landmark_and_historical_building,overture,-22.8781681060791,-43.36735534667969,,overture:Ed Verbenas:-22.87817:-43.36736
Condominio do Edificio Luso Brasileiro,landmark_and_historical_building,overture,-22.876935958862305,-43.36735534667969,,overture:Condominio do Edificio Luso Brasileiro:-22.87694:-43.36736
Ed. Solar do Valqueire,landmark_and_historical_building,overture,-22.878278732299805,-43.36952590942383,,overture:Ed. Solar do Valqueire:-22.87828:-43.36953
Jagoroaba,landmark_and_historical_building,overture,-22.878950119018555,-43.37102508544922,,overture:Jagoroaba:-22.87895:-43.37103
Ed. Porto Brisa V,landmark_and_historical_building,overture,-22.879079818725586,-43.371009826660156,,overture:Ed. Porto Brisa V:-22.87908:-43.37101
Salão espeço Jambeiro,topic_concert_venue,overture,-22.88007354736328,-43.37044143676758,,overture:Salão espeço Jambeiro:-22.88007:-43.37044
Village Boechat I,landmark_and_historical_building,overture,-22.878936767578125,-43.36642837524414,,overture:Village Boechat I:-22.87894:-43.36643
Ed. Marcedo VIII,landmark_and_historical_building,overture,-22.879104614257812,-43.36042785644531,,overture:Ed. Marcedo VIII:-22.87910:-43.36043
Residencial Arte Maior,landmark_and_historical_building,overture,-22.879098892211914,-43.35401916503906,,overture:Residencial Arte Maior:-22.87910:-43.35402
Paulo Prado 63,landmark_and_historical_building,overture,-22.87877655029297,-43.353782653808594,,overture:Paulo Prado 63:-22.87878:-43.35378
Condominio do Edificio Morada do Valqueire,landmark_and_historical_building,overture,-22.876930236816406,-43.35521697998047,,overture:Condominio do Edificio Morada do Valqueire:-22.87693:-43.35522
Condomi'nio Residencial 14 de Junho,landmark_and_historical_building,overture,-22.876367568969727,-43.36201095581055,,overture:Condomi'nio Residencial 14 de Junho:-22.87637:-43.36201
Condomínio do Conjunto Residencial Demoisele,landmark_and_historical_building,overture,-22.875564575195312,-43.36041259765625,,overture:Condomínio do Conjunto Residencial Demoisele:-22.87556:-43.36041
Residencial América Soares,landmark_and_historical_building,overture,-22.873493194580078,-43.34682846069336,,overture:Residencial América Soares:-22.87349:-43.34683
Condominio Tereza de Jesus,landmark_and_historical_building,overture,-22.87980842590332,-43.34746551513672,,overture:Condominio Tereza de Jesus:-22.87981:-43.34747
G.R.E.S. Tradição,topic_concert_venue,overture,-22.882532119750977,-43.34572219848633,,overture:G.R.E.S. Tradição:-22.88253:-43.34572
Condominio Edificio Campinho,landmark_and_historical_building,overture,-22.883140563964844,-43.34406661987305,,overture:Condominio Edificio Campinho:-22.88314:-43.34407
Symphony Residential Club,landmark_and_historical_building,overture,-22.883098602294922,-43.34507369995117,,overture:Symphony Residential Club:-22.88310:-43.34507
Condominio Ed. Azaleas,landmark_and_historical_building,overture,-22.882305145263672,-43.35004425048828,,overture:Condominio Ed. Azaleas:-22.88231:-43.35004
Malandramente a Festa Original,topic_concert_venue,overture,-22.880704879760742,-43.35391616821289,,overture:Malandramente a Festa Original:-22.88070:-43.35392
Forte Do Leme,landmark_and_historical_building,overture,-22.88124656677246,-43.35559844970703,,overture:Forte Do Leme:-22.88125:-43.35560
Leah,topic_concert_venue,overture,-22.88142204284668,-43.356414794921875,,overture:Leah:-22.88142:-43.35641
Residencial Lilases,landmark_and_historical_building,overture,-22.88034439086914,-43.3597412109375,,overture:Residencial Lilases:-22.88034:-43.35974
Condominio do Edificio Torremolinos,landmark_and_historical_building,overture,-22.881731033325195,-43.3624382019043,,overture:Condominio do Edificio Torremolinos:-22.88173:-43.36244
Patrimovel Jardins do Valqueire,landmark_and_historical_building,overture,-22.882265090942383,-43.358097076416016,,overture:Patrimovel Jardins do Valqueire:-22.88227:-43.35810
Espaço Columbia,topic_concert_venue,overture,-22.88443946838379,-43.35423278808594,,overture:Espaço Columbia:-22.88444:-43.35423
Espaço Kids Festas,topic_concert_venue,overture,-22.884504318237305,-43.357139587402344,,overture:Espaço Kids Festas:-22.88450:-43.35714
Condomínio Village das Rosas,landmark_and_historical_building,overture,-22.885894775390625,-43.3614501953125,,overture:Condomínio Village das Rosas:-22.88589:-43.36145
Edifício Marechal Pradel,landmark_and_historical_building,overture,-22.886730194091797,-43.35499954223633,,overture:Edifício Marechal Pradel:-22.88673:-43.35500
Condomínio do Edifício Novo Millenium,landmark_and_historical_building,overture,-22.886844635009766,-43.34931945800781,,overture:Condomínio do Edifício Novo Millenium:-22.88684:-43.34932
Condomínio Do Edifício Jardim Dos Teles,landmark_and_historical_building,overture,-22.88614273071289,-43.35008239746094,,overture:Condomínio Do Edifício Jardim Dos Teles:-22.88614:-43.35008
Condomínio Solar Pinto Teles,landmark_and_historical_building,overture,-22.885709762573242,-43.351802825927734,,overture:Condomínio Solar Pinto Teles:-22.88571:-43.35180
Condomínio Solar Guiomar Santos Bessa,landmark_and_historical_building,overture,-22.885276794433594,-43.348995208740234,,overture:Condomínio Solar Guiomar Santos Bessa:-22.88528:-43.34900
Condomínio CampoBello,landmark_and_historical_building,overture,-22.884233474731445,-43.34559631347656,,overture:Condomínio CampoBello:-22.88423:-43.34560
Condominio Park Village,landmark_and_historical_building,overture,-22.884815216064453,-43.34537887573242,,overture:Condominio Park Village:-22.88482:-43.34538
Melodia e Lazer Condomínio,landmark_and_historical_building,overture,-22.887008666992188,-43.344947814941406,,overture:Melodia e Lazer Condomínio:-22.88701:-43.34495
Condomínio Solar de Cascadura,landmark_and_historical_building,overture,-22.886926651000977,-43.330806732177734,,overture:Condomínio Solar de Cascadura:-22.88693:-43.33081
Residencial Madureira Life,landmark_and_historical_building,overture,-22.882755279541016,-43.3338623046875,,overture:Residencial Madureira Life:-22.88276:-43.33386
Cascadura,landmark_and_historical_building,overture,-22.882204055786133,-43.32648468017578,,overture:Cascadura:-22.88220:-43.32648
Condomínio Bossa Norte,landmark_and_historical_building,overture,-22.881135940551758,-43.331817626953125,,overture:Condomínio Bossa Norte:-22.88114:-43.33182
Condomínio Ana Cristina,landmark_and_historical_building,overture,-22.88324546813965,-43.33537292480469,,overture:Condomínio Ana Cristina:-22.88325:-43.33537
Condomínio Tiradentes,landmark_and_historical_building,overture,-22.88324546813965,-43.33601760864258,,overture:Condomínio Tiradentes:-22.88325:-43.33602
Condominio do Edificio Portal Residence,landmark_and_historical_building,overture,-22.878625869750977,-43.3419189453125,,overture:Condominio do Edificio Portal Residence:-22.87863:-43.34192
Condomínio do Edifício Domingos Lopes,landmark_and_historical_building,overture,-22.879201889038086,-43.34100341796875,,overture:Condomínio do Edifício Domingos Lopes:-22.87920:-43.34100
HAUS Entretenimento,topic_concert_venue,overture,-22.879629135131836,-43.33481216430664,,overture:HAUS Entretenimento:-22.87963:-43.33481
Madureira rj,landmark_and_historical_building,overture,-22.87848663330078,-43.339080810546875,,overture:Madureira rj:-22.87849:-43.33908
Edifício Thasos,landmark_and_historical_building,overture,-22.878524780273438,-43.33736038208008,,overture:Edifício Thasos:-22.87852:-43.33736
Dia da Favela,cultural_center,overture,-22.876922607421875,-43.33565902709961,,overture:Dia da Favela:-22.87692:-43.33566
Resenha do Jony,topic_concert_venue,overture,-22.87696647644043,-43.337249755859375,,overture:Resenha do Jony:-22.87697:-43.33725
Elandre Casa de Festas,topic_concert_venue,overture,-22.877315521240234,-43.338653564453125,,overture:Elandre Casa de Festas:-22.87732:-43.33865
Edifício Campilho,landmark_and_historical_building,overture,-22.877540588378906,-43.34015655517578,,overture:Edifício Campilho:-22.87754:-43.34016
Centro Cultural Silva Tavares,cultural_center,overture,-22.877506256103516,-43.34251403808594,,overture:Centro Cultural Silva Tavares:-22.87751:-43.34251
Condomínio Bandeirante,landmark_and_historical_building,overture,-22.87557601928711,-43.33989715576172,,overture:Condomínio Bandeirante:-22.87558:-43.33990
Trakinas House,landmark_and_historical_building,overture,-22.873958587646484,-43.342655181884766,,overture:Trakinas House:-22.87396:-43.34266
Condomínio do Edifício Cine Palace Florença,landmark_and_historical_building,overture,-22.874780654907227,-43.34017562866211,,overture:Condomínio do Edifício Cine Palace Florença:-22.87478:-43.34018
Império Serrano,topic_concert_venue,overture,-22.873981475830078,-43.33682632446289,,overture:Império Serrano:-22.87398:-43.33683
Botequim do Império,topic_concert_venue,overture,-22.87431526184082,-43.33609390258789,,overture:Botequim do Império:-22.87432:-43.33609
G.R.E.S. Império Serrano,topic_concert_venue,overture,-22.874202728271484,-43.33647155761719,,overture:G.R.E.S. Império Serrano:-22.87420:-43.33647
Viaduto de Madureira,topic_concert_venue,overture,-22.875818252563477,-43.33512496948242,,overture:Viaduto de Madureira:-22.87582:-43.33512
Microlins,cultural_center,overture,-22.875524520874023,-43.33598327636719,,overture:Microlins:-22.87552:-43.33598
Espaço CUFA 1,topic_concert_venue,overture,-22.876127243041992,-43.336814880371094,,overture:Espaço CUFA 1:-22.87613:-43.33681
Espaço Cultural e Esportivo CUFA - Marina Soares Athayde,cultural_center,overture,-22.876466751098633,-43.33537292480469,,overture:Espaço Cultural e Esportivo CUFA - Marina Soares Athayde:-22.87647:-43.33537
Viaduto Prefeito Negrão De Lima - Madureira,topic_concert_venue,overture,-22.876630783081055,-43.335426330566406,,overture:Viaduto Prefeito Negrão De Lima - Madureira:-22.87663:-43.33543
Tupiniquim,topic_concert_venue,overture,-22.876413345336914,-43.330936431884766,,overture:Tupiniquim:-22.87641:-43.33094
Condominio do Conjunto Residencial Vila Maria,landmark_and_historical_building,overture,-22.875572204589844,-43.330421447753906,,overture:Condominio do Conjunto Residencial Vila Maria:-22.87557:-43.33042
Rua João Pereira,landmark_and_historical_building,overture,-22.875221252441406,-43.33295822143555,,overture:Rua João Pereira:-22.87522:-43.33296
Centro Cultural AfroRio,cultural_center,overture,-22.877906799316406,-43.32757568359375,,overture:Centro Cultural AfroRio:-22.87791:-43.32758
Estação do samba,cultural_center,overture,-22.87971305847168,-43.33414077758789,,overture:Estação do samba:-22.87971:-43.33414
Residência,landmark_and_historical_building,overture,-22.88026237487793,-43.33066177368164,,overture:Residência:-22.88026:-43.33066
Cascadura,landmark_and_historical_building,overture,-22.879671096801758,-43.32902526855469,,overture:Cascadura:-22.87967:-43.32903
Festval Eventos,topic_concert_venue,overture,-22.879384994506836,-43.32585906982422,,overture:Festval Eventos:-22.87938:-43.32586
Condominio do Edificio Silva Gomes,landmark_and_historical_building,overture,-22.879972457885742,-43.32704544067383,,overture:Condominio do Edificio Silva Gomes:-22.87997:-43.32705
Bairro de cascadura,landmark_and_historical_building,overture,-22.8786678314209,-43.32252883911133,,overture:Bairro de cascadura:-22.87867:-43.32253
Condomínio do Edifício Valério,landmark_and_historical_building,overture,-22.87889289855957,-43.31700897216797,,overture:Condomínio do Edifício Valério:-22.87889:-43.31701
Sidônio Paes - Cascadura,topic_concert_venue,overture,-22.87860870361328,-43.31925964355469,,overture:Sidônio Paes - Cascadura:-22.87861:-43.31926
Condomínio vila padre Nóbrega,landmark_and_historical_building,overture,-22.87819480895996,-43.31563186645508,,overture:Condomínio vila padre Nóbrega:-22.87819:-43.31563
Gres Arrastão de Cascadura,topic_concert_venue,overture,-22.877460479736328,-43.32289123535156,,overture:Gres Arrastão de Cascadura:-22.87746:-43.32289
G.R.E.S. Arrastão de Cascadura,topic_concert_venue,overture,-22.87752342224121,-43.32299041748047,,overture:G.R.E.S. Arrastão de Cascadura:-22.87752:-43.32299
Amália/Baleares (Urubuzinho),landmark_and_historical_building,overture,-22.875762939453125,-43.31108856201172,,overture:Amália/Baleares (Urubuzinho):-22.87576:-43.31109
Associação Cultural Espaço Carioca,cultural_center,overture,-22.873783111572266,-43.31510543823242,,overture:Associação Cultural Espaço Carioca:-22.87378:-43.31511
Jardim Histórico do Museu da República,history_museum,overture,-22.873306274414062,-43.31143569946289,,overture:Jardim Histórico do Museu da República:-22.87331:-43.31144
Bancários de Cavalcanti,landmark_and_historical_building,overture,-22.873849868774414,-43.31065368652344,,overture:Bancários de Cavalcanti:-22.87385:-43.31065
Condominio Italia D'incau,landmark_and_historical_building,overture,-22.87481689453125,-43.307464599609375,,overture:Condominio Italia D'incau:-22.87482:-43.30746
Espaço Peter's Festas,topic_concert_venue,overture,-22.879186630249023,-43.308692932128906,,overture:Espaço Peter's Festas:-22.87919:-43.30869
Oreo Clapp,landmark_and_historical_building,overture,-22.880409240722656,-43.30785369873047,,overture:Oreo Clapp:-22.88041:-43.30785
Casa da Piscina,topic_concert_venue,overture,-22.881019592285156,-43.31010818481445,,overture:Casa da Piscina:-22.88102:-43.31011
Conjunto Residencial Almirante Gastão Motta,landmark_and_historical_building,overture,-22.883832931518555,-43.30717849731445,,overture:Conjunto Residencial Almirante Gastão Motta:-22.88383:-43.30718
Rua Figueiredo Pímentel,landmark_and_historical_building,overture,-22.883617401123047,-43.30712890625,,overture:Rua Figueiredo Pímentel:-22.88362:-43.30713
Espaço Sepol,topic_concert_venue,overture,-22.8828125,-43.31462097167969,,overture:Espaço Sepol:-22.88281:-43.31462
Walber Gás,topic_concert_venue,overture,-22.88237190246582,-43.31547164916992,,overture:Walber Gás:-22.88237:-43.31547
Condomínio do Edifício Santa Mônica,landmark_and_historical_building,overture,-22.88068199157715,-43.321651458740234,,overture:Condomínio do Edifício Santa Mônica:-22.88068:-43.32165
Condomínio Califórnia Park,landmark_and_historical_building,overture,-22.88158416748047,-43.324127197265625,,overture:Condomínio Califórnia Park:-22.88158:-43.32413
Em fim:  Lar doce Lar,landmark_and_historical_building,overture,-22.884103775024414,-43.31666564941406,,overture:Em fim:  Lar doce Lar:-22.88410:-43.31667
Arcanos,cultural_center,overture,-22.885000228881836,-43.32087707519531,,overture:Arcanos:-22.88500:-43.32088
Condomínio do Edifício Antunes,landmark_and_historical_building,overture,-22.886943817138672,-43.319091796875,,overture:Condomínio do Edifício Antunes:-22.88694:-43.31909
Condomínio Visconde de Inhaúma,landmark_and_historical_building,overture,-22.88455581665039,-43.31521224975586,,overture:Condomínio Visconde de Inhaúma:-22.88456:-43.31521
Condominium Via Corcovado,landmark_and_historical_building,overture,-22.884037017822266,-43.31455993652344,,overture:Condominium Via Corcovado:-22.88404:-43.31456
Completo Piedade,landmark_and_historical_building,overture,-22.89055824279785,-43.311607360839844,,overture:Completo Piedade:-22.89056:-43.31161
Espaço Villa Norte,topic_concert_venue,overture,-22.889568328857422,-43.30855178833008,,overture:Espaço Villa Norte:-22.88957:-43.30855
Mais 5521 entretenimento,topic_concert_venue,overture,-22.892274856567383,-43.30803680419922,,overture:Mais 5521 entretenimento:-22.89227:-43.30804
Pagode 40 Graus,topic_concert_venue,overture,-22.892263412475586,-43.308040618896484,,overture:Pagode 40 Graus:-22.89226:-43.30804
Regina reis,landmark_and_historical_building,overture,-22.893573760986328,-43.317405700683594,,overture:Regina reis:-22.89357:-43.31741
Bellart Eventos,topic_concert_venue,overture,-22.892248153686523,-43.321563720703125,,overture:Bellart Eventos:-22.89225:-43.32156
Condomínio Residencial República,landmark_and_historical_building,overture,-22.89221954345703,-43.32213592529297,,overture:Condomínio Residencial República:-22.89222:-43.32214
Sítio da Chaminé - Itaguaí,landmark_and_historical_building,overture,-22.890913009643555,-43.321006774902344,,overture:Sítio da Chaminé - Itaguaí:-22.89091:-43.32101
Vai ter festa.,topic_concert_venue,overture,-22.89040756225586,-43.3226318359375,,overture:Vai ter festa.:-22.89041:-43.32263
Espaço Cultural Casa de Jorge,cultural_center,overture,-22.889440536499023,-43.32017135620117,,overture:Espaço Cultural Casa de Jorge:-22.88944:-43.32017
Espaço Guarani,topic_concert_venue,overture,-22.887624740600586,-43.31836700439453,,overture:Espaço Guarani:-22.88762:-43.31837
Condominio do Conjunto Residencial Francisco Dias Pinto,landmark_and_historical_building,overture,-22.887460708618164,-43.32073211669922,,overture:Condominio do Conjunto Residencial Francisco Dias Pinto:-22.88746:-43.32073
Residencial Amendoeiras,landmark_and_historical_building,overture,-22.890483856201172,-43.327396392822266,,overture:Residencial Amendoeiras:-22.89048:-43.32740
Morro da Bica,landmark_and_historical_building,overture,-22.888885498046875,-43.33944320678711,,overture:Morro da Bica:-22.88889:-43.33944
Rua Lancastre,landmark_and_historical_building,overture,-22.891645431518555,-43.33515167236328,,overture:Rua Lancastre:-22.89165:-43.33515
Espaço 130,topic_concert_venue,overture,-22.896270751953125,-43.34341049194336,,overture:Espaço 130:-22.89627:-43.34341
Arena Mato Alto,topic_concert_venue,overture,-22.899940490722656,-43.342506408691406,,overture:Arena Mato Alto:-22.89994:-43.34251
Condomínio Edifício Monte Castelo,landmark_and_historical_building,overture,-22.900062561035156,-43.34349060058594,,overture:Condomínio Edifício Monte Castelo:-22.90006:-43.34349
Condomínio Liberdade,landmark_and_historical_building,overture,-22.895889282226562,-43.318546295166016,,overture:Condomínio Liberdade:-22.89589:-43.31855
Cond. Pq. Encantado,landmark_and_historical_building,overture,-22.895938873291016,-43.308101654052734,,overture:Cond. Pq. Encantado:-22.89594:-43.30810
Condomínio Van Paraná,landmark_and_historical_building,overture,-22.897626876831055,-43.308998107910156,,overture:Condomínio Van Paraná:-22.89763:-43.30900
Bloco Minha Raiz,cultural_center,overture,-22.897502899169922,-43.30708312988281,,overture:Bloco Minha Raiz:-22.89750:-43.30708
Amigos sobre as ondas,topic_concert_venue,overture,-22.899423599243164,-43.306156158447266,,overture:Amigos sobre as ondas:-22.89942:-43.30616
Riviera Carioca,landmark_and_historical_building,overture,-22.89862632751465,-43.314613342285156,,overture:Riviera Carioca:-22.89863:-43.31461
Condomínio Joaquim Martins,landmark_and_historical_building,overture,-22.900388717651367,-43.30833053588867,,overture:Condomínio Joaquim Martins:-22.90039:-43.30833
CASA VERDE Eventos,topic_concert_venue,overture,-22.902250289916992,-43.306861877441406,,overture:CASA VERDE Eventos:-22.90225:-43.30686
Travessa Bernardo,landmark_and_historical_building,overture,-22.90201759338379,-43.30796813964844,,overture:Travessa Bernardo:-22.90202:-43.30797
Alto da Colina Festas e Eventos,topic_concert_venue,overture,-22.901840209960938,-43.307350158691406,,overture:Alto da Colina Festas e Eventos:-22.90184:-43.30735
Condomínio Casas da Colina,landmark_and_historical_building,overture,-22.90360450744629,-43.30813217163086,,overture:Condomínio Casas da Colina:-22.90360:-43.30813
Condomínio do Edifício da Colina,landmark_and_historical_building,overture,-22.904111862182617,-43.307579040527344,,overture:Condomínio do Edifício da Colina:-22.90411:-43.30758
Condomínio Village Porto Seguro,landmark_and_historical_building,overture,-22.903545379638672,-43.31438064575195,,overture:Condomínio Village Porto Seguro:-22.90355:-43.31438
Residencial Recanto do Sol,landmark_and_historical_building,overture,-22.906726837158203,-43.314544677734375,,overture:Residencial Recanto do Sol:-22.90673:-43.31454
Condominio do Conjunto Residencial 28 de Agosto,landmark_and_historical_building,overture,-22.903162002563477,-43.34752655029297,,overture:Condominio do Conjunto Residencial 28 de Agosto:-22.90316:-43.34753
VILA da light,landmark_and_historical_building,overture,-22.901851654052734,-43.348392486572266,,overture:VILA da light:-22.90185:-43.34839
Residencial Florianopolis,landmark_and_historical_building,overture,-22.901533126831055,-43.352142333984375,,overture:Residencial Florianopolis:-22.90153:-43.35214
Village de Ibiza,landmark_and_historical_building,overture,-22.902339935302734,-43.352272033691406,,overture:Village de Ibiza:-22.90234:-43.35227
Condominio do Conjunto Residencial Florianopolis,landmark_and_historical_building,overture,-22.902263641357422,-43.35134506225586,,overture:Condominio do Conjunto Residencial Florianopolis:-22.90226:-43.35135
Sala da Justiça,landmark_and_historical_building,overture,-22.90335464477539,-43.3501091003418,,overture:Sala da Justiça:-22.90335:-43.35011
Condomínio Morada do Sol,landmark_and_historical_building,overture,-22.90483283996582,-43.35167694091797,,overture:Condomínio Morada do Sol:-22.90483:-43.35168
Bancários Barao 207,landmark_and_historical_building,overture,-22.903615951538086,-43.34808349609375,,overture:Bancários Barao 207:-22.90362:-43.34808
Condomínio Residencial da Aeronáutica,landmark_and_historical_building,overture,-22.903656005859375,-43.34583282470703,,overture:Condomínio Residencial da Aeronáutica:-22.90366:-43.34583
Condomínio do Conjunto Habitacional Monteiro Lobato,landmark_and_historical_building,overture,-22.903539657592773,-43.345741271972656,,overture:Condomínio do Conjunto Habitacional Monteiro Lobato:-22.90354:-43.34574
Condomínio Brício de Abreu,landmark_and_historical_building,overture,-22.9035701751709,-43.34431076049805,,overture:Condomínio Brício de Abreu:-22.90357:-43.34431
Condominio Residencial Juscelino Kubitshek,landmark_and_historical_building,overture,-22.903827667236328,-43.356197357177734,,overture:Condominio Residencial Juscelino Kubitshek:-22.90383:-43.35620
CT Marcus Moraes,topic_concert_venue,overture,-22.90155029296875,-43.354713439941406,,overture:CT Marcus Moraes:-22.90155:-43.35471
Edifício Vivendas Do Sol,landmark_and_historical_building,overture,-22.901565551757812,-43.3547248840332,,overture:Edifício Vivendas Do Sol:-22.90157:-43.35472
Garden Party,landmark_and_historical_building,overture,-22.908491134643555,-43.37860870361328,,overture:Garden Party:-22.90849:-43.37861
Condomínio Garden Green,landmark_and_historical_building,overture,-22.908456802368164,-43.377891540527344,,overture:Condomínio Garden Green:-22.90846:-43.37789
Condomínio Bosque da Taquara,landmark_and_historical_building,overture,-22.910743713378906,-43.371826171875,,overture:Condomínio Bosque da Taquara:-22.91074:-43.37183
Condomínio Bosque do Jordão,landmark_and_historical_building,overture,-22.91013526916504,-43.37123489379883,,overture:Condomínio Bosque do Jordão:-22.91014:-43.37123
Condomínio Cortes- Jacarepagua,landmark_and_historical_building,overture,-22.911678314208984,-43.38019943237305,,overture:Condomínio Cortes- Jacarepagua:-22.91168:-43.38020
Condomínio Edifício Angra dos Reis,landmark_and_historical_building,overture,-22.911462783813477,-43.37812042236328,,overture:Condomínio Edifício Angra dos Reis:-22.91146:-43.37812
Mirante Residencial Da Taquara,landmark_and_historical_building,overture,-22.913394927978516,-43.378475189208984,,overture:Mirante Residencial Da Taquara:-22.91339:-43.37848
Condomínio do Edifício Saquarema,landmark_and_historical_building,overture,-22.913251876831055,-43.37896728515625,,overture:Condomínio do Edifício Saquarema:-22.91325:-43.37897
Edifício Piratininga - Bloco 7,landmark_and_historical_building,overture,-22.914268493652344,-43.3799934387207,,overture:Edifício Piratininga - Bloco 7:-22.91427:-43.37999
Condomínio do Edifício Parati,landmark_and_historical_building,overture,-22.914064407348633,-43.37622833251953,,overture:Condomínio do Edifício Parati:-22.91406:-43.37623
Condominio do Edificio Residencial,landmark_and_historical_building,overture,-22.914043426513672,-43.37303924560547,,overture:Condominio do Edificio Residencial:-22.91404:-43.37304
Sepetiba,landmark_and_historical_building,overture,-22.912586212158203,-43.366127014160156,,overture:Sepetiba:-22.91259:-43.36613
Condomínio Bosque das Acácias,landmark_and_historical_building,overture,-22.913454055786133,-43.36282730102539,,overture:Condomínio Bosque das Acácias:-22.91345:-43.36283
Residencial Los Angeles,landmark_and_historical_building,overture,-22.91442108154297,-43.36453628540039,,overture:Residencial Los Angeles:-22.91442:-43.36454
Namastê,topic_concert_venue,overture,-22.915130615234375,-43.354740142822266,,overture:Namastê:-22.91513:-43.35474
No Morro da Caixa d' Água,landmark_and_historical_building,overture,-22.913894653320312,-43.35692596435547,,overture:No Morro da Caixa d' Água:-22.91389:-43.35693
Lannes House,topic_concert_venue,overture,-22.910451889038086,-43.36021041870117,,overture:Lannes House:-22.91045:-43.36021
Covanca,landmark_and_historical_building,overture,-22.915786743164062,-43.3447151184082,,overture:Covanca:-22.91579:-43.34472
Condomínio Flora de Jacarepaguá,landmark_and_historical_building,overture,-22.919681549072266,-43.34402847290039,,overture:Condomínio Flora de Jacarepaguá:-22.91968:-43.34403
Condomínio Sol e Brisa,landmark_and_historical_building,overture,-22.920473098754883,-43.35161209106445,,overture:Condomínio Sol e Brisa:-22.92047:-43.35161
Mansão dos Dantas,landmark_and_historical_building,overture,-22.919395446777344,-43.35192108154297,,overture:Mansão dos Dantas:-22.91940:-43.35192
My Place Residencial,landmark_and_historical_building,overture,-22.919790267944336,-43.357765197753906,,overture:My Place Residencial:-22.91979:-43.35777
Condomínio Terra Do Sal Iv,landmark_and_historical_building,overture,-22.92066192626953,-43.35470199584961,,overture:Condomínio Terra Do Sal Iv:-22.92066:-43.35470
Brise Club Condomínio,landmark_and_historical_building,overture,-22.921009063720703,-43.35993576049805,,overture:Brise Club Condomínio:-22.92101:-43.35994
Condomínio do Edifício Acalanto,landmark_and_historical_building,overture,-22.920684814453125,-43.360172271728516,,overture:Condomínio do Edifício Acalanto:-22.92068:-43.36017
Edifício Residencial Jardins,landmark_and_historical_building,overture,-22.918657302856445,-43.35919952392578,,overture:Edifício Residencial Jardins:-22.91866:-43.35920
Mansão Victor,topic_concert_venue,overture,-22.917510986328125,-43.354732513427734,,overture:Mansão Victor:-22.91751:-43.35473
Espaço Quality,topic_concert_venue,overture,-22.916683197021484,-43.36171340942383,,overture:Espaço Quality:-22.91668:-43.36171
Clube do Vasquinho,topic_concert_venue,overture,-22.915857315063477,-43.36338424682617,,overture:Clube do Vasquinho:-22.91586:-43.36338
Condomínio Millenar,landmark_and_historical_building,overture,-22.917236328125,-43.36524963378906,,overture:Condomínio Millenar:-22.91724:-43.36525
Spazio Rotterdam,landmark_and_historical_building,overture,-22.9177303314209,-43.371822357177734,,overture:Spazio Rotterdam:-22.91773:-43.37182
Buena Vista Residence,landmark_and_historical_building,overture,-22.916549682617188,-43.369937896728516,,overture:Buena Vista Residence:-22.91655:-43.36994
Condominio Parque das Palmeiras,landmark_and_historical_building,overture,-22.915653228759766,-43.37378692626953,,overture:Condominio Parque das Palmeiras:-22.91565:-43.37379
"Rio Jordão (vattendrag i Brasilien, Rio de Janeiro)",landmark_and_historical_building,overture,-22.915903091430664,-43.373573303222656,,"overture:Rio Jordão (vattendrag i Brasilien, Rio de Janeiro):-22.91590:-43.37357"
Rio jogos,topic_concert_venue,overture,-22.916393280029297,-43.37732696533203,,overture:Rio jogos:-22.91639:-43.37733
Edificio Joia 160,landmark_and_historical_building,overture,-22.916492462158203,-43.379798889160156,,overture:Edificio Joia 160:-22.91649:-43.37980
The Connect ,topic_concert_venue,overture,-22.91813087463379,-43.37882614135742,,overture:The Connect :-22.91813:-43.37883
Connect Life Work Trade,landmark_and_historical_building,overture,-22.918224334716797,-43.379127502441406,,overture:Connect Life Work Trade:-22.91822:-43.37913
Smmoficial,landmark_and_historical_building,overture,-22.918020248413086,-43.37907409667969,,overture:Smmoficial:-22.91802:-43.37907
Attivitá Residencial,landmark_and_historical_building,overture,-22.91790771484375,-43.379966735839844,,overture:Attivitá Residencial:-22.91791:-43.37997
Estacao do Faz de Conta,topic_concert_venue,overture,-22.918825149536133,-43.376792907714844,,overture:Estacao do Faz de Conta:-22.91883:-43.37679
Condomínio Residencial Caviana,landmark_and_historical_building,overture,-22.9190731048584,-43.37651443481445,,overture:Condomínio Residencial Caviana:-22.91907:-43.37651
Condomínio Morada dos Sonhos,landmark_and_historical_building,overture,-22.9178409576416,-43.37337875366211,,overture:Condomínio Morada dos Sonhos:-22.91784:-43.37338
Espaço Cultural Taquara,cultural_center,overture,-22.920372009277344,-43.37287902832031,,overture:Espaço Cultural Taquara:-22.92037:-43.37288
Casa de Cultura de Jacarepaguá,cultural_center,overture,-22.922273635864258,-43.377716064453125,,overture:Casa de Cultura de Jacarepaguá:-22.92227:-43.37772
Abafu,cultural_center,overture,-22.922622680664062,-43.37626647949219,,overture:Abafu:-22.92262:-43.37627
Condomínio Village Euclydes Figueiredo,landmark_and_historical_building,overture,-22.921783447265625,-43.368614196777344,,overture:Condomínio Village Euclydes Figueiredo:-22.92178:-43.36861
Taquara - Jacarepaguá,landmark_and_historical_building,overture,-22.921550750732422,-43.37098693847656,,overture:Taquara - Jacarepaguá:-22.92155:-43.37099
Condomínio do Edifício Village Monte Carlo,landmark_and_historical_building,overture,-22.920631408691406,-43.37112808227539,,overture:Condomínio do Edifício Village Monte Carlo:-22.92063:-43.37113
Condomínio Vivendas da Taquara,landmark_and_historical_building,overture,-22.919221878051758,-43.37099838256836,,overture:Condomínio Vivendas da Taquara:-22.91922:-43.37100
Mais + Recanto da Taquara - ROSSI,landmark_and_historical_building,overture,-22.919132232666016,-43.3646354675293,,overture:Mais + Recanto da Taquara - ROSSI:-22.91913:-43.36464
Condominio Do Edificio Estoril,landmark_and_historical_building,overture,-22.925411224365234,-43.36591720581055,,overture:Condominio Do Edificio Estoril:-22.92541:-43.36592
Residencial Renaut - Jaquarepagua,landmark_and_historical_building,overture,-22.924938201904297,-43.3669319152832,,overture:Residencial Renaut - Jaquarepagua:-22.92494:-43.36693
Condomínioparquedolazer18-19,landmark_and_historical_building,overture,-22.925003051757812,-43.36617660522461,,overture:Condomínioparquedolazer18-19:-22.92500:-43.36618
Condomínio Spazio Renault,landmark_and_historical_building,overture,-22.92475700378418,-43.366886138916016,,overture:Condomínio Spazio Renault:-22.92476:-43.36689
Fábula Residencial,landmark_and_historical_building,overture,-22.92453384399414,-43.368526458740234,,overture:Fábula Residencial:-22.92453:-43.36853
Batalha Do Pontilhão,topic_concert_venue,overture,-22.925846099853516,-43.368648529052734,,overture:Batalha Do Pontilhão:-22.92585:-43.36865
Solar Camabatela,landmark_and_historical_building,overture,-22.924570083618164,-43.37064743041992,,overture:Solar Camabatela:-22.92457:-43.37065
Unique Offices,landmark_and_historical_building,overture,-22.923561096191406,-43.369239807128906,,overture:Unique Offices:-22.92356:-43.36924
Condominio do Edificio Visconde de Asseca,landmark_and_historical_building,overture,-22.9228515625,-43.37055969238281,,overture:Condominio do Edificio Visconde de Asseca:-22.92285:-43.37056
Secret Place Residences,landmark_and_historical_building,overture,-22.9234619140625,-43.370941162109375,,overture:Secret Place Residences:-22.92346:-43.37094
Estrada do rio grande,landmark_and_historical_building,overture,-22.923093795776367,-43.37437057495117,,overture:Estrada do rio grande:-22.92309:-43.37437
Condomínio Vila Bela,landmark_and_historical_building,overture,-22.92409324645996,-43.376426696777344,,overture:Condomínio Vila Bela:-22.92409:-43.37643
Condomínio Via Alto Mapendi Reserva,landmark_and_historical_building,overture,-22.92578887939453,-43.37822341918945,,overture:Condomínio Via Alto Mapendi Reserva:-22.92579:-43.37822
Condado Luz do Sol II,landmark_and_historical_building,overture,-22.92546272277832,-43.375648498535156,,overture:Condado Luz do Sol II:-22.92546:-43.37565
condominio Reserva Especial Mapendi,landmark_and_historical_building,overture,-22.925256729125977,-43.37647247314453,,overture:condominio Reserva Especial Mapendi:-22.92526:-43.37647
Condomínio Residencial Itaguá,landmark_and_historical_building,overture,-22.92506980895996,-43.37239456176758,,overture:Condomínio Residencial Itaguá:-22.92507:-43.37239
Saia do aluguel,landmark_and_historical_building,overture,-22.927913665771484,-43.37381362915039,,overture:Saia do aluguel:-22.92791:-43.37381
Condomínio Green Garden Mapendi,landmark_and_historical_building,overture,-22.92789077758789,-43.37626266479492,,overture:Condomínio Green Garden Mapendi:-22.92789:-43.37626
Praça Vista Chinesa,landmark_and_historical_building,overture,-22.926984786987305,-43.37602996826172,,overture:Praça Vista Chinesa:-22.92698:-43.37603
Condomínio Via Alto Mapendi,landmark_and_historical_building,overture,-22.92660140991211,-43.377315521240234,,overture:Condomínio Via Alto Mapendi:-22.92660:-43.37732
Condominio Village Dos Caicaras,landmark_and_historical_building,overture,-22.927675247192383,-43.380123138427734,,overture:Condominio Village Dos Caicaras:-22.92768:-43.38012
Vila Rosado,landmark_and_historical_building,overture,-22.92848777770996,-43.38124084472656,,overture:Vila Rosado:-22.92849:-43.38124
Casaredo,landmark_and_historical_building,overture,-22.92909049987793,-43.37737274169922,,overture:Casaredo:-22.92909:-43.37737
Reserva Do Pontal,landmark_and_historical_building,overture,-22.92795181274414,-43.373451232910156,,overture:Reserva Do Pontal:-22.92795:-43.37345
Due Suite,landmark_and_historical_building,overture,-22.929555892944336,-43.37181091308594,,overture:Due Suite:-22.92956:-43.37181
Condomínio Barão da Taquara,landmark_and_historical_building,overture,-22.929414749145508,-43.3700065612793,,overture:Condomínio Barão da Taquara:-22.92941:-43.37001
Instituto AVES,cultural_center,overture,-22.927635192871094,-43.37055587768555,,overture:Instituto AVES:-22.92764:-43.37056
Condominio do Bosque,landmark_and_historical_building,overture,-22.92714500427246,-43.36762619018555,,overture:Condominio do Bosque:-22.92715:-43.36763
Spazio Regence,landmark_and_historical_building,overture,-22.927265167236328,-43.365108489990234,,overture:Spazio Regence:-22.92727:-43.36511
Condomínio Residencial Tindiba,landmark_and_historical_building,overture,-22.928300857543945,-43.362754821777344,,overture:Condomínio Residencial Tindiba:-22.92830:-43.36275
Condominio Recanto do Tindiba,landmark_and_historical_building,overture,-22.929458618164062,-43.366424560546875,,overture:Condominio Recanto do Tindiba:-22.92946:-43.36642
Condominio Residencial Spazio Vita Clube,landmark_and_historical_building,overture,-22.928909301757812,-43.3635368347168,,overture:Condominio Residencial Spazio Vita Clube:-22.92891:-43.36354
Residencial Asteca,landmark_and_historical_building,overture,-22.92959976196289,-43.361366271972656,,overture:Residencial Asteca:-22.92960:-43.36137
Condo Villas Castle,landmark_and_historical_building,overture,-22.928483963012695,-43.35939407348633,,overture:Condo Villas Castle:-22.92848:-43.35939
Condomínio Colina,landmark_and_historical_building,overture,-22.929210662841797,-43.35600280761719,,overture:Condomínio Colina:-22.92921:-43.35600
Condomínio Village Tindiba,landmark_and_historical_building,overture,-22.92936897277832,-43.3548698425293,,overture:Condomínio Village Tindiba:-22.92937:-43.35487
Condomínio Edifício Studios 680,landmark_and_historical_building,overture,-22.928617477416992,-43.35536575317383,,overture:Condomínio Edifício Studios 680:-22.92862:-43.35537
Condomínio Tropical,landmark_and_historical_building,overture,-22.92801284790039,-43.35417556762695,,overture:Condomínio Tropical:-22.92801:-43.35418
Bloco Banda do Pechincha,topic_concert_venue,overture,-22.92836570739746,-43.3544807434082,,overture:Bloco Banda do Pechincha:-22.92837:-43.35448
"Cachoeira Véu de Noiva, Vila de Maringa, Itatiaia, RJ",landmark_and_historical_building,overture,-22.927860260009766,-43.35539627075195,,"overture:Cachoeira Véu de Noiva, Vila de Maringa, Itatiaia, RJ:-22.92786:-43.35540"
Condomínio Plus Residencial,landmark_and_historical_building,overture,-22.92789649963379,-43.35539627075195,,overture:Condomínio Plus Residencial:-22.92790:-43.35540
Condomínio Conjunto Habitacional São Geraldo,landmark_and_historical_building,overture,-22.926759719848633,-43.356285095214844,,overture:Condomínio Conjunto Habitacional São Geraldo:-22.92676:-43.35629
Eco - Espaço Cultural,cultural_center,overture,-22.926450729370117,-43.359676361083984,,overture:Eco - Espaço Cultural:-22.92645:-43.35968
Condomínio Green Hills,landmark_and_historical_building,overture,-22.925739288330078,-43.361122131347656,,overture:Condomínio Green Hills:-22.92574:-43.36112
Condomínio Geremário Dantas (480),landmark_and_historical_building,overture,-22.92612075805664,-43.35978698730469,,overture:Condomínio Geremário Dantas (480):-22.92612:-43.35979
Condominio do edifício Vila Formosa,landmark_and_historical_building,overture,-22.925575256347656,-43.359886169433594,,overture:Condominio do edifício Vila Formosa:-22.92558:-43.35989
Condomínio do Edifício San Martin,landmark_and_historical_building,overture,-22.923891067504883,-43.36055374145508,,overture:Condomínio do Edifício San Martin:-22.92389:-43.36055
Condomi'nio San Martin,landmark_and_historical_building,overture,-22.92382049560547,-43.36064147949219,,overture:Condomi'nio San Martin:-22.92382:-43.36064
Condominio do Edificio Bandeirantes Jeronimo Leitao,landmark_and_historical_building,overture,-22.92317771911621,-43.360870361328125,,overture:Condominio do Edificio Bandeirantes Jeronimo Leitao:-22.92318:-43.36087
Lona Cultural Municipal Jacob do Bandolim,cultural_center,overture,-22.92399024963379,-43.358646392822266,,overture:Lona Cultural Municipal Jacob do Bandolim:-22.92399:-43.35865
Lona Cultural de Jacarepaguá,topic_concert_venue,overture,-22.92413902282715,-43.35835647583008,,overture:Lona Cultural de Jacarepaguá:-22.92414:-43.35836
Espaço Luz,topic_concert_venue,overture,-22.923240661621094,-43.35555648803711,,overture:Espaço Luz:-22.92324:-43.35556
Condominio Stilo Residencial,landmark_and_historical_building,overture,-22.924598693847656,-43.3542594909668,,overture:Condominio Stilo Residencial:-22.92460:-43.35426
Condomínio Green Park,landmark_and_historical_building,overture,-22.925777435302734,-43.35502243041992,,overture:Condomínio Green Park:-22.92578:-43.35502
Condominio TOP Residencial,landmark_and_historical_building,overture,-22.926706314086914,-43.34906768798828,,overture:Condominio TOP Residencial:-22.92671:-43.34907
Condomínio Vivendas do Leste,landmark_and_historical_building,overture,-22.92786407470703,-43.351707458496094,,overture:Condomínio Vivendas do Leste:-22.92786:-43.35171
Condomínio Recanto do Lazer,landmark_and_historical_building,overture,-22.927528381347656,-43.350791931152344,,overture:Condomínio Recanto do Lazer:-22.92753:-43.35079
Condomínio do Edifício Residencial D'Ouro,landmark_and_historical_building,overture,-22.92740249633789,-43.350624084472656,,overture:Condomínio do Edifício Residencial D'Ouro:-22.92740:-43.35062
Associação residencial Bougainville,landmark_and_historical_building,overture,-22.927085876464844,-43.34978103637695,,overture:Associação residencial Bougainville:-22.92709:-43.34978
Condomínio Spazio Rimini,landmark_and_historical_building,overture,-22.927154541015625,-43.34870147705078,,overture:Condomínio Spazio Rimini:-22.92715:-43.34870
Residencial Renoir,landmark_and_historical_building,overture,-22.92754364013672,-43.349308013916016,,overture:Residencial Renoir:-22.92754:-43.34931
Comendador Siqueira,landmark_and_historical_building,overture,-22.928150177001953,-43.34779357910156,,overture:Comendador Siqueira:-22.92815:-43.34779
Condomínio Saturno,landmark_and_historical_building,overture,-22.928260803222656,-43.34459686279297,,overture:Condomínio Saturno:-22.92826:-43.34460
Condominio Paraíso,landmark_and_historical_building,overture,-22.929590225219727,-43.339324951171875,,overture:Condominio Paraíso:-22.92959:-43.33932
Pallas Residence,landmark_and_historical_building,overture,-22.929357528686523,-43.33917236328125,,overture:Pallas Residence:-22.92936:-43.33917
Condomínio Vale Suiço,landmark_and_historical_building,overture,-22.9277400970459,-43.33753967285156,,overture:Condomínio Vale Suiço:-22.92774:-43.33754
Condominio Personale Flex House,landmark_and_historical_building,overture,-22.926998138427734,-43.33710479736328,,overture:Condominio Personale Flex House:-22.92700:-43.33710
Empreendimento Del Monte Club and Houses,landmark_and_historical_building,overture,-22.92800521850586,-43.3363151550293,,overture:Empreendimento Del Monte Club and Houses:-22.92801:-43.33632
Condo Gardens London,landmark_and_historical_building,overture,-22.92818832397461,-43.338314056396484,,overture:Condo Gardens London:-22.92819:-43.33831
Condomínio Estilo VI,landmark_and_historical_building,overture,-22.92967414855957,-43.33902359008789,,overture:Condomínio Estilo VI:-22.92967:-43.33902
Alegria do Céu - Espaço para festas e eventos,topic_concert_venue,overture,-22.929452896118164,-43.33197021484375,,overture:Alegria do Céu - Espaço para festas e eventos:-22.92945:-43.33197
Espaço Green Ville,topic_concert_venue,overture,-22.927690505981445,-43.329681396484375,,overture:Espaço Green Ville:-22.92769:-43.32968
Sítio 300,topic_concert_venue,overture,-22.924299240112305,-43.33794403076172,,overture:Sítio 300:-22.92430:-43.33794
Casa Abreu,topic_concert_venue,overture,-22.925512313842773,-43.337589263916016,,overture:Casa Abreu:-22.92551:-43.33759
Condomínio Suíça Carioca,landmark_and_historical_building,overture,-22.923715591430664,-43.34102249145508,,overture:Condomínio Suíça Carioca:-22.92372:-43.34102
Condomínio Suíça Carioca II,landmark_and_historical_building,overture,-22.922643661499023,-43.34323501586914,,overture:Condomínio Suíça Carioca II:-22.92264:-43.34324
Espaço Pomar,topic_concert_venue,overture,-22.927148818969727,-43.318389892578125,,overture:Espaço Pomar:-22.92715:-43.31839
Bloco Esquina Chic de Padre Miguel,topic_concert_venue,overture,-22.871625900268555,-43.452186584472656,,overture:Bloco Esquina Chic de Padre Miguel:-22.87163:-43.45219
NamastÊ Alternativo,topic_concert_venue,overture,-22.870939254760742,-43.45014953613281,,overture:NamastÊ Alternativo:-22.87094:-43.45015
Arena Park Madureira,topic_concert_venue,overture,-22.870447158813477,-43.44732666015625,,overture:Arena Park Madureira:-22.87045:-43.44733
Quadra Da Unidos De Padre Miguel,topic_concert_venue,overture,-22.870786666870117,-43.447444915771484,,overture:Quadra Da Unidos De Padre Miguel:-22.87079:-43.44744
Espaço Cultural Marcio Conde,cultural_center,overture,-22.87034034729004,-43.45046615600586,,overture:Espaço Cultural Marcio Conde:-22.87034:-43.45047
Condomínio Residencial Camaragipe I,landmark_and_historical_building,overture,-22.870254516601562,-43.452613830566406,,overture:Condomínio Residencial Camaragipe I:-22.87025:-43.45261
Casa Quissama Museum,museum,overture,-22.870529174804688,-43.452735900878906,,overture:Casa Quissama Museum:-22.87053:-43.45274
Casa da sereia,landmark_and_historical_building,overture,-22.868959426879883,-43.45392990112305,,overture:Casa da sereia:-22.86896:-43.45393
Condomínio Dona Anna,landmark_and_historical_building,overture,-22.864517211914062,-43.45359802246094,,overture:Condomínio Dona Anna:-22.86452:-43.45360
Condomínio Parque da Água Branca,landmark_and_historical_building,overture,-22.86415672302246,-43.449459075927734,,overture:Condomínio Parque da Água Branca:-22.86416:-43.44946
NG Festas de Realengo,topic_concert_venue,overture,-22.864025115966797,-43.44264221191406,,overture:NG Festas de Realengo:-22.86403:-43.44264
Museu da Feb - Petrópolis - RJ,museum,overture,-22.86811637878418,-43.43610382080078,,overture:Museu da Feb - Petrópolis - RJ:-22.86812:-43.43610
Salão de Festas Jeane Piquet,topic_concert_venue,overture,-22.86643409729004,-43.43740463256836,,overture:Salão de Festas Jeane Piquet:-22.86643:-43.43740
Espaço D,topic_concert_venue,overture,-22.86667823791504,-43.42092514038086,,overture:Espaço D:-22.86668:-43.42093
Bem vindo Fumacê,landmark_and_historical_building,overture,-22.867368698120117,-43.42314147949219,,overture:Bem vindo Fumacê:-22.86737:-43.42314
Condomínio Costa E Silva,landmark_and_historical_building,overture,-22.866718292236328,-43.423587799072266,,overture:Condomínio Costa E Silva:-22.86672:-43.42359
Vila Militar de Gericinó,landmark_and_historical_building,overture,-22.870643615722656,-43.41908645629883,,overture:Vila Militar de Gericinó:-22.87064:-43.41909
Condominio do Edificio Residencias Princesa Imperial,landmark_and_historical_building,overture,-22.871620178222656,-43.4217529296875,,overture:Condominio do Edificio Residencias Princesa Imperial:-22.87162:-43.42175
Condomínio Princesa Imperial-Oficial,landmark_and_historical_building,overture,-22.871065139770508,-43.421817779541016,,overture:Condomínio Princesa Imperial-Oficial:-22.87107:-43.42182
Salão de Festas Gold Star,topic_concert_venue,overture,-22.873123168945312,-43.40987014770508,,overture:Salão de Festas Gold Star:-22.87312:-43.40987
Condominio Residencial Marechal Deodoro,landmark_and_historical_building,overture,-22.87115478515625,-43.413875579833984,,overture:Condominio Residencial Marechal Deodoro:-22.87115:-43.41388
Salão de Festas Glória,topic_concert_venue,overture,-22.870513916015625,-43.418128967285156,,overture:Salão de Festas Glória:-22.87051:-43.41813
Espaço para Festas Momento Meu,topic_concert_venue,overture,-22.869861602783203,-43.41844177246094,,overture:Espaço para Festas Momento Meu:-22.86986:-43.41844
Condomínio Residencial Vila Verde,landmark_and_historical_building,overture,-22.867341995239258,-43.382869720458984,,overture:Condomínio Residencial Vila Verde:-22.86734:-43.38287
PNR1 ESAO,landmark_and_historical_building,overture,-22.861722946166992,-43.39311981201172,,overture:PNR1 ESAO:-22.86172:-43.39312
Conjunto Promorar l e II,topic_concert_venue,overture,-22.859960556030273,-43.39798355102539,,overture:Conjunto Promorar l e II:-22.85996:-43.39798
Museu Aeroterrestre,history_museum,overture,-22.859264373779297,-43.38923645019531,,overture:Museu Aeroterrestre:-22.85926:-43.38924
Marechal Rondon,history_museum,overture,-22.858673095703125,-43.38823699951172,,overture:Marechal Rondon:-22.85867:-43.38824
Dra Thayenne,topic_concert_venue,overture,-22.85910415649414,-43.388038635253906,,overture:Dra Thayenne:-22.85910:-43.38804
Porto Olímpico,landmark_and_historical_building,overture,-22.856557846069336,-43.3835334777832,,overture:Porto Olímpico:-22.85656:-43.38353
Esqueleto Hotel Panorama,landmark_and_historical_building,overture,-22.854660034179688,-43.39013671875,,overture:Esqueleto Hotel Panorama:-22.85466:-43.39014
Residencial Parque Real Garden Realengo,landmark_and_historical_building,overture,-22.862428665161133,-43.4403076171875,,overture:Residencial Parque Real Garden Realengo:-22.86243:-43.44031
"Júpiter, Quinto Planeta del Sistema Solar.",monument,overture,-22.86302375793457,-43.44258117675781,,"overture:Júpiter, Quinto Planeta del Sistema Solar.:-22.86302:-43.44258"
Condomínio Manoel Miguel,landmark_and_historical_building,overture,-22.863588333129883,-43.44478225708008,,overture:Condomínio Manoel Miguel:-22.86359:-43.44478
Condominio Alameda Real,landmark_and_historical_building,overture,-22.862857818603516,-43.451412200927734,,overture:Condominio Alameda Real:-22.86286:-43.45141
Padre miguel,landmark_and_historical_building,overture,-22.86308479309082,-43.453514099121094,,overture:Padre miguel:-22.86308:-43.45351
Ausente arrumando a casa face aberto,landmark_and_historical_building,overture,-22.86168670654297,-43.454254150390625,,overture:Ausente arrumando a casa face aberto:-22.86169:-43.45425
Novidade Shows,topic_concert_venue,overture,-22.860963821411133,-43.45418167114258,,overture:Novidade Shows:-22.86096:-43.45418
Escola de Samba Mocidade,topic_concert_venue,overture,-22.861164093017578,-43.448307037353516,,overture:Escola de Samba Mocidade:-22.86116:-43.44831
GTA Salão de Festas,topic_concert_venue,overture,-22.857364654541016,-43.454383850097656,,overture:GTA Salão de Festas:-22.85736:-43.45438
Condomínio Residencial Parque Rio Maravilha 2,landmark_and_historical_building,overture,-22.85759735107422,-43.44803237915039,,overture:Condomínio Residencial Parque Rio Maravilha 2:-22.85760:-43.44803
Condomínio Viva Mais Realengo,landmark_and_historical_building,overture,-22.858308792114258,-43.4476318359375,,overture:Condomínio Viva Mais Realengo:-22.85831:-43.44763
Residencial Parque Rio Maravilha IV,landmark_and_historical_building,overture,-22.85914421081543,-43.447669982910156,,overture:Residencial Parque Rio Maravilha IV:-22.85914:-43.44767
Condomínio ipê branco,landmark_and_historical_building,overture,-22.858774185180664,-43.44709396362305,,overture:Condomínio ipê branco:-22.85877:-43.44709
Serra do Vulcão / Serra Volcano,landmark_and_historical_building,overture,-22.855937957763672,-43.45192337036133,,overture:Serra do Vulcão / Serra Volcano:-22.85594:-43.45192
Ki Delícia,landmark_and_historical_building,overture,-22.83664321899414,-43.410484313964844,,overture:Ki Delícia:-22.83664:-43.41048
RS Personal Trainer,landmark_and_historical_building,overture,-22.836437225341797,-43.4027214050293,,overture:RS Personal Trainer:-22.83644:-43.40272
G.R.E.S Império Ricardense,topic_concert_venue,overture,-22.839462280273438,-43.40025329589844,,overture:G.R.E.S Império Ricardense:-22.83946:-43.40025
Terraço Do Samba,topic_concert_venue,overture,-22.838863372802734,-43.40351104736328,,overture:Terraço Do Samba:-22.83886:-43.40351
Espaço  Samara's      Contato  986 646 938,topic_concert_venue,overture,-22.839820861816406,-43.40432357788086,,overture:Espaço  Samara's      Contato  986 646 938:-22.83982:-43.40432
Soccer show  guadalupe,topic_concert_venue,overture,-22.836570739746094,-43.3840217590332,,overture:Soccer show  guadalupe:-22.83657:-43.38402
Loompalândia,landmark_and_historical_building,overture,-22.85296058654785,-43.390907287597656,,overture:Loompalândia:-22.85296:-43.39091
Campo De Deodoro - Promorar Ii,topic_concert_venue,overture,-22.852113723754883,-43.39649963378906,,overture:Campo De Deodoro - Promorar Ii:-22.85211:-43.39650
Bloco 23,landmark_and_historical_building,overture,-22.85067367553711,-43.379600524902344,,overture:Bloco 23:-22.85067:-43.37960
Salão de Festas Giselle e Ágatha,topic_concert_venue,overture,-22.851240158081055,-43.36588668823242,,overture:Salão de Festas Giselle e Ágatha:-22.85124:-43.36589
Casa Amarela centro cultural e atelier,cultural_center,overture,-22.853288650512695,-43.369571685791016,,overture:Casa Amarela centro cultural e atelier:-22.85329:-43.36957
Petropolis - Cidade Imperial,monument,overture,-22.85264015197754,-43.35839080810547,,overture:Petropolis - Cidade Imperial:-22.85264:-43.35839
"Praça Oito de Maio, Monumento de Homenagem aos Pracinhas.",monument,overture,-22.85422134399414,-43.35187530517578,,"overture:Praça Oito de Maio, Monumento de Homenagem aos Pracinhas.:-22.85422:-43.35188"
Rio Sanatório,landmark_and_historical_building,overture,-22.853530883789062,-43.35234069824219,,overture:Rio Sanatório:-22.85353:-43.35234
Condominio do Edificio Novo Milenio,landmark_and_historical_building,overture,-22.8525390625,-43.34524154663086,,overture:Condominio do Edificio Novo Milenio:-22.85254:-43.34524
Lar doce lar,landmark_and_historical_building,overture,-22.85139274597168,-43.349998474121094,,overture:Lar doce lar:-22.85139:-43.35000
Condomínio Ana Caroline,landmark_and_historical_building,overture,-22.852142333984375,-43.347389221191406,,overture:Condomínio Ana Caroline:-22.85214:-43.34739
Dez Rocha Miranda,landmark_and_historical_building,overture,-22.851364135742188,-43.345314025878906,,overture:Dez Rocha Miranda:-22.85136:-43.34531
Rocha Miranda,landmark_and_historical_building,overture,-22.85047721862793,-43.34483337402344,,overture:Rocha Miranda:-22.85048:-43.34483
theHouse,topic_concert_venue,overture,-22.85003662109375,-43.34929656982422,,overture:theHouse:-22.85004:-43.34930
Honório gurgel,landmark_and_historical_building,overture,-22.84951400756836,-43.35722351074219,,overture:Honório gurgel:-22.84951:-43.35722
Sexta Firme,topic_concert_venue,overture,-22.849233627319336,-43.35054016113281,,overture:Sexta Firme:-22.84923:-43.35054
Madri Residencial Clube,landmark_and_historical_building,overture,-22.848426818847656,-43.352684020996094,,overture:Madri Residencial Clube:-22.84843:-43.35268
Beco do Juca Futebol Resenha,landmark_and_historical_building,overture,-22.846900939941406,-43.35260009765625,,overture:Beco do Juca Futebol Resenha:-22.84690:-43.35260
Casa Azul Festas,topic_concert_venue,overture,-22.846193313598633,-43.35711669921875,,overture:Casa Azul Festas:-22.84619:-43.35712
Praça Antônio Amado,landmark_and_historical_building,overture,-22.846113204956055,-43.364383697509766,,overture:Praça Antônio Amado:-22.84611:-43.36438
Condomínio São Jorge,landmark_and_historical_building,overture,-22.846603393554688,-43.366844177246094,,overture:Condomínio São Jorge:-22.84660:-43.36684
"Rio Tingui (vattendrag i Brasilien, Rio de Janeiro)",landmark_and_historical_building,overture,-22.848880767822266,-43.371761322021484,,"overture:Rio Tingui (vattendrag i Brasilien, Rio de Janeiro):-22.84888:-43.37176"
Quintal dos Xarás,topic_concert_venue,overture,-22.849443435668945,-43.37749099731445,,overture:Quintal dos Xarás:-22.84944:-43.37749
Conjunto Habitacional Presidente Getúlio Vargas,landmark_and_historical_building,overture,-22.849519729614258,-43.38079071044922,,overture:Conjunto Habitacional Presidente Getúlio Vargas:-22.84952:-43.38079
Salão de Festas Lírios,topic_concert_venue,overture,-22.848440170288086,-43.37690353393555,,overture:Salão de Festas Lírios:-22.84844:-43.37690
Condomínio Treze de Maio,landmark_and_historical_building,overture,-22.84557342529297,-43.37343215942383,,overture:Condomínio Treze de Maio:-22.84557:-43.37343
Condomínio 29 de Abril,landmark_and_historical_building,overture,-22.845428466796875,-43.37448501586914,,overture:Condomínio 29 de Abril:-22.84543:-43.37449
Conquista Jardim Guadalupe,landmark_and_historical_building,overture,-22.84442901611328,-43.37486267089844,,overture:Conquista Jardim Guadalupe:-22.84443:-43.37486
Rua Leocádio Figueiredo,landmark_and_historical_building,overture,-22.844980239868164,-43.368202209472656,,overture:Rua Leocádio Figueiredo:-22.84498:-43.36820
Batalha do Parque,cultural_center,overture,-22.844928741455078,-43.363121032714844,,overture:Batalha do Parque:-22.84493:-43.36312
Condomínio Santa Regina,landmark_and_historical_building,overture,-22.842374801635742,-43.37080001831055,,overture:Condomínio Santa Regina:-22.84237:-43.37080
Corretor Ary Teixeira,landmark_and_historical_building,overture,-22.841421127319336,-43.369659423828125,,overture:Corretor Ary Teixeira:-22.84142:-43.36966
Lona Cultural Terra Caetano Veloso,cultural_center,overture,-22.839969635009766,-43.37852478027344,,overture:Lona Cultural Terra Caetano Veloso:-22.83997:-43.37852
Condomínio Parque Recreio dos Bandeirantes,landmark_and_historical_building,overture,-22.84031105041504,-43.37574005126953,,overture:Condomínio Parque Recreio dos Bandeirantes:-22.84031:-43.37574
Condomínio Parque Recreio da Gávea,landmark_and_historical_building,overture,-22.840221405029297,-43.375431060791016,,overture:Condomínio Parque Recreio da Gávea:-22.84022:-43.37543
Espaço Dora Garcia,topic_concert_venue,overture,-22.836692810058594,-43.377723693847656,,overture:Espaço Dora Garcia:-22.83669:-43.37772
Casa de Festas Deise,topic_concert_venue,overture,-22.836994171142578,-43.37415313720703,,overture:Casa de Festas Deise:-22.83699:-43.37415
Honório Gurgel,topic_concert_venue,overture,-22.837322235107422,-43.36330795288086,,overture:Honório Gurgel:-22.83732:-43.36331
Microlins,cultural_center,overture,-22.840665817260742,-43.36966323852539,,overture:Microlins:-22.84067:-43.36966
Aidê Casa De Festas,topic_concert_venue,overture,-22.836261749267578,-43.35789108276367,,overture:Aidê Casa De Festas:-22.83626:-43.35789
Vila Conquista,landmark_and_historical_building,overture,-22.837993621826172,-43.34876251220703,,overture:Vila Conquista:-22.83799:-43.34876
ซ่องโสเภณี,landmark_and_historical_building,overture,-22.83690071105957,-43.34880065917969,,overture:ซ่องโสเภณี:-22.83690:-43.34880
Espaço Andréia Oliveira,topic_concert_venue,overture,-22.842281341552734,-43.34844207763672,,overture:Espaço Andréia Oliveira:-22.84228:-43.34844
Espaço Lara,topic_concert_venue,overture,-22.841981887817383,-43.3493537902832,,overture:Espaço Lara:-22.84198:-43.34935
Condominio Residencial Morador Nelson Mandela,landmark_and_historical_building,overture,-22.841793060302734,-43.3490104675293,,overture:Condominio Residencial Morador Nelson Mandela:-22.84179:-43.34901
Condomi'nio Recanto das Andorinhas,landmark_and_historical_building,overture,-22.843210220336914,-43.362213134765625,,overture:Condomi'nio Recanto das Andorinhas:-22.84321:-43.36221
Condominio Recanto das Andorinhas,landmark_and_historical_building,overture,-22.844295501708984,-43.361366271972656,,overture:Condominio Recanto das Andorinhas:-22.84430:-43.36137
Espaço  BAM,topic_concert_venue,overture,-22.844301223754883,-43.3565673828125,,overture:Espaço  BAM:-22.84430:-43.35657
Residencial do jace,landmark_and_historical_building,overture,-22.844860076904297,-43.34267807006836,,overture:Residencial do jace:-22.84486:-43.34268
Condomínio Bela Morada,landmark_and_historical_building,overture,-22.843351364135742,-43.341793060302734,,overture:Condomínio Bela Morada:-22.84335:-43.34179
Condomínio Edifício Xará II,landmark_and_historical_building,overture,-22.844175338745117,-43.33735275268555,,overture:Condomínio Edifício Xará II:-22.84418:-43.33735
Condomínio Bello Colégio,landmark_and_historical_building,overture,-22.84486198425293,-43.33726501464844,,overture:Condomínio Bello Colégio:-22.84486:-43.33727
Condomínio Spazio Roosevelt,landmark_and_historical_building,overture,-22.84169578552246,-43.33425521850586,,overture:Condomínio Spazio Roosevelt:-22.84170:-43.33426
Condomínio Spazio Rockfeller,landmark_and_historical_building,overture,-22.84103775024414,-43.33439636230469,,overture:Condomínio Spazio Rockfeller:-22.84104:-43.33440
Certo Sábado,topic_concert_venue,overture,-22.842544555664062,-43.33915328979492,,overture:Certo Sábado:-22.84254:-43.33915
Casa De Festa Casa Verde,topic_concert_venue,overture,-22.84262466430664,-43.339134216308594,,overture:Casa De Festa Casa Verde:-22.84262:-43.33913
Estrada do colégio 77,landmark_and_historical_building,overture,-22.838634490966797,-43.334693908691406,,overture:Estrada do colégio 77:-22.83863:-43.33469
Canal da Ceasa,landmark_and_historical_building,overture,-22.83863067626953,-43.33675003051758,,overture:Canal da Ceasa:-22.83863:-43.33675
Cultura Parapedrense,cultural_center,overture,-22.837081909179688,-43.33301544189453,,overture:Cultura Parapedrense:-22.83708:-43.33302
Condomínio 1059,landmark_and_historical_building,overture,-22.837295532226562,-43.32772445678711,,overture:Condomínio 1059:-22.83730:-43.32772
NOVO CCHCS,landmark_and_historical_building,overture,-22.8372802734375,-43.328426361083984,,overture:NOVO CCHCS:-22.83728:-43.32843
Spazio Recoleta,landmark_and_historical_building,overture,-22.83962631225586,-43.317413330078125,,overture:Spazio Recoleta:-22.83963:-43.31741
Condomínio das vilas,landmark_and_historical_building,overture,-22.840024948120117,-43.31824493408203,,overture:Condomínio das vilas:-22.84002:-43.31824
CEAFI Escola de Dança,topic_concert_venue,overture,-22.83700942993164,-43.32430648803711,,overture:CEAFI Escola de Dança:-22.83701:-43.32431
Condomínio do Edifício Vista Alegre,landmark_and_historical_building,overture,-22.83638572692871,-43.3215446472168,,overture:Condomínio do Edifício Vista Alegre:-22.83639:-43.32154
Clube Pau Ferro,topic_concert_venue,overture,-22.83662986755371,-43.32166290283203,,overture:Clube Pau Ferro:-22.83663:-43.32166
Mansão de Pedra Guedes,landmark_and_historical_building,overture,-22.836389541625977,-43.319828033447266,,overture:Mansão de Pedra Guedes:-22.83639:-43.31983
rua maués,landmark_and_historical_building,overture,-22.83698272705078,-43.315277099609375,,overture:rua maués:-22.83698:-43.31528
Condominio Punto Oficces,landmark_and_historical_building,overture,-22.840133666992188,-43.31386184692383,,overture:Condominio Punto Oficces:-22.84013:-43.31386
Balada Prime,topic_concert_venue,overture,-22.840473175048828,-43.31355667114258,,overture:Balada Prime:-22.84047:-43.31356
Condominio Edificio Travessa da Prosperidad,landmark_and_historical_building,overture,-22.839754104614258,-43.306495666503906,,overture:Condominio Edificio Travessa da Prosperidad:-22.83975:-43.30650
Condomínio Arco Íris,landmark_and_historical_building,overture,-22.842172622680664,-43.31170654296875,,overture:Condomínio Arco Íris:-22.84217:-43.31171
Casa Verde,topic_concert_venue,overture,-22.840837478637695,-43.31452941894531,,overture:Casa Verde:-22.84084:-43.31453
Dlm  Formaturas  e  Eventos,topic_concert_venue,overture,-22.84122085571289,-43.320560455322266,,overture:Dlm  Formaturas  e  Eventos:-22.84122:-43.32056
Condomínio Varandas da Vila,landmark_and_historical_building,overture,-22.84356689453125,-43.31672668457031,,overture:Condomínio Varandas da Vila:-22.84357:-43.31673
Monumento Natural Estadual Peter Lund,museum,overture,-22.843402862548828,-43.31566619873047,,overture:Monumento Natural Estadual Peter Lund:-22.84340:-43.31567
Irajá,landmark_and_historical_building,overture,-22.8431339263916,-43.32292556762695,,overture:Irajá:-22.84313:-43.32293
Condomínio Póvoa de Varzim,landmark_and_historical_building,overture,-22.843748092651367,-43.32365798950195,,overture:Condomínio Póvoa de Varzim:-22.84375:-43.32366
Quintal do Well,landmark_and_historical_building,overture,-22.84386444091797,-43.3245964050293,,overture:Quintal do Well:-22.84386:-43.32460
AMAJU Espaço Eventos,topic_concert_venue,overture,-22.84432029724121,-43.32158660888672,,overture:AMAJU Espaço Eventos:-22.84432:-43.32159
Quintal da Yaya,cultural_center,overture,-22.844566345214844,-43.32493591308594,,overture:Quintal da Yaya:-22.84457:-43.32494
Casa de Festa Mansão Colonial,topic_concert_venue,overture,-22.844331741333008,-43.317562103271484,,overture:Casa de Festa Mansão Colonial:-22.84433:-43.31756
Queen Party Eventos,topic_concert_venue,overture,-22.844263076782227,-43.31734085083008,,overture:Queen Party Eventos:-22.84426:-43.31734
MANSÃO VP,topic_concert_venue,overture,-22.845012664794922,-43.31470489501953,,overture:MANSÃO VP:-22.84501:-43.31470
Lasag Empreendimentos e Imobiliária,landmark_and_historical_building,overture,-22.843711853027344,-43.30997085571289,,overture:Lasag Empreendimentos e Imobiliária:-22.84371:-43.30997
Condomínio Vila Florença,landmark_and_historical_building,overture,-22.845623016357422,-43.307044982910156,,overture:Condomínio Vila Florença:-22.84562:-43.30704
Espaço Florescer Expansão do Ser,topic_concert_venue,overture,-22.846010208129883,-43.311466217041016,,overture:Espaço Florescer Expansão do Ser:-22.84601:-43.31147
Now Smart Residence Lafayette,landmark_and_historical_building,overture,-22.84699058532715,-43.306427001953125,,overture:Now Smart Residence Lafayette:-22.84699:-43.30643
Condominio do Edificio Chateau de Ville,landmark_and_historical_building,overture,-22.847997665405273,-43.3105354309082,,overture:Condominio do Edificio Chateau de Ville:-22.84800:-43.31054
Condomínio Edificio do Carmo,landmark_and_historical_building,overture,-22.849578857421875,-43.307518005371094,,overture:Condomínio Edificio do Carmo:-22.84958:-43.30752
Condomínio Paula Barros,landmark_and_historical_building,overture,-22.84883689880371,-43.30956268310547,,overture:Condomínio Paula Barros:-22.84884:-43.30956
Casa Carioca Residencial,landmark_and_historical_building,overture,-22.849721908569336,-43.31282424926758,,overture:Casa Carioca Residencial:-22.84972:-43.31282
Building Vila Real Condo,landmark_and_historical_building,overture,-22.849651336669922,-43.313663482666016,,overture:Building Vila Real Condo:-22.84965:-43.31366
Vila Esplendida RJ,landmark_and_historical_building,overture,-22.848955154418945,-43.314727783203125,,overture:Vila Esplendida RJ:-22.84896:-43.31473
Condominio Vila Imperial Residencias,landmark_and_historical_building,overture,-22.847835540771484,-43.315277099609375,,overture:Condominio Vila Imperial Residencias:-22.84784:-43.31528
Condominio Estacao Carioca Life,landmark_and_historical_building,overture,-22.849647521972656,-43.31826400756836,,overture:Condominio Estacao Carioca Life:-22.84965:-43.31826
Condo All Blue,landmark_and_historical_building,overture,-22.849315643310547,-43.31924819946289,,overture:Condo All Blue:-22.84932:-43.31925
Vilagio Carioca,landmark_and_historical_building,overture,-22.849103927612305,-43.317970275878906,,overture:Vilagio Carioca:-22.84910:-43.31797
Conjunto Coronel Vieira,landmark_and_historical_building,overture,-22.848888397216797,-43.31989669799805,,overture:Conjunto Coronel Vieira:-22.84889:-43.31990
Monte Horebe em Mesquita RJ,landmark_and_historical_building,overture,-22.848548889160156,-43.320823669433594,,overture:Monte Horebe em Mesquita RJ:-22.84855:-43.32082
Rua Cisplatina Irajá.,landmark_and_historical_building,overture,-22.845794677734375,-43.32524871826172,,overture:Rua Cisplatina Irajá.:-22.84579:-43.32525
Quilombo de Irajá,topic_concert_venue,overture,-22.84754180908203,-43.32511901855469,,overture:Quilombo de Irajá:-22.84754:-43.32512
Samba di Coroa,cultural_center,overture,-22.847570419311523,-43.32494354248047,,overture:Samba di Coroa:-22.84757:-43.32494
Colégio,landmark_and_historical_building,overture,-22.846149444580078,-43.34247970581055,,overture:Colégio:-22.84615:-43.34248
Casa do meu tio,landmark_and_historical_building,overture,-22.846403121948242,-43.339473724365234,,overture:Casa do meu tio:-22.84640:-43.33947
R&D Espaço 556,topic_concert_venue,overture,-22.848833084106445,-43.33284378051758,,overture:R&D Espaço 556:-22.84883:-43.33284
Condomínio Portal do Irajá,landmark_and_historical_building,overture,-22.848291397094727,-43.327762603759766,,overture:Condomínio Portal do Irajá:-22.84829:-43.32776
Star Residencial Exclusivo,landmark_and_historical_building,overture,-22.849363327026367,-43.3260612487793,,overture:Star Residencial Exclusivo:-22.84936:-43.32606
Centro Cultural Vera Cruz - Capoeira,cultural_center,overture,-22.85038185119629,-43.3309211730957,,overture:Centro Cultural Vera Cruz - Capoeira:-22.85038:-43.33092
Mansão Santorini,topic_concert_venue,overture,-22.850210189819336,-43.331119537353516,,overture:Mansão Santorini:-22.85021:-43.33112
Sítio Shalom Tinguá/RJ,topic_concert_venue,overture,-22.85373306274414,-43.34235382080078,,overture:Sítio Shalom Tinguá/RJ:-22.85373:-43.34235
Nova Órbita Produções Artísticas,topic_concert_venue,overture,-22.854129791259766,-43.31631851196289,,overture:Nova Órbita Produções Artísticas:-22.85413:-43.31632
Zags  Eventos,topic_concert_venue,overture,-22.853153228759766,-43.324100494384766,,overture:Zags  Eventos:-22.85315:-43.32410
Condominio do Edificio Morar Vii,landmark_and_historical_building,overture,-22.851211547851562,-43.32335662841797,,overture:Condominio do Edificio Morar Vii:-22.85121:-43.32336
Condomínio Villa Do Rio,landmark_and_historical_building,overture,-22.850635528564453,-43.3169059753418,,overture:Condomínio Villa Do Rio:-22.85064:-43.31691
Vila das Fontes RJ,landmark_and_historical_building,overture,-22.85069465637207,-43.31544876098633,,overture:Vila das Fontes RJ:-22.85069:-43.31545
Condomínio Pátio Carioca,landmark_and_historical_building,overture,-22.85010528564453,-43.31430435180664,,overture:Condomínio Pátio Carioca:-22.85011:-43.31430
Sítio Vida Plena,topic_concert_venue,overture,-22.85903549194336,-43.31106185913086,,overture:Sítio Vida Plena:-22.85904:-43.31106
Residencial Bliss Zona Norte,landmark_and_historical_building,overture,-22.859336853027344,-43.3297233581543,,overture:Residencial Bliss Zona Norte:-22.85934:-43.32972
Madureira Pertinho do Divino,monument,overture,-22.863128662109375,-43.33255386352539,,overture:Madureira Pertinho do Divino:-22.86313:-43.33255
Condomínio Parque da Colina,landmark_and_historical_building,overture,-22.858978271484375,-43.34184646606445,,overture:Condomínio Parque da Colina:-22.85898:-43.34185
Sítio Minitour Limaloc,topic_concert_venue,overture,-22.8587703704834,-43.341392517089844,,overture:Sítio Minitour Limaloc:-22.85877:-43.34139
Residential Bella Vita,landmark_and_historical_building,overture,-22.858427047729492,-43.32973098754883,,overture:Residential Bella Vita:-22.85843:-43.32973
Bella Vita Residencial,landmark_and_historical_building,overture,-22.85848617553711,-43.3295783996582,,overture:Bella Vita Residencial:-22.85849:-43.32958
Centro De Arte E Cultura,cultural_center,overture,-22.857152938842773,-43.32932662963867,,overture:Centro De Arte E Cultura:-22.85715:-43.32933
Vila Aurélio - Manoel Machado,landmark_and_historical_building,overture,-22.858009338378906,-43.33119201660156,,overture:Vila Aurélio - Manoel Machado:-22.85801:-43.33119
Museu dos Azulejos,museum,overture,-22.85662269592285,-43.32790756225586,,overture:Museu dos Azulejos:-22.85662:-43.32791
Copa do Rei,landmark_and_historical_building,overture,-22.85650062561035,-43.35307693481445,,overture:Copa do Rei:-22.85650:-43.35308
Tarja Preta,topic_concert_venue,overture,-22.8563289642334,-43.34845733642578,,overture:Tarja Preta:-22.85633:-43.34846
Condomínio palacete Marechal Hermes,landmark_and_historical_building,overture,-22.8555908203125,-43.36433029174805,,overture:Condomínio palacete Marechal Hermes:-22.85559:-43.36433
Hartt Festas E Eventos,topic_concert_venue,overture,-22.8566837310791,-43.36539840698242,,overture:Hartt Festas E Eventos:-22.85668:-43.36540
Chácara Santo Antônio - Teresópolis,topic_concert_venue,overture,-22.855558395385742,-43.38002014160156,,overture:Chácara Santo Antônio - Teresópolis:-22.85556:-43.38002
Marechal Hermes,landmark_and_historical_building,overture,-22.85624122619629,-43.37373733520508,,overture:Marechal Hermes:-22.85624:-43.37374
Condominio Vivendas de Marechal,landmark_and_historical_building,overture,-22.858182907104492,-43.36878967285156,,overture:Condominio Vivendas de Marechal:-22.85818:-43.36879
Arco do Teles,landmark_and_historical_building,overture,-22.863719940185547,-43.37260055541992,,overture:Arco do Teles:-22.86372:-43.37260
"Marechal Hermes, Rio de Janeiro",landmark_and_historical_building,overture,-22.861948013305664,-43.37083435058594,,"overture:Marechal Hermes, Rio de Janeiro:-22.86195:-43.37083"
Charme Baixo Marechal,topic_concert_venue,overture,-22.861948013305664,-43.37198257446289,,overture:Charme Baixo Marechal:-22.86195:-43.37198
Casa de Cultura Ife Ominira,art_museum,overture,-22.862659454345703,-43.36122131347656,,overture:Casa de Cultura Ife Ominira:-22.86266:-43.36122
Bloco Vizinha Fofoqueira,topic_concert_venue,overture,-22.861530303955078,-43.354312896728516,,overture:Bloco Vizinha Fofoqueira:-22.86153:-43.35431
Estrada do Sape - Turiaçu RJ,topic_concert_venue,overture,-22.860462188720703,-43.350128173828125,,overture:Estrada do Sape - Turiaçu RJ:-22.86046:-43.35013
Palestra,topic_concert_venue,overture,-22.861204147338867,-43.345184326171875,,overture:Palestra:-22.86120:-43.34518
Sítio Recanto do Sossego,topic_concert_venue,overture,-22.863994598388672,-43.35307312011719,,overture:Sítio Recanto do Sossego:-22.86399:-43.35307
Quintal de Madureira,topic_concert_venue,overture,-22.866445541381836,-43.34444808959961,,overture:Quintal de Madureira:-22.86645:-43.34445
Feira das Yabás,topic_concert_venue,overture,-22.8677978515625,-43.344383239746094,,overture:Feira das Yabás:-22.86780:-43.34438
Maison Supreme,topic_concert_venue,overture,-22.864229202270508,-43.35981369018555,,overture:Maison Supreme:-22.86423:-43.35981
Pagode 4 Linhas,topic_concert_venue,overture,-22.864444732666016,-43.36446762084961,,overture:Pagode 4 Linhas:-22.86444:-43.36447
GRES Imperadores Rubro-Negros,topic_concert_venue,overture,-22.86454200744629,-43.36482620239258,,overture:GRES Imperadores Rubro-Negros:-22.86454:-43.36483
Condominio Rio Grande,landmark_and_historical_building,overture,-22.86526107788086,-43.36309051513672,,overture:Condominio Rio Grande:-22.86526:-43.36309
Condomínio,landmark_and_historical_building,overture,-22.864978790283203,-43.36771774291992,,overture:Condomínio:-22.86498:-43.36772
Pombal De Marechal Hermes,landmark_and_historical_building,overture,-22.864389419555664,-43.36879348754883,,overture:Pombal De Marechal Hermes:-22.86439:-43.36879
Gravata,landmark_and_historical_building,overture,-22.86728858947754,-43.373043060302734,,overture:Gravata:-22.86729:-43.37304
GOD of WAR,landmark_and_historical_building,overture,-22.867990493774414,-43.36494064331055,,overture:GOD of WAR:-22.86799:-43.36494
Condomínio Cesar Roberto.,landmark_and_historical_building,overture,-22.870738983154297,-43.36347198486328,,overture:Condomínio Cesar Roberto.:-22.87074:-43.36347
Espaço Maravilha.,topic_concert_venue,overture,-22.87069320678711,-43.36669158935547,,overture:Espaço Maravilha.:-22.87069:-43.36669
Condomínio Solar da Fontinha,landmark_and_historical_building,overture,-22.872825622558594,-43.36548614501953,,overture:Condomínio Solar da Fontinha:-22.87283:-43.36549
Setor dos aliados,landmark_and_historical_building,overture,-22.872108459472656,-43.36196517944336,,overture:Setor dos aliados:-22.87211:-43.36197
Condominio do Edificio Alberto de Carvalho,landmark_and_historical_building,overture,-22.872426986694336,-43.356895446777344,,overture:Condominio do Edificio Alberto de Carvalho:-22.87243:-43.35690
Bento Ribeiro,landmark_and_historical_building,overture,-22.87188148498535,-43.35722732543945,,overture:Bento Ribeiro:-22.87188:-43.35723
Osvaldo Cruz (bairro do Rio de Janeiro),landmark_and_historical_building,overture,-22.870555877685547,-43.350006103515625,,overture:Osvaldo Cruz (bairro do Rio de Janeiro):-22.87056:-43.35001
Edifício Ernesto e Lúcia,landmark_and_historical_building,overture,-22.869123458862305,-43.3496208190918,,overture:Edifício Ernesto e Lúcia:-22.86912:-43.34962
Recanto dos Olivais,topic_concert_venue,overture,-22.868900299072266,-43.34624481201172,,overture:Recanto dos Olivais:-22.86890:-43.34624
Vila Solange,landmark_and_historical_building,overture,-22.870174407958984,-43.34539031982422,,overture:Vila Solange:-22.87017:-43.34539
Ed. Mar do Norte,landmark_and_historical_building,overture,-22.872509002685547,-43.342437744140625,,overture:Ed. Mar do Norte:-22.87251:-43.34244
Edificio São Pedro,landmark_and_historical_building,overture,-22.872591018676758,-43.342838287353516,,overture:Edificio São Pedro:-22.87259:-43.34284
Cocobongo,landmark_and_historical_building,overture,-22.871644973754883,-43.34321975708008,,overture:Cocobongo:-22.87164:-43.34322
Escola de Samba Portela,topic_concert_venue,overture,-22.87093734741211,-43.34318161010742,,overture:Escola de Samba Portela:-22.87094:-43.34318
Condomínio do Edifício Palace Madureira - (Madureira),landmark_and_historical_building,overture,-22.871334075927734,-43.33578109741211,,overture:Condomínio do Edifício Palace Madureira - (Madureira):-22.87133:-43.33578
Quadra da Portela,cultural_center,overture,-22.870887756347656,-43.34295654296875,,overture:Quadra da Portela:-22.87089:-43.34296
Condominio do Edificio Fernanda,landmark_and_historical_building,overture,-22.870338439941406,-43.342838287353516,,overture:Condominio do Edificio Fernanda:-22.87034:-43.34284
Edificio Bruno,landmark_and_historical_building,overture,-22.869836807250977,-43.34282302856445,,overture:Edificio Bruno:-22.86984:-43.34282
Condomínio do Edifício Mar Egeu,landmark_and_historical_building,overture,-22.86927604675293,-43.3414306640625,,overture:Condomínio do Edifício Mar Egeu:-22.86928:-43.34143
Condomínio do Edifício Zaragoza,landmark_and_historical_building,overture,-22.8679141998291,-43.343605041503906,,overture:Condomínio do Edifício Zaragoza:-22.86791:-43.34361
Centro cultural tia Eulália,cultural_center,overture,-22.86504364013672,-43.33366775512695,,overture:Centro cultural tia Eulália:-22.86504:-43.33367
Jongo Da Serrinha,cultural_center,overture,-22.864816665649414,-43.33042907714844,,overture:Jongo Da Serrinha:-22.86482:-43.33043
Espaço Barros,topic_concert_venue,overture,-22.86456871032715,-43.331092834472656,,overture:Espaço Barros:-22.86457:-43.33109
Condomínio dos Edifícios Argus e Áquila,landmark_and_historical_building,overture,-22.866291046142578,-43.33415222167969,,overture:Condomínio dos Edifícios Argus e Áquila:-22.86629:-43.33415
Condomínio Residencial São Geraldo 722,landmark_and_historical_building,overture,-22.86856460571289,-43.31962203979492,,overture:Condomínio Residencial São Geraldo 722:-22.86856:-43.31962
Condomínio Vale das Flores,landmark_and_historical_building,overture,-22.86900520324707,-43.30964660644531,,overture:Condomínio Vale das Flores:-22.86901:-43.30965
condomínio completo zona norte,landmark_and_historical_building,overture,-22.87006378173828,-43.30894088745117,,overture:condomínio completo zona norte:-22.87006:-43.30894
Condomínio Parque Central,landmark_and_historical_building,overture,-22.87291717529297,-43.31439971923828,,overture:Condomínio Parque Central:-22.87292:-43.31440
Condominio Residencial Silva Vale,landmark_and_historical_building,overture,-22.871713638305664,-43.31295394897461,,overture:Condominio Residencial Silva Vale:-22.87171:-43.31295
Casa da Praia,landmark_and_historical_building,overture,-23.014375686645508,-43.30580139160156,,overture:Casa da Praia:-23.01438:-43.30580
Posto 1,landmark_and_historical_building,overture,-23.014244079589844,-43.29899215698242,,overture:Posto 1:-23.01424:-43.29899
Maximum Double Suites,landmark_and_historical_building,overture,-23.014270782470703,-43.29951477050781,,overture:Maximum Double Suites:-23.01427:-43.29951
Ponta da Joatinga,landmark_and_historical_building,overture,-23.016475677490234,-43.29595947265625,,overture:Ponta da Joatinga:-23.01648:-43.29596
Pier da barra,landmark_and_historical_building,overture,-23.013099670410156,-43.29637145996094,,overture:Pier da barra:-23.01310:-43.29637
Goldies Cute,topic_concert_venue,overture,-23.00931739807129,-43.295745849609375,,overture:Goldies Cute:-23.00932:-43.29575
Casa de Festa The Place,topic_concert_venue,overture,-23.009471893310547,-43.29651641845703,,overture:Casa de Festa The Place:-23.00947:-43.29652
Mangue Sup,topic_concert_venue,overture,-23.010883331298828,-43.297306060791016,,overture:Mangue Sup:-23.01088:-43.29731
Pier Residências,landmark_and_historical_building,overture,-23.009963989257812,-43.299747467041016,,overture:Pier Residências:-23.00996:-43.29975
Condomínio Terra Paz,landmark_and_historical_building,overture,-23.012144088745117,-43.30284881591797,,overture:Condomínio Terra Paz:-23.01214:-43.30285
Mansão 021 - Coworking,topic_concert_venue,overture,-23.006710052490234,-43.29880142211914,,overture:Mansão 021 - Coworking:-23.00671:-43.29880
Festeja Rio,topic_concert_venue,overture,-23.00436019897461,-43.30453109741211,,overture:Festeja Rio:-23.00436:-43.30453
Condomínio Itanhanga Hills,landmark_and_historical_building,overture,-23.004762649536133,-43.30386734008789,,overture:Condomínio Itanhanga Hills:-23.00476:-43.30387
Projeto Secreto,topic_concert_venue,overture,-23.008373260498047,-43.2955207824707,,overture:Projeto Secreto:-23.00837:-43.29552
Residencial Zermatt,landmark_and_historical_building,overture,-23.008607864379883,-43.29579544067383,,overture:Residencial Zermatt:-23.00861:-43.29580
Midrash Centro Cultural,cultural_center,overture,-23.008495330810547,-43.294776916503906,,overture:Midrash Centro Cultural:-23.00850:-43.29478
Centro Cultural Goiabeira Coisa & Tal,museum,overture,-23.007640838623047,-43.294891357421875,,overture:Centro Cultural Goiabeira Coisa & Tal:-23.00764:-43.29489
Rokh.rio,topic_concert_venue,overture,-23.0087833404541,-43.29161071777344,,overture:Rokh.rio:-23.00878:-43.29161
Mirante Jackson de Figueiredo,landmark_and_historical_building,overture,-23.008647918701172,-43.287872314453125,,overture:Mirante Jackson de Figueiredo:-23.00865:-43.28787
Mirante do Joá,landmark_and_historical_building,overture,-23.00860023498535,-43.287353515625,,overture:Mirante do Joá:-23.00860:-43.28735
Joa Jungle Rooftop,topic_concert_venue,overture,-23.003820419311523,-43.28022003173828,,overture:Joa Jungle Rooftop:-23.00382:-43.28022
Mirante da Praia da Joatinga,landmark_and_historical_building,overture,-23.014928817749023,-43.28839874267578,,overture:Mirante da Praia da Joatinga:-23.01493:-43.28840
Condomínio Rive Droite,landmark_and_historical_building,overture,-23.0004825592041,-43.271766662597656,,overture:Condomínio Rive Droite:-23.00048:-43.27177
Museu da Pelada,museum,overture,-22.998708724975586,-43.272605895996094,,overture:Museu da Pelada:-22.99871:-43.27261
Gavea 150,topic_concert_venue,overture,-22.998693466186523,-43.270851135253906,,overture:Gavea 150:-22.99869:-43.27085
Condominio Golf Village Sao Conrado,landmark_and_historical_building,overture,-22.998615264892578,-43.271305084228516,,overture:Condominio Golf Village Sao Conrado:-22.99862:-43.27131
Kariza Lounge and Kasa Kultural,cultural_center,overture,-22.994117736816406,-43.271305084228516,,overture:Kariza Lounge and Kasa Kultural:-22.99412:-43.27131
VillaRio401,topic_concert_venue,overture,-22.99563217163086,-43.2701530456543,,overture:VillaRio401:-22.99563:-43.27015
Casa da Águia,cultural_center,overture,-22.99392318725586,-43.26187515258789,,overture:Casa da Águia:-22.99392:-43.26188
Espaço Cultural Bebetha Riso,topic_concert_venue,overture,-22.993989944458008,-43.261898040771484,,overture:Espaço Cultural Bebetha Riso:-22.99399:-43.26190
Hilton Fly Rio,landmark_and_historical_building,overture,-22.999156951904297,-43.26191711425781,,overture:Hilton Fly Rio:-22.99916:-43.26192
Hang Gliding Rio Adventure,topic_concert_venue,overture,-22.999160766601562,-43.26191329956055,,overture:Hang Gliding Rio Adventure:-22.99916:-43.26191
Rampa Pedra Bonita,landmark_and_historical_building,overture,-22.999162673950195,-43.261924743652344,,overture:Rampa Pedra Bonita:-22.99916:-43.26192
Condominio do Edificio Residencias Golf Club,landmark_and_historical_building,overture,-22.99966049194336,-43.26668167114258,,overture:Condominio do Edificio Residencias Golf Club:-22.99966:-43.26668
Residencias Golf Club,landmark_and_historical_building,overture,-22.999631881713867,-43.26694107055664,,overture:Residencias Golf Club:-22.99963:-43.26694
Bloco Vira-lata,landmark_and_historical_building,overture,-22.998672485351562,-43.25944900512695,,overture:Bloco Vira-lata:-22.99867:-43.25945
Condomínio Ladeira das Yucas,landmark_and_historical_building,overture,-22.99895668029785,-43.25006103515625,,overture:Condomínio Ladeira das Yucas:-22.99896:-43.25006
Museu Mar Praça Mauá,history_museum,overture,-22.999235153198242,-43.247535705566406,,overture:Museu Mar Praça Mauá:-22.99924:-43.24754
Tabernáculo Expressão dos Céus.,topic_concert_venue,overture,-22.994274139404297,-43.255401611328125,,overture:Tabernáculo Expressão dos Céus.:-22.99427:-43.25540
Edifício Port Saint Maxime,landmark_and_historical_building,overture,-22.99530029296875,-43.257423400878906,,overture:Edifício Port Saint Maxime:-22.99530:-43.25742
Village Sao Conrado,landmark_and_historical_building,overture,-22.9953556060791,-43.2563591003418,,overture:Village Sao Conrado:-22.99536:-43.25636
Condomínio Village São Conrado,landmark_and_historical_building,overture,-22.99656867980957,-43.25701904296875,,overture:Condomínio Village São Conrado:-22.99657:-43.25702
Samba Galeria,topic_concert_venue,overture,-22.996313095092773,-43.2595100402832,,overture:Samba Galeria:-22.99631:-43.25951
Galaxion,museum,overture,-22.996559143066406,-43.2596321105957,,overture:Galaxion:-22.99656:-43.25963
Vila Áurea,topic_concert_venue,overture,-22.99595069885254,-43.26017379760742,,overture:Vila Áurea:-22.99595:-43.26017
Condominio do Edificio Port Of Spain,landmark_and_historical_building,overture,-22.99565315246582,-43.25799560546875,,overture:Condominio do Edificio Port Of Spain:-22.99565:-43.25800
Espaço Total,topic_concert_venue,overture,-22.995080947875977,-43.258846282958984,,overture:Espaço Total:-22.99508:-43.25885
Condomínio Alto São Conrado,landmark_and_historical_building,overture,-22.991945266723633,-43.25788497924805,,overture:Condomínio Alto São Conrado:-22.99195:-43.25788
Estação Jardim de Alah,landmark_and_historical_building,overture,-22.99250030517578,-43.2549934387207,,overture:Estação Jardim de Alah:-22.99250:-43.25499
Escola de Dança Jaime Arôxa Barra,topic_concert_venue,overture,-22.99354362487793,-43.25624084472656,,overture:Escola de Dança Jaime Arôxa Barra:-22.99354:-43.25624
Condomínio Residencial Joá,landmark_and_historical_building,overture,-22.993194580078125,-43.25535202026367,,overture:Condomínio Residencial Joá:-22.99319:-43.25535
Triade Coworking,topic_concert_venue,overture,-22.993206024169922,-43.25528335571289,,overture:Triade Coworking:-22.99321:-43.25528
Condomínio Pedra Bonita,landmark_and_historical_building,overture,-22.992931365966797,-43.253929138183594,,overture:Condomínio Pedra Bonita:-22.99293:-43.25393
Praça do Skate Rocinha,landmark_and_historical_building,overture,-22.990222930908203,-43.2519416809082,,overture:Praça do Skate Rocinha:-22.99022:-43.25194
Flyinguru,landmark_and_historical_building,overture,-22.99047088623047,-43.25215148925781,,overture:Flyinguru:-22.99047:-43.25215
Pagodin da Lú,topic_concert_venue,overture,-22.991111755371094,-43.25056076049805,,overture:Pagodin da Lú:-22.99111:-43.25056
Espaço Fest trampolim,topic_concert_venue,overture,-22.99039077758789,-43.252906799316406,,overture:Espaço Fest trampolim:-22.99039:-43.25291
Castelo Do Rei,landmark_and_historical_building,overture,-22.9897518157959,-43.24993896484375,,overture:Castelo Do Rei:-22.98975:-43.24994
"Rocinha, Rio de Janeiro",landmark_and_historical_building,overture,-22.988611221313477,-43.24833679199219,,"overture:Rocinha, Rio de Janeiro:-22.98861:-43.24834"
Maluco 22,landmark_and_historical_building,overture,-22.988651275634766,-43.24904251098633,,overture:Maluco 22:-22.98865:-43.24904
ONG Rocinha.org Comunidade Cultural,cultural_center,overture,-22.988006591796875,-43.24733352661133,,overture:ONG Rocinha.org Comunidade Cultural:-22.98801:-43.24733
Cachopão,topic_concert_venue,overture,-22.987796783447266,-43.25130844116211,,overture:Cachopão:-22.98780:-43.25131
Cobertura do Gui,landmark_and_historical_building,overture,-22.98677635192871,-43.25354766845703,,overture:Cobertura do Gui:-22.98678:-43.25355
Mirante das Canoas,landmark_and_historical_building,overture,-22.9885196685791,-43.26909637451172,,overture:Mirante das Canoas:-22.98852:-43.26910
Sitio Histórico Monte Zumba,museum,overture,-22.98735237121582,-43.27914810180664,,overture:Sitio Histórico Monte Zumba:-22.98735:-43.27915
Pedra da Gávea,monument,overture,-22.99786949157715,-43.284732818603516,,overture:Pedra da Gávea:-22.99787:-43.28473
Trilha da Pedra da Gavea,landmark_and_historical_building,overture,-23.001487731933594,-43.30535888671875,,overture:Trilha da Pedra da Gavea:-23.00149:-43.30536
Jardim do Itanhanga,landmark_and_historical_building,overture,-22.99436378479004,-43.30128860473633,,overture:Jardim do Itanhanga:-22.99436:-43.30129
Favela da Rocinha,landmark_and_historical_building,overture,-22.983417510986328,-43.29302215576172,,overture:Favela da Rocinha:-22.98342:-43.29302
Pedra Aguda,landmark_and_historical_building,overture,-22.984630584716797,-43.27684020996094,,overture:Pedra Aguda:-22.98463:-43.27684
Mirante do Caete,landmark_and_historical_building,overture,-22.984851837158203,-43.27873611450195,,overture:Mirante do Caete:-22.98485:-43.27874
Villa Cecília,topic_concert_venue,overture,-22.976879119873047,-43.27848434448242,,overture:Villa Cecília:-22.97688:-43.27848
Condomínio Casa Das Pedras,landmark_and_historical_building,overture,-22.975980758666992,-43.28017044067383,,overture:Condomínio Casa Das Pedras:-22.97598:-43.28017
Casa de Festa Terraço da Gávea,topic_concert_venue,overture,-22.97200584411621,-43.28146743774414,,overture:Casa de Festa Terraço da Gávea:-22.97201:-43.28147
Discípulos do Asfalto MC,topic_concert_venue,overture,-22.971851348876953,-43.28335952758789,,overture:Discípulos do Asfalto MC:-22.97185:-43.28336
"Estrada do Tijuaçu, Alto da Boa Vista",landmark_and_historical_building,overture,-22.971281051635742,-43.28492736816406,,"overture:Estrada do Tijuaçu, Alto da Boa Vista:-22.97128:-43.28493"
Paiol do Alto,topic_concert_venue,overture,-22.973926544189453,-43.28489685058594,,overture:Paiol do Alto:-22.97393:-43.28490
Furnas da Tijuca,landmark_and_historical_building,overture,-22.974552154541016,-43.28664779663086,,overture:Furnas da Tijuca:-22.97455:-43.28665
HairaHaira,cultural_center,overture,-22.97268295288086,-43.289581298828125,,overture:HairaHaira:-22.97268:-43.28958
Vale Encantado,topic_concert_venue,overture,-22.967191696166992,-43.295902252197266,,overture:Vale Encantado:-22.96719:-43.29590
Cascatinha Taunay,landmark_and_historical_building,overture,-22.95877456665039,-43.27725601196289,,overture:Cascatinha Taunay:-22.95877:-43.27726
Museu do Açude,art_museum,overture,-22.964826583862305,-43.2820930480957,,overture:Museu do Açude:-22.96483:-43.28209
Réveillon Amor Carioca,topic_concert_venue,overture,-22.96997833251953,-43.28067398071289,,overture:Réveillon Amor Carioca:-22.96998:-43.28067
Rio do Açude,landmark_and_historical_building,overture,-22.969663619995117,-43.28371047973633,,overture:Rio do Açude:-22.96966:-43.28371
"Morro Boa Vista (berg i Brasilien, Rio de Janeiro, Rio de Janeiro)",landmark_and_historical_building,overture,-22.964130401611328,-43.2635612487793,,"overture:Morro Boa Vista (berg i Brasilien, Rio de Janeiro, Rio de Janeiro):-22.96413:-43.26356"
Arvrão,landmark_and_historical_building,overture,-22.965280532836914,-43.276371002197266,,overture:Arvrão:-22.96528:-43.27637
Chalé do Alto,landmark_and_historical_building,overture,-22.96402359008789,-43.27631378173828,,overture:Chalé do Alto:-22.96402:-43.27631
Parque Itamaraty Eventos,topic_concert_venue,overture,-22.962120056152344,-43.27421569824219,,overture:Parque Itamaraty Eventos:-22.96212:-43.27422
Mansão Boa Vista,landmark_and_historical_building,overture,-22.960054397583008,-43.271236419677734,,overture:Mansão Boa Vista:-22.96005:-43.27124
Castelo do Alto,topic_concert_venue,overture,-22.961605072021484,-43.273094177246094,,overture:Castelo do Alto:-22.96161:-43.27309
Amo Cristo Redentor - I Love Christ The Redeemer,landmark_and_historical_building,overture,-22.961605072021484,-43.273094177246094,,overture:Amo Cristo Redentor - I Love Christ The Redeemer:-22.96161:-43.27309
Pedra da Proa,landmark_and_historical_building,overture,-22.964099884033203,-43.25651931762695,,overture:Pedra da Proa:-22.96410:-43.25652
Mesa do Imperado,landmark_and_historical_building,overture,-22.968505859375,-43.25685119628906,,overture:Mesa do Imperado:-22.96851:-43.25685
Vista Chinesa,landmark_and_historical_building,overture,-22.9732666015625,-43.249473571777344,,overture:Vista Chinesa:-22.97327:-43.24947
Espaço Gávea,topic_concert_venue,overture,-22.984277725219727,-43.24067687988281,,overture:Espaço Gávea:-22.98428:-43.24068
Gavea,landmark_and_historical_building,overture,-22.984390258789062,-43.23966979980469,,overture:Gavea:-22.98439:-43.23967
Casa Alto Gávea,topic_concert_venue,overture,-22.982173919677734,-43.24592590332031,,overture:Casa Alto Gávea:-22.98217:-43.24593
Museu Histórico da Cidade do Rio de Janeiro (MHCRJ),history_museum,overture,-22.98046112060547,-43.24163055419922,,overture:Museu Histórico da Cidade do Rio de Janeiro (MHCRJ):-22.98046:-43.24163
Museu Histórico da Cidade do Rio de Janeiro,museum,overture,-22.981197357177734,-43.240379333496094,,overture:Museu Histórico da Cidade do Rio de Janeiro:-22.98120:-43.24038
Condominio Gavea Hills,landmark_and_historical_building,overture,-22.982397079467773,-43.241798400878906,,overture:Condominio Gavea Hills:-22.98240:-43.24180
Associação de Surf da Rocinha - A.S.R,topic_concert_venue,overture,-22.98199462890625,-43.24094009399414,,overture:Associação de Surf da Rocinha - A.S.R:-22.98199:-43.24094
Puro Luxo,topic_concert_venue,overture,-22.981863021850586,-43.24065017700195,,overture:Puro Luxo:-22.98186:-43.24065
Fondation Moreira Sales,museum,overture,-22.98186492919922,-43.2393684387207,,overture:Fondation Moreira Sales:-22.98186:-43.23937
Centro Loyola de Fé e Cultura,cultural_center,overture,-22.982099533081055,-43.24013137817383,,overture:Centro Loyola de Fé e Cultura:-22.98210:-43.24013
Alaska,landmark_and_historical_building,overture,-22.98219871520996,-43.23752212524414,,overture:Alaska:-22.98220:-43.23752
Casa Rosa da Gávea,cultural_center,overture,-22.978830337524414,-43.23455047607422,,overture:Casa Rosa da Gávea:-22.97883:-43.23455
NaMedida - Puc-Rio,topic_concert_venue,overture,-22.979503631591797,-43.23299026489258,,overture:NaMedida - Puc-Rio:-22.97950:-43.23299
Solar de Grandjean de Montigny,museum,overture,-22.979021072387695,-43.23373031616211,,overture:Solar de Grandjean de Montigny:-22.97902:-43.23373
Solarpucrio,museum,overture,-22.978971481323242,-43.2333869934082,,overture:Solarpucrio:-22.97897:-43.23339
Condomínio Quintas e Quintais,landmark_and_historical_building,overture,-22.985992431640625,-43.23484420776367,,overture:Condomínio Quintas e Quintais:-22.98599:-43.23484
Condomínio Alto Leblon,landmark_and_historical_building,overture,-22.985013961791992,-43.234649658203125,,overture:Condomínio Alto Leblon:-22.98501:-43.23465
Leblon,landmark_and_historical_building,overture,-22.98445701599121,-43.2307014465332,,overture:Leblon:-22.98446:-43.23070
Espaço KAKA Festas,topic_concert_venue,overture,-22.98274040222168,-43.22892379760742,,overture:Espaço KAKA Festas:-22.98274:-43.22892
Condomínio do Edifício Serramar,landmark_and_historical_building,overture,-22.982616424560547,-43.22488021850586,,overture:Condomínio do Edifício Serramar:-22.98262:-43.22488
TEX,topic_concert_venue,overture,-22.98462677001953,-43.225181579589844,,overture:TEX:-22.98463:-43.22518
Residencial Bartolomeu Mitre,landmark_and_historical_building,overture,-22.98565101623535,-43.22291564941406,,overture:Residencial Bartolomeu Mitre:-22.98565:-43.22292
Condomínio do Edifício Solar João Lira,landmark_and_historical_building,overture,-22.986059188842773,-43.222007751464844,,overture:Condomínio do Edifício Solar João Lira:-22.98606:-43.22201
Almirante Guinlem,landmark_and_historical_building,overture,-22.98589324951172,-43.21848678588867,,overture:Almirante Guinlem:-22.98589:-43.21849
Leblon InFoco,landmark_and_historical_building,overture,-22.985605239868164,-43.218021392822266,,overture:Leblon InFoco:-22.98561:-43.21802
Green Ocean,landmark_and_historical_building,overture,-22.98487663269043,-43.218482971191406,,overture:Green Ocean:-22.98488:-43.21848
Condominio Edificio Cap D'Antibes,landmark_and_historical_building,overture,-22.98478889465332,-43.219058990478516,,overture:Condominio Edificio Cap D'Antibes:-22.98479:-43.21906
Estadio Jornalista Mario Filho - Estadio Do Maracana,topic_concert_venue,overture,-22.982803344726562,-43.217891693115234,,overture:Estadio Jornalista Mario Filho - Estadio Do Maracana:-22.98280:-43.21789
Edifício Maisons Leblon,landmark_and_historical_building,overture,-22.982694625854492,-43.21986770629883,,overture:Edifício Maisons Leblon:-22.98269:-43.21987
Condominio Copertino DurÃO,landmark_and_historical_building,overture,-22.98284149169922,-43.22077178955078,,overture:Condominio Copertino DurÃO:-22.98284:-43.22077
Edificio Leblon,landmark_and_historical_building,overture,-22.9842472076416,-43.22341537475586,,overture:Edificio Leblon:-22.98425:-43.22342
Condomínio Terrasse Leblon,landmark_and_historical_building,overture,-22.980712890625,-43.222618103027344,,overture:Condomínio Terrasse Leblon:-22.98071:-43.22262
Sala Marília Pêra,topic_concert_venue,overture,-22.980924606323242,-43.222808837890625,,overture:Sala Marília Pêra:-22.98092:-43.22281
Edifício Aquários,landmark_and_historical_building,overture,-22.980865478515625,-43.2208137512207,,overture:Edifício Aquários:-22.98087:-43.22081
Condomínio do Edifício Navona D Spagna,landmark_and_historical_building,overture,-22.982336044311523,-43.218841552734375,,overture:Condomínio do Edifício Navona D Spagna:-22.98234:-43.21884
Casa do Saber Rio,cultural_center,overture,-22.982398986816406,-43.217491149902344,,overture:Casa do Saber Rio:-22.98240:-43.21749
Edifício Vicenza,landmark_and_historical_building,overture,-22.98145866394043,-43.219974517822266,,overture:Edifício Vicenza:-22.98146:-43.21997
Edifício Jalisco,landmark_and_historical_building,overture,-22.979930877685547,-43.220550537109375,,overture:Edifício Jalisco:-22.97993:-43.22055
Favelão,landmark_and_historical_building,overture,-22.979900360107422,-43.219181060791016,,overture:Favelão:-22.97990:-43.21918
Selva de Pedra,landmark_and_historical_building,overture,-22.980314254760742,-43.21967697143555,,overture:Selva de Pedra:-22.98031:-43.21968
Casa do Claudio Cyrillo,landmark_and_historical_building,overture,-22.97929573059082,-43.219329833984375,,overture:Casa do Claudio Cyrillo:-22.97930:-43.21933
Condomínio do Edifício Solar da Lagoa,landmark_and_historical_building,overture,-22.979482650756836,-43.21997833251953,,overture:Condomínio do Edifício Solar da Lagoa:-22.97948:-43.21998
Ed. Canopus,landmark_and_historical_building,overture,-22.979516983032227,-43.220462799072266,,overture:Ed. Canopus:-22.97952:-43.22046
Núcleo de Artes Leblon,topic_concert_venue,overture,-22.979536056518555,-43.22243118286133,,overture:Núcleo de Artes Leblon:-22.97954:-43.22243
Condominio Leblon Double Service,landmark_and_historical_building,overture,-22.980260848999023,-43.22257995605469,,overture:Condominio Leblon Double Service:-22.98026:-43.22258
Condomínio Conde Albuquerque Residence Service,landmark_and_historical_building,overture,-22.979440689086914,-43.22624588012695,,overture:Condomínio Conde Albuquerque Residence Service:-22.97944:-43.22625
Argentão,landmark_and_historical_building,overture,-22.978803634643555,-43.226898193359375,,overture:Argentão:-22.97880:-43.22690
Canal da Visconde de Albuquerque,landmark_and_historical_building,overture,-22.979000091552734,-43.2276611328125,,overture:Canal da Visconde de Albuquerque:-22.97900:-43.22766
Ddp Diretoria,monument,overture,-22.97994041442871,-43.22675704956055,,overture:Ddp Diretoria:-22.97994:-43.22676
Condomínio do Edifício Durer,landmark_and_historical_building,overture,-22.98164939880371,-43.225337982177734,,overture:Condomínio do Edifício Durer:-22.98165:-43.22534
Dias Ferreira Leblon Studios,landmark_and_historical_building,overture,-22.982200622558594,-43.22462463378906,,overture:Dias Ferreira Leblon Studios:-22.98220:-43.22462
Condomínio Jardim Pernambuco,landmark_and_historical_building,overture,-22.98157501220703,-43.22766876220703,,overture:Condomínio Jardim Pernambuco:-22.98158:-43.22767
CMS Píndaro de Carvalho Rodrigues,landmark_and_historical_building,overture,-22.979677200317383,-43.229522705078125,,overture:CMS Píndaro de Carvalho Rodrigues:-22.97968:-43.22952
Museu do Planetário,museum,overture,-22.978300094604492,-43.230281829833984,,overture:Museu do Planetário:-22.97830:-43.23028
Seleção Brasileira a Festa,topic_concert_venue,overture,-22.978652954101562,-43.23021697998047,,overture:Seleção Brasileira a Festa:-22.97865:-43.23022
Cond. Gávea Garden,landmark_and_historical_building,overture,-22.977638244628906,-43.22989273071289,,overture:Cond. Gávea Garden:-22.97764:-43.22989
Condomínio do Edifício Tour Gávea,landmark_and_historical_building,overture,-22.976900100708008,-43.229862213134766,,overture:Condomínio do Edifício Tour Gávea:-22.97690:-43.22986
O Corcunda De Notre Dame,topic_concert_venue,overture,-22.975055694580078,-43.22841262817383,,overture:O Corcunda De Notre Dame:-22.97506:-43.22841
Pedra da Gávea - Rio de Janeiro,landmark_and_historical_building,overture,-22.976240158081055,-43.228965759277344,,overture:Pedra da Gávea - Rio de Janeiro:-22.97624:-43.22897
Pedra da Gávea,landmark_and_historical_building,overture,-22.97662353515625,-43.228790283203125,,overture:Pedra da Gávea:-22.97662:-43.22879
Condomínio do Edifício Gávea D'or,landmark_and_historical_building,overture,-22.976839065551758,-43.2276725769043,,overture:Condomínio do Edifício Gávea D'or:-22.97684:-43.22767
Cora Residencial,landmark_and_historical_building,overture,-22.976694107055664,-43.227073669433594,,overture:Cora Residencial:-22.97669:-43.22707
Edifício Bellino Esperança,landmark_and_historical_building,overture,-22.978580474853516,-43.227664947509766,,overture:Edifício Bellino Esperança:-22.97858:-43.22766
Fla Memória,museum,overture,-22.97837257385254,-43.218605041503906,,overture:Fla Memória:-22.97837:-43.21861
Gavea Gourmet FoodPark,topic_concert_venue,overture,-22.977130889892578,-43.21912384033203,,overture:Gavea Gourmet FoodPark:-22.97713:-43.21912
Terraço Lagoa,topic_concert_venue,overture,-22.976341247558594,-43.21787643432617,,overture:Terraço Lagoa:-22.97634:-43.21788
Village • RJ,topic_concert_venue,overture,-22.973848342895508,-43.2226448059082,,overture:Village • RJ:-22.97385:-43.22264
Brava Arena Jockey,topic_concert_venue,overture,-22.972362518310547,-43.22198486328125,,overture:Brava Arena Jockey:-22.97236:-43.22198
Espaço Jockey,topic_concert_venue,overture,-22.972938537597656,-43.22412109375,,overture:Espaço Jockey:-22.97294:-43.22412
Casa da Gávea,topic_concert_venue,overture,-22.974119186401367,-43.22712326049805,,overture:Casa da Gávea:-22.97412:-43.22712
Jequitiba 1,landmark_and_historical_building,overture,-22.973745346069336,-43.23091125488281,,overture:Jequitiba 1:-22.97375:-43.23091
Condominio do Edificio Duque Estrada,landmark_and_historical_building,overture,-22.9773006439209,-43.23452377319336,,overture:Condominio do Edificio Duque Estrada:-22.97730:-43.23452
Museu Histórico da Cidade do Rio de Janeiro - Gávea,history_museum,overture,-22.97868537902832,-43.244747161865234,,overture:Museu Histórico da Cidade do Rio de Janeiro - Gávea:-22.97869:-43.24475
Instituto Brando Barbosa,cultural_center,overture,-22.962831497192383,-43.22294616699219,,overture:Instituto Brando Barbosa:-22.96283:-43.22295
Condominio do Edificio Itaipava,landmark_and_historical_building,overture,-22.961942672729492,-43.21841812133789,,overture:Condominio do Edificio Itaipava:-22.96194:-43.21842
Corpo & Expressão,topic_concert_venue,overture,-22.964445114135742,-43.21788024902344,,overture:Corpo & Expressão:-22.96445:-43.21788
Piazza Del Sole,landmark_and_historical_building,overture,-22.96452522277832,-43.21931838989258,,overture:Piazza Del Sole:-22.96453:-43.21932
Pulse Offices,landmark_and_historical_building,overture,-22.964860916137695,-43.21787643432617,,overture:Pulse Offices:-22.96486:-43.21788
Região Amazônica,landmark_and_historical_building,overture,-22.96623420715332,-43.21831512451172,,overture:Região Amazônica:-22.96623:-43.21832
Avenida Lineu Paula Machado 1006,landmark_and_historical_building,overture,-22.96629524230957,-43.218448638916016,,overture:Avenida Lineu Paula Machado 1006:-22.96630:-43.21845
OKA Residence Lagoa,landmark_and_historical_building,overture,-22.967287063598633,-43.217437744140625,,overture:OKA Residence Lagoa:-22.96729:-43.21744
Condomínio Jardim da Lagoa,landmark_and_historical_building,overture,-22.96651840209961,-43.21821975708008,,overture:Condomínio Jardim da Lagoa:-22.96652:-43.21822
Climao,landmark_and_historical_building,overture,-22.965700149536133,-43.21923065185547,,overture:Climao:-22.96570:-43.21923
Condomínio Parque Residencial Jardim Botânico,landmark_and_historical_building,overture,-22.965038299560547,-43.2231559753418,,overture:Condomínio Parque Residencial Jardim Botânico:-22.96504:-43.22316
Jardim Botânico - Museu de Tom Jobim,museum,overture,-22.964548110961914,-43.22530746459961,,overture:Jardim Botânico - Museu de Tom Jobim:-22.96455:-43.22531
Casa Caminhoá,topic_concert_venue,overture,-22.964445114135742,-43.226905822753906,,overture:Casa Caminhoá:-22.96445:-43.22691
Museu do Horto,history_museum,overture,-22.967267990112305,-43.22857666015625,,overture:Museu do Horto:-22.96727:-43.22858
Portal da Antiga Academia de Belas Artes,landmark_and_historical_building,overture,-22.966007232666016,-43.22651672363281,,overture:Portal da Antiga Academia de Belas Artes:-22.96601:-43.22652
Gruta Karl Glasl,landmark_and_historical_building,overture,-22.968788146972656,-43.22527313232422,,overture:Gruta Karl Glasl:-22.96879:-43.22527
Mirante da Imprensa,landmark_and_historical_building,overture,-22.969038009643555,-43.225128173828125,,overture:Mirante da Imprensa:-22.96904:-43.22513
Sítio Arqueológico Casa dos Pilões,history_museum,overture,-22.967981338500977,-43.22710037231445,,overture:Sítio Arqueológico Casa dos Pilões:-22.96798:-43.22710
Teatro Clara Nunes,topic_concert_venue,overture,-22.967790603637695,-43.23140335083008,,overture:Teatro Clara Nunes:-22.96779:-43.23140
Pau-brasil,landmark_and_historical_building,overture,-22.9697265625,-43.22516632080078,,overture:Pau-brasil:-22.96973:-43.22517
Palmeira Imperial,landmark_and_historical_building,overture,-22.96954917907715,-43.22468566894531,,overture:Palmeira Imperial:-22.96955:-43.22469
Relógio de Sol,landmark_and_historical_building,overture,-22.970399856567383,-43.224510192871094,,overture:Relógio de Sol:-22.97040:-43.22451
Galpão das Artes,topic_concert_venue,overture,-22.97054100036621,-43.22462463378906,,overture:Galpão das Artes:-22.97054:-43.22462
Instituto Antônio Carlos Jobim,cultural_center,overture,-22.970609664916992,-43.22486877441406,,overture:Instituto Antônio Carlos Jobim:-22.97061:-43.22487
Teatro EcoVilla Ri Happy,cultural_center,overture,-22.971004486083984,-43.22495651245117,,overture:Teatro EcoVilla Ri Happy:-22.97100:-43.22496
Teatro Tom Jobim,topic_concert_venue,overture,-22.970943450927734,-43.224822998046875,,overture:Teatro Tom Jobim:-22.97094:-43.22482
Espaço Tom Jobim,cultural_center,overture,-22.970783233642578,-43.224822998046875,,overture:Espaço Tom Jobim:-22.97078:-43.22482
Spariam na Babilônia Feira Hype,topic_concert_venue,overture,-22.97041893005371,-43.224388122558594,,overture:Spariam na Babilônia Feira Hype:-22.97042:-43.22439
Museu do Meio Ambiente,museum,overture,-22.97044563293457,-43.22324752807617,,overture:Museu do Meio Ambiente:-22.97045:-43.22325
Darwin: Origens & Evolução,museum,overture,-22.970470428466797,-43.2232666015625,,overture:Darwin: Origens & Evolução:-22.97047:-43.22327
Fonte Wallace,landmark_and_historical_building,overture,-22.969919204711914,-43.22438049316406,,overture:Fonte Wallace:-22.96992:-43.22438
Monumento Tom Jobim,monument,overture,-22.967519760131836,-43.22404098510742,,overture:Monumento Tom Jobim:-22.96752:-43.22404
Caza Lagoa ,topic_concert_venue,overture,-22.96919059753418,-43.21731185913086,,overture:Caza Lagoa :-22.96919:-43.21731
Condominio dos Edificios Jean Labasque e Georges Lacombe,landmark_and_historical_building,overture,-22.96848487854004,-43.204349517822266,,overture:Condominio dos Edificios Jean Labasque e Georges Lacombe:-22.96848:-43.20435
Edf. Vendome,landmark_and_historical_building,overture,-22.96910858154297,-43.20497512817383,,overture:Edf. Vendome:-22.96911:-43.20498
Centro Cultural Lagoa,cultural_center,overture,-22.96590232849121,-43.203338623046875,,overture:Centro Cultural Lagoa:-22.96590:-43.20334
Жардим Ботанико (исторический район Рио-де-Жанейро),landmark_and_historical_building,overture,-22.96666717529297,-43.21666717529297,,overture:Жардим Ботанико (исторический район Рио-де-Жанейро):-22.96667:-43.21667
Pala'cio - Parque Lage,landmark_and_historical_building,overture,-22.96018409729004,-43.21217346191406,,overture:Pala'cio - Parque Lage:-22.96018:-43.21217
D.R.I EAV Parque Lage,topic_concert_venue,overture,-22.960180282592773,-43.212284088134766,,overture:D.R.I EAV Parque Lage:-22.96018:-43.21228
Solar Das Hortênsias,landmark_and_historical_building,overture,-22.961254119873047,-43.21339416503906,,overture:Solar Das Hortênsias:-22.96125:-43.21339
Condomínio Getúlio das Neves,landmark_and_historical_building,overture,-22.95948600769043,-43.20625305175781,,overture:Condomínio Getúlio das Neves:-22.95949:-43.20625
Condomínio do Edifício Portal Sul,landmark_and_historical_building,overture,-22.959413528442383,-43.20326614379883,,overture:Condomínio do Edifício Portal Sul:-22.95941:-43.20327
Condomínio do Edifício Albert Marquet,landmark_and_historical_building,overture,-22.95941162109375,-43.202301025390625,,overture:Condomínio do Edifício Albert Marquet:-22.95941:-43.20230
Condomínio do Edifício Residencial Portal da Lagoa,landmark_and_historical_building,overture,-22.959888458251953,-43.20377731323242,,overture:Condomínio do Edifício Residencial Portal da Lagoa:-22.95989:-43.20378
Condomínio Lagoa Best Residence Service,landmark_and_historical_building,overture,-22.961240768432617,-43.20566940307617,,overture:Condomínio Lagoa Best Residence Service:-22.96124:-43.20567
Morro Do Joá - Rio De Janeiro,landmark_and_historical_building,overture,-22.961380004882812,-43.207191467285156,,overture:Morro Do Joá - Rio De Janeiro:-22.96138:-43.20719
Condomínio do Edifício Residencial Garças Lagoa,landmark_and_historical_building,overture,-22.96267318725586,-43.2017707824707,,overture:Condomínio do Edifício Residencial Garças Lagoa:-22.96267:-43.20177
Condomínio do Edifício Solar Baronesa Poconé,landmark_and_historical_building,overture,-22.9622802734375,-43.201812744140625,,overture:Condomínio do Edifício Solar Baronesa Poconé:-22.96228:-43.20181
Maison Saint Marcelin,landmark_and_historical_building,overture,-22.959564208984375,-43.20194625854492,,overture:Maison Saint Marcelin:-22.95956:-43.20195
American Flat Service,landmark_and_historical_building,overture,-22.958995819091797,-43.2009162902832,,overture:American Flat Service:-22.95900:-43.20092
Edificio Rua Macedo Sobrinho,landmark_and_historical_building,overture,-22.95917320251465,-43.19852066040039,,overture:Edificio Rua Macedo Sobrinho:-22.95917:-43.19852
Espaco Cultural Municipal Sergio Porto,cultural_center,overture,-22.958688735961914,-43.199344635009766,,overture:Espaco Cultural Municipal Sergio Porto:-22.95869:-43.19934
Edificio Maria Regina,landmark_and_historical_building,overture,-22.958749771118164,-43.199222564697266,,overture:Edificio Maria Regina:-22.95875:-43.19922
Núcleo Terapeutico Unindo Corações ,topic_concert_venue,overture,-22.956083297729492,-43.20164108276367,,overture:Núcleo Terapeutico Unindo Corações :-22.95608:-43.20164
S Design Residencial,landmark_and_historical_building,overture,-22.95629119873047,-43.194820404052734,,overture:S Design Residencial:-22.95629:-43.19482
Condomínio Chácara dos Pinheiros,landmark_and_historical_building,overture,-22.95882797241211,-43.195777893066406,,overture:Condomínio Chácara dos Pinheiros:-22.95883:-43.19578
Condomínio Parque Maria Cândida Pareto,landmark_and_historical_building,overture,-22.959121704101562,-43.19666290283203,,overture:Condomínio Parque Maria Cândida Pareto:-22.95912:-43.19666
Edifício Realeza,landmark_and_historical_building,overture,-22.959264755249023,-43.19137954711914,,overture:Edifício Realeza:-22.95926:-43.19138
Recipiente Porongo,cultural_center,overture,-22.958160400390625,-43.192867279052734,,overture:Recipiente Porongo:-22.95816:-43.19287
Quattro Pinheiro Guimaraes Botafogo,landmark_and_historical_building,overture,-22.958290100097656,-43.19344711303711,,overture:Quattro Pinheiro Guimaraes Botafogo:-22.95829:-43.19345
Condomínio do Edifício Reserva Botafogo,landmark_and_historical_building,overture,-22.958599090576172,-43.194000244140625,,overture:Condomínio do Edifício Reserva Botafogo:-22.95860:-43.19400
Belle Ville Botafogo,landmark_and_historical_building,overture,-22.95827865600586,-43.194278717041016,,overture:Belle Ville Botafogo:-22.95828:-43.19428
Villa Visconti,landmark_and_historical_building,overture,-22.957477569580078,-43.19382858276367,,overture:Villa Visconti:-22.95748:-43.19383
Varandas de Botafogo,landmark_and_historical_building,overture,-22.957334518432617,-43.19316864013672,,overture:Varandas de Botafogo:-22.95733:-43.19317
Rio Zona Sul,topic_concert_venue,overture,-22.9574031829834,-43.19435119628906,,overture:Rio Zona Sul:-22.95740:-43.19435
Casa Anthropos,cultural_center,overture,-22.956314086914062,-43.19313430786133,,overture:Casa Anthropos:-22.95631:-43.19313
Edifício Duo Prime,landmark_and_historical_building,overture,-22.95649528503418,-43.1907844543457,,overture:Edifício Duo Prime:-22.95650:-43.19078
Condomínio do Edifício Solar,landmark_and_historical_building,overture,-22.956375122070312,-43.188289642333984,,overture:Condomínio do Edifício Solar:-22.95638:-43.18829
Condomínio do Edifício Bandeirante Gabriel Soares,landmark_and_historical_building,overture,-22.96462059020996,-43.18999481201172,,overture:Condomínio do Edifício Bandeirante Gabriel Soares:-22.96462:-43.18999
Edifício Sulmar,landmark_and_historical_building,overture,-22.964704513549805,-43.190433502197266,,overture:Edifício Sulmar:-22.96470:-43.19043
Condomínio do Edifício Piracicaba,landmark_and_historical_building,overture,-22.96463394165039,-43.190948486328125,,overture:Condomínio do Edifício Piracicaba:-22.96463:-43.19095
Ladeira Dos Tabajaras,landmark_and_historical_building,overture,-22.965179443359375,-43.188899993896484,,overture:Ladeira Dos Tabajaras:-22.96518:-43.18890
Edifício Noblesse,landmark_and_historical_building,overture,-22.965723037719727,-43.18804168701172,,overture:Edifício Noblesse:-22.96572:-43.18804
Castelo da Família Real de Portunha,landmark_and_historical_building,overture,-22.966121673583984,-43.187965393066406,,overture:Castelo da Família Real de Portunha:-22.96612:-43.18797
Ed. Pena Safira,landmark_and_historical_building,overture,-22.967361450195312,-43.19102096557617,,overture:Ed. Pena Safira:-22.96736:-43.19102
Condomínio Edifício Piancó,landmark_and_historical_building,overture,-22.965837478637695,-43.18982696533203,,overture:Condomínio Edifício Piancó:-22.96584:-43.18983
Saraiva,landmark_and_historical_building,overture,-22.966022491455078,-43.1915283203125,,overture:Saraiva:-22.96602:-43.19153
Edifício Van Santa Clara,landmark_and_historical_building,overture,-22.965219497680664,-43.19278335571289,,overture:Edifício Van Santa Clara:-22.96522:-43.19278
Chateau de Cheverny,landmark_and_historical_building,overture,-22.965242385864258,-43.191864013671875,,overture:Chateau de Cheverny:-22.96524:-43.19186
Lobie Vilares,landmark_and_historical_building,overture,-22.96494483947754,-43.19118118286133,,overture:Lobie Vilares:-22.96494:-43.19118
Selfie,landmark_and_historical_building,overture,-22.964555740356445,-43.19301986694336,,overture:Selfie:-22.96456:-43.19302
HO 200,landmark_and_historical_building,overture,-22.964540481567383,-43.193023681640625,,overture:HO 200:-22.96454:-43.19302
Five Lagoa,landmark_and_historical_building,overture,-22.96561050415039,-43.20211410522461,,overture:Five Lagoa:-22.96561:-43.20211
Condomínio Chácara Sacopã,landmark_and_historical_building,overture,-22.966983795166016,-43.2005729675293,,overture:Condomínio Chácara Sacopã:-22.96698:-43.20057
Condomínio Chateu de Luniville,landmark_and_historical_building,overture,-22.968521118164062,-43.19013214111328,,overture:Condomínio Chateu de Luniville:-22.96852:-43.19013
Copacabana,landmark_and_historical_building,overture,-22.96845817565918,-43.18859100341797,,overture:Copacabana:-22.96846:-43.18859
Condominio do Edificio Jardim Amazonas,landmark_and_historical_building,overture,-22.969141006469727,-43.1882209777832,,overture:Condominio do Edificio Jardim Amazonas:-22.96914:-43.18822
Condominio do Edificio Anita Garibaldi,landmark_and_historical_building,overture,-22.969009399414062,-43.187992095947266,,overture:Condominio do Edificio Anita Garibaldi:-22.96901:-43.18799
Ed. Taquara,landmark_and_historical_building,overture,-22.96964454650879,-43.187538146972656,,overture:Ed. Taquara:-22.96964:-43.18754
Ed. Pina,landmark_and_historical_building,overture,-22.970901489257812,-43.18960189819336,,overture:Ed. Pina:-22.97090:-43.18960
Lar doce lar,landmark_and_historical_building,overture,-22.97162628173828,-43.189083099365234,,overture:Lar doce lar:-22.97163:-43.18908
Condominio do Edificio Raimundo Correa,landmark_and_historical_building,overture,-22.971942901611328,-43.18874740600586,,overture:Condominio do Edificio Raimundo Correa:-22.97194:-43.18875
"Palmas, Ilha Grande",landmark_and_historical_building,overture,-22.971773147583008,-43.1901969909668,,"overture:Palmas, Ilha Grande:-22.97177:-43.19020"
Claudia,landmark_and_historical_building,overture,-22.972055435180664,-43.190006256103516,,overture:Claudia:-22.97206:-43.19001
Microlins,cultural_center,overture,-22.971967697143555,-43.189918518066406,,overture:Microlins:-22.97197:-43.18992
Edifício Mar Azul,landmark_and_historical_building,overture,-22.973039627075195,-43.19215393066406,,overture:Edifício Mar Azul:-22.97304:-43.19215
Ed Maria Quiteria,landmark_and_historical_building,overture,-22.97290802001953,-43.19234848022461,,overture:Ed Maria Quiteria:-22.97291:-43.19235
Condomínio Santa Leocádia,landmark_and_historical_building,overture,-22.97450828552246,-43.19413757324219,,overture:Condomínio Santa Leocádia:-22.97451:-43.19414
Copacabana,landmark_and_historical_building,overture,-22.974929809570312,-43.19306182861328,,overture:Copacabana:-22.97493:-43.19306
Condomínio do Edifício Dom Luiz,landmark_and_historical_building,overture,-22.974695205688477,-43.19051742553711,,overture:Condomínio do Edifício Dom Luiz:-22.97470:-43.19052
Condominio Edificio Dom Antonio,landmark_and_historical_building,overture,-22.974782943725586,-43.19020462036133,,overture:Condominio Edificio Dom Antonio:-22.97478:-43.19020
Posto 4 Copacabana,landmark_and_historical_building,overture,-22.973451614379883,-43.18986892700195,,overture:Posto 4 Copacabana:-22.97345:-43.18987
The Real Copacabana Apartment,landmark_and_historical_building,overture,-22.97356605529785,-43.18939208984375,,overture:The Real Copacabana Apartment:-22.97357:-43.18939
South Beach Copacabana Residential Club,landmark_and_historical_building,overture,-22.97442626953125,-43.18782043457031,,overture:South Beach Copacabana Residential Club:-22.97443:-43.18782
Rua Domingos Ferreira,landmark_and_historical_building,overture,-22.97426986694336,-43.18800354003906,,overture:Rua Domingos Ferreira:-22.97427:-43.18800
Interser,museum,overture,-22.974117279052734,-43.188541412353516,,overture:Interser:-22.97412:-43.18854
Condomínio do Edifício Ike,landmark_and_historical_building,overture,-22.974550247192383,-43.18916702270508,,overture:Condomínio do Edifício Ike:-22.97455:-43.18917
Sambadromo,topic_concert_venue,overture,-22.974849700927734,-43.18773651123047,,overture:Sambadromo:-22.97485:-43.18774
Coworking Town,topic_concert_venue,overture,-22.975112915039062,-43.18777084350586,,overture:Coworking Town:-22.97511:-43.18777
Top of Pestana,topic_concert_venue,overture,-22.975112915039062,-43.18777084350586,,overture:Top of Pestana:-22.97511:-43.18777
Condomínio do Edifício Lellis,landmark_and_historical_building,overture,-22.97524070739746,-43.188209533691406,,overture:Condomínio do Edifício Lellis:-22.97524:-43.18821
Edificio Marapé,landmark_and_historical_building,overture,-22.975461959838867,-43.18906784057617,,overture:Edificio Marapé:-22.97546:-43.18907
Casa da Camila,landmark_and_historical_building,overture,-22.975446701049805,-43.18834686279297,,overture:Casa da Camila:-22.97545:-43.18835
Rio Bossa Club,topic_concert_venue,overture,-22.975400924682617,-43.188499450683594,,overture:Rio Bossa Club:-22.97540:-43.18850
Museu de Artes Ivan Del Blanco,art_museum,overture,-22.975910186767578,-43.1898307800293,,overture:Museu de Artes Ivan Del Blanco:-22.97591:-43.18983
Lar Doce Lar,landmark_and_historical_building,overture,-22.97549057006836,-43.1899528503418,,overture:Lar Doce Lar:-22.97549:-43.18995
Carnaval de Rio,topic_concert_venue,overture,-22.97687339782715,-43.19003677368164,,overture:Carnaval de Rio:-22.97687:-43.19004
Edifício Praia,landmark_and_historical_building,overture,-22.97657585144043,-43.18874740600586,,overture:Edifício Praia:-22.97658:-43.18875
Condomínio do Edifício Residencial Embaixador,landmark_and_historical_building,overture,-22.976581573486328,-43.18877410888672,,overture:Condomínio do Edifício Residencial Embaixador:-22.97658:-43.18877
Edifício Gabino,landmark_and_historical_building,overture,-22.976266860961914,-43.18910598754883,,overture:Edifício Gabino:-22.97627:-43.18911
Condomínio do Edifício Bolívar,landmark_and_historical_building,overture,-22.97599983215332,-43.188777923583984,,overture:Condomínio do Edifício Bolívar:-22.97600:-43.18878
Foz do iguassu,landmark_and_historical_building,overture,-22.97758674621582,-43.188350677490234,,overture:Foz do iguassu:-22.97759:-43.18835
Museu da Imagem e do Som (MIS),museum,overture,-22.978595733642578,-43.18894958496094,,overture:Museu da Imagem e do Som (MIS):-22.97860:-43.18895
Condominio do Edificio Nagassa,landmark_and_historical_building,overture,-22.978418350219727,-43.1894416809082,,overture:Condominio do Edificio Nagassa:-22.97842:-43.18944
Condomínio do Edifício Valero,landmark_and_historical_building,overture,-22.978639602661133,-43.19088363647461,,overture:Condomínio do Edifício Valero:-22.97864:-43.19088
Edifício Surubi,landmark_and_historical_building,overture,-22.977651596069336,-43.19063949584961,,overture:Edifício Surubi:-22.97765:-43.19064
Condomínio do Edifício Mascarenhas,landmark_and_historical_building,overture,-22.97772789001465,-43.190311431884766,,overture:Condomínio do Edifício Mascarenhas:-22.97773:-43.19031
Ritz Social Club,topic_concert_venue,overture,-22.97719383239746,-43.189517974853516,,overture:Ritz Social Club:-22.97719:-43.18952
Rio Apart,landmark_and_historical_building,overture,-22.97692108154297,-43.19141387939453,,overture:Rio Apart:-22.97692:-43.19141
Teatro Brigitte Blair,topic_concert_venue,overture,-22.977968215942383,-43.19111251831055,,overture:Teatro Brigitte Blair:-22.97797:-43.19111
Edificio Polux,landmark_and_historical_building,overture,-22.977798461914062,-43.193572998046875,,overture:Edificio Polux:-22.97780:-43.19357
Edifício Dulce Ortiz,landmark_and_historical_building,overture,-22.9766902923584,-43.19239807128906,,overture:Edifício Dulce Ortiz:-22.97669:-43.19240
Condomínio do Edifício Leopoldo Miguez,landmark_and_historical_building,overture,-22.976511001586914,-43.19123458862305,,overture:Condomínio do Edifício Leopoldo Miguez:-22.97651:-43.19123
Lar,landmark_and_historical_building,overture,-22.97661781311035,-43.19198226928711,,overture:Lar:-22.97662:-43.19198
Edifício Darlington,landmark_and_historical_building,overture,-22.975648880004883,-43.19170379638672,,overture:Edifício Darlington:-22.97565:-43.19170
General José de San Martín,landmark_and_historical_building,overture,-22.97542953491211,-43.19789123535156,,overture:General José de San Martín:-22.97543:-43.19789
Casa Museu Eva Klabin,museum,overture,-22.976009368896484,-43.19844436645508,,overture:Casa Museu Eva Klabin:-22.97601:-43.19844
Condominio do Edificio Lagoa Azul,landmark_and_historical_building,overture,-22.976884841918945,-43.197425842285156,,overture:Condominio do Edificio Lagoa Azul:-22.97688:-43.19743
Condominium Quinta da Lagoa,landmark_and_historical_building,overture,-22.97757339477539,-43.1982307434082,,overture:Condominium Quinta da Lagoa:-22.97757:-43.19823
Lagoa Bella,landmark_and_historical_building,overture,-22.97754669189453,-43.197288513183594,,overture:Lagoa Bella:-22.97755:-43.19729
Avenida epitacio pessoa 2180,landmark_and_historical_building,overture,-22.97869873046875,-43.19917678833008,,overture:Avenida epitacio pessoa 2180:-22.97870:-43.19918
Edifício Rhapsody,landmark_and_historical_building,overture,-22.97440528869629,-43.19918441772461,,overture:Edifício Rhapsody:-22.97441:-43.19918
Museu de Arte Sacra,museum,overture,-22.973583221435547,-43.207801818847656,,overture:Museu de Arte Sacra:-22.97358:-43.20780
Lanna Kingdom,landmark_and_historical_building,overture,-22.972421646118164,-43.20816421508789,,overture:Lanna Kingdom:-22.97242:-43.20816
Edifício Conde Du Lac,landmark_and_historical_building,overture,-22.97995376586914,-43.20316696166992,,overture:Edifício Conde Du Lac:-22.97995:-43.20317
Edificio Ipanema Ville Residence Service,landmark_and_historical_building,overture,-22.980409622192383,-43.20294952392578,,overture:Edificio Ipanema Ville Residence Service:-22.98041:-43.20295
Injoy Lofts Ipanema,landmark_and_historical_building,overture,-22.980749130249023,-43.204837799072266,,overture:Injoy Lofts Ipanema:-22.98075:-43.20484
Casa de Pedra 64,topic_concert_venue,overture,-22.982419967651367,-43.20631408691406,,overture:Casa de Pedra 64:-22.98242:-43.20631
Helô Mozak,landmark_and_historical_building,overture,-22.982357025146484,-43.206573486328125,,overture:Helô Mozak:-22.98236:-43.20657
Prédio onde morou Renato Russo,landmark_and_historical_building,overture,-22.981792449951172,-43.20838928222656,,overture:Prédio onde morou Renato Russo:-22.98179:-43.20839
Nascimento Silva,landmark_and_historical_building,overture,-22.98179817199707,-43.20895767211914,,overture:Nascimento Silva:-22.98180:-43.20896
Condominio do Edificio Avenida Epitacio Pessoa,landmark_and_historical_building,overture,-22.980810165405273,-43.209266662597656,,overture:Condominio do Edificio Avenida Epitacio Pessoa:-22.98081:-43.20927
Baile da Preta,topic_concert_venue,overture,-22.980539321899414,-43.2155876159668,,overture:Baile da Preta:-22.98054:-43.21559
Cruzada de são Sebastião,landmark_and_historical_building,overture,-22.981840133666992,-43.216190338134766,,overture:Cruzada de são Sebastião:-22.98184:-43.21619
Samba In Favela,topic_concert_venue,overture,-22.98213768005371,-43.21537780761719,,overture:Samba In Favela:-22.98214:-43.21538
Casa 402 Ipanema,topic_concert_venue,overture,-22.981050491333008,-43.21254348754883,,overture:Casa 402 Ipanema:-22.98105:-43.21254
Forte de Copacabana Rio de Janiero,history_museum,overture,-22.983673095703125,-43.211631774902344,,overture:Forte de Copacabana Rio de Janiero:-22.98367:-43.21163
Edifício Evelyn,landmark_and_historical_building,overture,-22.98310089111328,-43.21329879760742,,overture:Edifício Evelyn:-22.98310:-43.21330
Museu Amsterdam Sauer,museum,overture,-22.98337173461914,-43.21253967285156,,overture:Museu Amsterdam Sauer:-22.98337:-43.21254
Condomínio Residencial Country Palace,landmark_and_historical_building,overture,-22.98306655883789,-43.213539123535156,,overture:Condomínio Residencial Country Palace:-22.98307:-43.21354
Home Rio,landmark_and_historical_building,overture,-22.982933044433594,-43.21678924560547,,overture:Home Rio:-22.98293:-43.21679
Condomínio dos Jornalistas,landmark_and_historical_building,overture,-22.983373641967773,-43.216217041015625,,overture:Condomínio dos Jornalistas:-22.98337:-43.21622
Jardim de Alah,landmark_and_historical_building,overture,-22.98354721069336,-43.21623611450195,,overture:Jardim de Alah:-22.98355:-43.21624
Condomínio do Edifício Sunrise,landmark_and_historical_building,overture,-22.984235763549805,-43.21609115600586,,overture:Condomínio do Edifício Sunrise:-22.98424:-43.21609
Edifício Lavoisier,landmark_and_historical_building,overture,-22.983945846557617,-43.21384811401367,,overture:Edifício Lavoisier:-22.98395:-43.21385
Praca Espanha,landmark_and_historical_building,overture,-22.98360824584961,-43.21342468261719,,overture:Praca Espanha:-22.98361:-43.21342
Condomínio do Edifício Sunset,landmark_and_historical_building,overture,-22.984575271606445,-43.216732025146484,,overture:Condomínio do Edifício Sunset:-22.98458:-43.21673
Edifício Panorama,landmark_and_historical_building,overture,-22.98515510559082,-43.21072006225586,,overture:Edifício Panorama:-22.98516:-43.21072
Building Ipanema Guinle Residence Service,landmark_and_historical_building,overture,-22.985206604003906,-43.210384368896484,,overture:Building Ipanema Guinle Residence Service:-22.98521:-43.21038
Condomínio do Edifício Residencial Cap Ferrat,landmark_and_historical_building,overture,-22.986007690429688,-43.21034240722656,,overture:Condomínio do Edifício Residencial Cap Ferrat:-22.98601:-43.21034
Ipanema Vieira Souto 500 Residence Service,landmark_and_historical_building,overture,-22.986093521118164,-43.20879364013672,,overture:Ipanema Vieira Souto 500 Residence Service:-22.98609:-43.20879
Rooftop Vieira Souto,landmark_and_historical_building,overture,-22.986040115356445,-43.20876693725586,,overture:Rooftop Vieira Souto:-22.98604:-43.20877
Condomínio do Edifício Antonello da Messina,landmark_and_historical_building,overture,-22.98542594909668,-43.20841979980469,,overture:Condomínio do Edifício Antonello da Messina:-22.98543:-43.20842
Ipa Studios Design,landmark_and_historical_building,overture,-22.985389709472656,-43.20760726928711,,overture:Ipa Studios Design:-22.98539:-43.20761
Flat Prudente de Morais,landmark_and_historical_building,overture,-22.985376358032227,-43.20685577392578,,overture:Flat Prudente de Morais:-22.98538:-43.20686
Ipanema Tower,landmark_and_historical_building,overture,-22.985071182250977,-43.206233978271484,,overture:Ipanema Tower:-22.98507:-43.20623
Museu de pedras preciosas,museum,overture,-22.98370361328125,-43.20927429199219,,overture:Museu de pedras preciosas:-22.98370:-43.20927
Solar Príncipe João,landmark_and_historical_building,overture,-22.983165740966797,-43.207733154296875,,overture:Solar Príncipe João:-22.98317:-43.20773
Apê,landmark_and_historical_building,overture,-22.98369789123535,-43.2071533203125,,overture:Apê:-22.98370:-43.20715
Casa,landmark_and_historical_building,overture,-22.983726501464844,-43.20764923095703,,overture:Casa:-22.98373:-43.20765
Monumento ao Senador Pinheiro Machado,monument,overture,-22.984315872192383,-43.20597457885742,,overture:Monumento ao Senador Pinheiro Machado:-22.98432:-43.20597
Edifício Iasa I,landmark_and_historical_building,overture,-22.9841365814209,-43.204490661621094,,overture:Edifício Iasa I:-22.98414:-43.20449
Ipanema Pax Flat,landmark_and_historical_building,overture,-22.98317527770996,-43.20387268066406,,overture:Ipanema Pax Flat:-22.98318:-43.20387
Tour de Nantes,landmark_and_historical_building,overture,-22.98518943786621,-43.20576477050781,,overture:Tour de Nantes:-22.98519:-43.20576
786 Prudente,landmark_and_historical_building,overture,-22.985191345214844,-43.20414352416992,,overture:786 Prudente:-22.98519:-43.20414
Condomínio do Edifício Prudente de Morais,landmark_and_historical_building,overture,-22.98556137084961,-43.20396041870117,,overture:Condomínio do Edifício Prudente de Morais:-22.98556:-43.20396
Condomínio do Edifício Águas Lindas,landmark_and_historical_building,overture,-22.985748291015625,-43.201087951660156,,overture:Condomínio do Edifício Águas Lindas:-22.98575:-43.20109
Palacio de Buckingham,landmark_and_historical_building,overture,-22.98465347290039,-43.2000617980957,,overture:Palacio de Buckingham:-22.98465:-43.20006
TWO Suites Ipanema,landmark_and_historical_building,overture,-22.98553466796875,-43.19981384277344,,overture:TWO Suites Ipanema:-22.98553:-43.19981
Condomínio Ipanema Palace,landmark_and_historical_building,overture,-22.98541831970215,-43.200218200683594,,overture:Condomínio Ipanema Palace:-22.98542:-43.20022
Vista Ipanema,landmark_and_historical_building,overture,-22.985734939575195,-43.19953918457031,,overture:Vista Ipanema:-22.98573:-43.19954
Condomínio do Edifício Eliana,landmark_and_historical_building,overture,-22.986125946044922,-43.194793701171875,,overture:Condomínio do Edifício Eliana:-22.98613:-43.19479
Ed. Nicias,landmark_and_historical_building,overture,-22.985687255859375,-43.196319580078125,,overture:Ed. Nicias:-22.98569:-43.19632
Edifício Dakar,landmark_and_historical_building,overture,-22.985231399536133,-43.19595718383789,,overture:Edifício Dakar:-22.98523:-43.19596
Edifício Canning,landmark_and_historical_building,overture,-22.985210418701172,-43.19504165649414,,overture:Edifício Canning:-22.98521:-43.19504
Rua Farme de amoedo,landmark_and_historical_building,overture,-22.9844970703125,-43.19766616821289,,overture:Rua Farme de amoedo:-22.98450:-43.19767
Visconde de Pirajá Apartment,landmark_and_historical_building,overture,-22.9844913482666,-43.198184967041016,,overture:Visconde de Pirajá Apartment:-22.98449:-43.19818
Ed. Parreiras,landmark_and_historical_building,overture,-22.983882904052734,-43.19538879394531,,overture:Ed. Parreiras:-22.98388:-43.19539
Casa 7,cultural_center,overture,-22.9836368560791,-43.194847106933594,,overture:Casa 7:-22.98364:-43.19485
Condomínio Monclair,landmark_and_historical_building,overture,-22.983457565307617,-43.194969177246094,,overture:Condomínio Monclair:-22.98346:-43.19497
Edifício Gramado,landmark_and_historical_building,overture,-22.983457565307617,-43.196815490722656,,overture:Edifício Gramado:-22.98346:-43.19682
Condominio do Edificio Barao de Gravata,landmark_and_historical_building,overture,-22.98339080810547,-43.19803237915039,,overture:Condominio do Edificio Barao de Gravata:-22.98339:-43.19803
Mirante da Paz,landmark_and_historical_building,overture,-22.98332977294922,-43.19846725463867,,overture:Mirante da Paz:-22.98333:-43.19847
Condominio do Edificio Serra do Mar,landmark_and_historical_building,overture,-22.983396530151367,-43.19965744018555,,overture:Condominio do Edificio Serra do Mar:-22.98340:-43.19966
Chez Bisutti Rio Das Pedras,topic_concert_venue,overture,-22.983570098876953,-43.19941329956055,,overture:Chez Bisutti Rio Das Pedras:-22.98357:-43.19941
Edificio Mar de Ipanema Vip Center,landmark_and_historical_building,overture,-22.9842529296875,-43.201629638671875,,overture:Edificio Mar de Ipanema Vip Center:-22.98425:-43.20163
Condomínio Edifício Beatriz Helena,landmark_and_historical_building,overture,-22.983257293701172,-43.20122528076172,,overture:Condomínio Edifício Beatriz Helena:-22.98326:-43.20123
Edifício Solarium,landmark_and_historical_building,overture,-22.9822940826416,-43.19906997680664,,overture:Edifício Solarium:-22.98229:-43.19907
Ipanema,landmark_and_historical_building,overture,-22.981689453125,-43.19908142089844,,overture:Ipanema:-22.98169:-43.19908
Edifício senador paula,landmark_and_historical_building,overture,-22.980915069580078,-43.198936462402344,,overture:Edifício senador paula:-22.98092:-43.19894
Tô na Rua,topic_concert_venue,overture,-22.980945587158203,-43.197174072265625,,overture:Tô na Rua:-22.98095:-43.19717
Ae Galera E Pra Todo Mundo Descer Para O Complexo Esportivo Da Rocinha,topic_concert_venue,overture,-22.98082160949707,-43.1973876953125,,overture:Ae Galera E Pra Todo Mundo Descer Para O Complexo Esportivo Da Rocinha:-22.98082:-43.19739
Museu de Favela MUF,museum,overture,-22.981935501098633,-43.197540283203125,,overture:Museu de Favela MUF:-22.98194:-43.19754
Edifício Lux,landmark_and_historical_building,overture,-22.982040405273438,-43.195438385009766,,overture:Edifício Lux:-22.98204:-43.19544
Copanema Apartamento,landmark_and_historical_building,overture,-22.98174285888672,-43.19485092163086,,overture:Copanema Apartamento:-22.98174:-43.19485
Condomínio Souza Lima,landmark_and_historical_building,overture,-22.98232078552246,-43.19390106201172,,overture:Condomínio Souza Lima:-22.98232:-43.19390
"Rampa, Lugar de Criação",topic_concert_venue,overture,-22.981639862060547,-43.19478225708008,,"overture:Rampa, Lugar de Criação:-22.98164:-43.19478"
Edificio Boa Esperança,landmark_and_historical_building,overture,-22.981765747070312,-43.19406509399414,,overture:Edificio Boa Esperança:-22.98177:-43.19407
Rua Gustavo Sampaio,landmark_and_historical_building,overture,-22.982471466064453,-43.1922607421875,,overture:Rua Gustavo Sampaio:-22.98247:-43.19226
Condomínio do Edifício Paquequer,landmark_and_historical_building,overture,-22.98223114013672,-43.19126892089844,,overture:Condomínio do Edifício Paquequer:-22.98223:-43.19127
Esquina com Raul Pompeia,landmark_and_historical_building,overture,-22.982086181640625,-43.19226837158203,,overture:Esquina com Raul Pompeia:-22.98209:-43.19227
Copacabana,landmark_and_historical_building,overture,-22.981245040893555,-43.193233489990234,,overture:Copacabana:-22.98125:-43.19323
Leblon,landmark_and_historical_building,overture,-22.981098175048828,-43.194061279296875,,overture:Leblon:-22.98110:-43.19406
Mirante do Pavão,landmark_and_historical_building,overture,-22.979291915893555,-43.1931266784668,,overture:Mirante do Pavão:-22.97929:-43.19313
Edifício Edison,landmark_and_historical_building,overture,-22.979618072509766,-43.19126892089844,,overture:Edifício Edison:-22.97962:-43.19127
Condomínio Chateau de Marseille,landmark_and_historical_building,overture,-22.980087280273438,-43.19114685058594,,overture:Condomínio Chateau de Marseille:-22.98009:-43.19115
Edifício Estrela da Tarde,landmark_and_historical_building,overture,-22.979856491088867,-43.19047927856445,,overture:Edifício Estrela da Tarde:-22.97986:-43.19048
Apartamento 1085,landmark_and_historical_building,overture,-22.979202270507812,-43.19086837768555,,overture:Apartamento 1085:-22.97920:-43.19087
MIS Museu da Imagem e do Som,museum,overture,-22.978931427001953,-43.18943405151367,,overture:MIS Museu da Imagem e do Som:-22.97893:-43.18943
Museu da Imagem e do Som,art_museum,overture,-22.979015350341797,-43.189388275146484,,overture:Museu da Imagem e do Som:-22.97902:-43.18939
Condomínio do Edifício Achcar,landmark_and_historical_building,overture,-22.97937774658203,-43.18956756591797,,overture:Condomínio do Edifício Achcar:-22.97938:-43.18957
Condominio do Edificio Albaplena,landmark_and_historical_building,overture,-22.9794979095459,-43.190101623535156,,overture:Condominio do Edificio Albaplena:-22.97950:-43.19010
Edifício Kenya,landmark_and_historical_building,overture,-22.981273651123047,-43.191036224365234,,overture:Edifício Kenya:-22.98127:-43.19104
Bloco da Sá Ferreira,topic_concert_venue,overture,-22.98165512084961,-43.19021224975586,,overture:Bloco da Sá Ferreira:-22.98166:-43.19021
Studio Furiati,topic_concert_venue,overture,-22.982494354248047,-43.190895080566406,,overture:Studio Furiati:-22.98249:-43.19090
Condomínio do Edifício Alaska,landmark_and_historical_building,overture,-22.98253059387207,-43.190711975097656,,overture:Condomínio do Edifício Alaska:-22.98253:-43.19071
Estátua de Carlos Drummond de Andrade,monument,overture,-22.98435401916504,-43.18916702270508,,overture:Estátua de Carlos Drummond de Andrade:-22.98435:-43.18917
Edifício Justus Wallerstein,landmark_and_historical_building,overture,-22.983776092529297,-43.19020462036133,,overture:Edifício Justus Wallerstein:-22.98378:-43.19020
Edificio Colatina,landmark_and_historical_building,overture,-22.98358917236328,-43.19062805175781,,overture:Edificio Colatina:-22.98359:-43.19063
Condominio do Edificio Igrejinha,landmark_and_historical_building,overture,-22.983488082885742,-43.190589904785156,,overture:Condominio do Edificio Igrejinha:-22.98349:-43.19059
Forte De Copacabana - Jornal Extra,topic_concert_venue,overture,-22.98330307006836,-43.189552307128906,,overture:Forte De Copacabana - Jornal Extra:-22.98330:-43.18955
Edifício Francilia,landmark_and_historical_building,overture,-22.982940673828125,-43.19167709350586,,overture:Edifício Francilia:-22.98294:-43.19168
Condomínio do Edifício Piragibe,landmark_and_historical_building,overture,-22.983766555786133,-43.19476318359375,,overture:Condomínio do Edifício Piragibe:-22.98377:-43.19476
Ipanema Copa Posto 6,landmark_and_historical_building,overture,-22.98403549194336,-43.19390106201172,,overture:Ipanema Copa Posto 6:-22.98404:-43.19390
Condomínio do Edifício Rio Sol,landmark_and_historical_building,overture,-22.984277725219727,-43.19260787963867,,overture:Condomínio do Edifício Rio Sol:-22.98428:-43.19261
Condominio do Edificio Nuno Pinheiro,landmark_and_historical_building,overture,-22.98383140563965,-43.191673278808594,,overture:Condominio do Edificio Nuno Pinheiro:-22.98383:-43.19167
Edificio Satélite,landmark_and_historical_building,overture,-22.983545303344727,-43.19133377075195,,overture:Edificio Satélite:-22.98355:-43.19133
Home Sweet Home,landmark_and_historical_building,overture,-22.9852352142334,-43.194732666015625,,overture:Home Sweet Home:-22.98524:-43.19473
Edificio Mucajai,landmark_and_historical_building,overture,-22.986122131347656,-43.191009521484375,,overture:Edificio Mucajai:-22.98612:-43.19101
Telemusic,topic_concert_venue,overture,-22.986154556274414,-43.18974685668945,,overture:Telemusic:-22.98615:-43.18975
Bloco Empolga às 9,topic_concert_venue,overture,-22.984527587890625,-43.189395904541016,,overture:Bloco Empolga às 9:-22.98453:-43.18940
Condomínio do Edifício Residencial Pio XII - (Copacabana),landmark_and_historical_building,overture,-22.985246658325195,-43.18967819213867,,overture:Condomínio do Edifício Residencial Pio XII - (Copacabana):-22.98525:-43.18968
Forte de Copacabana,landmark_and_historical_building,overture,-22.986597061157227,-43.188514709472656,,overture:Forte de Copacabana:-22.98660:-43.18851
Condomínio Edifício La Reserve Arpoador,landmark_and_historical_building,overture,-22.986576080322266,-43.188987731933594,,overture:Condomínio Edifício La Reserve Arpoador:-22.98658:-43.18899
Francico Otaviano,landmark_and_historical_building,overture,-22.986614227294922,-43.189945220947266,,overture:Francico Otaviano:-22.98661:-43.18995
Edifício São Paulo,landmark_and_historical_building,overture,-22.986560821533203,-43.19099044799805,,overture:Edifício São Paulo:-22.98656:-43.19099
On The Sea Arpoador,landmark_and_historical_building,overture,-22.98727035522461,-43.190582275390625,,overture:On The Sea Arpoador:-22.98727:-43.19058
Condomínio Mar do Sul,landmark_and_historical_building,overture,-22.987197875976562,-43.190093994140625,,overture:Condomínio Mar do Sul:-22.98720:-43.19009
Condomínio do Edifício Premium Suítes,landmark_and_historical_building,overture,-22.987308502197266,-43.19068908691406,,overture:Condomínio do Edifício Premium Suítes:-22.98731:-43.19069
Museo de Bellas Artes de Rio de Janeiro,museum,overture,-22.987783432006836,-43.19388961791992,,overture:Museo de Bellas Artes de Rio de Janeiro:-22.98778:-43.19389
Condomínio do Edifício Residencial Ipanema Front Beach,landmark_and_historical_building,overture,-22.98741340637207,-43.19337844848633,,overture:Condomínio do Edifício Residencial Ipanema Front Beach:-22.98741:-43.19338
Edifício Solar da Praia,landmark_and_historical_building,overture,-22.987110137939453,-43.192420959472656,,overture:Edifício Solar da Praia:-22.98711:-43.19242
Condomínio do Edifício Residencial Einstein - (Copacabana),landmark_and_historical_building,overture,-22.98665428161621,-43.19131088256836,,overture:Condomínio do Edifício Residencial Einstein - (Copacabana):-22.98665:-43.19131
Condomínio do Edifício Joaquim Nabuco,landmark_and_historical_building,overture,-22.986587524414062,-43.194026947021484,,overture:Condomínio do Edifício Joaquim Nabuco:-22.98659:-43.19403
Condomínio do Edifício Rio Espinharas,landmark_and_historical_building,overture,-22.98635482788086,-43.19633102416992,,overture:Condomínio do Edifício Rio Espinharas:-22.98635:-43.19633
Centro Cultural Banco Do Brasil,cultural_center,overture,-22.98717498779297,-43.19620132446289,,overture:Centro Cultural Banco Do Brasil:-22.98717:-43.19620
Jazzmania,topic_concert_venue,overture,-22.986982345581055,-43.19723892211914,,overture:Jazzmania:-22.98698:-43.19724
Costa do Atlântico,landmark_and_historical_building,overture,-22.986637115478516,-43.19785690307617,,overture:Costa do Atlântico:-22.98664:-43.19786
Souto Bistrot Tropical,landmark_and_historical_building,overture,-22.986408233642578,-43.199222564697266,,overture:Souto Bistrot Tropical:-22.98641:-43.19922
Casa de Cultura Laura Alvim,cultural_center,overture,-22.9865779876709,-43.19922637939453,,overture:Casa de Cultura Laura Alvim:-22.98658:-43.19923
Condomínio do Edifício Residencial Ilha Bela,landmark_and_historical_building,overture,-22.98648452758789,-43.201133728027344,,overture:Condomínio do Edifício Residencial Ilha Bela:-22.98648:-43.20113
Coqueirão,landmark_and_historical_building,overture,-22.987085342407227,-43.20627212524414,,overture:Coqueirão:-22.98709:-43.20627
CT Rafael Rexponsa,topic_concert_venue,overture,-22.98676300048828,-43.21335220336914,,overture:CT Rafael Rexponsa:-22.98676:-43.21335
Condomínio do Edifício Juan Les Pins,landmark_and_historical_building,overture,-22.98664665222168,-43.220375061035156,,overture:Condomínio do Edifício Juan Les Pins:-22.98665:-43.22038
Tom Delfim Moreira Leblon,landmark_and_historical_building,overture,-22.986560821533203,-43.221405029296875,,overture:Tom Delfim Moreira Leblon:-22.98656:-43.22141
Cercadinho RJ,topic_concert_venue,overture,-22.990821838378906,-43.23158645629883,,overture:Cercadinho RJ:-22.99082:-43.23159
Farra Delas,topic_concert_venue,overture,-22.990821838378906,-43.23158645629883,,overture:Farra Delas:-22.99082:-43.23159
Penhasco 2 irmãos,landmark_and_historical_building,overture,-22.98866844177246,-43.231727600097656,,overture:Penhasco 2 irmãos:-22.98867:-43.23173
Mirante Sétimo Céu,landmark_and_historical_building,overture,-22.989154815673828,-43.22904968261719,,overture:Mirante Sétimo Céu:-22.98915:-43.22905
Mirante do Leblon,landmark_and_historical_building,overture,-22.989673614501953,-43.22739791870117,,overture:Mirante do Leblon:-22.98967:-43.22740
Conde de Cascais,landmark_and_historical_building,overture,-22.987314224243164,-43.2266960144043,,overture:Conde de Cascais:-22.98731:-43.22670
La Plagne,landmark_and_historical_building,overture,-22.986818313598633,-43.225440979003906,,overture:La Plagne:-22.98682:-43.22544
Brisa Leblon Mozak,landmark_and_historical_building,overture,-22.986927032470703,-43.229705810546875,,overture:Brisa Leblon Mozak:-22.98693:-43.22971
Aperana,landmark_and_historical_building,overture,-22.98797035217285,-43.229331970214844,,overture:Aperana:-22.98797:-43.22933
Mirante 4,landmark_and_historical_building,overture,-22.988224029541016,-43.231781005859375,,overture:Mirante 4:-22.98822:-43.23178
Igarapava 53,landmark_and_historical_building,overture,-22.986888885498047,-43.23111343383789,,overture:Igarapava 53:-22.98689:-43.23111
Pedra Dois Irmãos,landmark_and_historical_building,overture,-22.99000358581543,-43.23972702026367,,overture:Pedra Dois Irmãos:-22.99000:-43.23973
Nosso Samba,topic_concert_venue,overture,-22.993223190307617,-43.23848342895508,,overture:Nosso Samba:-22.99322:-43.23848
Condominio Residencial Costa Azul,landmark_and_historical_building,overture,-22.99410629272461,-43.233985900878906,,overture:Condominio Residencial Costa Azul:-22.99411:-43.23399
Casa da Dani,landmark_and_historical_building,overture,-22.995826721191406,-43.238922119140625,,overture:Casa da Dani:-22.99583:-43.23892
Passarela Do 314,landmark_and_historical_building,overture,-22.997663497924805,-43.239471435546875,,overture:Passarela Do 314:-22.99766:-43.23947
Ballroom Alto,topic_concert_venue,overture,-22.954301834106445,-43.262630462646484,,overture:Ballroom Alto:-22.95430:-43.26263
Vila do Sossego,landmark_and_historical_building,overture,-22.950185775756836,-43.26119613647461,,overture:Vila do Sossego:-22.95019:-43.26120
G.S.A - Guerreiros da Selva Airsoft,landmark_and_historical_building,overture,-22.948213577270508,-43.258670806884766,,overture:G.S.A - Guerreiros da Selva Airsoft:-22.94821:-43.25867
Edifício Mongeral XIII,landmark_and_historical_building,overture,-22.946876525878906,-43.255924224853516,,overture:Edifício Mongeral XIII:-22.94688:-43.25592
Condomínio do Edifício Jequitibá,landmark_and_historical_building,overture,-22.945846557617188,-43.2548713684082,,overture:Condomínio do Edifício Jequitibá:-22.94585:-43.25487
Condominio do Edificio Solar da Usina,landmark_and_historical_building,overture,-22.946670532226562,-43.2557258605957,,overture:Condominio do Edificio Solar da Usina:-22.94667:-43.25573
Mirante do Excelsior,landmark_and_historical_building,overture,-22.942432403564453,-43.27275085449219,,overture:Mirante do Excelsior:-22.94243:-43.27275
CondomÍNio Sheila Ii,landmark_and_historical_building,overture,-22.94147491455078,-43.24911117553711,,overture:CondomÍNio Sheila Ii:-22.94147:-43.24911
"Edificio Maracaí, Tijuca, Rio De Janeiro",landmark_and_historical_building,overture,-22.941028594970703,-43.252235412597656,,"overture:Edificio Maracaí, Tijuca, Rio De Janeiro:-22.94103:-43.25224"
Condomínio do Edifício Copa ll,landmark_and_historical_building,overture,-22.94125747680664,-43.25265884399414,,overture:Condomínio do Edifício Copa ll:-22.94126:-43.25266
Recreio dos Anciãos,landmark_and_historical_building,overture,-22.940570831298828,-43.251216888427734,,overture:Recreio dos Anciãos:-22.94057:-43.25122
Adorable Tijuca,landmark_and_historical_building,overture,-22.939529418945312,-43.249935150146484,,overture:Adorable Tijuca:-22.93953:-43.24994
Condomínio do Edifício Parque Residencial Flamboyant,landmark_and_historical_building,overture,-22.939138412475586,-43.25017547607422,,overture:Condomínio do Edifício Parque Residencial Flamboyant:-22.93914:-43.25018
Condomínio Village São Miguel,landmark_and_historical_building,overture,-22.939096450805664,-43.250816345214844,,overture:Condomínio Village São Miguel:-22.93910:-43.25082
Magnus Residence,landmark_and_historical_building,overture,-22.937217712402344,-43.24739074707031,,overture:Magnus Residence:-22.93722:-43.24739
Residencial Baviera,landmark_and_historical_building,overture,-22.933378219604492,-43.24882888793945,,overture:Residencial Baviera:-22.93338:-43.24883
Trendy E-Home,landmark_and_historical_building,overture,-22.93229103088379,-43.24739074707031,,overture:Trendy E-Home:-22.93229:-43.24739
Via Margutta Tijuca Residences,landmark_and_historical_building,overture,-22.931909561157227,-43.24913024902344,,overture:Via Margutta Tijuca Residences:-22.93191:-43.24913
Represa do Ciganos,landmark_and_historical_building,overture,-22.9283504486084,-43.299285888671875,,overture:Represa do Ciganos:-22.92835:-43.29929
Morro da Cachoeirinha,landmark_and_historical_building,overture,-22.919723510742188,-43.27777862548828,,overture:Morro da Cachoeirinha:-22.91972:-43.27778
Biologic,topic_concert_venue,overture,-22.92439079284668,-43.291221618652344,,overture:Biologic:-22.92439:-43.29122
Rio Fortaleza,landmark_and_historical_building,overture,-22.92473030090332,-43.3026237487793,,overture:Rio Fortaleza:-22.92473:-43.30262
Point do Encontro,landmark_and_historical_building,overture,-22.914287567138672,-43.2985725402832,,overture:Point do Encontro:-22.91429:-43.29857
Tancredo Martins Costa,landmark_and_historical_building,overture,-22.912872314453125,-43.30023956298828,,overture:Tancredo Martins Costa:-22.91287:-43.30024
Morro Do Familia,landmark_and_historical_building,overture,-22.906911849975586,-43.30569076538086,,overture:Morro Do Familia:-22.90691:-43.30569
Condomínio Kanapali do Méier,landmark_and_historical_building,overture,-22.90799331665039,-43.302345275878906,,overture:Condomínio Kanapali do Méier:-22.90799:-43.30235
Condomínio do Edifício Bandeirante Marcos Azevedo,landmark_and_historical_building,overture,-22.907331466674805,-43.30204772949219,,overture:Condomínio do Edifício Bandeirante Marcos Azevedo:-22.90733:-43.30205
Condomínio do Edifício Lambert,landmark_and_historical_building,overture,-22.90715980529785,-43.30098342895508,,overture:Condomínio do Edifício Lambert:-22.90716:-43.30098
Jamaica City,landmark_and_historical_building,overture,-22.908618927001953,-43.299591064453125,,overture:Jamaica City:-22.90862:-43.29959
Condominio do Edificio Betta II,landmark_and_historical_building,overture,-22.90951156616211,-43.29753494262695,,overture:Condominio do Edificio Betta II:-22.90951:-43.29753
Condomínio Vega Azul,landmark_and_historical_building,overture,-22.90936851501465,-43.29707717895508,,overture:Condomínio Vega Azul:-22.90937:-43.29708
Condominio do Edificio Casa Havana,landmark_and_historical_building,overture,-22.90714454650879,-43.29188537597656,,overture:Condominio do Edificio Casa Havana:-22.90714:-43.29189
Méier,landmark_and_historical_building,overture,-22.906984329223633,-43.291961669921875,,overture:Méier:-22.90698:-43.29196
Condominio do Edificio Domus Taurus,landmark_and_historical_building,overture,-22.907825469970703,-43.29291534423828,,overture:Condominio do Edificio Domus Taurus:-22.90783:-43.29292
Ed. Rose Blanche,landmark_and_historical_building,overture,-22.91010284423828,-43.291717529296875,,overture:Ed. Rose Blanche:-22.91010:-43.29172
Condomínio da Vila São Jorge,landmark_and_historical_building,overture,-22.911672592163086,-43.289794921875,,overture:Condomínio da Vila São Jorge:-22.91167:-43.28979
Vila Ritz,landmark_and_historical_building,overture,-22.912328720092773,-43.28579330444336,,overture:Vila Ritz:-22.91233:-43.28579
Condominio do Edificio Recanto dos Alpes Ii,landmark_and_historical_building,overture,-22.910673141479492,-43.28830337524414,,overture:Condominio do Edificio Recanto dos Alpes Ii:-22.91067:-43.28830
Residencial D'Aberville,landmark_and_historical_building,overture,-22.908550262451172,-43.28818893432617,,overture:Residencial D'Aberville:-22.90855:-43.28819
Condomínio do Edifício Palazzo Di Torino,landmark_and_historical_building,overture,-22.90863609313965,-43.29103469848633,,overture:Condomínio do Edifício Palazzo Di Torino:-22.90864:-43.29103
Condominio Leogarden,landmark_and_historical_building,overture,-22.908109664916992,-43.29071044921875,,overture:Condominio Leogarden:-22.90811:-43.29071
Condominio do Edificio Palazzo Di Parma,landmark_and_historical_building,overture,-22.90797233581543,-43.29079055786133,,overture:Condominio do Edificio Palazzo Di Parma:-22.90797:-43.29079
Teatro Glaucio Rocha,topic_concert_venue,overture,-22.907550811767578,-43.288665771484375,,overture:Teatro Glaucio Rocha:-22.90755:-43.28867
Condominio Vila São Pedro,landmark_and_historical_building,overture,-22.907684326171875,-43.28864669799805,,overture:Condominio Vila São Pedro:-22.90768:-43.28865
complexo do orelha,landmark_and_historical_building,overture,-22.90833854675293,-43.28858947753906,,overture:complexo do orelha:-22.90834:-43.28859
Condomínio Residencial Lins de Vasconcelos,landmark_and_historical_building,overture,-22.907997131347656,-43.28606414794922,,overture:Condomínio Residencial Lins de Vasconcelos:-22.90800:-43.28606
Edifício Conde de Lorena,landmark_and_historical_building,overture,-22.909748077392578,-43.287349700927734,,overture:Edifício Conde de Lorena:-22.90975:-43.28735
Condominio do Edificio Torre do Meier,landmark_and_historical_building,overture,-22.9093017578125,-43.28101348876953,,overture:Condominio do Edificio Torre do Meier:-22.90930:-43.28101
Condomínio do Edifício Presidente Médici,landmark_and_historical_building,overture,-22.90861701965332,-43.28330993652344,,overture:Condomínio do Edifício Presidente Médici:-22.90862:-43.28331
Soneto Residence,landmark_and_historical_building,overture,-22.908388137817383,-43.2837028503418,,overture:Soneto Residence:-22.90839:-43.28370
Singular Meier,landmark_and_historical_building,overture,-22.908226013183594,-43.28357696533203,,overture:Singular Meier:-22.90823:-43.28358
Condomínio Golden Class Méier,landmark_and_historical_building,overture,-22.9075927734375,-43.283714294433594,,overture:Condomínio Golden Class Méier:-22.90759:-43.28371
Condominio do Edificio Residencial Lord Cezar,landmark_and_historical_building,overture,-22.90835952758789,-43.27984619140625,,overture:Condominio do Edificio Residencial Lord Cezar:-22.90836:-43.27985
Condomínio Coronel Pralon,landmark_and_historical_building,overture,-22.907060623168945,-43.279090881347656,,overture:Condomínio Coronel Pralon:-22.90706:-43.27909
Condomínio Bosque das Hortências,landmark_and_historical_building,overture,-22.90935516357422,-43.278831481933594,,overture:Condomínio Bosque das Hortências:-22.90936:-43.27883
Condomínio Bairro Jardim Myrian,landmark_and_historical_building,overture,-22.909774780273438,-43.278099060058594,,overture:Condomínio Bairro Jardim Myrian:-22.90977:-43.27810
Jn Marcenaria/ moves planejados,landmark_and_historical_building,overture,-22.911314010620117,-43.27783203125,,overture:Jn Marcenaria/ moves planejados:-22.91131:-43.27783
Vivere Residences,landmark_and_historical_building,overture,-22.911022186279297,-43.27785873413086,,overture:Vivere Residences:-22.91102:-43.27786
Condominio Parque Real,landmark_and_historical_building,overture,-22.910459518432617,-43.28059387207031,,overture:Condominio Parque Real:-22.91046:-43.28059
Condomínio do Edifício Del Conselheiro,landmark_and_historical_building,overture,-22.9101619720459,-43.281612396240234,,overture:Condomínio do Edifício Del Conselheiro:-22.91016:-43.28161
Condominio do Conjunto Residencial Pernambuco,landmark_and_historical_building,overture,-22.912363052368164,-43.28245162963867,,overture:Condominio do Conjunto Residencial Pernambuco:-22.91236:-43.28245
Condomínio do Edifício Santos Rodrigues,landmark_and_historical_building,overture,-22.91245460510254,-43.283451080322266,,overture:Condomínio do Edifício Santos Rodrigues:-22.91245:-43.28345
Condomínio Residencial São Paulo,landmark_and_historical_building,overture,-22.91326141357422,-43.28234100341797,,overture:Condomínio Residencial São Paulo:-22.91326:-43.28234
Salão do Edy,topic_concert_venue,overture,-22.917003631591797,-43.283836364746094,,overture:Salão do Edy:-22.91700:-43.28384
Condomínio Jardim Grajaú,landmark_and_historical_building,overture,-22.917739868164062,-43.26554489135742,,overture:Condomínio Jardim Grajaú:-22.91774:-43.26554
Condomínio do Edifício San Marco,landmark_and_historical_building,overture,-22.918716430664062,-43.26487350463867,,overture:Condomínio do Edifício San Marco:-22.91872:-43.26487
Rua Groairas,landmark_and_historical_building,overture,-22.91460609436035,-43.26729202270508,,overture:Rua Groairas:-22.91461:-43.26729
condominio via rafael,landmark_and_historical_building,overture,-22.915987014770508,-43.262786865234375,,overture:condominio via rafael:-22.91599:-43.26279
Condominio do Edificio Luisa,landmark_and_historical_building,overture,-22.91353988647461,-43.26581573486328,,overture:Condominio do Edificio Luisa:-22.91354:-43.26582
Edifício Vivenda Verde,landmark_and_historical_building,overture,-22.913360595703125,-43.26820755004883,,overture:Edifício Vivenda Verde:-22.91336:-43.26821
Casa mãe,landmark_and_historical_building,overture,-22.913860321044922,-43.272090911865234,,overture:Casa mãe:-22.91386:-43.27209
L_O_V_E,landmark_and_historical_building,overture,-22.913984298706055,-43.27253341674805,,overture:L_O_V_E:-22.91398:-43.27253
Edifício Ipiranga,landmark_and_historical_building,overture,-22.91472816467285,-43.27201461791992,,overture:Edifício Ipiranga:-22.91473:-43.27201
Condomínio do Edifício Francisco Velho,landmark_and_historical_building,overture,-22.91459846496582,-43.272945404052734,,overture:Condomínio do Edifício Francisco Velho:-22.91460:-43.27295
Complexo Do LINS,landmark_and_historical_building,overture,-22.912551879882812,-43.27568054199219,,overture:Complexo Do LINS:-22.91255:-43.27568
Condominio do Edificio Petit Village,landmark_and_historical_building,overture,-22.912370681762695,-43.270809173583984,,overture:Condominio do Edificio Petit Village:-22.91237:-43.27081
Condo Residential Estácio de Sá Set,landmark_and_historical_building,overture,-22.91193962097168,-43.271575927734375,,overture:Condo Residential Estácio de Sá Set:-22.91194:-43.27158
Sítio Portal do Vale,topic_concert_venue,overture,-22.90983009338379,-43.2736701965332,,overture:Sítio Portal do Vale:-22.90983:-43.27367
Fun Pic RJ,topic_concert_venue,overture,-22.907569885253906,-43.27605438232422,,overture:Fun Pic RJ:-22.90757:-43.27605
Matupã Residencial,landmark_and_historical_building,overture,-22.907089233398438,-43.27522277832031,,overture:Matupã Residencial:-22.90709:-43.27522
Rua Maria Antonia,landmark_and_historical_building,overture,-22.907968521118164,-43.271568298339844,,overture:Rua Maria Antonia:-22.90797:-43.27157
Bairro Lins,landmark_and_historical_building,overture,-22.909671783447266,-43.27128219604492,,overture:Bairro Lins:-22.90967:-43.27128
Engenho Novo,landmark_and_historical_building,overture,-22.908029556274414,-43.26885986328125,,overture:Engenho Novo:-22.90803:-43.26886
Condominio,landmark_and_historical_building,overture,-22.91217041015625,-43.26799011230469,,overture:Condominio:-22.91217:-43.26799
Edifício Hecio Affonso Bloco 1,landmark_and_historical_building,overture,-22.912281036376953,-43.26743698120117,,overture:Edifício Hecio Affonso Bloco 1:-22.91228:-43.26744
Condomínio Ilha de Vikna,landmark_and_historical_building,overture,-22.913000106811523,-43.26793670654297,,overture:Condomínio Ilha de Vikna:-22.91300:-43.26794
FT e Cia,cultural_center,overture,-22.912860870361328,-43.263126373291016,,overture:FT e Cia:-22.91286:-43.26313
Condominio do Edificio Gondarem,landmark_and_historical_building,overture,-22.91266441345215,-43.248348236083984,,overture:Condominio do Edificio Gondarem:-22.91266:-43.24835
Condomínio do Edifício Santa Maria II,landmark_and_historical_building,overture,-22.914695739746094,-43.24742126464844,,overture:Condomínio do Edifício Santa Maria II:-22.91470:-43.24742
Centro de Cultura Social - RJ,cultural_center,overture,-22.914630889892578,-43.2504768371582,,overture:Centro de Cultura Social - RJ:-22.91463:-43.25048
Quintal do Jazz,topic_concert_venue,overture,-22.9140625,-43.250831604003906,,overture:Quintal do Jazz:-22.91406:-43.25083
condominio recanto da vila,landmark_and_historical_building,overture,-22.913339614868164,-43.250606536865234,,overture:condominio recanto da vila:-22.91334:-43.25061
Morro Pau da Bandeira,landmark_and_historical_building,overture,-22.914161682128906,-43.257781982421875,,overture:Morro Pau da Bandeira:-22.91416:-43.25778
Vila Isabel Ed.barao Da Vila,landmark_and_historical_building,overture,-22.916921615600586,-43.25770568847656,,overture:Vila Isabel Ed.barao Da Vila:-22.91692:-43.25771
Condomínio do Edifício Sheilla,landmark_and_historical_building,overture,-22.917924880981445,-43.257896423339844,,overture:Condomínio do Edifício Sheilla:-22.91792:-43.25790
Solar do Grajau',landmark_and_historical_building,overture,-22.91786003112793,-43.260982513427734,,overture:Solar do Grajau':-22.91786:-43.26098
Edifício Duas Marias,landmark_and_historical_building,overture,-22.918811798095703,-43.26045608520508,,overture:Edifício Duas Marias:-22.91881:-43.26046
Condominio do Edificio Viva Vila,landmark_and_historical_building,overture,-22.918914794921875,-43.259769439697266,,overture:Condominio do Edificio Viva Vila:-22.91891:-43.25977
Edifício Bachur,landmark_and_historical_building,overture,-22.918813705444336,-43.252769470214844,,overture:Edifício Bachur:-22.91881:-43.25277
Condomínio do edifício Madressilva,landmark_and_historical_building,overture,-22.918697357177734,-43.252227783203125,,overture:Condomínio do edifício Madressilva:-22.91870:-43.25223
Vila Trade Office,landmark_and_historical_building,overture,-22.918392181396484,-43.2507438659668,,overture:Vila Trade Office:-22.91839:-43.25074
Kasarão Kizomba,cultural_center,overture,-22.91787338256836,-43.252925872802734,,overture:Kasarão Kizomba:-22.91787:-43.25293
Edifício Martinho da Vila,landmark_and_historical_building,overture,-22.91790008544922,-43.252960205078125,,overture:Edifício Martinho da Vila:-22.91790:-43.25296
Condomínio Requinte da Vila,landmark_and_historical_building,overture,-22.91739273071289,-43.25053024291992,,overture:Condomínio Requinte da Vila:-22.91739:-43.25053
Condomínio Solar da Vila,landmark_and_historical_building,overture,-22.917911529541016,-43.24797439575195,,overture:Condomínio Solar da Vila:-22.91791:-43.24797
Edifício Aldebaran,landmark_and_historical_building,overture,-22.920433044433594,-43.253448486328125,,overture:Edifício Aldebaran:-22.92043:-43.25345
Sanduba De RUA,landmark_and_historical_building,overture,-22.920963287353516,-43.25044631958008,,overture:Sanduba De RUA:-22.92096:-43.25045
Tijolinho,landmark_and_historical_building,overture,-22.921955108642578,-43.25212097167969,,overture:Tijolinho:-22.92196:-43.25212
Poça do Ville Prime,landmark_and_historical_building,overture,-22.921043395996094,-43.247867584228516,,overture:Poça do Ville Prime:-22.92104:-43.24787
Edificio Viva Vila,landmark_and_historical_building,overture,-22.92112922668457,-43.247039794921875,,overture:Edificio Viva Vila:-22.92113:-43.24704
Condomínio Palazzo Uruguai,landmark_and_historical_building,overture,-22.92296028137207,-43.24705123901367,,overture:Condomínio Palazzo Uruguai:-22.92296:-43.24705
McDia Feliz - Loja Maxwell,topic_concert_venue,overture,-22.923078536987305,-43.248939514160156,,overture:McDia Feliz - Loja Maxwell:-22.92308:-43.24894
Ravana,landmark_and_historical_building,overture,-22.923091888427734,-43.250064849853516,,overture:Ravana:-22.92309:-43.25006
Edifício Teca Barão,landmark_and_historical_building,overture,-22.923128128051758,-43.2500114440918,,overture:Edifício Teca Barão:-22.92313:-43.25001
Vila dos Parreiras,landmark_and_historical_building,overture,-22.92401885986328,-43.246761322021484,,overture:Vila dos Parreiras:-22.92402:-43.24676
Cond. Laura Garcia,landmark_and_historical_building,overture,-22.924190521240234,-43.24970626831055,,overture:Cond. Laura Garcia:-22.92419:-43.24971
Rena Cultural,cultural_center,overture,-22.92439079284668,-43.24954605102539,,overture:Rena Cultural:-22.92439:-43.24955
Feijoada do Rena,topic_concert_venue,overture,-22.924325942993164,-43.249244689941406,,overture:Feijoada do Rena:-22.92433:-43.24924
Renascença Clube,cultural_center,overture,-22.924327850341797,-43.24929428100586,,overture:Renascença Clube:-22.92433:-43.24929
Condomínio Edifício Polar Star,landmark_and_historical_building,overture,-22.923992156982422,-43.25133514404297,,overture:Condomínio Edifício Polar Star:-22.92399:-43.25134
Condominio do Edificio Vila da Felicidade,landmark_and_historical_building,overture,-22.924898147583008,-43.250946044921875,,overture:Condominio do Edificio Vila da Felicidade:-22.92490:-43.25095
Condominio do Edificio Paula Brito,landmark_and_historical_building,overture,-22.925052642822266,-43.252113342285156,,overture:Condominio do Edificio Paula Brito:-22.92505:-43.25211
Condomínio San Remo,landmark_and_historical_building,overture,-22.924631118774414,-43.251651763916016,,overture:Condomínio San Remo:-22.92463:-43.25165
Condomínio dos Edifícios Andrômeda e Antares,landmark_and_historical_building,overture,-22.92418098449707,-43.25254440307617,,overture:Condomínio dos Edifícios Andrômeda e Antares:-22.92418:-43.25254
Condomínio Tijolinho,landmark_and_historical_building,overture,-22.92356300354004,-43.252315521240234,,overture:Condomínio Tijolinho:-22.92356:-43.25232
Condomínio Bloco C Edifício Ursa Maior,landmark_and_historical_building,overture,-22.9233341217041,-43.251853942871094,,overture:Condomínio Bloco C Edifício Ursa Maior:-22.92333:-43.25185
Cond. Solaris da Torre,landmark_and_historical_building,overture,-22.92292594909668,-43.25261688232422,,overture:Cond. Solaris da Torre:-22.92293:-43.25262
Edifício Del Verdun,landmark_and_historical_building,overture,-22.923646926879883,-43.257572174072266,,overture:Edifício Del Verdun:-22.92365:-43.25757
Espaço Amora�,topic_concert_venue,overture,-22.923755645751953,-43.255340576171875,,overture:Espaço Amora�:-22.92376:-43.25534
Sandra Werneck Buffet,topic_concert_venue,overture,-22.924488067626953,-43.25481033325195,,overture:Sandra Werneck Buffet:-22.92449:-43.25481
Museu Mac Ibirapuera- São Paulo,history_museum,overture,-22.924373626708984,-43.256221771240234,,overture:Museu Mac Ibirapuera- São Paulo:-22.92437:-43.25622
Condomínio do Edifício Parque Rômulo e Remo,landmark_and_historical_building,overture,-22.92405891418457,-43.256168365478516,,overture:Condomínio do Edifício Parque Rômulo e Remo:-22.92406:-43.25617
Condomínio do Edifício Château Fleury,landmark_and_historical_building,overture,-22.92487335205078,-43.258140563964844,,overture:Condomínio do Edifício Château Fleury:-22.92487:-43.25814
Condominio do Edificio Belmonte,landmark_and_historical_building,overture,-22.922956466674805,-43.26084899902344,,overture:Condominio do Edificio Belmonte:-22.92296:-43.26085
Samba da Alforria,topic_concert_venue,overture,-22.921598434448242,-43.26148223876953,,overture:Samba da Alforria:-22.92160:-43.26148
Condomínio do Edifício Lugano,landmark_and_historical_building,overture,-22.92116928100586,-43.255435943603516,,overture:Condomínio do Edifício Lugano:-22.92117:-43.25544
Villa Grajaú,landmark_and_historical_building,overture,-22.919559478759766,-43.25587463378906,,overture:Villa Grajaú:-22.91956:-43.25587
Cond Solar do grajaú,landmark_and_historical_building,overture,-22.919422149658203,-43.25674819946289,,overture:Cond Solar do grajaú:-22.91942:-43.25675
José Vicente,landmark_and_historical_building,overture,-22.919559478759766,-43.25729751586914,,overture:José Vicente:-22.91956:-43.25730
Conflorvegan,landmark_and_historical_building,overture,-22.919200897216797,-43.25758361816406,,overture:Conflorvegan:-22.91920:-43.25758
Condominio Do Edificio Inacar,landmark_and_historical_building,overture,-22.91937828063965,-43.25883483886719,,overture:Condominio Do Edificio Inacar:-22.91938:-43.25883
Bloco Seu Kuka,landmark_and_historical_building,overture,-22.920442581176758,-43.25975036621094,,overture:Bloco Seu Kuka:-22.92044:-43.25975
Condomínio do edifício Electra,landmark_and_historical_building,overture,-22.919292449951172,-43.26426696777344,,overture:Condomínio do edifício Electra:-22.91929:-43.26427
Alto Grajau,landmark_and_historical_building,overture,-22.919618606567383,-43.26421356201172,,overture:Alto Grajau:-22.91962:-43.26421
Bloco Perereca do Grajaú,landmark_and_historical_building,overture,-22.921968460083008,-43.26282501220703,,overture:Bloco Perereca do Grajaú:-22.92197:-43.26283
De Cara Pro Gol,topic_concert_venue,overture,-22.921770095825195,-43.2674674987793,,overture:De Cara Pro Gol:-22.92177:-43.26747
Recanto Do Grajaú,landmark_and_historical_building,overture,-22.919538497924805,-43.2691535949707,,overture:Recanto Do Grajaú:-22.91954:-43.26915
Condominio Astral Norte Ii,landmark_and_historical_building,overture,-22.919679641723633,-43.26949691772461,,overture:Condominio Astral Norte Ii:-22.91968:-43.26950
Casa Sol do Grajaú,cultural_center,overture,-22.922264099121094,-43.266876220703125,,overture:Casa Sol do Grajaú:-22.92226:-43.26688
Plana - Performance e Treinamento Esportivo,topic_concert_venue,overture,-22.92243003845215,-43.26410675048828,,overture:Plana - Performance e Treinamento Esportivo:-22.92243:-43.26411
Edifício Palazzo Di Ravena,landmark_and_historical_building,overture,-22.923450469970703,-43.26243209838867,,overture:Edifício Palazzo Di Ravena:-22.92345:-43.26243
Condominio do Edificio Principe de Galles,landmark_and_historical_building,overture,-22.926494598388672,-43.26531219482422,,overture:Condominio do Edificio Principe de Galles:-22.92649:-43.26531
"Rio Perdido (vattendrag i Brasilien, Rio de Janeiro)",landmark_and_historical_building,overture,-22.9289608001709,-43.266231536865234,,"overture:Rio Perdido (vattendrag i Brasilien, Rio de Janeiro):-22.92896:-43.26623"
Garden Park,landmark_and_historical_building,overture,-22.926841735839844,-43.25742721557617,,overture:Garden Park:-22.92684:-43.25743
Condomínio do Edifício Ferreira Pontes,landmark_and_historical_building,overture,-22.926502227783203,-43.254947662353516,,overture:Condomínio do Edifício Ferreira Pontes:-22.92650:-43.25495
Family Residences,landmark_and_historical_building,overture,-22.926475524902344,-43.25442886352539,,overture:Family Residences:-22.92648:-43.25443
Condomínio do Edifício General João Segadas Vianna,landmark_and_historical_building,overture,-22.92752456665039,-43.2558708190918,,overture:Condomínio do Edifício General João Segadas Vianna:-22.92752:-43.25587
Condomínio do Edifício Residencial Camaiore,landmark_and_historical_building,overture,-22.927074432373047,-43.25693130493164,,overture:Condomínio do Edifício Residencial Camaiore:-22.92707:-43.25693
Condominio Garden Park,landmark_and_historical_building,overture,-22.9272518157959,-43.257774353027344,,overture:Condominio Garden Park:-22.92725:-43.25777
Edifício General Ayrosa,landmark_and_historical_building,overture,-22.927860260009766,-43.25741195678711,,overture:Edifício General Ayrosa:-22.92786:-43.25741
Rio Andaraí,landmark_and_historical_building,overture,-22.928020477294922,-43.253536224365234,,overture:Rio Andaraí:-22.92802:-43.25354
Vivaz Andaraí,landmark_and_historical_building,overture,-22.92798614501953,-43.251922607421875,,overture:Vivaz Andaraí:-22.92799:-43.25192
Condomínio do Edifício Leon,landmark_and_historical_building,overture,-22.926876068115234,-43.25237274169922,,overture:Condomínio do Edifício Leon:-22.92688:-43.25237
Condominio do Edificio Fabiana,landmark_and_historical_building,overture,-22.9268798828125,-43.25367736816406,,overture:Condominio do Edificio Fabiana:-22.92688:-43.25368
Condomínio Opus Paganini,landmark_and_historical_building,overture,-22.925798416137695,-43.24735641479492,,overture:Condomínio Opus Paganini:-22.92580:-43.24736
Condomínio do Edifício Lourdes,landmark_and_historical_building,overture,-22.92640495300293,-43.247684478759766,,overture:Condomínio do Edifício Lourdes:-22.92640:-43.24768
Condo Villa Carioca,landmark_and_historical_building,overture,-22.9266300201416,-43.246788024902344,,overture:Condo Villa Carioca:-22.92663:-43.24679
Condomínio do Edifício Tijuca,landmark_and_historical_building,overture,-22.928726196289062,-43.24713897705078,,overture:Condomínio do Edifício Tijuca:-22.92873:-43.24714
Friends Residencial,landmark_and_historical_building,overture,-22.928394317626953,-43.25065994262695,,overture:Friends Residencial:-22.92839:-43.25066
Condomínio Edifício Ernesto de Souza,landmark_and_historical_building,overture,-22.9290828704834,-43.250919342041016,,overture:Condomínio Edifício Ernesto de Souza:-22.92908:-43.25092
Condomínio Conde de Bragança,landmark_and_historical_building,overture,-22.931215286254883,-43.245662689208984,,overture:Condomínio Conde de Bragança:-22.93122:-43.24566
Condomínio do Edifício Liege,landmark_and_historical_building,overture,-22.931350708007812,-43.242332458496094,,overture:Condomínio do Edifício Liege:-22.93135:-43.24233
Condomínio do Edifício Pereira de Souza,landmark_and_historical_building,overture,-22.931062698364258,-43.24260330200195,,overture:Condomínio do Edifício Pereira de Souza:-22.93106:-43.24260
Condomínio do Edifício Perugia,landmark_and_historical_building,overture,-22.929004669189453,-43.23938751220703,,overture:Condomínio do Edifício Perugia:-22.92900:-43.23939
Condomínio do Edifício Mairiporã,landmark_and_historical_building,overture,-22.928815841674805,-43.2396240234375,,overture:Condomínio do Edifício Mairiporã:-22.92882:-43.23962
Condominio Portal da Tijuca,landmark_and_historical_building,overture,-22.92888069152832,-43.2425422668457,,overture:Condominio Portal da Tijuca:-22.92888:-43.24254
Condomínio Juiz Pedro Namorado,landmark_and_historical_building,overture,-22.9294376373291,-43.243385314941406,,overture:Condomínio Juiz Pedro Namorado:-22.92944:-43.24339
Condomínio Tijuca Palace,landmark_and_historical_building,overture,-22.92827033996582,-43.24585723876953,,overture:Condomínio Tijuca Palace:-22.92827:-43.24586
Green Tijuca,landmark_and_historical_building,overture,-22.926013946533203,-43.24156188964844,,overture:Green Tijuca:-22.92601:-43.24156
Bora Bora Tijuca,landmark_and_historical_building,overture,-22.927114486694336,-43.2402229309082,,overture:Bora Bora Tijuca:-22.92711:-43.24022
Condominio do Edificio Claudia Beatriz,landmark_and_historical_building,overture,-22.928293228149414,-43.24060821533203,,overture:Condominio do Edificio Claudia Beatriz:-22.92829:-43.24061
Unique Tijuca,landmark_and_historical_building,overture,-22.927255630493164,-43.23698806762695,,overture:Unique Tijuca:-22.92726:-43.23699
Venha Conosco,cultural_center,overture,-22.92692756652832,-43.2364501953125,,overture:Venha Conosco:-22.92693:-43.23645
Centro Coreográfico,topic_concert_venue,overture,-22.927183151245117,-43.23923873901367,,overture:Centro Coreográfico:-22.92718:-43.23924
Clanm,topic_concert_venue,overture,-22.927091598510742,-43.23915100097656,,overture:Clanm:-22.92709:-43.23915
Avenida Maracanã,landmark_and_historical_building,overture,-22.927078247070312,-43.238426208496094,,overture:Avenida Maracanã:-22.92708:-43.23843
Condomínio do Edifício Saratoga Springs,landmark_and_historical_building,overture,-22.925874710083008,-43.23675537109375,,overture:Condomínio do Edifício Saratoga Springs:-22.92587:-43.23676
Condomínio do Edifício Quinta de Laet,landmark_and_historical_building,overture,-22.926692962646484,-43.236488342285156,,overture:Condomínio do Edifício Quinta de Laet:-22.92669:-43.23649
Rio Beer Rock Festival,topic_concert_venue,overture,-22.926599502563477,-43.235145568847656,,overture:Rio Beer Rock Festival:-22.92660:-43.23515
Arena Camaragibe,landmark_and_historical_building,overture,-22.926307678222656,-43.23405075073242,,overture:Arena Camaragibe:-22.92631:-43.23405
Condomínio do Edifício Roberto,landmark_and_historical_building,overture,-22.926206588745117,-43.23276901245117,,overture:Condomínio do Edifício Roberto:-22.92621:-43.23277
Edifício Essenzia,landmark_and_historical_building,overture,-22.92754554748535,-43.2335205078125,,overture:Edifício Essenzia:-22.92755:-43.23352
Condomínio do Edifício Ascot,landmark_and_historical_building,overture,-22.927234649658203,-43.23347854614258,,overture:Condomínio do Edifício Ascot:-22.92723:-43.23348
Condomínio do Edifício Regina Pacis,landmark_and_historical_building,overture,-22.928176879882812,-43.233055114746094,,overture:Condomínio do Edifício Regina Pacis:-22.92818:-43.23306
Edifício Barão de Pirassinunga,landmark_and_historical_building,overture,-22.927963256835938,-43.232322692871094,,overture:Edifício Barão de Pirassinunga:-22.92796:-43.23232
Condominio do Edificio W.S. Vieira,landmark_and_historical_building,overture,-22.928552627563477,-43.232269287109375,,overture:Condominio do Edificio W.S. Vieira:-22.92855:-43.23227
Edifício Queenstown,landmark_and_historical_building,overture,-22.92845344543457,-43.232723236083984,,overture:Edifício Queenstown:-22.92845:-43.23272
Condomínio do Edifício Alceu Amoroso Lima,landmark_and_historical_building,overture,-22.9294490814209,-43.234527587890625,,overture:Condomínio do Edifício Alceu Amoroso Lima:-22.92945:-43.23453
Solar Clovis Bevilaqua,landmark_and_historical_building,overture,-22.929040908813477,-43.23617172241211,,overture:Solar Clovis Bevilaqua:-22.92904:-43.23617
Edifício Paulo da Câmara,landmark_and_historical_building,overture,-22.93035316467285,-43.23798751831055,,overture:Edifício Paulo da Câmara:-22.93035:-43.23799
Lesboland,landmark_and_historical_building,overture,-22.93107032775879,-43.238590240478516,,overture:Lesboland:-22.93107:-43.23859
Ensina Mais,cultural_center,overture,-22.93141746520996,-43.238746643066406,,overture:Ensina Mais:-22.93142:-43.23875
Edifício Donatelo,landmark_and_historical_building,overture,-22.931074142456055,-43.23396682739258,,overture:Edifício Donatelo:-22.93107:-43.23397
Edifício Madre Teresa de Calcutá,landmark_and_historical_building,overture,-22.930662155151367,-43.23343276977539,,overture:Edifício Madre Teresa de Calcutá:-22.93066:-43.23343
Condomínio do Edifício Florença Residences,landmark_and_historical_building,overture,-22.930639266967773,-43.233123779296875,,overture:Condomínio do Edifício Florença Residences:-22.93064:-43.23312
Festas e Eventos quadra do bloco raízes da Tijuca,topic_concert_venue,overture,-22.929182052612305,-43.230003356933594,,overture:Festas e Eventos quadra do bloco raízes da Tijuca:-22.92918:-43.23000
Condomínio do Edifício Mariana,landmark_and_historical_building,overture,-22.929006576538086,-43.2317008972168,,overture:Condomínio do Edifício Mariana:-22.92901:-43.23170
Centro Cultural Calça Larga,cultural_center,overture,-22.929880142211914,-43.226585388183594,,overture:Centro Cultural Calça Larga:-22.92988:-43.22659
Start Tijuca,landmark_and_historical_building,overture,-22.925683975219727,-43.226016998291016,,overture:Start Tijuca:-22.92568:-43.22602
Tijuca,landmark_and_historical_building,overture,-22.926008224487305,-43.22654342651367,,overture:Tijuca:-22.92601:-43.22654
Condomínio do Edifício Ingres,landmark_and_historical_building,overture,-22.926830291748047,-43.228004455566406,,overture:Condomínio do Edifício Ingres:-22.92683:-43.22800
AMOR,topic_concert_venue,overture,-22.927616119384766,-43.22967529296875,,overture:AMOR:-22.92762:-43.22968
Condomínio Varandas da Tijuca,landmark_and_historical_building,overture,-22.927637100219727,-43.22905731201172,,overture:Condomínio Varandas da Tijuca:-22.92764:-43.22906
Condominio do Edificio Voltaire,landmark_and_historical_building,overture,-22.928070068359375,-43.231204986572266,,overture:Condominio do Edificio Voltaire:-22.92807:-43.23120
Banda da Saens-Peña,topic_concert_venue,overture,-22.92804718017578,-43.23141860961914,,overture:Banda da Saens-Peña:-22.92805:-43.23142
E-Museu Inclusivo Tocando em Você,modern_art_museum,overture,-22.926780700683594,-43.23027038574219,,overture:E-Museu Inclusivo Tocando em Você:-22.92678:-43.23027
Condomínio do Edifício Cap D'Antibes,landmark_and_historical_building,overture,-22.926738739013672,-43.22919845581055,,overture:Condomínio do Edifício Cap D'Antibes:-22.92674:-43.22920
Condomínio Edifício Ana Maria,landmark_and_historical_building,overture,-22.92594337463379,-43.22883605957031,,overture:Condomínio Edifício Ana Maria:-22.92594:-43.22884
Condomínio Itaigara,landmark_and_historical_building,overture,-22.925567626953125,-43.22906494140625,,overture:Condomínio Itaigara:-22.92557:-43.22906
Condominio do Edificio Solar Barbosa Pinho,landmark_and_historical_building,overture,-22.925073623657227,-43.22908020019531,,overture:Condominio do Edificio Solar Barbosa Pinho:-22.92507:-43.22908
Edifício Solar de Guapeni,landmark_and_historical_building,overture,-22.92490577697754,-43.22983932495117,,overture:Edifício Solar de Guapeni:-22.92491:-43.22984
Humanitas,cultural_center,overture,-22.924854278564453,-43.22998809814453,,overture:Humanitas:-22.92485:-43.22999
Edifício Manaus,landmark_and_historical_building,overture,-22.923851013183594,-43.22907257080078,,overture:Edifício Manaus:-22.92385:-43.22907
Tijuca Central Building,landmark_and_historical_building,overture,-22.923574447631836,-43.22915267944336,,overture:Tijuca Central Building:-22.92357:-43.22915
Rotary Club RJ Grajau,topic_concert_venue,overture,-22.922657012939453,-43.225624084472656,,overture:Rotary Club RJ Grajau:-22.92266:-43.22562
RIO Sunset,topic_concert_venue,overture,-22.923513412475586,-43.225982666015625,,overture:RIO Sunset:-22.92351:-43.22598
Condominio Nobre De Vila Real,landmark_and_historical_building,overture,-22.92435073852539,-43.226654052734375,,overture:Condominio Nobre De Vila Real:-22.92435:-43.22665
Tijuca Office Center,landmark_and_historical_building,overture,-22.92485809326172,-43.22536087036133,,overture:Tijuca Office Center:-22.92486:-43.22536
Microlins,cultural_center,overture,-22.925081253051758,-43.22526550292969,,overture:Microlins:-22.92508:-43.22527
Residencial Tijuca,landmark_and_historical_building,overture,-22.92529296875,-43.22332763671875,,overture:Residencial Tijuca:-22.92529:-43.22333
Condominio do Edificio Golden Place,landmark_and_historical_building,overture,-22.924821853637695,-43.2242317199707,,overture:Condominio do Edificio Golden Place:-22.92482:-43.22423
Condomínio do Edifício Tijuca Trade Center,landmark_and_historical_building,overture,-22.92464256286621,-43.223976135253906,,overture:Condomínio do Edifício Tijuca Trade Center:-22.92464:-43.22398
Condomínio Maison Daniselle,landmark_and_historical_building,overture,-22.92417335510254,-43.22370147705078,,overture:Condomínio Maison Daniselle:-22.92417:-43.22370
Condomínio do Edifício Solar Del Rey,landmark_and_historical_building,overture,-22.92490577697754,-43.22169876098633,,overture:Condomínio do Edifício Solar Del Rey:-22.92491:-43.22170
Condomínio Maria da Glória,landmark_and_historical_building,overture,-22.925209045410156,-43.21910095214844,,overture:Condomínio Maria da Glória:-22.92521:-43.21910
Edifício Alessandra,landmark_and_historical_building,overture,-22.923791885375977,-43.218971252441406,,overture:Edifício Alessandra:-22.92379:-43.21897
Residencial Dom Park,landmark_and_historical_building,overture,-22.922710418701172,-43.21934127807617,,overture:Residencial Dom Park:-22.92271:-43.21934
Casa de Arte e Cultura Luiz Januário,cultural_center,overture,-22.92275047302246,-43.2202262878418,,overture:Casa de Arte e Cultura Luiz Januário:-22.92275:-43.22023
Tijuca,landmark_and_historical_building,overture,-22.923582077026367,-43.220909118652344,,overture:Tijuca:-22.92358:-43.22091
Rua Aguiar,landmark_and_historical_building,overture,-22.923728942871094,-43.22101974487305,,overture:Rua Aguiar:-22.92373:-43.22102
Condominio do Edificio Shangri-la,landmark_and_historical_building,overture,-22.922943115234375,-43.22291564941406,,overture:Condominio do Edificio Shangri-la:-22.92294:-43.22292
Círculo de Brigantia,topic_concert_venue,overture,-22.921592712402344,-43.22419357299805,,overture:Círculo de Brigantia:-22.92159:-43.22419
Liga Libanesa do Brasil,cultural_center,overture,-22.920827865600586,-43.22114944458008,,overture:Liga Libanesa do Brasil:-22.92083:-43.22115
Casa dos Açores,cultural_center,overture,-22.92093276977539,-43.22099304199219,,overture:Casa dos Açores:-22.92093:-43.22099
Casa de Tras Os Montes e Alto Douro,topic_concert_venue,overture,-22.921192169189453,-43.22093963623047,,overture:Casa de Tras Os Montes e Alto Douro:-22.92119:-43.22094
Nó da Dança,topic_concert_venue,overture,-22.92095184326172,-43.21751022338867,,overture:Nó da Dança:-22.92095:-43.21751
Centro Empresarial Leonardo da Vinci,landmark_and_historical_building,overture,-22.920822143554688,-43.21820068359375,,overture:Centro Empresarial Leonardo da Vinci:-22.92082:-43.21820
Condominio do Edificio Pedroso Lima,landmark_and_historical_building,overture,-22.921419143676758,-43.21940994262695,,overture:Condominio do Edificio Pedroso Lima:-22.92142:-43.21941
Studios 111,landmark_and_historical_building,overture,-22.919240951538086,-43.22382736206055,,overture:Studios 111:-22.91924:-43.22383
Condominio do Edificio Hadimarc Primus,landmark_and_historical_building,overture,-22.919580459594727,-43.22507858276367,,overture:Condominio do Edificio Hadimarc Primus:-22.91958:-43.22508
Pedra da Babilônia,landmark_and_historical_building,overture,-22.919166564941406,-43.228057861328125,,overture:Pedra da Babilônia:-22.91917:-43.22806
Vila das Pitangas Casa de Festas,topic_concert_venue,overture,-22.919639587402344,-43.22640609741211,,overture:Vila das Pitangas Casa de Festas:-22.91964:-43.22641
Marquês de valença,landmark_and_historical_building,overture,-22.921175003051758,-43.225738525390625,,overture:Marquês de valença:-22.92118:-43.22574
Condominio do Edificio Golden Tijuca,landmark_and_historical_building,overture,-22.92186164855957,-43.22589874267578,,overture:Condominio do Edificio Golden Tijuca:-22.92186:-43.22590
One Tijuca Residencial,landmark_and_historical_building,overture,-22.92183494567871,-43.2255973815918,,overture:One Tijuca Residencial:-22.92183:-43.22560
Nova Acrópole Filial Tijuca,cultural_center,overture,-22.92169189453125,-43.226688385009766,,overture:Nova Acrópole Filial Tijuca:-22.92169:-43.22669
Condominio do Edificio Stilo Residence,landmark_and_historical_building,overture,-22.919370651245117,-43.232669830322266,,overture:Condominio do Edificio Stilo Residence:-22.91937:-43.23267
Condomínio Residencial Bella Tijuca,landmark_and_historical_building,overture,-22.919878005981445,-43.232269287109375,,overture:Condomínio Residencial Bella Tijuca:-22.91988:-43.23227
Condomínio do Edifício Jamaica,landmark_and_historical_building,overture,-22.919992446899414,-43.233909606933594,,overture:Condomínio do Edifício Jamaica:-22.91999:-43.23391
Condomínio do Edifício Principado de Luxemburgo,landmark_and_historical_building,overture,-22.91978645324707,-43.23714828491211,,overture:Condomínio do Edifício Principado de Luxemburgo:-22.91979:-43.23715
Condominio do Edificio Principado de Liechtenstein,landmark_and_historical_building,overture,-22.9195499420166,-43.237213134765625,,overture:Condominio do Edificio Principado de Liechtenstein:-22.91955:-43.23721
Condomínio NorWan e hotel,landmark_and_historical_building,overture,-22.920774459838867,-43.23630142211914,,overture:Condomínio NorWan e hotel:-22.92077:-43.23630
Condomínio Rosas e Tulipas,landmark_and_historical_building,overture,-22.921403884887695,-43.23707580566406,,overture:Condomínio Rosas e Tulipas:-22.92140:-43.23708
Edificio Samurai,landmark_and_historical_building,overture,-22.921247482299805,-43.238059997558594,,overture:Edificio Samurai:-22.92125:-43.23806
Condomínio do Edifício Clark Gable,landmark_and_historical_building,overture,-22.922170639038086,-43.234527587890625,,overture:Condomínio do Edifício Clark Gable:-22.92217:-43.23453
Corporate Tijuca,landmark_and_historical_building,overture,-22.921607971191406,-43.23469543457031,,overture:Corporate Tijuca:-22.92161:-43.23470
Praca Luiz La Saigne,landmark_and_historical_building,overture,-22.921268463134766,-43.23530197143555,,overture:Praca Luiz La Saigne:-22.92127:-43.23530
Residencial Tijuca,landmark_and_historical_building,overture,-22.922943115234375,-43.23515319824219,,overture:Residencial Tijuca:-22.92294:-43.23515
Condomínio do Edifício Fernando Medeiros,landmark_and_historical_building,overture,-22.92447853088379,-43.233375549316406,,overture:Condomínio do Edifício Fernando Medeiros:-22.92448:-43.23338
Gellegöç Tarihi Mekan,landmark_and_historical_building,overture,-22.924562454223633,-43.23196029663086,,overture:Gellegöç Tarihi Mekan:-22.92456:-43.23196
Banda Foliões da Saenz Peña,topic_concert_venue,overture,-22.925113677978516,-43.23214340209961,,overture:Banda Foliões da Saenz Peña:-22.92511:-43.23214
Museu Marechal Zenóbio da Costa,museum,overture,-22.924285888671875,-43.23784637451172,,overture:Museu Marechal Zenóbio da Costa:-22.92429:-43.23785
Condomínio Santa Marina,landmark_and_historical_building,overture,-22.92340850830078,-43.23653030395508,,overture:Condomínio Santa Marina:-22.92341:-43.23653
Condominio do Edificio Samuel Morse Graham Bell,landmark_and_historical_building,overture,-22.923166275024414,-43.235633850097656,,overture:Condominio do Edificio Samuel Morse Graham Bell:-22.92317:-43.23563
Antonio Salema,landmark_and_historical_building,overture,-22.92294692993164,-43.24062728881836,,overture:Antonio Salema:-22.92295:-43.24063
Sesc Tijuca,cultural_center,overture,-22.924320220947266,-43.24148941040039,,overture:Sesc Tijuca:-22.92432:-43.24149
Condomínio do Edifício Águia,landmark_and_historical_building,overture,-22.923858642578125,-43.24215316772461,,overture:Condomínio do Edifício Águia:-22.92386:-43.24215
Alcóolicos Anônimos,landmark_and_historical_building,overture,-22.92462730407715,-43.243473052978516,,overture:Alcóolicos Anônimos:-22.92463:-43.24347
Condominio do Edificio Jamile Matriz 1,landmark_and_historical_building,overture,-22.921937942504883,-43.245216369628906,,overture:Condominio do Edificio Jamile Matriz 1:-22.92194:-43.24522
Edifício Cintia,landmark_and_historical_building,overture,-22.92162322998047,-43.24612045288086,,overture:Edifício Cintia:-22.92162:-43.24612
Quadra do Salgueiro,topic_concert_venue,overture,-22.921428680419922,-43.2442512512207,,overture:Quadra do Salgueiro:-22.92143:-43.24425
Salgueiro Histórico,topic_concert_venue,overture,-22.92198371887207,-43.24409866333008,,overture:Salgueiro Histórico:-22.92198:-43.24410
Condomínio Tijuca Premium,landmark_and_historical_building,overture,-22.92167091369629,-43.24123001098633,,overture:Condomínio Tijuca Premium:-22.92167:-43.24123
Edifício Julia,landmark_and_historical_building,overture,-22.922170639038086,-43.240150451660156,,overture:Edifício Julia:-22.92217:-43.24015
Condominio do Edificio Eldorado dos Carajas,landmark_and_historical_building,overture,-22.920063018798828,-43.24048614501953,,overture:Condominio do Edificio Eldorado dos Carajas:-22.92006:-43.24049
Vila Rosa Residencias,landmark_and_historical_building,overture,-22.916494369506836,-43.24394226074219,,overture:Vila Rosa Residencias:-22.91649:-43.24394
Solar da Vila,landmark_and_historical_building,overture,-22.917207717895508,-43.244163513183594,,overture:Solar da Vila:-22.91721:-43.24416
Condominio do Edificio Quinta Girassois,landmark_and_historical_building,overture,-22.91671371459961,-43.239479064941406,,overture:Condominio do Edificio Quinta Girassois:-22.91671:-43.23948
Pai Kumbyalle,cultural_center,overture,-22.918880462646484,-43.235740661621094,,overture:Pai Kumbyalle:-22.91888:-43.23574
Centro de Cultura Italiana,cultural_center,overture,-22.91730499267578,-43.23524475097656,,overture:Centro de Cultura Italiana:-22.91730:-43.23524
Espaço Dançando a Vida,topic_concert_venue,overture,-22.91707992553711,-43.233158111572266,,overture:Espaço Dançando a Vida:-22.91708:-43.23316
Condo Tijuca Solar Building,landmark_and_historical_building,overture,-22.916791915893555,-43.23441696166992,,overture:Condo Tijuca Solar Building:-22.91679:-43.23442
Condomínio do Edifício Parque das Mansões,landmark_and_historical_building,overture,-22.916288375854492,-43.23551559448242,,overture:Condomínio do Edifício Parque das Mansões:-22.91629:-43.23552
Condomínio do Edifício Orion,landmark_and_historical_building,overture,-22.916170120239258,-43.23706817626953,,overture:Condomínio do Edifício Orion:-22.91617:-43.23707
Edifício Shoshana,landmark_and_historical_building,overture,-22.915576934814453,-43.23207473754883,,overture:Edifício Shoshana:-22.91558:-43.23207
Tijuca,landmark_and_historical_building,overture,-22.914264678955078,-43.23454284667969,,overture:Tijuca:-22.91426:-43.23454
Estátua de Noel Rosa,monument,overture,-22.91355323791504,-43.23522186279297,,overture:Estátua de Noel Rosa:-22.91355:-43.23522
GRES Unidos de Vila Isabel,topic_concert_venue,overture,-22.91373062133789,-43.236568450927734,,overture:GRES Unidos de Vila Isabel:-22.91373:-43.23657
Highline Exclusive Residences,landmark_and_historical_building,overture,-22.914264678955078,-43.23891067504883,,overture:Highline Exclusive Residences:-22.91426:-43.23891
Condominio do Edificio Olimpico,landmark_and_historical_building,overture,-22.91364288330078,-43.237552642822266,,overture:Condominio do Edificio Olimpico:-22.91364:-43.23755
Primavera Residencial,landmark_and_historical_building,overture,-22.914133071899414,-43.24259948730469,,overture:Primavera Residencial:-22.91413:-43.24260
Condomínio Vila Belmonte,landmark_and_historical_building,overture,-22.915800094604492,-43.24064636230469,,overture:Condomínio Vila Belmonte:-22.91580:-43.24065
Vila Carioca,landmark_and_historical_building,overture,-22.91535186767578,-43.24289321899414,,overture:Vila Carioca:-22.91535:-43.24289
Edifício Dr. Demócrito Linhares,landmark_and_historical_building,overture,-22.915098190307617,-43.24354553222656,,overture:Edifício Dr. Demócrito Linhares:-22.91510:-43.24355
Proj Vilaisabel,landmark_and_historical_building,overture,-22.914880752563477,-43.246150970458984,,overture:Proj Vilaisabel:-22.91488:-43.24615
Condominio Salathiel Dos Santos Filho,landmark_and_historical_building,overture,-22.91425132751465,-43.24372482299805,,overture:Condominio Salathiel Dos Santos Filho:-22.91425:-43.24372
Condominio do Edificio Vila Verde,landmark_and_historical_building,overture,-22.913040161132812,-43.24311447143555,,overture:Condominio do Edificio Vila Verde:-22.91304:-43.24311
Edifício Sousa Franco,landmark_and_historical_building,overture,-22.913223266601562,-43.24654006958008,,overture:Edifício Sousa Franco:-22.91322:-43.24654
Condomínio HB Vila Isabel.RJ,landmark_and_historical_building,overture,-22.91206932067871,-43.24430847167969,,overture:Condomínio HB Vila Isabel.RJ:-22.91207:-43.24431
Torre Da Vivo Vila Isabel,landmark_and_historical_building,overture,-22.91250228881836,-43.239723205566406,,overture:Torre Da Vivo Vila Isabel:-22.91250:-43.23972
Edifício Capemi Gemini,landmark_and_historical_building,overture,-22.91212272644043,-43.23974609375,,overture:Edifício Capemi Gemini:-22.91212:-43.23975
Motim,cultural_center,overture,-22.91144561767578,-43.24213409423828,,overture:Motim:-22.91145:-43.24213
Condominio do Edificio Marcus Matriz 1,landmark_and_historical_building,overture,-22.911212921142578,-43.24276351928711,,overture:Condominio do Edificio Marcus Matriz 1:-22.91121:-43.24276
Gift Residences,landmark_and_historical_building,overture,-22.91071319580078,-43.241695404052734,,overture:Gift Residences:-22.91071:-43.24170
Condominio do Edificio Guirlanda,landmark_and_historical_building,overture,-22.911178588867188,-43.24033737182617,,overture:Condominio do Edificio Guirlanda:-22.91118:-43.24034
Condominio do Edificio Londres,landmark_and_historical_building,overture,-22.910043716430664,-43.240943908691406,,overture:Condominio do Edificio Londres:-22.91004:-43.24094
Pombal Vila Isabel,landmark_and_historical_building,overture,-22.910160064697266,-43.24478530883789,,overture:Pombal Vila Isabel:-22.91016:-43.24479
Condominio Pedro II,landmark_and_historical_building,overture,-22.910228729248047,-43.24473190307617,,overture:Condominio Pedro II:-22.91023:-43.24473
Condomínio Solar das Orquídeas,landmark_and_historical_building,overture,-22.911365509033203,-43.24319839477539,,overture:Condomínio Solar das Orquídeas:-22.91137:-43.24320
Salão de Festa Mangueira 1,landmark_and_historical_building,overture,-22.90806007385254,-43.23441696166992,,overture:Salão de Festa Mangueira 1:-22.90806:-43.23442
Oriente-se,landmark_and_historical_building,overture,-22.908655166625977,-43.23434066772461,,overture:Oriente-se:-22.90866:-43.23434
Condomínio Residencial Mangueira I,landmark_and_historical_building,overture,-22.908584594726562,-43.23430252075195,,overture:Condomínio Residencial Mangueira I:-22.90858:-43.23430
Arte Cultura e Poder,cultural_center,overture,-22.911256790161133,-43.23640060424805,,overture:Arte Cultura e Poder:-22.91126:-43.23640
Decult UERJ,cultural_center,overture,-22.91145133972168,-43.236328125,,overture:Decult UERJ:-22.91145:-43.23633
Projeto Vozes e Cores,topic_concert_venue,overture,-22.91168975830078,-43.23639678955078,,overture:Projeto Vozes e Cores:-22.91169:-43.23640
Vila São Jorge,landmark_and_historical_building,overture,-22.91286849975586,-43.23908996582031,,overture:Vila São Jorge:-22.91287:-43.23909
Museu do Exercito,museum,overture,-22.912229537963867,-43.2335205078125,,overture:Museu do Exercito:-22.91223:-43.23352
Jogo das Estrelas,topic_concert_venue,overture,-22.911941528320312,-43.23020553588867,,overture:Jogo das Estrelas:-22.91194:-43.23021
Aldeia Maracanã,art_museum,overture,-22.911029815673828,-43.22772979736328,,overture:Aldeia Maracanã:-22.91103:-43.22773
Museu do Futebol,museum,overture,-22.91014862060547,-43.23030471801758,,overture:Museu do Futebol:-22.91015:-43.23030
Pop Ciencia,topic_concert_venue,overture,-22.908117294311523,-43.230892181396484,,overture:Pop Ciencia:-22.90812:-43.23089
Ictiologia Museu Nacional,museum,overture,-22.907922744750977,-43.22489929199219,,overture:Ictiologia Museu Nacional:-22.90792:-43.22490
Biblioteca do Museu Nacional da UFRJ,museum,overture,-22.908361434936523,-43.22606658935547,,overture:Biblioteca do Museu Nacional da UFRJ:-22.90836:-43.22607
Feira de São Cristóvão,cultural_center,overture,-22.90729331970215,-43.22304153442383,,overture:Feira de São Cristóvão:-22.90729:-43.22304
Rua Pedro Guedes são cristovao,landmark_and_historical_building,overture,-22.911266326904297,-43.21955108642578,,overture:Rua Pedro Guedes são cristovao:-22.91127:-43.21955
Espaço Cultural Laguna,cultural_center,overture,-22.911178588867188,-43.223148345947266,,overture:Espaço Cultural Laguna:-22.91118:-43.22315
Edifício Jiquiba,landmark_and_historical_building,overture,-22.910934448242188,-43.22114181518555,,overture:Edifício Jiquiba:-22.91093:-43.22114
Palacete Laguna,landmark_and_historical_building,overture,-22.91157341003418,-43.222938537597656,,overture:Palacete Laguna:-22.91157:-43.22294
Condomínio do Edifício Recanto Tijuca,landmark_and_historical_building,overture,-22.911901473999023,-43.21863555908203,,overture:Condomínio do Edifício Recanto Tijuca:-22.91190:-43.21864
Edifício Solar de Belém,landmark_and_historical_building,overture,-22.91172218322754,-43.217918395996094,,overture:Edifício Solar de Belém:-22.91172:-43.21792
Type Tijuca,landmark_and_historical_building,overture,-22.912216186523438,-43.21792221069336,,overture:Type Tijuca:-22.91222:-43.21792
Rio De Janeiro Tijuca,landmark_and_historical_building,overture,-22.912982940673828,-43.21750259399414,,overture:Rio De Janeiro Tijuca:-22.91298:-43.21750
Espaço de Inclusão ISERJ,topic_concert_venue,overture,-22.913450241088867,-43.217403411865234,,overture:Espaço de Inclusão ISERJ:-22.91345:-43.21740
Condomínio do Edifício Del Mariz,landmark_and_historical_building,overture,-22.914447784423828,-43.21958923339844,,overture:Condomínio do Edifício Del Mariz:-22.91445:-43.21959
Condominio Edificio Jornalista Pardal Mallet,landmark_and_historical_building,overture,-22.915529251098633,-43.219146728515625,,overture:Condominio Edificio Jornalista Pardal Mallet:-22.91553:-43.21915
TACONEO Casa de Flamenco & Outras Artes,cultural_center,overture,-22.915205001831055,-43.22013473510742,,overture:TACONEO Casa de Flamenco & Outras Artes:-22.91521:-43.22013
Atmosfera Condominium Park,landmark_and_historical_building,overture,-22.914648056030273,-43.22023010253906,,overture:Atmosfera Condominium Park:-22.91465:-43.22023
Hydra Clube de Morar,landmark_and_historical_building,overture,-22.915618896484375,-43.22289276123047,,overture:Hydra Clube de Morar:-22.91562:-43.22289
Edifício Solar Lúcio de Mendonça,landmark_and_historical_building,overture,-22.915790557861328,-43.22391128540039,,overture:Edifício Solar Lúcio de Mendonça:-22.91579:-43.22391
Condominio do Edificio Conde La Paix,landmark_and_historical_building,overture,-22.91565704345703,-43.22429275512695,,overture:Condominio do Edificio Conde La Paix:-22.91566:-43.22429
Condomínio Tijuca Park,landmark_and_historical_building,overture,-22.913169860839844,-43.22190856933594,,overture:Condomínio Tijuca Park:-22.91317:-43.22191
Edifício Gold River,landmark_and_historical_building,overture,-22.914066314697266,-43.224727630615234,,overture:Edifício Gold River:-22.91407:-43.22473
Estátua do Bellini,monument,overture,-22.91346549987793,-43.227783203125,,overture:Estátua do Bellini:-22.91347:-43.22778
Condomínio Terrazzo Tijuca,landmark_and_historical_building,overture,-22.91509437561035,-43.229278564453125,,overture:Condomínio Terrazzo Tijuca:-22.91509:-43.22928
Flahaxco,topic_concert_venue,overture,-22.91609001159668,-43.22840118408203,,overture:Flahaxco:-22.91609:-43.22840
Fabux's House,landmark_and_historical_building,overture,-22.916006088256836,-43.227378845214844,,overture:Fabux's House:-22.91601:-43.22738
Condominio do Edificio Nina de Almeida,landmark_and_historical_building,overture,-22.915409088134766,-43.2277946472168,,overture:Condominio do Edificio Nina de Almeida:-22.91541:-43.22779
Condominio do Edificio Move Tijuca,landmark_and_historical_building,overture,-22.917402267456055,-43.22478103637695,,overture:Condominio do Edificio Move Tijuca:-22.91740:-43.22478
Vila Nini,landmark_and_historical_building,overture,-22.91759490966797,-43.22490310668945,,overture:Vila Nini:-22.91759:-43.22490
Residência de Oliveira Argentino,landmark_and_historical_building,overture,-22.916179656982422,-43.227386474609375,,overture:Residência de Oliveira Argentino:-22.91618:-43.22739
Condomínio do Edifício Cecília,landmark_and_historical_building,overture,-22.91620445251465,-43.22727584838867,,overture:Condomínio do Edifício Cecília:-22.91620:-43.22728
Prédio,landmark_and_historical_building,overture,-22.9167537689209,-43.229103088378906,,overture:Prédio:-22.91675:-43.22910
Residência,landmark_and_historical_building,overture,-22.916461944580078,-43.229190826416016,,overture:Residência:-22.91646:-43.22919
Condomínio do Edifício Palazzo Itamarati,landmark_and_historical_building,overture,-22.916194915771484,-43.23125076293945,,overture:Condomínio do Edifício Palazzo Itamarati:-22.91619:-43.23125
Espaço do Conhecimento Jayme Leite,topic_concert_venue,overture,-22.917192459106445,-43.23173904418945,,overture:Espaço do Conhecimento Jayme Leite:-22.91719:-43.23174
Condomínio Mont Clair e Mont Serrat,landmark_and_historical_building,overture,-22.918134689331055,-43.23154830932617,,overture:Condomínio Mont Clair e Mont Serrat:-22.91813:-43.23155
Rua Dulce,landmark_and_historical_building,overture,-22.91847801208496,-43.22639846801758,,overture:Rua Dulce:-22.91848:-43.22640
Novo Som,topic_concert_venue,overture,-22.917810440063477,-43.227500915527344,,overture:Novo Som:-22.91781:-43.22750
Condominio do Edificio Monde Ville,landmark_and_historical_building,overture,-22.918678283691406,-43.225318908691406,,overture:Condominio do Edificio Monde Ville:-22.91868:-43.22532
Edifício Residencial San Francisco,landmark_and_historical_building,overture,-22.918682098388672,-43.22380447387695,,overture:Edifício Residencial San Francisco:-22.91868:-43.22380
Toca Eventos,topic_concert_venue,overture,-22.917299270629883,-43.2236213684082,,overture:Toca Eventos:-22.91730:-43.22362
Edificio Zattar,landmark_and_historical_building,overture,-22.916812896728516,-43.221683502197266,,overture:Edificio Zattar:-22.91681:-43.22168
Focus Tijuca,landmark_and_historical_building,overture,-22.91657066345215,-43.22100830078125,,overture:Focus Tijuca:-22.91657:-43.22101
Condado de Palmares,landmark_and_historical_building,overture,-22.917234420776367,-43.22087860107422,,overture:Condado de Palmares:-22.91723:-43.22088
Condomínio Quartier Montreal,landmark_and_historical_building,overture,-22.9169979095459,-43.21736145019531,,overture:Condomínio Quartier Montreal:-22.91700:-43.21736
Tijuca,landmark_and_historical_building,overture,-22.917173385620117,-43.21722412109375,,overture:Tijuca:-22.91717:-43.21722
Edifício Jomar,landmark_and_historical_building,overture,-22.917428970336914,-43.218353271484375,,overture:Edifício Jomar:-22.91743:-43.21835
Manoel Leitao,landmark_and_historical_building,overture,-22.918943405151367,-43.215396881103516,,overture:Manoel Leitao:-22.91894:-43.21540
Parque Residencial Tijuca,landmark_and_historical_building,overture,-22.917837142944336,-43.216121673583984,,overture:Parque Residencial Tijuca:-22.91784:-43.21612
Condominio do Edificio Presidente Castelo Branco,landmark_and_historical_building,overture,-22.916105270385742,-43.21271896362305,,overture:Condominio do Edificio Presidente Castelo Branco:-22.91611:-43.21272
Guerreirinhos Flu Tijuca,topic_concert_venue,overture,-22.91702651977539,-43.210670471191406,,overture:Guerreirinhos Flu Tijuca:-22.91703:-43.21067
Condomínio Coroado,landmark_and_historical_building,overture,-22.917306900024414,-43.21063232421875,,overture:Condomínio Coroado:-22.91731:-43.21063
Sala Histórica do HCA,history_museum,overture,-22.918197631835938,-43.212181091308594,,overture:Sala Histórica do HCA:-22.91820:-43.21218
Condomínio Jean Marc I,landmark_and_historical_building,overture,-22.918901443481445,-43.210289001464844,,overture:Condomínio Jean Marc I:-22.91890:-43.21029
Mansão Alto Estácio,topic_concert_venue,overture,-22.917800903320312,-43.20784378051758,,overture:Mansão Alto Estácio:-22.91780:-43.20784
Condomínio do Edifício Mirante da Tijuca,landmark_and_historical_building,overture,-22.917572021484375,-43.20724868774414,,overture:Condomínio do Edifício Mirante da Tijuca:-22.91757:-43.20725
Condomínio Grandes Lagos,landmark_and_historical_building,overture,-22.917022705078125,-43.208316802978516,,overture:Condomínio Grandes Lagos:-22.91702:-43.20832
Centro Cultural Vovo Carlotinha Ccvocar,cultural_center,overture,-22.916603088378906,-43.207786560058594,,overture:Centro Cultural Vovo Carlotinha Ccvocar:-22.91660:-43.20779
Condomínio do Edifício Estrela Formosa,landmark_and_historical_building,overture,-22.91607666015625,-43.208831787109375,,overture:Condomínio do Edifício Estrela Formosa:-22.91608:-43.20883
Hadock Lobo esquina com Matoso,landmark_and_historical_building,overture,-22.915613174438477,-43.208396911621094,,overture:Hadock Lobo esquina com Matoso:-22.91561:-43.20840
Condomínio Esperanto,landmark_and_historical_building,overture,-22.9156436920166,-43.20804214477539,,overture:Condomínio Esperanto:-22.91564:-43.20804
Praça Compositor Ismael Silva,landmark_and_historical_building,overture,-22.913087844848633,-43.20256423950195,,overture:Praça Compositor Ismael Silva:-22.91309:-43.20256
Rio Sampa,topic_concert_venue,overture,-22.914234161376953,-43.20646667480469,,overture:Rio Sampa:-22.91423:-43.20647
Manège Lordello,topic_concert_venue,overture,-22.91312599182129,-43.20966720581055,,overture:Manège Lordello:-22.91313:-43.20967
Condomínio Palazzo da Tijuca,landmark_and_historical_building,overture,-22.914453506469727,-43.21171951293945,,overture:Condomínio Palazzo da Tijuca:-22.91445:-43.21172
Viaduto Paulo De Frontin,landmark_and_historical_building,overture,-22.915630340576172,-43.2100830078125,,overture:Viaduto Paulo De Frontin:-22.91563:-43.21008
Condominio Residencial Santa Amelia,landmark_and_historical_building,overture,-22.91502571105957,-43.21192169189453,,overture:Condominio Residencial Santa Amelia:-22.91503:-43.21192
Condomínio do Edifício Nova Tijuca,landmark_and_historical_building,overture,-22.91180419921875,-43.2169075012207,,overture:Condomínio do Edifício Nova Tijuca:-22.91180:-43.21691
Monumento Das Tintas,monument,overture,-22.9121036529541,-43.21338653564453,,overture:Monumento Das Tintas:-22.91210:-43.21339
Condominio do Edificio Dom Mauricio,landmark_and_historical_building,overture,-22.912410736083984,-43.21506881713867,,overture:Condominio do Edificio Dom Mauricio:-22.91241:-43.21507
Condominio do Edificio Estacio de Sa,landmark_and_historical_building,overture,-22.912439346313477,-43.21036911010742,,overture:Condominio do Edificio Estacio de Sa:-22.91244:-43.21037
Condominio do Edificio Salvador de S A,landmark_and_historical_building,overture,-22.91202735900879,-43.21106719970703,,overture:Condominio do Edificio Salvador de S A:-22.91203:-43.21107
Condomínio Men de Sá,landmark_and_historical_building,overture,-22.91183853149414,-43.21002960205078,,overture:Condomínio Men de Sá:-22.91184:-43.21003
Universibrownie,topic_concert_venue,overture,-22.911300659179688,-43.21278381347656,,overture:Universibrownie:-22.91130:-43.21278
Condominio do Edificio Martin Correa,landmark_and_historical_building,overture,-22.911317825317383,-43.21079635620117,,overture:Condominio do Edificio Martin Correa:-22.91132:-43.21080
Edifício Tome de Souza,landmark_and_historical_building,overture,-22.91131019592285,-43.210514068603516,,overture:Edifício Tome de Souza:-22.91131:-43.21051
Praça da Bandeira,landmark_and_historical_building,overture,-22.911245346069336,-43.214595794677734,,overture:Praça da Bandeira:-22.91125:-43.21460
Back2Black,topic_concert_venue,overture,-22.907785415649414,-43.21044921875,,overture:Back2Black:-22.90779:-43.21045
Arquivo Geral da Cidade RJ,museum,overture,-22.909242630004883,-43.2047119140625,,overture:Arquivo Geral da Cidade RJ:-22.90924:-43.20471
Condomínio Duprat,landmark_and_historical_building,overture,-22.910829544067383,-43.203914642333984,,overture:Condomínio Duprat:-22.91083:-43.20391
Edifício Piranhão,landmark_and_historical_building,overture,-22.9111385345459,-43.205665588378906,,overture:Edifício Piranhão:-22.91114:-43.20567
Live Tim,topic_concert_venue,overture,-22.91010284423828,-43.20473861694336,,overture:Live Tim:-22.91010:-43.20474
Restinga de Maricá,landmark_and_historical_building,overture,-22.9127197265625,-43.20646286010742,,overture:Restinga de Maricá:-22.91272:-43.20646
Acervo Cultural e Histórico do GRES Estácio de Sá,cultural_center,overture,-22.912750244140625,-43.201873779296875,,overture:Acervo Cultural e Histórico do GRES Estácio de Sá:-22.91275:-43.20187
GRES Estácio de Sá,topic_concert_venue,overture,-22.912607192993164,-43.2017707824707,,overture:GRES Estácio de Sá:-22.91261:-43.20177
Sambódromo Setor 10-11-12-13,landmark_and_historical_building,overture,-22.91203498840332,-43.19681167602539,,overture:Sambódromo Setor 10-11-12-13:-22.91203:-43.19681
BOHO a Festa,topic_concert_venue,overture,-22.909780502319336,-43.1999626159668,,overture:BOHO a Festa:-22.90978:-43.19996
Sitiokasarao,topic_concert_venue,overture,-22.908000946044922,-43.197505950927734,,overture:Sitiokasarao:-22.90800:-43.19751
Terreirão Samba,topic_concert_venue,overture,-22.907682418823242,-43.19609069824219,,overture:Terreirão Samba:-22.90768:-43.19609
Centro de Artes Calouste Gulbenkian,cultural_center,overture,-22.908071517944336,-43.19578170776367,,overture:Centro de Artes Calouste Gulbenkian:-22.90807:-43.19578
Casa Cultural Manacá,cultural_center,overture,-22.908748626708984,-43.1949462890625,,overture:Casa Cultural Manacá:-22.90875:-43.19495
Centro Cultural da Policia Militar,cultural_center,overture,-22.909130096435547,-43.19478988647461,,overture:Centro Cultural da Policia Militar:-22.90913:-43.19479
Camarote Liesa,topic_concert_venue,overture,-22.908672332763672,-43.19758987426758,,overture:Camarote Liesa:-22.90867:-43.19759
Rua Irineu Marinho,landmark_and_historical_building,overture,-22.90946388244629,-43.19391632080078,,overture:Rua Irineu Marinho:-22.90946:-43.19392
Ed.Del Valle,landmark_and_historical_building,overture,-22.90981674194336,-43.19343185424805,,overture:Ed.Del Valle:-22.90982:-43.19343
Ed. Jursan,landmark_and_historical_building,overture,-22.90972328186035,-43.19169616699219,,overture:Ed. Jursan:-22.90972:-43.19170
Balança Mas Não Cai,landmark_and_historical_building,overture,-22.907072067260742,-43.19411849975586,,overture:Balança Mas Não Cai:-22.90707:-43.19412
Condominio do Edificio Onze de Junho,landmark_and_historical_building,overture,-22.907155990600586,-43.19407272338867,,overture:Condominio do Edificio Onze de Junho:-22.90716:-43.19407
Teatro do Liceu,topic_concert_venue,overture,-22.907245635986328,-43.193138122558594,,overture:Teatro do Liceu:-22.90725:-43.19314
CT Carioca,topic_concert_venue,overture,-22.908151626586914,-43.191246032714844,,overture:CT Carioca:-22.90815:-43.19125
Museu de História dos Bombeiros,history_museum,overture,-22.908803939819336,-43.18765640258789,,overture:Museu de História dos Bombeiros:-22.90880:-43.18766
Condomínio Edifício Mottin,landmark_and_historical_building,overture,-22.909378051757812,-43.18868637084961,,overture:Condomínio Edifício Mottin:-22.90938:-43.18869
Condominio do Edificio Alhandra,landmark_and_historical_building,overture,-22.911256790161133,-43.18913269042969,,overture:Condominio do Edificio Alhandra:-22.91126:-43.18913
Condominio do Edificio Democrata,landmark_and_historical_building,overture,-22.91062355041504,-43.18965530395508,,overture:Condominio do Edificio Democrata:-22.91062:-43.18966
Condomínio Marquês,landmark_and_historical_building,overture,-22.91092300415039,-43.19378662109375,,overture:Condomínio Marquês:-22.91092:-43.19379
Condominio do Edificio Titan Senado,landmark_and_historical_building,overture,-22.911680221557617,-43.19159698486328,,overture:Condominio do Edificio Titan Senado:-22.91168:-43.19160
Edificio Antonini,landmark_and_historical_building,overture,-22.91183853149414,-43.19306564331055,,overture:Edificio Antonini:-22.91184:-43.19307
Edifício Torre Central,landmark_and_historical_building,overture,-22.91266441345215,-43.190589904785156,,overture:Edifício Torre Central:-22.91266:-43.19059
CCS Movimento,cultural_center,overture,-22.912141799926758,-43.187747955322266,,overture:CCS Movimento:-22.91214:-43.18775
Edifício Centro Rio Belo,landmark_and_historical_building,overture,-22.9130802154541,-43.19084548950195,,overture:Edifício Centro Rio Belo:-22.91308:-43.19085
Edifício Conde de Resende,landmark_and_historical_building,overture,-22.914173126220703,-43.18931579589844,,overture:Edifício Conde de Resende:-22.91417:-43.18932
Mood Lapa,landmark_and_historical_building,overture,-22.91408920288086,-43.18891906738281,,overture:Mood Lapa:-22.91409:-43.18892
Quilombo das Neves-Centro de Preservaca o Cultural da Arte Capoeira-CPCAC,museum,overture,-22.91550064086914,-43.190914154052734,,overture:Quilombo das Neves-Centro de Preservaca o Cultural da Arte Capoeira-CPCAC:-22.91550:-43.19091
Espaço Donana,topic_concert_venue,overture,-22.9152774810791,-43.191551208496094,,overture:Espaço Donana:-22.91528:-43.19155
Condomínio do Edifício Atlas 1,landmark_and_historical_building,overture,-22.913236618041992,-43.191139221191406,,overture:Condomínio do Edifício Atlas 1:-22.91324:-43.19114
Casa Escalona Rio de Janeiro,cultural_center,overture,-22.913511276245117,-43.19422149658203,,overture:Casa Escalona Rio de Janeiro:-22.91351:-43.19422
Apoteose,landmark_and_historical_building,overture,-22.913070678710938,-43.19578170776367,,overture:Apoteose:-22.91307:-43.19578
Museu da Cultura Puri,art_museum,overture,-22.914276123046875,-43.199981689453125,,overture:Museu da Cultura Puri:-22.91428:-43.19998
Museu Penitenciário,museum,overture,-22.915241241455078,-43.199832916259766,,overture:Museu Penitenciário:-22.91524:-43.19983
Condomínio Zé Keti,landmark_and_historical_building,overture,-22.914819717407227,-43.20087432861328,,overture:Condomínio Zé Keti:-22.91482:-43.20087
Condomínio Ismael Silva,landmark_and_historical_building,overture,-22.914804458618164,-43.201717376708984,,overture:Condomínio Ismael Silva:-22.91480:-43.20172
Espaço de Festa,topic_concert_venue,overture,-22.915966033935547,-43.19548416137695,,overture:Espaço de Festa:-22.91597:-43.19548
Condo Van Erven,landmark_and_historical_building,overture,-22.917526245117188,-43.197837829589844,,overture:Condo Van Erven:-22.91753:-43.19784
Praça Doutor Roberto Em Morro da Mibeira Catumbi,landmark_and_historical_building,overture,-22.918001174926758,-43.200050354003906,,overture:Praça Doutor Roberto Em Morro da Mibeira Catumbi:-22.91800:-43.20005
Edifício Amaury Louzada,landmark_and_historical_building,overture,-22.91876220703125,-43.19501495361328,,overture:Edifício Amaury Louzada:-22.91876:-43.19501
Edifício Monteiro Lobato,landmark_and_historical_building,overture,-22.918933868408203,-43.19539260864258,,overture:Edifício Monteiro Lobato:-22.91893:-43.19539
Recanto do Barão,topic_concert_venue,overture,-22.916303634643555,-43.1925048828125,,overture:Recanto do Barão:-22.91630:-43.19250
Casa Sol,cultural_center,overture,-22.916183471679688,-43.19157028198242,,overture:Casa Sol:-22.91618:-43.19157
"Santa Teresa, Largo Das Neves",topic_concert_venue,overture,-22.91716194152832,-43.19015121459961,,"overture:Santa Teresa, Largo Das Neves:-22.91716:-43.19015"
Soul Rio - Bairro de Fátima,landmark_and_historical_building,overture,-22.916576385498047,-43.18810272216797,,overture:Soul Rio - Bairro de Fátima:-22.91658:-43.18810
Cardeal Musa Apart,landmark_and_historical_building,overture,-22.91692352294922,-43.18882751464844,,overture:Cardeal Musa Apart:-22.91692:-43.18883
Casa Amanita,topic_concert_venue,overture,-22.918598175048828,-43.18882369995117,,overture:Casa Amanita:-22.91860:-43.18882
Museu Casa de Benjamin Constant,museum,overture,-22.92045021057129,-43.18826675415039,,overture:Museu Casa de Benjamin Constant:-22.92045:-43.18827
Centro Cultural Municipal Laurinda Santos Lobo,cultural_center,overture,-22.920024871826172,-43.188560485839844,,overture:Centro Cultural Municipal Laurinda Santos Lobo:-22.92002:-43.18856
Escolinha Dimenor Cidadão,cultural_center,overture,-22.924259185791016,-43.19367599487305,,overture:Escolinha Dimenor Cidadão:-22.92426:-43.19368
Itaperu,landmark_and_historical_building,overture,-22.922426223754883,-43.19655990600586,,overture:Itaperu:-22.92243:-43.19656
Condomínio do Edíficio Uripati,landmark_and_historical_building,overture,-22.925188064575195,-43.201072692871094,,overture:Condomínio do Edíficio Uripati:-22.92519:-43.20107
Condomínio Spazio Royal Palms,landmark_and_historical_building,overture,-22.920377731323242,-43.20798110961914,,overture:Condomínio Spazio Royal Palms:-22.92038:-43.20798
Condomínio do Edifício Lobato,landmark_and_historical_building,overture,-22.919221878051758,-43.20746994018555,,overture:Condomínio do Edifício Lobato:-22.91922:-43.20747
Condomínio do Edifício Jardim Tijuca,landmark_and_historical_building,overture,-22.91973876953125,-43.20832443237305,,overture:Condomínio do Edifício Jardim Tijuca:-22.91974:-43.20832
Edifício Spazio Redentore,landmark_and_historical_building,overture,-22.919374465942383,-43.21040344238281,,overture:Edifício Spazio Redentore:-22.91937:-43.21040
Centro Cultural Itaporã,cultural_center,overture,-22.920541763305664,-43.21086120605469,,overture:Centro Cultural Itaporã:-22.92054:-43.21086
Tô Nem Aí Pra Nada,topic_concert_venue,overture,-22.919340133666992,-43.213661193847656,,overture:Tô Nem Aí Pra Nada:-22.91934:-43.21366
Espaço Capuchinhos,topic_concert_venue,overture,-22.91942024230957,-43.21480178833008,,overture:Espaço Capuchinhos:-22.91942:-43.21480
Condominio do Edificio Barcelona Tijuca,landmark_and_historical_building,overture,-22.91971778869629,-43.21689224243164,,overture:Condominio do Edificio Barcelona Tijuca:-22.91972:-43.21689
Fases Residencial,landmark_and_historical_building,overture,-22.920682907104492,-43.21529006958008,,overture:Fases Residencial:-22.92068:-43.21529
Condominio do Edificio Andrea Del Sarto,landmark_and_historical_building,overture,-22.920700073242188,-43.21500778198242,,overture:Condominio do Edificio Andrea Del Sarto:-22.92070:-43.21501
Condomínio do Edifício San Bernardo,landmark_and_historical_building,overture,-22.921308517456055,-43.21412658691406,,overture:Condomínio do Edifício San Bernardo:-22.92131:-43.21413
Associacao Condominios e Moradores R Maestro Vila Lobos,landmark_and_historical_building,overture,-22.92144012451172,-43.21681594848633,,overture:Associacao Condominios e Moradores R Maestro Vila Lobos:-22.92144:-43.21682
Condominio do Ed Almirante Renato de Almeida Guillobel,landmark_and_historical_building,overture,-22.923240661621094,-43.21160125732422,,overture:Condominio do Ed Almirante Renato de Almeida Guillobel:-22.92324:-43.21160
Condomínio Tijuca Antiga,landmark_and_historical_building,overture,-22.923208236694336,-43.21277618408203,,overture:Condomínio Tijuca Antiga:-22.92321:-43.21278
Museu de Odontologia Professor Salles Cunha,museum,overture,-22.922924041748047,-43.211814880371094,,overture:Museu de Odontologia Professor Salles Cunha:-22.92292:-43.21181
Edifício Varandas Tijuca,landmark_and_historical_building,overture,-22.922561645507812,-43.21307373046875,,overture:Edifício Varandas Tijuca:-22.92256:-43.21307
Condominio Tour de la Man,landmark_and_historical_building,overture,-22.92293930053711,-43.21650314331055,,overture:Condominio Tour de la Man:-22.92294:-43.21650
Clube Do Condomínio Solar,landmark_and_historical_building,overture,-22.923696517944336,-43.21681594848633,,overture:Clube Do Condomínio Solar:-22.92370:-43.21682
Espaço Pretas Rainhas,topic_concert_venue,overture,-22.9248104095459,-43.20820617675781,,overture:Espaço Pretas Rainhas:-22.92481:-43.20821
Espaço Sequência,museum,overture,-22.923473358154297,-43.206947326660156,,overture:Espaço Sequência:-22.92347:-43.20695
Condomínio da Villa São José,landmark_and_historical_building,overture,-22.925092697143555,-43.20308303833008,,overture:Condomínio da Villa São José:-22.92509:-43.20308
Conjunto Residencial Luiz Barbalho,landmark_and_historical_building,overture,-22.92658233642578,-43.20452117919922,,overture:Conjunto Residencial Luiz Barbalho:-22.92658:-43.20452
Mobi 187 Residencial,landmark_and_historical_building,overture,-22.926830291748047,-43.20436096191406,,overture:Mobi 187 Residencial:-22.92683:-43.20436
Condomínio vila São Sebastião,landmark_and_historical_building,overture,-22.92770767211914,-43.20549392700195,,overture:Condomínio vila São Sebastião:-22.92771:-43.20549
Quinta da Boa Vista - Museu Nacional,museum,overture,-22.926443099975586,-43.2158317565918,,overture:Quinta da Boa Vista - Museu Nacional:-22.92644:-43.21583
Condomínio Quinta da Santa Alexandrina,landmark_and_historical_building,overture,-22.930030822753906,-43.20835494995117,,overture:Condomínio Quinta da Santa Alexandrina:-22.93003:-43.20835
Condominium Chácara Rio Building,landmark_and_historical_building,overture,-22.92983055114746,-43.20927047729492,,overture:Condominium Chácara Rio Building:-22.92983:-43.20927
Condomínio do Edifício Mon Cherry,landmark_and_historical_building,overture,-22.9285831451416,-43.203556060791016,,overture:Condomínio do Edifício Mon Cherry:-22.92858:-43.20356
Samba do Tijolinho 2,topic_concert_venue,overture,-22.93108367919922,-43.204036712646484,,overture:Samba do Tijolinho 2:-22.93108:-43.20404
Condomínio Vilar Saudade,landmark_and_historical_building,overture,-22.93116569519043,-43.20133972167969,,overture:Condomínio Vilar Saudade:-22.93117:-43.20134
Casarão Santa Teresa,topic_concert_venue,overture,-22.93140411376953,-43.197872161865234,,overture:Casarão Santa Teresa:-22.93140:-43.19787
Santa Tereza Rj,landmark_and_historical_building,overture,-22.92681121826172,-43.193634033203125,,overture:Santa Tereza Rj:-22.92681:-43.19363
Mansão Laranjeiras,topic_concert_venue,overture,-22.929590225219727,-43.18960189819336,,overture:Mansão Laranjeiras:-22.92959:-43.18960
Condominio Morada das Laranjeiras,landmark_and_historical_building,overture,-22.93099021911621,-43.189857482910156,,overture:Condominio Morada das Laranjeiras:-22.93099:-43.18986
Chalé do Sal,landmark_and_historical_building,overture,-22.930503845214844,-43.189964294433594,,overture:Chalé do Sal:-22.93050:-43.18996
Edificio Formidable,landmark_and_historical_building,overture,-22.930782318115234,-43.188743591308594,,overture:Edificio Formidable:-22.93078:-43.18874
Condomínio do Edifício Água Azul,landmark_and_historical_building,overture,-22.930736541748047,-43.18909454345703,,overture:Condomínio do Edifício Água Azul:-22.93074:-43.18909
Casa de Festas Lilian Alves,topic_concert_venue,overture,-22.934284210205078,-43.192901611328125,,overture:Casa de Festas Lilian Alves:-22.93428:-43.19290
Condomínio Vila Jardim Santa Cecília,landmark_and_historical_building,overture,-22.9318790435791,-43.19661331176758,,overture:Condomínio Vila Jardim Santa Cecília:-22.93188:-43.19661
Fosso,topic_concert_venue,overture,-22.932823181152344,-43.198116302490234,,overture:Fosso:-22.93282:-43.19812
Palacio de Edimburgo,landmark_and_historical_building,overture,-22.93369483947754,-43.200225830078125,,overture:Palacio de Edimburgo:-22.93369:-43.20023
Centro Cultural Infinito,cultural_center,overture,-22.933513641357422,-43.20042037963867,,overture:Centro Cultural Infinito:-22.93351:-43.20042
Teatro Dirceu De Mattos,topic_concert_venue,overture,-22.933551788330078,-43.200443267822266,,overture:Teatro Dirceu De Mattos:-22.93355:-43.20044
FORRÓ do RACHA COCO,topic_concert_venue,overture,-22.934490203857422,-43.19956588745117,,overture:FORRÓ do RACHA COCO:-22.93449:-43.19957
Residencial 3 Torres,landmark_and_historical_building,overture,-22.93631935119629,-43.192115783691406,,overture:Residencial 3 Torres:-22.93632:-43.19212
Vila jesus,landmark_and_historical_building,overture,-22.936418533325195,-43.19270706176758,,overture:Vila jesus:-22.93642:-43.19271
CASA LIRA,topic_concert_venue,overture,-22.93470001220703,-43.19361114501953,,overture:CASA LIRA:-22.93470:-43.19361
Ananab Co-Living,landmark_and_historical_building,overture,-22.93522834777832,-43.19366455078125,,overture:Ananab Co-Living:-22.93523:-43.19366
Samba nas Laranjeiras,topic_concert_venue,overture,-22.935935974121094,-43.19105529785156,,overture:Samba nas Laranjeiras:-22.93594:-43.19106
Exposição Pessach,art_museum,overture,-22.935863494873047,-43.189781188964844,,overture:Exposição Pessach:-22.93586:-43.18978
Condomínio Edificio Parque Residencial das Laranjeiras,landmark_and_historical_building,overture,-22.935436248779297,-43.18962478637695,,overture:Condomínio Edificio Parque Residencial das Laranjeiras:-22.93544:-43.18962
Solar das Laranjeiras,landmark_and_historical_building,overture,-22.93522071838379,-43.189125061035156,,overture:Solar das Laranjeiras:-22.93522:-43.18913
Edifício Pomar das Laranjeiras,landmark_and_historical_building,overture,-22.936569213867188,-43.18791961669922,,overture:Edifício Pomar das Laranjeiras:-22.93657:-43.18792
Casa do Portão Vermelho,topic_concert_venue,overture,-22.936532974243164,-43.18834686279297,,overture:Casa do Portão Vermelho:-22.93653:-43.18835
Bloco Cardosão de Laranjeiras,topic_concert_venue,overture,-22.938058853149414,-43.18865966796875,,overture:Bloco Cardosão de Laranjeiras:-22.93806:-43.18866
Laranjeiras,landmark_and_historical_building,overture,-22.938533782958984,-43.188941955566406,,overture:Laranjeiras:-22.93853:-43.18894
Condomínio do Edifício Alpino,landmark_and_historical_building,overture,-22.938133239746094,-43.1911735534668,,overture:Condomínio do Edifício Alpino:-22.93813:-43.19117
Boteco de Panela,topic_concert_venue,overture,-22.938358306884766,-43.19199752807617,,overture:Boteco de Panela:-22.93836:-43.19200
Condomínio do Edifício Monte,landmark_and_historical_building,overture,-22.939252853393555,-43.19315719604492,,overture:Condomínio do Edifício Monte:-22.93925:-43.19316
Edifício Vivenda das Laranjeiras,landmark_and_historical_building,overture,-22.942148208618164,-43.193031311035156,,overture:Edifício Vivenda das Laranjeiras:-22.94215:-43.19303
Museu da Pediatria,museum,overture,-22.94082260131836,-43.19725036621094,,overture:Museu da Pediatria:-22.94082:-43.19725
Cristo Redentor,monument,overture,-22.940589904785156,-43.19850158691406,,overture:Cristo Redentor:-22.94059:-43.19850
Christ the Redeemer,museum,overture,-22.94046974182129,-43.198490142822266,,overture:Christ the Redeemer:-22.94047:-43.19849
Edifício Pallazo Di Reggio,landmark_and_historical_building,overture,-22.93913459777832,-43.19600296020508,,overture:Edifício Pallazo Di Reggio:-22.93913:-43.19600
Samba das Laranjeiras,topic_concert_venue,overture,-22.93819808959961,-43.19491195678711,,overture:Samba das Laranjeiras:-22.93820:-43.19491
A Casa Índigo,topic_concert_venue,overture,-22.938180923461914,-43.19796371459961,,overture:A Casa Índigo:-22.93818:-43.19796
Centro de Tradições Ylê Asè Egi Omim,cultural_center,overture,-22.938201904296875,-43.20836639404297,,overture:Centro de Tradições Ylê Asè Egi Omim:-22.93820:-43.20837
Casa Roberto Marinho,modern_art_museum,overture,-22.940027236938477,-43.204227447509766,,overture:Casa Roberto Marinho:-22.94003:-43.20423
Instituto Casa Roberto Marinho (ICRM),art_museum,overture,-22.93992805480957,-43.20408630371094,,overture:Instituto Casa Roberto Marinho (ICRM):-22.93993:-43.20409
Espaço Cultural Trem do Corcovado,history_museum,overture,-22.939891815185547,-43.2032585144043,,overture:Espaço Cultural Trem do Corcovado:-22.93989:-43.20326
GRBC Mocidade do Cosme Velho,topic_concert_venue,overture,-22.940073013305664,-43.20295333862305,,overture:GRBC Mocidade do Cosme Velho:-22.94007:-43.20295
Sambinha do Corcovado,topic_concert_venue,overture,-22.941280364990234,-43.20530700683594,,overture:Sambinha do Corcovado:-22.94128:-43.20531
Floresta Produções Artísticas,topic_concert_venue,overture,-22.94144630432129,-43.20454788208008,,overture:Floresta Produções Artísticas:-22.94145:-43.20455
Morro do Inglês,landmark_and_historical_building,overture,-22.942228317260742,-43.203338623046875,,overture:Morro do Inglês:-22.94223:-43.20334
Galpão Ladeira das Artes,cultural_center,overture,-22.942453384399414,-43.20578384399414,,overture:Galpão Ladeira das Artes:-22.94245:-43.20578
Ecocasa Silvestre,cultural_center,overture,-22.9427433013916,-43.207366943359375,,overture:Ecocasa Silvestre:-22.94274:-43.20737
Condomínio Bairro Equitativa,landmark_and_historical_building,overture,-22.937280654907227,-43.204437255859375,,overture:Condomínio Bairro Equitativa:-22.93728:-43.20444
Rio a Seus Pés,topic_concert_venue,overture,-22.934200286865234,-43.23262405395508,,overture:Rio a Seus Pés:-22.93420:-43.23262
Condomínio do Edifício Residencial Homem de Melo,landmark_and_historical_building,overture,-22.93301773071289,-43.23646545410156,,overture:Condomínio do Edifício Residencial Homem de Melo:-22.93302:-43.23647
Condomínio Caravelas,landmark_and_historical_building,overture,-22.93271827697754,-43.238704681396484,,overture:Condomínio Caravelas:-22.93272:-43.23870
Jardim Suspenso,topic_concert_venue,overture,-22.932205200195312,-43.23717498779297,,overture:Jardim Suspenso:-22.93221:-43.23717
Condomínio Renaissance Residencial Classique,landmark_and_historical_building,overture,-22.932167053222656,-43.23646926879883,,overture:Condomínio Renaissance Residencial Classique:-22.93217:-43.23647
Condomínio Infante Dom Filipe III,landmark_and_historical_building,overture,-22.931547164916992,-43.23974609375,,overture:Condomínio Infante Dom Filipe III:-22.93155:-43.23975
Edifício Otávio Kelly,landmark_and_historical_building,overture,-22.932857513427734,-43.24155044555664,,overture:Edifício Otávio Kelly:-22.93286:-43.24155
Edificio Harry Franco,landmark_and_historical_building,overture,-22.931594848632812,-43.241615295410156,,overture:Edificio Harry Franco:-22.93159:-43.24162
Parcão Tijuca,landmark_and_historical_building,overture,-22.931522369384766,-43.24375534057617,,overture:Parcão Tijuca:-22.93152:-43.24376
Condomínio Camile Clodel,landmark_and_historical_building,overture,-22.93238067626953,-43.24533462524414,,overture:Condomínio Camile Clodel:-22.93238:-43.24533
Condominio Residencial Terrazas Tijuca,landmark_and_historical_building,overture,-22.933433532714844,-43.24154281616211,,overture:Condominio Residencial Terrazas Tijuca:-22.93343:-43.24154
Condomínio do Edifício Marie,landmark_and_historical_building,overture,-22.93327522277832,-43.23967742919922,,overture:Condomínio do Edifício Marie:-22.93328:-43.23968
Center Music Carioca Artur da Távola,topic_concert_venue,overture,-22.935264587402344,-43.24435043334961,,overture:Center Music Carioca Artur da Távola:-22.93526:-43.24435
Building Villanova Fontes,landmark_and_historical_building,overture,-22.936025619506836,-43.24494934082031,,overture:Building Villanova Fontes:-22.93603:-43.24495
Condomínio Gênova,landmark_and_historical_building,overture,-22.935808181762695,-43.2435417175293,,overture:Condomínio Gênova:-22.93581:-43.24354
Aqueduto - Ilha Grande,monument,overture,-22.93612289428711,-43.24556350708008,,overture:Aqueduto - Ilha Grande:-22.93612:-43.24556
Bosque dos Buritis,landmark_and_historical_building,overture,-22.937353134155273,-43.24648666381836,,overture:Bosque dos Buritis:-22.93735:-43.24649
Condomínio do Edifício Águia II,landmark_and_historical_building,overture,-22.937564849853516,-43.24448013305664,,overture:Condomínio do Edifício Águia II:-22.93756:-43.24448
Condomínio do Edifício Henrique Franco,landmark_and_historical_building,overture,-22.93741798400879,-43.24435043334961,,overture:Condomínio do Edifício Henrique Franco:-22.93742:-43.24435
Grêmio Recreativo Escola de Samba Educativa Império da Tijuca,topic_concert_venue,overture,-22.939525604248047,-43.24545669555664,,overture:Grêmio Recreativo Escola de Samba Educativa Império da Tijuca:-22.93953:-43.24546
"Serra da Carioca (bergskedja i Brasilien, Rio de Janeiro, lat -22,95, long -43,22)",landmark_and_historical_building,overture,-22.948331832885742,-43.22157669067383,,"overture:Serra da Carioca (bergskedja i Brasilien, Rio de Janeiro, lat -22,95, long -43,22):-22.94833:-43.22158"
"Alto Do Corcovado, Rio De Janeiro - RJ",landmark_and_historical_building,overture,-22.953022003173828,-43.21060562133789,,"overture:Alto Do Corcovado, Rio De Janeiro - RJ:-22.95302:-43.21061"
Cristo del Corcovado,monument,overture,-22.95138931274414,-43.21083450317383,,overture:Cristo del Corcovado:-22.95139:-43.21083
"Christ Redeemer, Rio de Janeiro, Brazil",monument,overture,-22.95165252685547,-43.210838317871094,,"overture:Christ Redeemer, Rio de Janeiro, Brazil:-22.95165:-43.21084"
Cristo Redentor Rio de Janeiro,topic_concert_venue,overture,-22.952051162719727,-43.21074295043945,,overture:Cristo Redentor Rio de Janeiro:-22.95205:-43.21074
Christ the Redeemer,landmark_and_historical_building,overture,-22.952171325683594,-43.21058654785156,,overture:Christ the Redeemer:-22.95217:-43.21059
Casa da Palma,landmark_and_historical_building,overture,-22.94445037841797,-43.204315185546875,,overture:Casa da Palma:-22.94445:-43.20432
Reservatorio do Morro do Ingles,landmark_and_historical_building,overture,-22.944381713867188,-43.20243453979492,,overture:Reservatorio do Morro do Ingles:-22.94438:-43.20243
Laje Michael Jackson,monument,overture,-22.947126388549805,-43.19483947753906,,overture:Laje Michael Jackson:-22.94713:-43.19484
Mirante Dona Marta,landmark_and_historical_building,overture,-22.944995880126953,-43.19641876220703,,overture:Mirante Dona Marta:-22.94500:-43.19642
Condomínio do Edifício Jussára,landmark_and_historical_building,overture,-22.94377899169922,-43.19213104248047,,overture:Condomínio do Edifício Jussára:-22.94378:-43.19213
Condominio do Edificio Conde Aparicio,landmark_and_historical_building,overture,-22.94598388671875,-43.187374114990234,,overture:Condominio do Edificio Conde Aparicio:-22.94598:-43.18737
Paysage Botafogo Residences,landmark_and_historical_building,overture,-22.9460391998291,-43.1890869140625,,overture:Paysage Botafogo Residences:-22.94604:-43.18909
Condomínio do Edifício São João Del Rey,landmark_and_historical_building,overture,-22.94683265686035,-43.18842697143555,,overture:Condomínio do Edifício São João Del Rey:-22.94683:-43.18843
Iluminato Botafogo,landmark_and_historical_building,overture,-22.946502685546875,-43.18903350830078,,overture:Iluminato Botafogo:-22.94650:-43.18903
Edifício Congonhas do Campo,landmark_and_historical_building,overture,-22.946359634399414,-43.188392639160156,,overture:Edifício Congonhas do Campo:-22.94636:-43.18839
Condomínio Sabará,landmark_and_historical_building,overture,-22.946632385253906,-43.188106536865234,,overture:Condomínio Sabará:-22.94663:-43.18811
Golden Garden,landmark_and_historical_building,overture,-22.948307037353516,-43.189666748046875,,overture:Golden Garden:-22.94831:-43.18967
"Espaço Santa Varandas -  festas, eventos e parcerias",topic_concert_venue,overture,-22.947895050048828,-43.194034576416016,,"overture:Espaço Santa Varandas -  festas, eventos e parcerias:-22.94790:-43.19403"
Rua Barão de Macaúbas,landmark_and_historical_building,overture,-22.949464797973633,-43.192718505859375,,overture:Rua Barão de Macaúbas:-22.94946:-43.19272
Building Promenade St. Clement,landmark_and_historical_building,overture,-22.9497127532959,-43.1912841796875,,overture:Building Promenade St. Clement:-22.94971:-43.19128
Condomínio São Clemente Residence Service,landmark_and_historical_building,overture,-22.94973373413086,-43.19110107421875,,overture:Condomínio São Clemente Residence Service:-22.94973:-43.19110
Condomínio do Edifício Residencial Eduardo Guinle,landmark_and_historical_building,overture,-22.94902992248535,-43.18894958496094,,overture:Condomínio do Edifício Residencial Eduardo Guinle:-22.94903:-43.18895
Espaço São Clemente,landmark_and_historical_building,overture,-22.94971466064453,-43.18829345703125,,overture:Espaço São Clemente:-22.94971:-43.18829
IN CENA Hub Cultural,cultural_center,overture,-22.95108985900879,-43.187461853027344,,overture:IN CENA Hub Cultural:-22.95109:-43.18746
Espaço Cultural Libanês,history_museum,overture,-22.951520919799805,-43.18903350830078,,overture:Espaço Cultural Libanês:-22.95152:-43.18903
Condomínio do Edifício Don Eugênio,landmark_and_historical_building,overture,-22.952035903930664,-43.189212799072266,,overture:Condomínio do Edifício Don Eugênio:-22.95204:-43.18921
Edifício Mansão Daumier,landmark_and_historical_building,overture,-22.951873779296875,-43.187835693359375,,overture:Edifício Mansão Daumier:-22.95187:-43.18784
Museu do Índio,history_museum,overture,-22.95186424255371,-43.191062927246094,,overture:Museu do Índio:-22.95186:-43.19106
Museu Villa-Lobos,museum,overture,-22.95186424255371,-43.190582275390625,,overture:Museu Villa-Lobos:-22.95186:-43.19058
Condomínio do Edifício Solar Dona Mariana,landmark_and_historical_building,overture,-22.95180320739746,-43.189327239990234,,overture:Condomínio do Edifício Solar Dona Mariana:-22.95180:-43.18933
Centro Cultural Mordechai Anilevitch,cultural_center,overture,-22.951889038085938,-43.191497802734375,,overture:Centro Cultural Mordechai Anilevitch:-22.95189:-43.19150
Museu Nacional dos Povos Indígenas OBS: Apenas os jardins estão abertos!,museum,overture,-22.951879501342773,-43.19114303588867,,overture:Museu Nacional dos Povos Indígenas OBS: Apenas os jardins estão abertos!:-22.95188:-43.19114
RG33,landmark_and_historical_building,overture,-22.951858520507812,-43.19382858276367,,overture:RG33:-22.95186:-43.19383
Twenty Botafogo,landmark_and_historical_building,overture,-22.95172882080078,-43.19422912597656,,overture:Twenty Botafogo:-22.95173:-43.19423
Largo dos Palácios,landmark_and_historical_building,overture,-22.951242446899414,-43.193965911865234,,overture:Largo dos Palácios:-22.95124:-43.19397
Pena Turquesa,landmark_and_historical_building,overture,-22.95144271850586,-43.19172668457031,,overture:Pena Turquesa:-22.95144:-43.19173
Tudo Bem Rio,topic_concert_venue,overture,-22.95073890686035,-43.19172668457031,,overture:Tudo Bem Rio:-22.95074:-43.19173
Edifício Gustave Eiffel,landmark_and_historical_building,overture,-22.950340270996094,-43.19120407104492,,overture:Edifício Gustave Eiffel:-22.95034:-43.19120
Espaco Cafe Cultural / CDPD-RJ Theater,topic_concert_venue,overture,-22.95223045349121,-43.19585037231445,,overture:Espaco Cafe Cultural / CDPD-RJ Theater:-22.95223:-43.19585
Grupo Expressão,topic_concert_venue,overture,-22.953006744384766,-43.19623947143555,,overture:Grupo Expressão:-22.95301:-43.19624
First Humaitá,landmark_and_historical_building,overture,-22.953147888183594,-43.19634246826172,,overture:First Humaitá:-22.95315:-43.19634
Casa Porcini,topic_concert_venue,overture,-22.95338249206543,-43.19529342651367,,overture:Casa Porcini:-22.95338:-43.19529
Curso de ator,topic_concert_venue,overture,-22.95444107055664,-43.19545364379883,,overture:Curso de ator:-22.95444:-43.19545
Villa Humaitá,landmark_and_historical_building,overture,-22.9536075592041,-43.198551177978516,,overture:Villa Humaitá:-22.95361:-43.19855
Edifício Viúva Lacerda,landmark_and_historical_building,overture,-22.956039428710938,-43.19996643066406,,overture:Edifício Viúva Lacerda:-22.95604:-43.19997
caravelle residences,landmark_and_historical_building,overture,-22.95595359802246,-43.19266891479492,,overture:caravelle residences:-22.95595:-43.19267
Lab 71,cultural_center,overture,-22.955196380615234,-43.19181823730469,,overture:Lab 71:-22.95520:-43.19182
Condomínio do Edifício Federal,landmark_and_historical_building,overture,-22.95494270324707,-43.19386672973633,,overture:Condomínio do Edifício Federal:-22.95494:-43.19387
Condominio do Edificio Coaracy Nunes,landmark_and_historical_building,overture,-22.95494842529297,-43.19419860839844,,overture:Condominio do Edificio Coaracy Nunes:-22.95495:-43.19420
Condomínio do Edifício Paulo Gentile,landmark_and_historical_building,overture,-22.955081939697266,-43.19437789916992,,overture:Condomínio do Edifício Paulo Gentile:-22.95508:-43.19438
Residencial You Botafogo,landmark_and_historical_building,overture,-22.953231811523438,-43.193416595458984,,overture:Residencial You Botafogo:-22.95323:-43.19342
Condominio Vizá,landmark_and_historical_building,overture,-22.953670501708984,-43.193382263183594,,overture:Condominio Vizá:-22.95367:-43.19338
Condomínio do Edifício Baía Blanca,landmark_and_historical_building,overture,-22.954504013061523,-43.18937683105469,,overture:Condomínio do Edifício Baía Blanca:-22.95450:-43.18938
Rio Bota-Soho,landmark_and_historical_building,overture,-22.95330810546875,-43.18987274169922,,overture:Rio Bota-Soho:-22.95331:-43.18987
Castel Sant'Angelo,landmark_and_historical_building,overture,-22.95370864868164,-43.18838882446289,,overture:Castel Sant'Angelo:-22.95371:-43.18839
Condomínio do Edifício Gustave Flaubert,landmark_and_historical_building,overture,-22.955934524536133,-43.18855667114258,,overture:Condomínio do Edifício Gustave Flaubert:-22.95593:-43.18856
Condomínio Morada Mariana,landmark_and_historical_building,overture,-22.955650329589844,-43.187721252441406,,overture:Condomínio Morada Mariana:-22.95565:-43.18772
Centro Cultural e Universitário de Botafogo,cultural_center,overture,-22.955713272094727,-43.18745040893555,,overture:Centro Cultural e Universitário de Botafogo:-22.95571:-43.18745
Fort Copacabana,landmark_and_historical_building,overture,-22.986177444458008,-43.1865348815918,,overture:Fort Copacabana:-22.98618:-43.18653
Frida Kahlo Imersiva,museum,overture,-22.98578643798828,-43.18632507324219,,overture:Frida Kahlo Imersiva:-22.98579:-43.18633
Museu Histórico do Exército,history_museum,overture,-22.98578453063965,-43.186668395996094,,overture:Museu Histórico do Exército:-22.98578:-43.18667
Recanto do Museu,museum,overture,-22.985599517822266,-43.1866569519043,,overture:Recanto do Museu:-22.98560:-43.18666
Museo Militar Copacabana,museum,overture,-22.985713958740234,-43.185054779052734,,overture:Museo Militar Copacabana:-22.98571:-43.18505
Condomínio do Edifício Palácio Champs Elysées,landmark_and_historical_building,overture,-22.974424362182617,-43.18718719482422,,overture:Condomínio do Edifício Palácio Champs Elysées:-22.97442:-43.18719
Condomínio do Edifício Machado de Assis,landmark_and_historical_building,overture,-22.973726272583008,-43.18666076660156,,overture:Condomínio do Edifício Machado de Assis:-22.97373:-43.18666
Duque de Epson,landmark_and_historical_building,overture,-22.973512649536133,-43.18653869628906,,overture:Duque de Epson:-22.97351:-43.18654
edifício solar barão de minas,landmark_and_historical_building,overture,-22.973358154296875,-43.18704605102539,,overture:edifício solar barão de minas:-22.97336:-43.18705
cristo redentor,landmark_and_historical_building,overture,-22.973007202148438,-43.186832427978516,,overture:cristo redentor:-22.97301:-43.18683
Edifício Master,landmark_and_historical_building,overture,-22.972923278808594,-43.1868896484375,,overture:Edifício Master:-22.97292:-43.18689
Condomínio do Edifício Monarca,landmark_and_historical_building,overture,-22.972774505615234,-43.18703079223633,,overture:Condomínio do Edifício Monarca:-22.97277:-43.18703
Mirante JW Marriott,landmark_and_historical_building,overture,-22.972257614135742,-43.18560028076172,,overture:Mirante JW Marriott:-22.97226:-43.18560
Edifício Maimbu,landmark_and_historical_building,overture,-22.97201919555664,-43.186885833740234,,overture:Edifício Maimbu:-22.97202:-43.18689
Condomínio do Edifício Sevilha,landmark_and_historical_building,overture,-22.97183609008789,-43.18514633178711,,overture:Condomínio do Edifício Sevilha:-22.97184:-43.18515
Edifício Previnal,landmark_and_historical_building,overture,-22.971506118774414,-43.18605422973633,,overture:Edifício Previnal:-22.97151:-43.18605
Condomínio do Edifício das Vitrines,landmark_and_historical_building,overture,-22.971221923828125,-43.187259674072266,,overture:Condomínio do Edifício das Vitrines:-22.97122:-43.18726
Ed. Luiz de Camões,landmark_and_historical_building,overture,-22.971256256103516,-43.184654235839844,,overture:Ed. Luiz de Camões:-22.97126:-43.18465
Ed. Vila Normanda,landmark_and_historical_building,overture,-22.971120834350586,-43.18439865112305,,overture:Ed. Vila Normanda:-22.97112:-43.18440
Condomínio Residencial Marcópolis,landmark_and_historical_building,overture,-22.97058868408203,-43.184906005859375,,overture:Condomínio Residencial Marcópolis:-22.97059:-43.18491
Espaço École Du Vin,topic_concert_venue,overture,-22.970596313476562,-43.18557357788086,,overture:Espaço École Du Vin:-22.97060:-43.18557
Condomínio do Edifício Timbiras,landmark_and_historical_building,overture,-22.970378875732422,-43.18622589111328,,overture:Condomínio do Edifício Timbiras:-22.97038:-43.18623
Condomínio do Edifício Olimpia,landmark_and_historical_building,overture,-22.970497131347656,-43.185691833496094,,overture:Condomínio do Edifício Olimpia:-22.97050:-43.18569
Condomínio Edifício Pitágoras,landmark_and_historical_building,overture,-22.970170974731445,-43.185665130615234,,overture:Condomínio Edifício Pitágoras:-22.97017:-43.18567
Copacabana City Center Apartment,landmark_and_historical_building,overture,-22.970176696777344,-43.1862907409668,,overture:Copacabana City Center Apartment:-22.97018:-43.18629
Apartment Rentals Copacabana - Apartamento Temporada Copacabana,landmark_and_historical_building,overture,-22.969589233398438,-43.18690490722656,,overture:Apartment Rentals Copacabana - Apartamento Temporada Copacabana:-22.96959:-43.18690
Edificio Rubilite,landmark_and_historical_building,overture,-22.96968650817871,-43.185157775878906,,overture:Edificio Rubilite:-22.96969:-43.18516
Avenida Atlantica,landmark_and_historical_building,overture,-22.96855354309082,-43.17997741699219,,overture:Avenida Atlantica:-22.96855:-43.17998
Edf. Marrocos,landmark_and_historical_building,overture,-22.96849822998047,-43.182674407958984,,overture:Edf. Marrocos:-22.96850:-43.18267
Ed Argelia,landmark_and_historical_building,overture,-22.968582153320312,-43.182498931884766,,overture:Ed Argelia:-22.96858:-43.18250
Condomínio do Edifício Paraíso,landmark_and_historical_building,overture,-22.968732833862305,-43.18257141113281,,overture:Condomínio do Edifício Paraíso:-22.96873:-43.18257
Monumento Carlos Drummond de Andrade,monument,overture,-22.968812942504883,-43.1802864074707,,overture:Monumento Carlos Drummond de Andrade:-22.96881:-43.18029
Ibrahim Sued Statue,landmark_and_historical_building,overture,-22.968812942504883,-43.1802864074707,,overture:Ibrahim Sued Statue:-22.96881:-43.18029
Condominio do Edificio Golden Gate,landmark_and_historical_building,overture,-22.969099044799805,-43.1815299987793,,overture:Condominio do Edificio Golden Gate:-22.96910:-43.18153
Condomínio do Edifício Tibagi,landmark_and_historical_building,overture,-22.969440460205078,-43.18354415893555,,overture:Condomínio do Edifício Tibagi:-22.96944:-43.18354
Condominio do Edificio Barata Ribeiro,landmark_and_historical_building,overture,-22.969131469726562,-43.18634033203125,,overture:Condominio do Edificio Barata Ribeiro:-22.96913:-43.18634
Ed. Lucie Danon,landmark_and_historical_building,overture,-22.969070434570312,-43.186729431152344,,overture:Ed. Lucie Danon:-22.96907:-43.18673
Ed. San Diego,landmark_and_historical_building,overture,-22.968761444091797,-43.18607711791992,,overture:Ed. San Diego:-22.96876:-43.18608
Apartamento Copacabana 542,landmark_and_historical_building,overture,-22.968734741210938,-43.18431854248047,,overture:Apartamento Copacabana 542:-22.96873:-43.18432
Apartamento Dalva de Oliveira,landmark_and_historical_building,overture,-22.968608856201172,-43.18418502807617,,overture:Apartamento Dalva de Oliveira:-22.96861:-43.18419
Tatelise's House,landmark_and_historical_building,overture,-22.968564987182617,-43.18586349487305,,overture:Tatelise's House:-22.96856:-43.18586
Condomínio do Edifício Edlin,landmark_and_historical_building,overture,-22.968595504760742,-43.18647003173828,,overture:Condomínio do Edifício Edlin:-22.96860:-43.18647
Casa da tia juju,landmark_and_historical_building,overture,-22.968547821044922,-43.186424255371094,,overture:Casa da tia juju:-22.96855:-43.18642
Museu Africano Rio de Janeiro,museum,overture,-22.96817398071289,-43.18467712402344,,overture:Museu Africano Rio de Janeiro:-22.96817:-43.18468
Copacabana Flat,landmark_and_historical_building,overture,-22.967981338500977,-43.18498992919922,,overture:Copacabana Flat:-22.96798:-43.18499
Condomínio do Edifício Residencial Country - (Copacabana),landmark_and_historical_building,overture,-22.968366622924805,-43.18244171142578,,overture:Condomínio do Edifício Residencial Country - (Copacabana):-22.96837:-43.18244
Centro Esportivo de Praia Geração,topic_concert_venue,overture,-22.96831512451172,-43.178524017333984,,overture:Centro Esportivo de Praia Geração:-22.96832:-43.17852
Passarela GAGa,landmark_and_historical_building,overture,-22.967920303344727,-43.179019927978516,,overture:Passarela GAGa:-22.96792:-43.17902
Edf. Chopin,landmark_and_historical_building,overture,-22.967702865600586,-43.17952346801758,,overture:Edf. Chopin:-22.96770:-43.17952
Estátua de Ibrahim Sued,monument,overture,-22.967700958251953,-43.1785774230957,,overture:Estátua de Ibrahim Sued:-22.96770:-43.17858
Edifício Céu Mar,landmark_and_historical_building,overture,-22.967607498168945,-43.1843147277832,,overture:Edifício Céu Mar:-22.96761:-43.18431
Condominio do Edificio Murtinho Nobre,landmark_and_historical_building,overture,-22.96771812438965,-43.18455505371094,,overture:Condominio do Edificio Murtinho Nobre:-22.96772:-43.18456
Condomínio do Edifício Montese,landmark_and_historical_building,overture,-22.967971801757812,-43.183101654052734,,overture:Condomínio do Edifício Montese:-22.96797:-43.18310
Copacabana,landmark_and_historical_building,overture,-22.967121124267578,-43.18516540527344,,overture:Copacabana:-22.96712:-43.18517
Museu do amanhã,museum,overture,-22.966554641723633,-43.18284225463867,,overture:Museu do amanhã:-22.96655:-43.18284
Edifício Regina Behar,landmark_and_historical_building,overture,-22.96662712097168,-43.179954528808594,,overture:Edifício Regina Behar:-22.96663:-43.17995
Shalluan Copacabana Residence,landmark_and_historical_building,overture,-22.96694564819336,-43.180274963378906,,overture:Shalluan Copacabana Residence:-22.96695:-43.18027
Querovoar.net,landmark_and_historical_building,overture,-22.96718978881836,-43.18189239501953,,overture:Querovoar.net:-22.96719:-43.18189
Condominio do Edificio Monte Verde,landmark_and_historical_building,overture,-22.96722984313965,-43.180809020996094,,overture:Condominio do Edificio Monte Verde:-22.96723:-43.18081
Copacabana,landmark_and_historical_building,overture,-22.96546173095703,-43.175289154052734,,overture:Copacabana:-22.96546:-43.17529
Arena Brahma Copa,topic_concert_venue,overture,-22.96560287475586,-43.1744270324707,,overture:Arena Brahma Copa:-22.96560:-43.17443
Edifício Petrônio,landmark_and_historical_building,overture,-22.965511322021484,-43.176719665527344,,overture:Edifício Petrônio:-22.96551:-43.17672
Condomínio do Edifício Residencial Itaoca - (Copacabana),landmark_and_historical_building,overture,-22.965473175048828,-43.178043365478516,,overture:Condomínio do Edifício Residencial Itaoca - (Copacabana):-22.96547:-43.17804
Condomínio do Edifício Residencial Carvalho de Mendonça - (Copacabana),landmark_and_historical_building,overture,-22.965425491333008,-43.17877960205078,,overture:Condomínio do Edifício Residencial Carvalho de Mendonça - (Copacabana):-22.96543:-43.17878
Copacabana Residence,landmark_and_historical_building,overture,-22.96615982055664,-43.17835998535156,,overture:Copacabana Residence:-22.96616:-43.17836
Condomínio do Edifício Bocaina,landmark_and_historical_building,overture,-22.96619415283203,-43.17855453491211,,overture:Condomínio do Edifício Bocaina:-22.96619:-43.17855
Praça Inhangá Copacabana,topic_concert_venue,overture,-22.966018676757812,-43.18147277832031,,overture:Praça Inhangá Copacabana:-22.96602:-43.18147
Condomínio do Edifício Ipê,landmark_and_historical_building,overture,-22.966073989868164,-43.1829719543457,,overture:Condomínio do Edifício Ipê:-22.96607:-43.18297
Condominio do Edificio Stella Brilhante,landmark_and_historical_building,overture,-22.966434478759766,-43.18436813354492,,overture:Condominio do Edificio Stella Brilhante:-22.96643:-43.18437
Edifício Commander,landmark_and_historical_building,overture,-22.966400146484375,-43.18706130981445,,overture:Edifício Commander:-22.96640:-43.18706
Costelada Gaúcha Casa do Minho RJ,topic_concert_venue,overture,-22.966442108154297,-43.18736267089844,,overture:Costelada Gaúcha Casa do Minho RJ:-22.96644:-43.18736
Condominio do Edificio Copaville,landmark_and_historical_building,overture,-22.965816497802734,-43.18714904785156,,overture:Condominio do Edificio Copaville:-22.96582:-43.18715
Condomínio do Edifício Conrado Niemeyer,landmark_and_historical_building,overture,-22.96512222290039,-43.183101654052734,,overture:Condomínio do Edifício Conrado Niemeyer:-22.96512:-43.18310
Edifício Santa Edwiges,landmark_and_historical_building,overture,-22.965206146240234,-43.180362701416016,,overture:Edifício Santa Edwiges:-22.96521:-43.18036
Galeria San James,landmark_and_historical_building,overture,-22.965105056762695,-43.180198669433594,,overture:Galeria San James:-22.96511:-43.18020
Rio Centro - Pavilhão 5,topic_concert_venue,overture,-22.96505355834961,-43.179931640625,,overture:Rio Centro - Pavilhão 5:-22.96505:-43.17993
Condomínio do Edifício Belmonte,landmark_and_historical_building,overture,-22.965084075927734,-43.18190383911133,,overture:Condomínio do Edifício Belmonte:-22.96508:-43.18190
Edifício Caxias,landmark_and_historical_building,overture,-22.964405059814453,-43.17815399169922,,overture:Edifício Caxias:-22.96441:-43.17815
Edifício Locanda Apeninos,landmark_and_historical_building,overture,-22.964509963989258,-43.18342208862305,,overture:Edifício Locanda Apeninos:-22.96451:-43.18342
Escadaria da Marechal Mascarenhas de Morais,landmark_and_historical_building,overture,-22.964126586914062,-43.1833610534668,,overture:Escadaria da Marechal Mascarenhas de Morais:-22.96413:-43.18336
Sereno Copa,topic_concert_venue,overture,-22.96376609802246,-43.181514739990234,,overture:Sereno Copa:-22.96377:-43.18151
Condomínio do Edifício Jade,landmark_and_historical_building,overture,-22.963794708251953,-43.18021774291992,,overture:Condomínio do Edifício Jade:-22.96379:-43.18022
Edifício Montes Claros,landmark_and_historical_building,overture,-22.963788986206055,-43.17853927612305,,overture:Edifício Montes Claros:-22.96379:-43.17854
Condomínio do Edifício Otaviano Hudson,landmark_and_historical_building,overture,-22.964004516601562,-43.181480407714844,,overture:Condomínio do Edifício Otaviano Hudson:-22.96400:-43.18148
Condomínio do Edifício Wil,landmark_and_historical_building,overture,-22.964311599731445,-43.1813850402832,,overture:Condomínio do Edifício Wil:-22.96431:-43.18139
Condomínio do Edifício Richard,landmark_and_historical_building,overture,-22.964385986328125,-43.17947006225586,,overture:Condomínio do Edifício Richard:-22.96439:-43.17947
Condomínio do Edifício Residencial Santayana - (Copacabana),landmark_and_historical_building,overture,-22.964345932006836,-43.178993225097656,,overture:Condomínio do Edifício Residencial Santayana - (Copacabana):-22.96435:-43.17899
Sambódromo,landmark_and_historical_building,overture,-22.964191436767578,-43.173606872558594,,overture:Sambódromo:-22.96419:-43.17361
Condomínio do Edifício Alone,landmark_and_historical_building,overture,-22.964174270629883,-43.17431640625,,overture:Condomínio do Edifício Alone:-22.96417:-43.17432
Monumento à Princesa Isabel,monument,overture,-22.963966369628906,-43.17401885986328,,overture:Monumento à Princesa Isabel:-22.96397:-43.17402
Condomínio do Edifício Marco Ângelo,landmark_and_historical_building,overture,-22.96408462524414,-43.17730712890625,,overture:Condomínio do Edifício Marco Ângelo:-22.96408:-43.17731
Edifício Grenoble,landmark_and_historical_building,overture,-22.963911056518555,-43.177608489990234,,overture:Edifício Grenoble:-22.96391:-43.17761
Charme de Copa,landmark_and_historical_building,overture,-22.96340560913086,-43.17475891113281,,overture:Charme de Copa:-22.96341:-43.17476
Leme,landmark_and_historical_building,overture,-22.96346664428711,-43.17352294921875,,overture:Leme:-22.96347:-43.17352
Condomínio do Edifício Bruxelas,landmark_and_historical_building,overture,-22.96357536315918,-43.17352294921875,,overture:Condomínio do Edifício Bruxelas:-22.96358:-43.17352
Copacabana-Rio-AluguelForTemporada-VistaParaoMar,landmark_and_historical_building,overture,-22.963808059692383,-43.17192077636719,,overture:Copacabana-Rio-AluguelForTemporada-VistaParaoMar:-22.96381:-43.17192
Copacabana Bela Vista,landmark_and_historical_building,overture,-22.963953018188477,-43.172550201416016,,overture:Copacabana Bela Vista:-22.96395:-43.17255
Condomínio do Edifício Residencial Palacete Oceania - (Copacabana),landmark_and_historical_building,overture,-22.964508056640625,-43.17280960083008,,overture:Condomínio do Edifício Residencial Palacete Oceania - (Copacabana):-22.96451:-43.17281
Condominio do Edificio Miami Center,landmark_and_historical_building,overture,-22.964632034301758,-43.17447280883789,,overture:Condominio do Edificio Miami Center:-22.96463:-43.17447
"Av Nossa Senhora De Copacabana, 99",landmark_and_historical_building,overture,-22.96463394165039,-43.17523193359375,,"overture:Av Nossa Senhora De Copacabana, 99:-22.96463:-43.17523"
Condomínio Visconde de Mossoró,landmark_and_historical_building,overture,-22.9644718170166,-43.17646408081055,,overture:Condomínio Visconde de Mossoró:-22.96447:-43.17646
Albany,landmark_and_historical_building,overture,-22.964492797851562,-43.17756271362305,,overture:Albany:-22.96449:-43.17756
Condomínio Palacete Veiga,landmark_and_historical_building,overture,-22.96491050720215,-43.17670822143555,,overture:Condomínio Palacete Veiga:-22.96491:-43.17671
Edifício Solano,landmark_and_historical_building,overture,-22.964866638183594,-43.17641067504883,,overture:Edifício Solano:-22.96487:-43.17641
Edifício Guimarães,landmark_and_historical_building,overture,-22.964679718017578,-43.175594329833984,,overture:Edifício Guimarães:-22.96468:-43.17559
Condomínio Ed Queen Victoria,landmark_and_historical_building,overture,-22.965158462524414,-43.17497634887695,,overture:Condomínio Ed Queen Victoria:-22.96516:-43.17498
Rio Apartments,landmark_and_historical_building,overture,-22.965023040771484,-43.175540924072266,,overture:Rio Apartments:-22.96502:-43.17554
Condomínio do Edifício Apolo,landmark_and_historical_building,overture,-22.96537208557129,-43.177940368652344,,overture:Condomínio do Edifício Apolo:-22.96537:-43.17794
Edifício Duque De Oxford,landmark_and_historical_building,overture,-22.965253829956055,-43.17533493041992,,overture:Edifício Duque De Oxford:-22.96525:-43.17533
Caminho dos Pescadores,landmark_and_historical_building,overture,-22.963476181030273,-43.164676666259766,,overture:Caminho dos Pescadores:-22.96348:-43.16468
Condomínio do Edifício Terramarear,landmark_and_historical_building,overture,-22.962614059448242,-43.168460845947266,,overture:Condomínio do Edifício Terramarear:-22.96261:-43.16846
Mirante do Leme,landmark_and_historical_building,overture,-22.962566375732422,-43.165794372558594,,overture:Mirante do Leme:-22.96257:-43.16579
Forte Duque de Caxias,history_museum,overture,-22.961973190307617,-43.1648063659668,,overture:Forte Duque de Caxias:-22.96197:-43.16481
Edifício Praia do Leme,landmark_and_historical_building,overture,-22.961965560913086,-43.16520309448242,,overture:Edifício Praia do Leme:-22.96197:-43.16520
Domingueira da Paulinha,topic_concert_venue,overture,-22.961650848388672,-43.166236877441406,,overture:Domingueira da Paulinha:-22.96165:-43.16624
Triplex Leme,landmark_and_historical_building,overture,-22.96164321899414,-43.16940689086914,,overture:Triplex Leme:-22.96164:-43.16941
Flat Felipe de Oliveira,landmark_and_historical_building,overture,-22.961456298828125,-43.17594909667969,,overture:Flat Felipe de Oliveira:-22.96146:-43.17595
Edificio Key West,landmark_and_historical_building,overture,-22.96184539794922,-43.174922943115234,,overture:Edificio Key West:-22.96185:-43.17492
Condominio do Edificio Duque de Toledo,landmark_and_historical_building,overture,-22.96194839477539,-43.17414855957031,,overture:Condominio do Edificio Duque de Toledo:-22.96195:-43.17415
Condominio do Edificio Estrela do Leme,landmark_and_historical_building,overture,-22.962026596069336,-43.1738395690918,,overture:Condominio do Edificio Estrela do Leme:-22.96203:-43.17384
rua anchieta,landmark_and_historical_building,overture,-22.962570190429688,-43.17033004760742,,overture:rua anchieta:-22.96257:-43.17033
Edificio Lemar,landmark_and_historical_building,overture,-22.96278190612793,-43.16991424560547,,overture:Edificio Lemar:-22.96278:-43.16991
Condominio do Edificio Rio Copa,landmark_and_historical_building,overture,-22.962940216064453,-43.173583984375,,overture:Condominio do Edificio Rio Copa:-22.96294:-43.17358
Condomínio do Edificio Barcelona 2,landmark_and_historical_building,overture,-22.963224411010742,-43.17667770385742,,overture:Condomínio do Edificio Barcelona 2:-22.96322:-43.17668
Edifício Cosentino,landmark_and_historical_building,overture,-22.963354110717773,-43.17783737182617,,overture:Edifício Cosentino:-22.96335:-43.17784
Condomínio do Edifício Winston,landmark_and_historical_building,overture,-22.962594985961914,-43.17436218261719,,overture:Condomínio do Edifício Winston:-22.96259:-43.17436
Condomínio Edifício Goral,landmark_and_historical_building,overture,-22.962421417236328,-43.17646026611328,,overture:Condomínio Edifício Goral:-22.96242:-43.17646
Vila Militar Copacabana - VMC - Exército - Army,landmark_and_historical_building,overture,-22.962512969970703,-43.17918014526367,,overture:Vila Militar Copacabana - VMC - Exército - Army:-22.96251:-43.17918
Condomínio Mirante dos Oitis,landmark_and_historical_building,overture,-22.963228225708008,-43.18159866333008,,overture:Condomínio Mirante dos Oitis:-22.96323:-43.18160
Mural Babilonia,museum,overture,-22.960342407226562,-43.16975402832031,,overture:Mural Babilonia:-22.96034:-43.16975
Apartamentos Jardins da Babilonia,landmark_and_historical_building,overture,-22.959808349609375,-43.170902252197266,,overture:Apartamentos Jardins da Babilonia:-22.95981:-43.17090
Condominio do Edificio Capemi Hercules,landmark_and_historical_building,overture,-22.9577693939209,-43.1839485168457,,overture:Condominio do Edificio Capemi Hercules:-22.95777:-43.18395
Condominio Esperanca,landmark_and_historical_building,overture,-22.957460403442383,-43.181636810302734,,overture:Condominio Esperanca:-22.95746:-43.18164
Torre Empresarial Rio Sul,topic_concert_venue,overture,-22.95743179321289,-43.176483154296875,,overture:Torre Empresarial Rio Sul:-22.95743:-43.17648
Mirante da Praia Vermelha,landmark_and_historical_building,overture,-22.957441329956055,-43.16515350341797,,overture:Mirante da Praia Vermelha:-22.95744:-43.16515
Ponta Zé Mundongo,landmark_and_historical_building,overture,-22.950000762939453,-43.116676330566406,,overture:Ponta Zé Mundongo:-22.95000:-43.11668
Museu de Geologia da Urca,museum,overture,-22.954320907592773,-43.167320251464844,,overture:Museu de Geologia da Urca:-22.95432:-43.16732
Pan De Azucar,landmark_and_historical_building,overture,-22.95456314086914,-43.16706085205078,,overture:Pan De Azucar:-22.95456:-43.16706
Rio Illusions | Museu de Ilusões,museum,overture,-22.9545841217041,-43.167335510253906,,overture:Rio Illusions | Museu de Ilusões:-22.95458:-43.16734
Sugar Loaf Mountain,monument,overture,-22.954519271850586,-43.16741180419922,,overture:Sugar Loaf Mountain:-22.95452:-43.16741
Monumento Retirada da Laguna,monument,overture,-22.954940795898438,-43.165870666503906,,overture:Monumento Retirada da Laguna:-22.95494:-43.16587
Pomnik Fryderyka Chopina w Rio de Janeiro,monument,overture,-22.95511245727539,-43.16510009765625,,overture:Pomnik Fryderyka Chopina w Rio de Janeiro:-22.95511:-43.16510
Clube Militar,landmark_and_historical_building,overture,-22.95632553100586,-43.16476058959961,,overture:Clube Militar:-22.95633:-43.16476
Museu do Cocuruto,museum,overture,-22.955738067626953,-43.16703796386719,,overture:Museu do Cocuruto:-22.95574:-43.16704
Parque Bondinho,landmark_and_historical_building,overture,-22.955530166625977,-43.16700744628906,,overture:Parque Bondinho:-22.95553:-43.16701
Ed. Gandhi,landmark_and_historical_building,overture,-22.95525550842285,-43.175106048583984,,overture:Ed. Gandhi:-22.95526:-43.17511
Edifício Habitat Urca Gold,landmark_and_historical_building,overture,-22.955646514892578,-43.17392349243164,,overture:Edifício Habitat Urca Gold:-22.95565:-43.17392
Canecão | Rio de Janeiro RJ,topic_concert_venue,overture,-22.956003189086914,-43.17757034301758,,overture:Canecão | Rio de Janeiro RJ:-22.95600:-43.17757
Cachoeira das Fadas-Minas Gerais,landmark_and_historical_building,overture,-22.956796646118164,-43.177276611328125,,overture:Cachoeira das Fadas-Minas Gerais:-22.95680:-43.17728
Edifício Saint Marcel,landmark_and_historical_building,overture,-22.95648956298828,-43.181148529052734,,overture:Edifício Saint Marcel:-22.95649:-43.18115
Arena Estudio,topic_concert_venue,overture,-22.956586837768555,-43.18257141113281,,overture:Arena Estudio:-22.95659:-43.18257
Condomínio Morada do Sol,landmark_and_historical_building,overture,-22.956506729125977,-43.178897857666016,,overture:Condomínio Morada do Sol:-22.95651:-43.17890
Morada do Sol - Bloco D,landmark_and_historical_building,overture,-22.956501007080078,-43.17863464355469,,overture:Morada do Sol - Bloco D:-22.95650:-43.17863
Condomínio do Edifício Nelito Andrada,landmark_and_historical_building,overture,-22.956787109375,-43.18342590332031,,overture:Condomínio do Edifício Nelito Andrada:-22.95679:-43.18343
Palazzo Botafogo,landmark_and_historical_building,overture,-22.956811904907227,-43.184410095214844,,overture:Palazzo Botafogo:-22.95681:-43.18441
Spazio Residencial,landmark_and_historical_building,overture,-22.95700454711914,-43.18461608886719,,overture:Spazio Residencial:-22.95700:-43.18462
Portoalegre,landmark_and_historical_building,overture,-22.957225799560547,-43.18456268310547,,overture:Portoalegre:-22.95723:-43.18456
Condominio do Edificio Etage Premiere,landmark_and_historical_building,overture,-22.9562931060791,-43.18368911743164,,overture:Condominio do Edificio Etage Premiere:-22.95629:-43.18369
Centro Cultural Solar de Botafogo,cultural_center,overture,-22.956327438354492,-43.18626403808594,,overture:Centro Cultural Solar de Botafogo:-22.95633:-43.18626
Condominio do Edificio Spazio Verde Botafogo,landmark_and_historical_building,overture,-22.95619010925293,-43.180912017822266,,overture:Condominio do Edificio Spazio Verde Botafogo:-22.95619:-43.18091
Edifício Pasmado,landmark_and_historical_building,overture,-22.95576286315918,-43.17856979370117,,overture:Edifício Pasmado:-22.95576:-43.17857
Edifício Kings Bay,landmark_and_historical_building,overture,-22.955791473388672,-43.178829193115234,,overture:Edifício Kings Bay:-22.95579:-43.17883
Ed. Gois Monteiro 155,landmark_and_historical_building,overture,-22.955623626708984,-43.178863525390625,,overture:Ed. Gois Monteiro 155:-22.95562:-43.17886
Estúdio Casa Grande,topic_concert_venue,overture,-22.95516014099121,-43.18442153930664,,overture:Estúdio Casa Grande:-22.95516:-43.18442
Edifício Opera Di Milano,landmark_and_historical_building,overture,-22.955171585083008,-43.183349609375,,overture:Edifício Opera Di Milano:-22.95517:-43.18335
Condomínio Edificio Gutnik,landmark_and_historical_building,overture,-22.954998016357422,-43.18441390991211,,overture:Condomínio Edificio Gutnik:-22.95500:-43.18441
Condomínio do Edifício Residencial Helena,landmark_and_historical_building,overture,-22.95467758178711,-43.1811408996582,,overture:Condomínio do Edifício Residencial Helena:-22.95468:-43.18114
Edifício Nobre da Passagem,landmark_and_historical_building,overture,-22.95451545715332,-43.18157196044922,,overture:Edifício Nobre da Passagem:-22.95452:-43.18157
Museu de História Natural da Quinta da Boavista,museum,overture,-22.95443344116211,-43.181610107421875,,overture:Museu de História Natural da Quinta da Boavista:-22.95443:-43.18161
Museu Botafogo,museum,overture,-22.954944610595703,-43.17790985107422,,overture:Museu Botafogo:-22.95494:-43.17791
Edifício San Giovanni,landmark_and_historical_building,overture,-22.954788208007812,-43.17470932006836,,overture:Edifício San Giovanni:-22.95479:-43.17471
Condomínio Nova Urca,landmark_and_historical_building,overture,-22.95477867126465,-43.17393112182617,,overture:Condomínio Nova Urca:-22.95478:-43.17393
Condomínio do Edifício Classe 470,landmark_and_historical_building,overture,-22.954975128173828,-43.173500061035156,,overture:Condomínio do Edifício Classe 470:-22.95498:-43.17350
Centro de Letras e Artes,cultural_center,overture,-22.954805374145508,-43.17012023925781,,overture:Centro de Letras e Artes:-22.95481:-43.17012
Réveillon Cheers,topic_concert_venue,overture,-22.953798294067383,-43.1770133972168,,overture:Réveillon Cheers:-22.95380:-43.17701
Condomínio do Edifício Anambe,landmark_and_historical_building,overture,-22.953203201293945,-43.177833557128906,,overture:Condomínio do Edifício Anambe:-22.95320:-43.17783
Condominio do Edificio Residencial Leticia,landmark_and_historical_building,overture,-22.953392028808594,-43.181541442871094,,overture:Condominio do Edificio Residencial Leticia:-22.95339:-43.18154
Palazzo Di Shangri La,landmark_and_historical_building,overture,-22.954099655151367,-43.18137741088867,,overture:Palazzo Di Shangri La:-22.95410:-43.18138
Condomínio do Edifício Botafogo Spazio,landmark_and_historical_building,overture,-22.953094482421875,-43.186336517333984,,overture:Condomínio do Edifício Botafogo Spazio:-22.95309:-43.18634
Solar Belmonte,landmark_and_historical_building,overture,-22.95302963256836,-43.1837158203125,,overture:Solar Belmonte:-22.95303:-43.18372
Ensina Mais,cultural_center,overture,-22.95294952392578,-43.1818733215332,,overture:Ensina Mais:-22.95295:-43.18187
Condomínio do Edifício Botafogo Greenspace,landmark_and_historical_building,overture,-22.95284652709961,-43.18175506591797,,overture:Condomínio do Edifício Botafogo Greenspace:-22.95285:-43.18176
Edifício Lydia,landmark_and_historical_building,overture,-22.952646255493164,-43.18207931518555,,overture:Edifício Lydia:-22.95265:-43.18208
Condomínio Solar,landmark_and_historical_building,overture,-22.952552795410156,-43.18440246582031,,overture:Condomínio Solar:-22.95255:-43.18440
Ed. Porto Seguro,landmark_and_historical_building,overture,-22.95191764831543,-43.186283111572266,,overture:Ed. Porto Seguro:-22.95192:-43.18628
Condomínio João M Magalhães,landmark_and_historical_building,overture,-22.951927185058594,-43.18556594848633,,overture:Condomínio João M Magalhães:-22.95193:-43.18557
On Botafogo Voluntarios da Patria Cyrela,landmark_and_historical_building,overture,-22.95149803161621,-43.18541717529297,,overture:On Botafogo Voluntarios da Patria Cyrela:-22.95150:-43.18542
Condomínio Presidente Kenedy,landmark_and_historical_building,overture,-22.951501846313477,-43.18474197387695,,overture:Condomínio Presidente Kenedy:-22.95150:-43.18474
TIM Music Noites Cariocas,topic_concert_venue,overture,-22.95132827758789,-43.18054962158203,,overture:TIM Music Noites Cariocas:-22.95133:-43.18055
Reveillon do Morro,topic_concert_venue,overture,-22.951313018798828,-43.18059158325195,,overture:Reveillon do Morro:-22.95131:-43.18059
Edifício Portal da Urca,landmark_and_historical_building,overture,-22.951988220214844,-43.17594528198242,,overture:Edifício Portal da Urca:-22.95199:-43.17595
Apartamento Bartolomeu Portela,landmark_and_historical_building,overture,-22.951679229736328,-43.17657470703125,,overture:Apartamento Bartolomeu Portela:-22.95168:-43.17657
Ed. Pasteur Palace,landmark_and_historical_building,overture,-22.952682495117188,-43.17715072631836,,overture:Ed. Pasteur Palace:-22.95268:-43.17715
Lago de Histórias,cultural_center,overture,-22.950477600097656,-43.16755294799805,,overture:Lago de Histórias:-22.95048:-43.16755
Morro da Urca,landmark_and_historical_building,overture,-22.950889587402344,-43.16376876831055,,overture:Morro da Urca:-22.95089:-43.16377
Sugarloaf Mountain,monument,overture,-22.949750900268555,-43.15623474121094,,overture:Sugarloaf Mountain:-22.94975:-43.15623
Mirante do Pão de Açúcar,landmark_and_historical_building,overture,-22.9495906829834,-43.1566276550293,,overture:Mirante do Pão de Açúcar:-22.94959:-43.15663
Pão de açúcar,landmark_and_historical_building,overture,-22.949453353881836,-43.156349182128906,,overture:Pão de açúcar:-22.94945:-43.15635
Centro Cultural Veneza,cultural_center,overture,-22.95098304748535,-43.175926208496094,,overture:Centro Cultural Veneza:-22.95098:-43.17593
Ginga Tropical,topic_concert_venue,overture,-22.951019287109375,-43.175926208496094,,overture:Ginga Tropical:-22.95102:-43.17593
Condomínio do Edifício Dom Sancho,landmark_and_historical_building,overture,-22.950275421142578,-43.177310943603516,,overture:Condomínio do Edifício Dom Sancho:-22.95028:-43.17731
Condomínio do Edifício Monique,landmark_and_historical_building,overture,-22.950315475463867,-43.17763137817383,,overture:Condomínio do Edifício Monique:-22.95032:-43.17763
Volp 40,landmark_and_historical_building,overture,-22.950613021850586,-43.18330764770508,,overture:Volp 40:-22.95061:-43.18331
Juventus Academy Botafogo,topic_concert_venue,overture,-22.94969367980957,-43.18714141845703,,overture:Juventus Academy Botafogo:-22.94969:-43.18714
Condomínio Piazza Verde,landmark_and_historical_building,overture,-22.949748992919922,-43.18507385253906,,overture:Condomínio Piazza Verde:-22.94975:-43.18507
Botafogo,landmark_and_historical_building,overture,-22.950000762939453,-43.184173583984375,,overture:Botafogo:-22.95000:-43.18417
Apartamento Botafogo Vista Pão de Açúcar,landmark_and_historical_building,overture,-22.950090408325195,-43.181922912597656,,overture:Apartamento Botafogo Vista Pão de Açúcar:-22.95009:-43.18192
Condomínio do Edifício Bel Air,landmark_and_historical_building,overture,-22.949565887451172,-43.18244171142578,,overture:Condomínio do Edifício Bel Air:-22.94957:-43.18244
Botafogo,landmark_and_historical_building,overture,-22.94951629638672,-43.18204879760742,,overture:Botafogo:-22.94952:-43.18205
Edificio Varandas de Sao Clemente,landmark_and_historical_building,overture,-22.94931411743164,-43.18619155883789,,overture:Edificio Varandas de Sao Clemente:-22.94931:-43.18619
Edifício São Clemente,landmark_and_historical_building,overture,-22.949249267578125,-43.18548583984375,,overture:Edifício São Clemente:-22.94925:-43.18549
Fundação Casa de Rui Barbosa,museum,overture,-22.948928833007812,-43.18698501586914,,overture:Fundação Casa de Rui Barbosa:-22.94893:-43.18699
Condomínio do Edifício Costa do Sol,landmark_and_historical_building,overture,-22.94892692565918,-43.18282699584961,,overture:Condomínio do Edifício Costa do Sol:-22.94893:-43.18283
Bolt House,landmark_and_historical_building,overture,-22.94816780090332,-43.1826286315918,,overture:Bolt House:-22.94817:-43.18263
Festa Mug,topic_concert_venue,overture,-22.94902229309082,-43.17961883544922,,overture:Festa Mug:-22.94902:-43.17962
Condominio do Edificio Promenade Bambina,landmark_and_historical_building,overture,-22.947628021240234,-43.1860466003418,,overture:Condominio do Edificio Promenade Bambina:-22.94763:-43.18605
Centro Cultural João XXIII,cultural_center,overture,-22.947467803955078,-43.185791015625,,overture:Centro Cultural João XXIII:-22.94747:-43.18579
Condomínio do Edifício Marechal,landmark_and_historical_building,overture,-22.947298049926758,-43.18709182739258,,overture:Condomínio do Edifício Marechal:-22.94730:-43.18709
Acaso Cultural,cultural_center,overture,-22.946800231933594,-43.18497848510742,,overture:Acaso Cultural:-22.94680:-43.18498
Condomínio Edifício Maragato,landmark_and_historical_building,overture,-22.94662857055664,-43.182918548583984,,overture:Condomínio Edifício Maragato:-22.94663:-43.18292
Condomínio do Edifício Solymar,landmark_and_historical_building,overture,-22.946338653564453,-43.18275833129883,,overture:Condomínio do Edifício Solymar:-22.94634:-43.18276
Raro Palacete Art Déco,landmark_and_historical_building,overture,-22.9462947845459,-43.185123443603516,,overture:Raro Palacete Art Déco:-22.94629:-43.18512
Instituto Cervantes,cultural_center,overture,-22.946006774902344,-43.18465805053711,,overture:Instituto Cervantes:-22.94601:-43.18466
Solar Ouro Preto,topic_concert_venue,overture,-22.945940017700195,-43.18454360961914,,overture:Solar Ouro Preto:-22.94594:-43.18454
Condominio Edificio Ranih,landmark_and_historical_building,overture,-22.945964813232422,-43.182899475097656,,overture:Condominio Edificio Ranih:-22.94596:-43.18290
Edifício Treze de Janeiro,landmark_and_historical_building,overture,-22.945932388305664,-43.183433532714844,,overture:Edifício Treze de Janeiro:-22.94593:-43.18343
Condominio do Edificio Residencial Vivaldi,landmark_and_historical_building,overture,-22.94544219970703,-43.18727111816406,,overture:Condominio do Edificio Residencial Vivaldi:-22.94544:-43.18727
Museu do Esporte do Exercito,museum,overture,-22.945280075073242,-43.16314697265625,,overture:Museu do Esporte do Exercito:-22.94528:-43.16315
"Mont Royal, Montreal Canada",topic_concert_venue,overture,-22.94518280029297,-43.1601676940918,,"overture:Mont Royal, Montreal Canada:-22.94518:-43.16017"
Instituto Zé Gotinha,topic_concert_venue,overture,-22.94721794128418,-43.16202163696289,,overture:Instituto Zé Gotinha:-22.94722:-43.16202
Instituto Cultural Cravo Albin,cultural_center,overture,-22.948686599731445,-43.16355514526367,,overture:Instituto Cultural Cravo Albin:-22.94869:-43.16356
Cukrová homole (hora),landmark_and_historical_building,overture,-22.9486141204834,-43.157222747802734,,overture:Cukrová homole (hora):-22.94861:-43.15722
Portao Historico da Fortaleza de Sao Joao,landmark_and_historical_building,overture,-22.943544387817383,-43.157020568847656,,overture:Portao Historico da Fortaleza de Sao Joao:-22.94354:-43.15702
Muretinha,monument,overture,-22.94349479675293,-43.15999984741211,,overture:Muretinha:-22.94349:-43.16000
Edifício Hércules,landmark_and_historical_building,overture,-22.944007873535156,-43.182220458984375,,overture:Edifício Hércules:-22.94401:-43.18222
Residencial,landmark_and_historical_building,overture,-22.944583892822266,-43.18650436401367,,overture:Residencial:-22.94458:-43.18650
Condomínio do Edifício Jaicós,landmark_and_historical_building,overture,-22.944501876831055,-43.18666458129883,,overture:Condomínio do Edifício Jaicós:-22.94450:-43.18666
Condomínio Vila Assunção,landmark_and_historical_building,overture,-22.9440975189209,-43.186485290527344,,overture:Condomínio Vila Assunção:-22.94410:-43.18649
Condomínio Terraços de Olinda,landmark_and_historical_building,overture,-22.943891525268555,-43.18520736694336,,overture:Condomínio Terraços de Olinda:-22.94389:-43.18521
Condomínio do Edifício Bambina,landmark_and_historical_building,overture,-22.943870544433594,-43.18524932861328,,overture:Condomínio do Edifício Bambina:-22.94387:-43.18525
Edifício Les Palais,landmark_and_historical_building,overture,-22.943496704101562,-43.186073303222656,,overture:Edifício Les Palais:-22.94350:-43.18607
Condomínio do edifício Magnifique,landmark_and_historical_building,overture,-22.94365882873535,-43.18312072753906,,overture:Condomínio do edifício Magnifique:-22.94366:-43.18312
Edifício Nove De Julho,landmark_and_historical_building,overture,-22.94237518310547,-43.180973052978516,,overture:Edifício Nove De Julho:-22.94238:-43.18097
Edifício Âncora,landmark_and_historical_building,overture,-22.942052841186523,-43.18065643310547,,overture:Edifício Âncora:-22.94205:-43.18066
Vinlanda,landmark_and_historical_building,overture,-22.942787170410156,-43.18159484863281,,overture:Vinlanda:-22.94279:-43.18159
Fórum de Ciência e Cultura da UFRJ,cultural_center,overture,-22.942842483520508,-43.174720764160156,,overture:Fórum de Ciência e Cultura da UFRJ:-22.94284:-43.17472
Condomínio do Edifício England,landmark_and_historical_building,overture,-22.94215965270996,-43.17397689819336,,overture:Condomínio do Edifício England:-22.94216:-43.17398
Condomínio do Edifício Vifer,landmark_and_historical_building,overture,-22.942461013793945,-43.1766471862793,,overture:Condomínio do Edifício Vifer:-22.94246:-43.17665
Apolo,landmark_and_historical_building,overture,-22.941661834716797,-43.17631149291992,,overture:Apolo:-22.94166:-43.17631
Museu Carmen Miranda,museum,overture,-22.941368103027344,-43.17216110229492,,overture:Museu Carmen Miranda:-22.94137:-43.17216
Centro Cultural FGV,cultural_center,overture,-22.94097137451172,-43.18012619018555,,overture:Centro Cultural FGV:-22.94097:-43.18013
Condomínio do Edifício Las Casas,landmark_and_historical_building,overture,-22.94121551513672,-43.18077850341797,,overture:Condomínio do Edifício Las Casas:-22.94122:-43.18078
Museu Matheus Martani,museum,overture,-22.94014549255371,-43.17823028564453,,overture:Museu Matheus Martani:-22.94015:-43.17823
Condomínio do Edifício Fizzi Contini,landmark_and_historical_building,overture,-22.939563751220703,-43.1784553527832,,overture:Condomínio do Edifício Fizzi Contini:-22.93956:-43.17846
Edifício Érika,landmark_and_historical_building,overture,-22.93958854675293,-43.179805755615234,,overture:Edifício Érika:-22.93959:-43.17981
Orquestra Petrobrás Sinfônica,topic_concert_venue,overture,-22.93974494934082,-43.180419921875,,overture:Orquestra Petrobrás Sinfônica:-22.93974:-43.18042
Condominio Buena Vista,landmark_and_historical_building,overture,-22.93978500366211,-43.18263626098633,,overture:Condominio Buena Vista:-22.93979:-43.18264
Rio 40,landmark_and_historical_building,overture,-22.939722061157227,-43.17827224731445,,overture:Rio 40:-22.93972:-43.17827
Condominio Edificio Barao De Jundiai,landmark_and_historical_building,overture,-22.93971061706543,-43.17680358886719,,overture:Condominio Edificio Barao De Jundiai:-22.93971:-43.17680
Condomínio Marimbá,landmark_and_historical_building,overture,-22.939449310302734,-43.176666259765625,,overture:Condomínio Marimbá:-22.93945:-43.17667
Condominio do Edificio Bancarios,landmark_and_historical_building,overture,-22.938932418823242,-43.17678451538086,,overture:Condominio do Edificio Bancarios:-22.93893:-43.17678
Condominio do Edificio Flat Size,landmark_and_historical_building,overture,-22.939306259155273,-43.1740837097168,,overture:Condominio do Edificio Flat Size:-22.93931:-43.17408
Monumento Estácio de Sá,monument,overture,-22.940385818481445,-43.17005920410156,,overture:Monumento Estácio de Sá:-22.94039:-43.17006
Edifício Dom Diogo,landmark_and_historical_building,overture,-22.940349578857422,-43.177268981933594,,overture:Edifício Dom Diogo:-22.94035:-43.17727
Condominio Edificio Signore Del Bosco,landmark_and_historical_building,overture,-22.940927505493164,-43.17600631713867,,overture:Condominio Edificio Signore Del Bosco:-22.94093:-43.17601
Morro Cara de Cão,landmark_and_historical_building,overture,-22.940275192260742,-43.15362548828125,,overture:Morro Cara de Cão:-22.94028:-43.15363
Condomínio do Edifício Norsan,landmark_and_historical_building,overture,-22.936992645263672,-43.17742919921875,,overture:Condomínio do Edifício Norsan:-22.93699:-43.17743
Síndico Transparente - Serviços para Condomínios,landmark_and_historical_building,overture,-22.936992645263672,-43.1773567199707,,overture:Síndico Transparente - Serviços para Condomínios:-22.93699:-43.17736
Euzébio Flamengo,landmark_and_historical_building,overture,-22.937339782714844,-43.175289154052734,,overture:Euzébio Flamengo:-22.93734:-43.17529
Condominio do Edificio Charles Baudelaire,landmark_and_historical_building,overture,-22.93742561340332,-43.1741828918457,,overture:Condominio do Edificio Charles Baudelaire:-22.93743:-43.17418
Edifício Solar Visconde Figueiredo,landmark_and_historical_building,overture,-22.937379837036133,-43.176090240478516,,overture:Edifício Solar Visconde Figueiredo:-22.93738:-43.17609
Edifício Presidente Rodrigues Alves,landmark_and_historical_building,overture,-22.937841415405273,-43.176387786865234,,overture:Edifício Presidente Rodrigues Alves:-22.93784:-43.17639
Rio By Yoo,landmark_and_historical_building,overture,-22.93870735168457,-43.171226501464844,,overture:Rio By Yoo:-22.93871:-43.17123
Condomínio do Edifício Barão da Laguna,landmark_and_historical_building,overture,-22.938602447509766,-43.172271728515625,,overture:Condomínio do Edifício Barão da Laguna:-22.93860:-43.17227
Museu Fluminense FC,museum,overture,-22.93624496459961,-43.18465042114258,,overture:Museu Fluminense FC:-22.93624:-43.18465
Condomínio do Edifício Bartholdi,landmark_and_historical_building,overture,-22.93623161315918,-43.18281555175781,,overture:Condomínio do Edifício Bartholdi:-22.93623:-43.18282
Casa 136 Laranjeiras,cultural_center,overture,-22.935924530029297,-43.18094253540039,,overture:Casa 136 Laranjeiras:-22.93592:-43.18094
Condomínio Porto das Palmeiras,landmark_and_historical_building,overture,-22.936058044433594,-43.18046569824219,,overture:Condomínio Porto das Palmeiras:-22.93606:-43.18047
Praça São Salvador,landmark_and_historical_building,overture,-22.936595916748047,-43.177433013916016,,overture:Praça São Salvador:-22.93660:-43.17743
Casa de Arte e Cultura Julieta de Serpa,cultural_center,overture,-22.936410903930664,-43.17448043823242,,overture:Casa de Arte e Cultura Julieta de Serpa:-22.93641:-43.17448
Edifício palacete São Jorge,landmark_and_historical_building,overture,-22.936342239379883,-43.17570877075195,,overture:Edifício palacete São Jorge:-22.93634:-43.17571
Brow,landmark_and_historical_building,overture,-22.93565559387207,-43.17707443237305,,overture:Brow:-22.93566:-43.17707
Edifício Cruz Alta,landmark_and_historical_building,overture,-22.935400009155273,-43.17726135253906,,overture:Edifício Cruz Alta:-22.93540:-43.17726
Condomínio do Edifício Capibaribe,landmark_and_historical_building,overture,-22.935548782348633,-43.17551040649414,,overture:Condomínio do Edifício Capibaribe:-22.93555:-43.17551
Condomínio do Edifício Cote D,landmark_and_historical_building,overture,-22.935365676879883,-43.175262451171875,,overture:Condomínio do Edifício Cote D:-22.93537:-43.17526
Deck Aterro Flamengo,landmark_and_historical_building,overture,-22.935739517211914,-43.17002487182617,,overture:Deck Aterro Flamengo:-22.93574:-43.17002
Murinho da Urca,landmark_and_historical_building,overture,-22.93523406982422,-43.175193786621094,,overture:Murinho da Urca:-22.93523:-43.17519
Condomínio do Edifício Central Park,landmark_and_historical_building,overture,-22.935062408447266,-43.17728805541992,,overture:Condomínio do Edifício Central Park:-22.93506:-43.17729
Condominio do Edificio das Acacias,landmark_and_historical_building,overture,-22.935020446777344,-43.1790657043457,,overture:Condominio do Edificio das Acacias:-22.93502:-43.17907
condominio L`essence,landmark_and_historical_building,overture,-22.934873580932617,-43.185489654541016,,overture:condominio L`essence:-22.93487:-43.18549
Espaço Sobrado,cultural_center,overture,-22.93433952331543,-43.180728912353516,,overture:Espaço Sobrado:-22.93434:-43.18073
Museu Histórico de Campos dos Goytacazes,museum,overture,-22.933853149414062,-43.179901123046875,,overture:Museu Histórico de Campos dos Goytacazes:-22.93385:-43.17990
Condomínio do Edifício Demoiselle,landmark_and_historical_building,overture,-22.934263229370117,-43.18687438964844,,overture:Condomínio do Edifício Demoiselle:-22.93426:-43.18687
Lar 233 Reserva do Bosque Residencial,landmark_and_historical_building,overture,-22.933996200561523,-43.18646240234375,,overture:Lar 233 Reserva do Bosque Residencial:-22.93400:-43.18646
Condo Aluizio de Azevedo,landmark_and_historical_building,overture,-22.933435440063477,-43.187103271484375,,overture:Condo Aluizio de Azevedo:-22.93344:-43.18710
Condomínio do Edifício Zacatecas,landmark_and_historical_building,overture,-22.93301010131836,-43.186458587646484,,overture:Condomínio do Edifício Zacatecas:-22.93301:-43.18646
Condominio do Edificio Imperial Laranjeiras,landmark_and_historical_building,overture,-22.933012008666992,-43.18570327758789,,overture:Condominio do Edificio Imperial Laranjeiras:-22.93301:-43.18570
Palácio de Kensington,monument,overture,-22.932954788208008,-43.183284759521484,,overture:Palácio de Kensington:-22.93295:-43.18328
"Sugar Loaf, Rio de Janeiro",landmark_and_historical_building,overture,-22.93299674987793,-43.183109283447266,,"overture:Sugar Loaf, Rio de Janeiro:-22.93300:-43.18311"
Condomínio do Edifício Kosmos,landmark_and_historical_building,overture,-22.932933807373047,-43.17864990234375,,overture:Condomínio do Edifício Kosmos:-22.93293:-43.17865
Condomínio do Edifício Tabor e Loreto,landmark_and_historical_building,overture,-22.933454513549805,-43.17475891113281,,overture:Condomínio do Edifício Tabor e Loreto:-22.93345:-43.17476
Condomínio do Edifício Serra da Amazônia,landmark_and_historical_building,overture,-22.933496475219727,-43.177947998046875,,overture:Condomínio do Edifício Serra da Amazônia:-22.93350:-43.17795
Verão Rio - O Globo,topic_concert_venue,overture,-22.93297004699707,-43.17475128173828,,overture:Verão Rio - O Globo:-22.93297:-43.17475
Palácio das Águias - Museu da República,history_museum,overture,-22.93321990966797,-43.1754035949707,,overture:Palácio das Águias - Museu da República:-22.93322:-43.17540
Condomínio do Edifício Aracajú,landmark_and_historical_building,overture,-22.933866500854492,-43.17744445800781,,overture:Condomínio do Edifício Aracajú:-22.93387:-43.17744
Ed Celestial,landmark_and_historical_building,overture,-22.93393898010254,-43.17738342285156,,overture:Ed Celestial:-22.93394:-43.17738
Estação Flamengo,landmark_and_historical_building,overture,-22.934093475341797,-43.17604064941406,,overture:Estação Flamengo:-22.93409:-43.17604
Condomínio de Edifício Edith,landmark_and_historical_building,overture,-22.93415069580078,-43.17586898803711,,overture:Condomínio de Edifício Edith:-22.93415:-43.17587
Condominio do Edificio Biarritz,landmark_and_historical_building,overture,-22.934078216552734,-43.17461013793945,,overture:Condominio do Edificio Biarritz:-22.93408:-43.17461
Ponta de Santa Cruz,landmark_and_historical_building,overture,-22.93779182434082,-43.13524627685547,,overture:Ponta de Santa Cruz:-22.93779:-43.13525
Capela de Santa Bárbara,landmark_and_historical_building,overture,-22.93828582763672,-43.131649017333984,,overture:Capela de Santa Bárbara:-22.93829:-43.13165
Centro Cultural Japão,cultural_center,overture,-22.932350158691406,-43.17491149902344,,overture:Centro Cultural Japão:-22.93235:-43.17491
Condomínio do Edifício Varsóvia,landmark_and_historical_building,overture,-22.932239532470703,-43.17582702636719,,overture:Condomínio do Edifício Varsóvia:-22.93224:-43.17583
Condomínio do Edifício Laranjeiras,landmark_and_historical_building,overture,-22.932373046875,-43.18246841430664,,overture:Condomínio do Edifício Laranjeiras:-22.93237:-43.18247
Condomínio Reserva Laranjeiras,landmark_and_historical_building,overture,-22.931875228881836,-43.180381774902344,,overture:Condomínio Reserva Laranjeiras:-22.93188:-43.18038
Cenário Laranjeiras,landmark_and_historical_building,overture,-22.93170738220215,-43.18659973144531,,overture:Cenário Laranjeiras:-22.93171:-43.18660
Museu de Folclore Edison Carneiro,history_museum,overture,-22.931289672851562,-43.1746711730957,,overture:Museu de Folclore Edison Carneiro:-22.93129:-43.17467
Condomínio Bandeirante Brazlenme,landmark_and_historical_building,overture,-22.931222915649414,-43.1764030456543,,overture:Condomínio Bandeirante Brazlenme:-22.93122:-43.17640
Condomínio do Edifício Palacete Valença,landmark_and_historical_building,overture,-22.931182861328125,-43.17578887939453,,overture:Condomínio do Edifício Palacete Valença:-22.93118:-43.17579
Morro do Pico,landmark_and_historical_building,overture,-22.931299209594727,-43.123390197753906,,overture:Morro do Pico:-22.93130:-43.12339
Condomínio Brasília,landmark_and_historical_building,overture,-22.930055618286133,-43.1176872253418,,overture:Condomínio Brasília:-22.93006:-43.11769
Largo do Machado Station,landmark_and_historical_building,overture,-22.93090057373047,-43.178306579589844,,overture:Largo do Machado Station:-22.93090:-43.17831
Condominio do Edificio Quincas Borba,landmark_and_historical_building,overture,-22.930936813354492,-43.175758361816406,,overture:Condominio do Edificio Quincas Borba:-22.93094:-43.17576
Edifício Belém,landmark_and_historical_building,overture,-22.931163787841797,-43.1755256652832,,overture:Edifício Belém:-22.93116:-43.17553
Bairro das Laranjeiras - RJ,landmark_and_historical_building,overture,-22.931121826171875,-43.17851638793945,,overture:Bairro das Laranjeiras - RJ:-22.93112:-43.17852
Vila do Largo,cultural_center,overture,-22.930824279785156,-43.17986297607422,,overture:Vila do Largo:-22.93082:-43.17986
Condominio do Edificio Ilha de Elba,landmark_and_historical_building,overture,-22.930103302001953,-43.181610107421875,,overture:Condominio do Edificio Ilha de Elba:-22.93010:-43.18161
Futuros - Arte e Tecnologia,cultural_center,overture,-22.929960250854492,-43.176513671875,,overture:Futuros - Arte e Tecnologia:-22.92996:-43.17651
Museu das Telecomunicações,art_museum,overture,-22.929960250854492,-43.176513671875,,overture:Museu das Telecomunicações:-22.92996:-43.17651
Musehum,museum,overture,-22.929960250854492,-43.176513671875,,overture:Musehum:-22.92996:-43.17651
Centro Cultural Oduvaldo Viana Filho,cultural_center,overture,-22.930269241333008,-43.17458724975586,,overture:Centro Cultural Oduvaldo Viana Filho:-22.93027:-43.17459
Edifício Alaska,landmark_and_historical_building,overture,-22.92934226989746,-43.17848587036133,,overture:Edifício Alaska:-22.92934:-43.17849
Condomínio do Edifício Maximus,landmark_and_historical_building,overture,-22.928871154785156,-43.17424011230469,,overture:Condomínio do Edifício Maximus:-22.92887:-43.17424
Quartier Carioca,landmark_and_historical_building,overture,-22.92841339111328,-43.17964172363281,,overture:Quartier Carioca:-22.92841:-43.17964
Condomínio do Edifício Jardins do Palácio,landmark_and_historical_building,overture,-22.928123474121094,-43.17672348022461,,overture:Condomínio do Edifício Jardins do Palácio:-22.92812:-43.17672
Villa Rio Eventos,topic_concert_venue,overture,-22.927980422973633,-43.17552185058594,,overture:Villa Rio Eventos:-22.92798:-43.17552
Condomínio Quartier Carioca II,landmark_and_historical_building,overture,-22.9279727935791,-43.179595947265625,,overture:Condomínio Quartier Carioca II:-22.92797:-43.17960
Condominio do Edificio Palacete Seabra,landmark_and_historical_building,overture,-22.927640914916992,-43.17386245727539,,overture:Condominio do Edificio Palacete Seabra:-22.92764:-43.17386
Parque Criativo,topic_concert_venue,overture,-22.927810668945312,-43.17369842529297,,overture:Parque Criativo:-22.92781:-43.17370
Condomínio do Edifício Guarabira,landmark_and_historical_building,overture,-22.927833557128906,-43.17388916015625,,overture:Condomínio do Edifício Guarabira:-22.92783:-43.17389
Edifício Serro Azul,landmark_and_historical_building,overture,-22.927379608154297,-43.17939758300781,,overture:Edifício Serro Azul:-22.92738:-43.17940
Condominio do Edificio Monterrey - Flamengo,landmark_and_historical_building,overture,-22.92694664001465,-43.17559814453125,,overture:Condominio do Edificio Monterrey - Flamengo:-22.92695:-43.17560
Centro Cultural Correia Lima,cultural_center,overture,-22.92682456970215,-43.179420471191406,,overture:Centro Cultural Correia Lima:-22.92682:-43.17942
Condomínio Palácio das Águias,landmark_and_historical_building,overture,-22.926477432250977,-43.17680358886719,,overture:Condomínio Palácio das Águias:-22.92648:-43.17680
Museu de Folclore Edison Carneiro,museum,overture,-22.9265193939209,-43.17650604248047,,overture:Museu de Folclore Edison Carneiro:-22.92652:-43.17651
Centro Nacional de Flocore e Cultura Popular,museum,overture,-22.926292419433594,-43.17646408081055,,overture:Centro Nacional de Flocore e Cultura Popular:-22.92629:-43.17646
Bento Lisboa Catete,landmark_and_historical_building,overture,-22.92626190185547,-43.179443359375,,overture:Bento Lisboa Catete:-22.92626:-43.17944
Rua Bento Lisboa 36,landmark_and_historical_building,overture,-22.92608642578125,-43.1795654296875,,overture:Rua Bento Lisboa 36:-22.92609:-43.17957
Museu da República,museum,overture,-22.9258975982666,-43.17634963989258,,overture:Museu da República:-22.92590:-43.17635
Palácio do Catete,history_museum,overture,-22.925893783569336,-43.17620086669922,,overture:Palácio do Catete:-22.92589:-43.17620
Catete Palace,landmark_and_historical_building,overture,-22.925878524780273,-43.17620086669922,,overture:Catete Palace:-22.92588:-43.17620
Museu da República (Palácio do Catete),history_museum,overture,-22.925872802734375,-43.17620849609375,,overture:Museu da República (Palácio do Catete):-22.92587:-43.17621
Galeria Mestre Vitalino,art_museum,overture,-22.925739288330078,-43.17658996582031,,overture:Galeria Mestre Vitalino:-22.92574:-43.17659
Condomínio do Edifício Rio Carioca,landmark_and_historical_building,overture,-22.925020217895508,-43.17308044433594,,overture:Condomínio do Edifício Rio Carioca:-22.92502:-43.17308
Condomínio do Edificio Manuela,landmark_and_historical_building,overture,-22.92481803894043,-43.17938232421875,,overture:Condomínio do Edificio Manuela:-22.92482:-43.17938
Mirante Do Ttk,landmark_and_historical_building,overture,-22.924293518066406,-43.18169021606445,,overture:Mirante Do Ttk:-22.92429:-43.18169
Edifício Prince d'Orange,landmark_and_historical_building,overture,-22.92426300048828,-43.1786003112793,,overture:Edifício Prince d'Orange:-22.92426:-43.17860
Espaço Terra Mater,cultural_center,overture,-22.923757553100586,-43.17596435546875,,overture:Espaço Terra Mater:-22.92376:-43.17596
Mirante do Rato Molhado,landmark_and_historical_building,overture,-22.92378807067871,-43.18670654296875,,overture:Mirante do Rato Molhado:-22.92379:-43.18671
Morro Santo Amaro,landmark_and_historical_building,overture,-22.92361068725586,-43.180564880371094,,overture:Morro Santo Amaro:-22.92361:-43.18056
200 (Cresa),landmark_and_historical_building,overture,-22.922740936279297,-43.183841705322266,,overture:200 (Cresa):-22.92274:-43.18384
Glória Residencial,landmark_and_historical_building,overture,-22.922792434692383,-43.172828674316406,,overture:Glória Residencial:-22.92279:-43.17283
Condomínio do Edifício Glória Del'Art,landmark_and_historical_building,overture,-22.922494888305664,-43.17405700683594,,overture:Condomínio do Edifício Glória Del'Art:-22.92249:-43.17406
Condomínio Estoril,landmark_and_historical_building,overture,-22.922643661499023,-43.18077087402344,,overture:Condomínio Estoril:-22.92264:-43.18077
Aprazivel 55,topic_concert_venue,overture,-22.9226131439209,-43.187313079833984,,overture:Aprazivel 55:-22.92261:-43.18731
Santo Samba RJ,topic_concert_venue,overture,-22.92218017578125,-43.18703079223633,,overture:Santo Samba RJ:-22.92218:-43.18703
TK Souvenir,museum,overture,-22.922090530395508,-43.176246643066406,,overture:TK Souvenir:-22.92209:-43.17625
Monumento a São Sebastião,monument,overture,-22.921894073486328,-43.1741943359375,,overture:Monumento a São Sebastião:-22.92189:-43.17419
Condomínio do Edifício Teto Benjamin Constant,landmark_and_historical_building,overture,-22.921735763549805,-43.18246841430664,,overture:Condomínio do Edifício Teto Benjamin Constant:-22.92174:-43.18247
Bloco Céu Na Terra,cultural_center,overture,-22.921537399291992,-43.18606185913086,,overture:Bloco Céu Na Terra:-22.92154:-43.18606
Espaço Cultural Casa da Glória,cultural_center,overture,-22.921585083007812,-43.1759147644043,,overture:Espaço Cultural Casa da Glória:-22.92159:-43.17591
Memorial Getúlio Vargas,cultural_center,overture,-22.921648025512695,-43.173519134521484,,overture:Memorial Getúlio Vargas:-22.92165:-43.17352
Condominio do Edificio Nossa Senhora do Outeiro,landmark_and_historical_building,overture,-22.92178726196289,-43.1749267578125,,overture:Condominio do Edificio Nossa Senhora do Outeiro:-22.92179:-43.17493
Villa Venturosa,landmark_and_historical_building,overture,-22.92133331298828,-43.17584228515625,,overture:Villa Venturosa:-22.92133:-43.17584
Casa Música & Inovação,topic_concert_venue,overture,-22.921422958374023,-43.181671142578125,,overture:Casa Música & Inovação:-22.92142:-43.18167
Capacete Centro Cultural,cultural_center,overture,-22.9213924407959,-43.18112564086914,,overture:Capacete Centro Cultural:-22.92139:-43.18113
Largo do Guimaraes,landmark_and_historical_building,overture,-22.921405792236328,-43.185977935791016,,overture:Largo do Guimaraes:-22.92141:-43.18598
Taura,cultural_center,overture,-22.92120361328125,-43.1871337890625,,overture:Taura:-22.92120:-43.18713
Condomínio do Edifício Guacy,landmark_and_historical_building,overture,-22.921112060546875,-43.18063735961914,,overture:Condomínio do Edifício Guacy:-22.92111:-43.18064
Quilombo Cultural Brasil México França,cultural_center,overture,-22.920726776123047,-43.18115234375,,overture:Quilombo Cultural Brasil México França:-22.92073:-43.18115
Casarao dos Prazeres,history_museum,overture,-22.92063331604004,-43.184906005859375,,overture:Casarao dos Prazeres:-22.92063:-43.18491
Casa da Colina,landmark_and_historical_building,overture,-22.92055320739746,-43.182106018066406,,overture:Casa da Colina:-22.92055:-43.18211
Casa Coletiva | Rio de Janeiro RJ,cultural_center,overture,-22.920507431030273,-43.185691833496094,,overture:Casa Coletiva | Rio de Janeiro RJ:-22.92051:-43.18569
Época De Glória Feira De Antiguidades e Artes,topic_concert_venue,overture,-22.920080184936523,-43.17052459716797,,overture:Época De Glória Feira De Antiguidades e Artes:-22.92008:-43.17052
Condomínio Edifício Varandas da Glória,landmark_and_historical_building,overture,-22.920082092285156,-43.17976379394531,,overture:Condomínio Edifício Varandas da Glória:-22.92008:-43.17976
Complexo de Bondes de Santa Teresa,history_museum,overture,-22.920120239257812,-43.18587112426758,,overture:Complexo de Bondes de Santa Teresa:-22.92012:-43.18587
LED,topic_concert_venue,overture,-22.91965675354004,-43.17890167236328,,overture:LED:-22.91966:-43.17890
"Rua Candido Mendes, 240, Gloria",landmark_and_historical_building,overture,-22.919719696044922,-43.18032455444336,,"overture:Rua Candido Mendes, 240, Gloria:-22.91972:-43.18032"
Condomínio do Edifício Rony,landmark_and_historical_building,overture,-22.919818878173828,-43.179847717285156,,overture:Condomínio do Edifício Rony:-22.91982:-43.17985
Edifício Stela Angelorum,landmark_and_historical_building,overture,-22.919767379760742,-43.177085876464844,,overture:Edifício Stela Angelorum:-22.91977:-43.17709
Museu Oi Futuro - Museu das Telecomunisações RJ,museum,overture,-22.919710159301758,-43.17184066772461,,overture:Museu Oi Futuro - Museu das Telecomunisações RJ:-22.91971:-43.17184
Caravana da Ciência,museum,overture,-22.918703079223633,-43.177146911621094,,overture:Caravana da Ciência:-22.91870:-43.17715
Museu Casa de Benjamin Constant,history_museum,overture,-22.918983459472656,-43.18693542480469,,overture:Museu Casa de Benjamin Constant:-22.91898:-43.18694
Ladeira do Castro,landmark_and_historical_building,overture,-22.918798446655273,-43.18596267700195,,overture:Ladeira do Castro:-22.91880:-43.18596
Monumento ao Almirante Barroso Barao do Amazonas,monument,overture,-22.91851806640625,-43.1759147644043,,overture:Monumento ao Almirante Barroso Barao do Amazonas:-22.91852:-43.17591
Studios Nogueira Lopes,landmark_and_historical_building,overture,-22.9180965423584,-43.18408203125,,overture:Studios Nogueira Lopes:-22.91810:-43.18408
Chácara do Céu,art_museum,overture,-22.91794776916504,-43.18294906616211,,overture:Chácara do Céu:-22.91795:-43.18295
Expo.riocervejeiro,topic_concert_venue,overture,-22.91815185546875,-43.17636489868164,,overture:Expo.riocervejeiro:-22.91815:-43.17636
LoveLands,topic_concert_venue,overture,-22.918081283569336,-43.169151306152344,,overture:LoveLands:-22.91808:-43.16915
ATO       Paulo Denizot,topic_concert_venue,overture,-22.9177303314209,-43.17817306518555,,overture:ATO       Paulo Denizot:-22.91773:-43.17817
Edifício Van Conde Lage,landmark_and_historical_building,overture,-22.91762351989746,-43.17787170410156,,overture:Edifício Van Conde Lage:-22.91762:-43.17787
Museu Raymundo Ottoni Castro Maya,art_museum,overture,-22.917781829833984,-43.18159103393555,,overture:Museu Raymundo Ottoni Castro Maya:-22.91778:-43.18159
Parque das Ruínas,landmark_and_historical_building,overture,-22.917797088623047,-43.182315826416016,,overture:Parque das Ruínas:-22.91780:-43.18232
Centro Cultural Municipal Parque das Ruínas,cultural_center,overture,-22.917470932006836,-43.18247985839844,,overture:Centro Cultural Municipal Parque das Ruínas:-22.91747:-43.18248
Instituto Brasileiro de Museus - Ibram,museum,overture,-22.917451858520508,-43.18289566040039,,overture:Instituto Brasileiro de Museus - Ibram:-22.91745:-43.18290
Museu da Chácara do Céu,art_museum,overture,-22.9173641204834,-43.18417739868164,,overture:Museu da Chácara do Céu:-22.91736:-43.18418
Centro Cultural Benjamin Peret,cultural_center,overture,-22.91719627380371,-43.17892074584961,,overture:Centro Cultural Benjamin Peret:-22.91720:-43.17892
Condomínio do Edifício Farroupilha,landmark_and_historical_building,overture,-22.917329788208008,-43.178775787353516,,overture:Condomínio do Edifício Farroupilha:-22.91733:-43.17878
Condomínio do Edifício Santo Antônio,landmark_and_historical_building,overture,-22.917098999023438,-43.177886962890625,,overture:Condomínio do Edifício Santo Antônio:-22.91710:-43.17789
Forest Lounge,topic_concert_venue,overture,-22.916610717773438,-43.183040618896484,,overture:Forest Lounge:-22.91661:-43.18304
Jardim Paris,landmark_and_historical_building,overture,-22.913516998291016,-43.10089874267578,,overture:Jardim Paris:-22.91352:-43.10090
Chácara Froes,landmark_and_historical_building,overture,-22.91351318359375,-43.10960006713867,,overture:Chácara Froes:-22.91351:-43.10960
Castelo Studio,topic_concert_venue,overture,-22.913883209228516,-43.102149963378906,,overture:Castelo Studio:-22.91388:-43.10215
Espaço Movimento,cultural_center,overture,-22.916229248046875,-43.177860260009766,,overture:Espaço Movimento:-22.91623:-43.17786
Festival Panorama,cultural_center,overture,-22.91631317138672,-43.177486419677734,,overture:Festival Panorama:-22.91631:-43.17749
Monumento Nacional aos Mortos da Segunda Guerra Mundial,monument,overture,-22.916582107543945,-43.173397064208984,,overture:Monumento Nacional aos Mortos da Segunda Guerra Mundial:-22.91658:-43.17340
Museu da Ii Guerra Mundial,museum,overture,-22.916513442993164,-43.174041748046875,,overture:Museu da Ii Guerra Mundial:-22.91651:-43.17404
Monumento aos Pracinhas,monument,overture,-22.916580200195312,-43.17390823364258,,overture:Monumento aos Pracinhas:-22.91658:-43.17391
Selarón Apartments,landmark_and_historical_building,overture,-22.91644859313965,-43.17938232421875,,overture:Selarón Apartments:-22.91645:-43.17938
Residencial Avellino's,landmark_and_historical_building,overture,-22.916528701782227,-43.178401947021484,,overture:Residencial Avellino's:-22.91653:-43.17840
GaHub,topic_concert_venue,overture,-22.916011810302734,-43.183963775634766,,overture:GaHub:-22.91601:-43.18396
Othello Centro Cultural,cultural_center,overture,-22.91577911376953,-43.17726135253906,,overture:Othello Centro Cultural:-22.91578:-43.17726
Scalinata Selarón,art_museum,overture,-22.915699005126953,-43.178958892822266,,overture:Scalinata Selarón:-22.91570:-43.17896
Selaron Steps,landmark_and_historical_building,overture,-22.9155330657959,-43.179656982421875,,overture:Selaron Steps:-22.91553:-43.17966
Славянская Культура,cultural_center,overture,-22.915714263916016,-43.17776870727539,,overture:Славянская Культура:-22.91571:-43.17777
Condominio Edificio Barao de Maua,landmark_and_historical_building,overture,-22.9150333404541,-43.176536560058594,,overture:Condominio Edificio Barao de Maua:-22.91503:-43.17654
Saravá Bien,cultural_center,overture,-22.915311813354492,-43.17668151855469,,overture:Saravá Bien:-22.91531:-43.17668
Beco da Pantera,landmark_and_historical_building,overture,-22.915220260620117,-43.176902770996094,,overture:Beco da Pantera:-22.91522:-43.17690
Condominio do Edificio Chacara da Cidade,landmark_and_historical_building,overture,-22.915102005004883,-43.185794830322266,,overture:Condominio do Edificio Chacara da Cidade:-22.91510:-43.18579
Murals in the Lapa district,landmark_and_historical_building,overture,-22.915111541748047,-43.17902755737305,,overture:Murals in the Lapa district:-22.91511:-43.17903
Instawalk Rio,topic_concert_venue,overture,-22.914997100830078,-43.18700408935547,,overture:Instawalk Rio:-22.91500:-43.18700
Centro/lapa Residencial,landmark_and_historical_building,overture,-22.91497039794922,-43.187110900878906,,overture:Centro/lapa Residencial:-22.91497:-43.18711
Apartamento Riachuelo,landmark_and_historical_building,overture,-22.91493797302246,-43.18534469604492,,overture:Apartamento Riachuelo:-22.91494:-43.18534
Condominio do Edificio Oswaldo Arruda Camargo,landmark_and_historical_building,overture,-22.91480255126953,-43.18525314331055,,overture:Condominio do Edificio Oswaldo Arruda Camargo:-22.91480:-43.18525
Espaço Culturals,topic_concert_venue,overture,-22.914880752563477,-43.178714752197266,,overture:Espaço Culturals:-22.91488:-43.17871
Instituto Histórico e Geográfico Brasileiro,history_museum,overture,-22.914628982543945,-43.176570892333984,,overture:Instituto Histórico e Geográfico Brasileiro:-22.91463:-43.17657
Residência oficial do Lucival,landmark_and_historical_building,overture,-22.91448211669922,-43.184051513671875,,overture:Residência oficial do Lucival:-22.91448:-43.18405
Back to 2000,topic_concert_venue,overture,-22.914493560791016,-43.18333053588867,,overture:Back to 2000:-22.91449:-43.18333
Casa Afrodai,cultural_center,overture,-22.91438102722168,-43.1795654296875,,overture:Casa Afrodai:-22.91438:-43.17957
Condomínio Cores da Lapa,landmark_and_historical_building,overture,-22.91425132751465,-43.18317413330078,,overture:Condomínio Cores da Lapa:-22.91425:-43.18317
Mural de Eduardo Kobra em homenagem a Ayrton Senna,monument,overture,-22.914173126220703,-43.17902374267578,,overture:Mural de Eduardo Kobra em homenagem a Ayrton Senna:-22.91417:-43.17902
Terraço Panorâmico,landmark_and_historical_building,overture,-22.914140701293945,-43.167091369628906,,overture:Terraço Panorâmico:-22.91414:-43.16709
Grupo Firmamento,topic_concert_venue,overture,-22.913955688476562,-43.16872787475586,,overture:Grupo Firmamento:-22.91396:-43.16873
Cinemateca do MAM,art_museum,overture,-22.913820266723633,-43.17283630371094,,overture:Cinemateca do MAM:-22.91382:-43.17284
Cantina do Mam,art_museum,overture,-22.914005279541016,-43.17272186279297,,overture:Cantina do Mam:-22.91401:-43.17272
Museu da Imagem e do Som (MIS),museum,overture,-22.91398811340332,-43.178558349609375,,overture:Museu da Imagem e do Som (MIS):-22.91399:-43.17856
Condomínio Business,landmark_and_historical_building,overture,-22.914012908935547,-43.18241882324219,,overture:Condomínio Business:-22.91401:-43.18242
Santuário de Seu Zé Pelintra,topic_concert_venue,overture,-22.914026260375977,-43.180179595947266,,overture:Santuário de Seu Zé Pelintra:-22.91403:-43.18018
MIS / Museu da Imagem e do Som,museum,overture,-22.91408920288086,-43.17859649658203,,overture:MIS / Museu da Imagem e do Som:-22.91409:-43.17860
Majestade Show,topic_concert_venue,overture,-22.913782119750977,-43.17911911010742,,overture:Majestade Show:-22.91378:-43.17912
Cine Lapa,topic_concert_venue,overture,-22.913753509521484,-43.179290771484375,,overture:Cine Lapa:-22.91375:-43.17929
Febarj,cultural_center,overture,-22.91359519958496,-43.17972183227539,,overture:Febarj:-22.91360:-43.17972
Rock Experience,cultural_center,overture,-22.913677215576172,-43.18117904663086,,overture:Rock Experience:-22.91368:-43.18118
Bendito Domingo,topic_concert_venue,overture,-22.913660049438477,-43.1723518371582,,overture:Bendito Domingo:-22.91366:-43.17235
Museu de Arte Moderna do Rio de Janeiro,modern_art_museum,overture,-22.913673400878906,-43.1718635559082,,overture:Museu de Arte Moderna do Rio de Janeiro:-22.91367:-43.17186
Museu da Imagem e do Som,museum,overture,-22.913700103759766,-43.17220687866211,,overture:Museu da Imagem e do Som:-22.91370:-43.17221
MAM Rio,museum,overture,-22.913419723510742,-43.17182922363281,,overture:MAM Rio:-22.91342:-43.17183
Vivo Rio,topic_concert_venue,overture,-22.913427352905273,-43.1714973449707,,overture:Vivo Rio:-22.91343:-43.17150
Novos Bambas do Velho Samba,topic_concert_venue,overture,-22.913352966308594,-43.18148422241211,,overture:Novos Bambas do Velho Samba:-22.91335:-43.18148
Casarão Cultural dos Arcos,landmark_and_historical_building,overture,-22.913434982299805,-43.18073272705078,,overture:Casarão Cultural dos Arcos:-22.91343:-43.18073
Malê - Espaço Cultural e Gastronômico,topic_concert_venue,overture,-22.913192749023438,-43.18114471435547,,overture:Malê - Espaço Cultural e Gastronômico:-22.91319:-43.18114
Rebolation • A Festa,topic_concert_venue,overture,-22.913190841674805,-43.18111038208008,,overture:Rebolation • A Festa:-22.91319:-43.18111
Condomínio do Edifício Pedras Negras,landmark_and_historical_building,overture,-22.91314125061035,-43.185916900634766,,overture:Condomínio do Edifício Pedras Negras:-22.91314:-43.18592
Niño de Artes Luiz Mendonça,topic_concert_venue,overture,-22.9130916595459,-43.1829719543457,,overture:Niño de Artes Luiz Mendonça:-22.91309:-43.18297
Arcos Da Lapa - Vida Boemia Do Rio De Janeiro,landmark_and_historical_building,overture,-22.912952423095703,-43.18324661254883,,overture:Arcos Da Lapa - Vida Boemia Do Rio De Janeiro:-22.91295:-43.18325
Limonada Cultural,cultural_center,overture,-22.913108825683594,-43.1812858581543,,overture:Limonada Cultural:-22.91311:-43.18129
Dra Taianny Mendes,topic_concert_venue,overture,-22.91312026977539,-43.18111038208008,,overture:Dra Taianny Mendes:-22.91312:-43.18111
Cazinha 021 ,topic_concert_venue,overture,-22.91312026977539,-43.1810302734375,,overture:Cazinha 021 :-22.91312:-43.18103
Casa de Shows,topic_concert_venue,overture,-22.913089752197266,-43.17132568359375,,overture:Casa de Shows:-22.91309:-43.17133
Hub Co-Living,landmark_and_historical_building,overture,-22.912662506103516,-43.17766571044922,,overture:Hub Co-Living:-22.91266:-43.17767
Obelisco da Avenida Rio Branco,landmark_and_historical_building,overture,-22.9127140045166,-43.1747932434082,,overture:Obelisco da Avenida Rio Branco:-22.91271:-43.17479
Parque das Ruínas / Museu da Chácara do Céu,museum,overture,-22.912790298461914,-43.177146911621094,,overture:Parque das Ruínas / Museu da Chácara do Céu:-22.91279:-43.17715
Arcos da Lapa,landmark_and_historical_building,overture,-22.912853240966797,-43.179779052734375,,overture:Arcos da Lapa:-22.91285:-43.17978
Condomínio Do Edifício Nazareth,landmark_and_historical_building,overture,-22.912899017333984,-43.186073303222656,,overture:Condomínio Do Edifício Nazareth:-22.91290:-43.18607
Bear Nation,topic_concert_venue,overture,-22.91288185119629,-43.18534469604492,,overture:Bear Nation:-22.91288:-43.18534
Espaço Cultural Cozinha da Lapa,cultural_center,overture,-22.912776947021484,-43.18514633178711,,overture:Espaço Cultural Cozinha da Lapa:-22.91278:-43.18515
Aqueduto da Carioca,landmark_and_historical_building,overture,-22.91259765625,-43.17985153198242,,overture:Aqueduto da Carioca:-22.91260:-43.17985
Acueducto Carioca,landmark_and_historical_building,overture,-22.91259765625,-43.17985153198242,,overture:Acueducto Carioca:-22.91260:-43.17985
Centro Cultural Fundição Progresso,cultural_center,overture,-22.912513732910156,-43.18024826049805,,overture:Centro Cultural Fundição Progresso:-22.91251:-43.18025
Fundição Progresso,cultural_center,overture,-22.912487030029297,-43.18055725097656,,overture:Fundição Progresso:-22.91249:-43.18056
Anjos&Assis Corretagem de Imóveis,landmark_and_historical_building,overture,-22.91239356994629,-43.17797088623047,,overture:Anjos&Assis Corretagem de Imóveis:-22.91239:-43.17797
Museu da Força Expedicionária Brasileira,museum,overture,-22.91225242614746,-43.17831039428711,,overture:Museu da Força Expedicionária Brasileira:-22.91225:-43.17831
Espaço Cultural de Angola,cultural_center,overture,-22.91228485107422,-43.17446517944336,,overture:Espaço Cultural de Angola:-22.91228:-43.17447
Banca Do Blues,topic_concert_venue,overture,-22.912155151367188,-43.17500686645508,,overture:Banca Do Blues:-22.91216:-43.17501
Especialista Em Financiamento De Imóveis,landmark_and_historical_building,overture,-22.912160873413086,-43.175010681152344,,overture:Especialista Em Financiamento De Imóveis:-22.91216:-43.17501
Centro Cultural Casa da FEB,cultural_center,overture,-22.91217803955078,-43.1782341003418,,overture:Centro Cultural Casa da FEB:-22.91218:-43.17823
Comunidade do Vidigal,landmark_and_historical_building,overture,-22.912322998046875,-43.183380126953125,,overture:Comunidade do Vidigal:-22.91232:-43.18338
Condomínio Do Edifício Yamajó,landmark_and_historical_building,overture,-22.912090301513672,-43.184715270996094,,overture:Condomínio Do Edifício Yamajó:-22.91209:-43.18472
Charme do Rio Antigo,topic_concert_venue,overture,-22.912128448486328,-43.18259048461914,,overture:Charme do Rio Antigo:-22.91213:-43.18259
Havana Carioca rj,museum,overture,-22.912002563476562,-43.181583404541016,,overture:Havana Carioca rj:-22.91200:-43.18158
Havana 59,cultural_center,overture,-22.911930084228516,-43.18272018432617,,overture:Havana 59:-22.91193:-43.18272
Castelo Fiocruz Rj Brasil,cultural_center,overture,-22.91193962097168,-43.183937072753906,,overture:Castelo Fiocruz Rj Brasil:-22.91194:-43.18394
Instituto de Pesquisas das Culturas Negras,cultural_center,overture,-22.912015914916992,-43.18729019165039,,overture:Instituto de Pesquisas das Culturas Negras:-22.91202:-43.18729
Building Viva Lapa,landmark_and_historical_building,overture,-22.911785125732422,-43.183536529541016,,overture:Building Viva Lapa:-22.91179:-43.18354
"Celaron's Step, Lapa",monument,overture,-22.911823272705078,-43.18465042114258,,"overture:Celaron's Step, Lapa:-22.91182:-43.18465"
Edifício Civitas B,landmark_and_historical_building,overture,-22.911771774291992,-43.174278259277344,,overture:Edifício Civitas B:-22.91177:-43.17428
Condomínio Solar da Praia,landmark_and_historical_building,overture,-22.91242790222168,-43.10858154296875,,overture:Condomínio Solar da Praia:-22.91243:-43.10858
Museu Astronomico,art_museum,overture,-22.91215705871582,-43.10837936401367,,overture:Museu Astronomico:-22.91216:-43.10838
Sunset Icaraí LANÇAMENTO,landmark_and_historical_building,overture,-22.911958694458008,-43.107234954833984,,overture:Sunset Icaraí LANÇAMENTO:-22.91196:-43.10723
Condominio do Edificio Castelo de Icarai,landmark_and_historical_building,overture,-22.91204071044922,-43.10736083984375,,overture:Condominio do Edificio Castelo de Icarai:-22.91204:-43.10736
London Residencial Design,landmark_and_historical_building,overture,-22.91168975830078,-43.10781478881836,,overture:London Residencial Design:-22.91169:-43.10781
Edifício York Place,landmark_and_historical_building,overture,-22.911590576171875,-43.10605239868164,,overture:Edifício York Place:-22.91159:-43.10605
Museu do Catavento Sao Paulo,museum,overture,-22.91140365600586,-43.107269287109375,,overture:Museu do Catavento Sao Paulo:-22.91140:-43.10727
Condomínio do Edifício Essencial Residence,landmark_and_historical_building,overture,-22.910964965820312,-43.106510162353516,,overture:Condomínio do Edifício Essencial Residence:-22.91096:-43.10651
Meu lar,landmark_and_historical_building,overture,-22.911090850830078,-43.10627365112305,,overture:Meu lar:-22.91109:-43.10627
Loft Premium,landmark_and_historical_building,overture,-22.91121482849121,-43.10530090332031,,overture:Loft Premium:-22.91121:-43.10530
Condominio do Edificio Rosana,landmark_and_historical_building,overture,-22.910518646240234,-43.103694915771484,,overture:Condominio do Edificio Rosana:-22.91052:-43.10369
Foco Assessoria Esportiva,topic_concert_venue,overture,-22.910884857177734,-43.10988235473633,,overture:Foco Assessoria Esportiva:-22.91088:-43.10988
Condomínio do Edifício Van Der Hayder,landmark_and_historical_building,overture,-22.910377502441406,-43.10169219970703,,overture:Condomínio do Edifício Van Der Hayder:-22.91038:-43.10169
Condomínio do Icaraí Towers Residencial Club,landmark_and_historical_building,overture,-22.910356521606445,-43.102996826171875,,overture:Condomínio do Icaraí Towers Residencial Club:-22.91036:-43.10300
Condomínio do Edifício Metrópole,landmark_and_historical_building,overture,-22.911405563354492,-43.17363357543945,,overture:Condomínio do Edifício Metrópole:-22.91141:-43.17363
Residencial Ubaldino Centro,landmark_and_historical_building,overture,-22.911399841308594,-43.18660354614258,,overture:Residencial Ubaldino Centro:-22.91140:-43.18660
Cine Teatro Drive-In,topic_concert_venue,overture,-22.911317825317383,-43.17798614501953,,overture:Cine Teatro Drive-In:-22.91132:-43.17799
Memorial Bernardo Monteverde,history_museum,overture,-22.911237716674805,-43.17793655395508,,overture:Memorial Bernardo Monteverde:-22.91124:-43.17794
Mcdesom Producao De Eventos,topic_concert_venue,overture,-22.911279678344727,-43.17522430419922,,overture:Mcdesom Producao De Eventos:-22.91128:-43.17522
MAAS Museu Arquidiocesano de Arte Sacra do Rio de Janeiro,art_museum,overture,-22.910724639892578,-43.18042755126953,,overture:MAAS Museu Arquidiocesano de Arte Sacra do Rio de Janeiro:-22.91072:-43.18043
Palácio Maçônico do Lavradio,topic_concert_venue,overture,-22.910512924194336,-43.18281173706055,,overture:Palácio Maçônico do Lavradio:-22.91051:-43.18281
Centro Cultural Justiça Federal,cultural_center,overture,-22.910539627075195,-43.17530822753906,,overture:Centro Cultural Justiça Federal:-22.91054:-43.17531
Condomínio do Edifício Sisalmex,landmark_and_historical_building,overture,-22.910533905029297,-43.1745719909668,,overture:Condomínio do Edifício Sisalmex:-22.91053:-43.17457
Monumento do Soldado Desconhecido,monument,overture,-22.91057586669922,-43.17109680175781,,overture:Monumento do Soldado Desconhecido:-22.91058:-43.17110
Cena Carioca,landmark_and_historical_building,overture,-22.910865783691406,-43.176116943359375,,overture:Cena Carioca:-22.91087:-43.17612
Monumento à Paz Mundial,monument,overture,-22.910526275634766,-43.16860580444336,,overture:Monumento à Paz Mundial:-22.91053:-43.16861
A Maison | Espaço Cultural da França,cultural_center,overture,-22.910192489624023,-43.17153549194336,,overture:A Maison | Espaço Cultural da França:-22.91019:-43.17154
Centro Cultural Japão,cultural_center,overture,-22.9102725982666,-43.17262649536133,,overture:Centro Cultural Japão:-22.91027:-43.17263
Istituto Italiano di Cultura di Rio de Janeiro,cultural_center,overture,-22.910240173339844,-43.171630859375,,overture:Istituto Italiano di Cultura di Rio de Janeiro:-22.91024:-43.17163
Condomínio do Edifício Marcelle,landmark_and_historical_building,overture,-22.910465240478516,-43.17057800292969,,overture:Condomínio do Edifício Marcelle:-22.91047:-43.17058
Teatro Justiça,topic_concert_venue,overture,-22.910429000854492,-43.17558288574219,,overture:Teatro Justiça:-22.91043:-43.17558
Ocupação Manuel Congo,topic_concert_venue,overture,-22.91039276123047,-43.1768684387207,,overture:Ocupação Manuel Congo:-22.91039:-43.17687
ELA,topic_concert_venue,overture,-22.910383224487305,-43.17392349243164,,overture:ELA:-22.91038:-43.17392
Quinta dos Covardes,topic_concert_venue,overture,-22.91050910949707,-43.185646057128906,,overture:Quinta dos Covardes:-22.91051:-43.18565
Maloka Espaço Cultural,cultural_center,overture,-22.910478591918945,-43.186771392822266,,overture:Maloka Espaço Cultural:-22.91048:-43.18677
Cordão da Bola Preta,topic_concert_venue,overture,-22.910236358642578,-43.18332290649414,,overture:Cordão da Bola Preta:-22.91024:-43.18332
No Mundo da Bola,topic_concert_venue,overture,-22.910280227661133,-43.18316650390625,,overture:No Mundo da Bola:-22.91028:-43.18317
Museu Arquidiocesano de Arte Sacra do Rio de Janeiro (MAAS),art_museum,overture,-22.910140991210938,-43.180580139160156,,overture:Museu Arquidiocesano de Arte Sacra do Rio de Janeiro (MAAS):-22.91014:-43.18058
Palácio Pedro Ernesto,landmark_and_historical_building,overture,-22.909854888916016,-43.17664337158203,,overture:Palácio Pedro Ernesto:-22.90985:-43.17664
Historico da espanha,history_museum,overture,-22.909835815429688,-43.175785064697266,,overture:Historico da espanha:-22.90984:-43.17579
Confraria do Garoto,cultural_center,overture,-22.909400939941406,-43.176944732666016,,overture:Confraria do Garoto:-22.90940:-43.17694
Museu Nacional de Belas Artes,museum,overture,-22.909351348876953,-43.17568588256836,,overture:Museu Nacional de Belas Artes:-22.90935:-43.17569
Petit Trianon,art_museum,overture,-22.9094181060791,-43.17273712158203,,overture:Petit Trianon:-22.90942:-43.17274
Send Cooliving,landmark_and_historical_building,overture,-22.909509658813477,-43.17780685424805,,overture:Send Cooliving:-22.90951:-43.17781
Museu Judaico do Rio de Janeiro,museum,overture,-22.90955924987793,-43.17481231689453,,overture:Museu Judaico do Rio de Janeiro:-22.90956:-43.17481
Condomínio do Edifício Esplanada,landmark_and_historical_building,overture,-22.909629821777344,-43.17488098144531,,overture:Condomínio do Edifício Esplanada:-22.90963:-43.17488
Instituto Cultural Brasil Japão,cultural_center,overture,-22.909669876098633,-43.17148971557617,,overture:Instituto Cultural Brasil Japão:-22.90967:-43.17149
Forte de Boa Viagem,landmark_and_historical_building,overture,-22.909330368041992,-43.130531311035156,,overture:Forte de Boa Viagem:-22.90933:-43.13053
Carna Black,topic_concert_venue,overture,-22.909027099609375,-43.17723846435547,,overture:Carna Black:-22.90903:-43.17724
Scala Rio,topic_concert_venue,overture,-22.909086227416992,-43.177215576171875,,overture:Scala Rio:-22.90909:-43.17722
Instawalk Rio,topic_concert_venue,overture,-22.90918731689453,-43.16990280151367,,overture:Instawalk Rio:-22.90919:-43.16990
Museu do Corpo de Bombeiros,history_museum,overture,-22.909271240234375,-43.18696975708008,,overture:Museu do Corpo de Bombeiros:-22.90927:-43.18697
Edifício Chalita,landmark_and_historical_building,overture,-22.908863067626953,-43.18603515625,,overture:Edifício Chalita:-22.90886:-43.18604
Samba do Senado,topic_concert_venue,overture,-22.908823013305664,-43.18251037597656,,overture:Samba do Senado:-22.90882:-43.18251
Edificio Itu,landmark_and_historical_building,overture,-22.908641815185547,-43.17771911621094,,overture:Edificio Itu:-22.90864:-43.17772
Funarte,cultural_center,overture,-22.908681869506836,-43.17334747314453,,overture:Funarte:-22.90868:-43.17335
"Praça Parada Modelo, Guapimirim",landmark_and_historical_building,overture,-22.908660888671875,-43.16961669921875,,"overture:Praça Parada Modelo, Guapimirim:-22.90866:-43.16962"
Cooperativa Cultural dos Esperantistas,cultural_center,overture,-22.908571243286133,-43.17775344848633,,overture:Cooperativa Cultural dos Esperantistas:-22.90857:-43.17775
Espaço Cultural Bndes,cultural_center,overture,-22.90833282470703,-43.1801872253418,,overture:Espaço Cultural Bndes:-22.90833:-43.18019
Bar Senarium Lapa,topic_concert_venue,overture,-22.90826416015625,-43.18400573730469,,overture:Bar Senarium Lapa:-22.90826:-43.18401
Polo Novo Rio Antigo,landmark_and_historical_building,overture,-22.90826416015625,-43.18393325805664,,overture:Polo Novo Rio Antigo:-22.90826:-43.18393
Caixa Cultural Rj,cultural_center,overture,-22.908283233642578,-43.17692184448242,,overture:Caixa Cultural Rj:-22.90828:-43.17692
Clube Naval,landmark_and_historical_building,overture,-22.908180236816406,-43.176673889160156,,overture:Clube Naval:-22.90818:-43.17667
Centro (Rio de Janeiro),landmark_and_historical_building,overture,-22.908103942871094,-43.176361083984375,,overture:Centro (Rio de Janeiro):-22.90810:-43.17636
Memorial Guido Schäffer,monument,overture,-22.90836524963379,-43.171234130859375,,overture:Memorial Guido Schäffer:-22.90837:-43.17123
Theatro Municipal,topic_concert_venue,overture,-22.90835952758789,-43.17729187011719,,overture:Theatro Municipal:-22.90836:-43.17729
Centro Cultural da Caixa Econômica Federal,cultural_center,overture,-22.907690048217773,-43.173301696777344,,overture:Centro Cultural da Caixa Econômica Federal:-22.90769:-43.17330
Ordem dos Músicos do Brasil,topic_concert_venue,overture,-22.90787124633789,-43.1754264831543,,overture:Ordem dos Músicos do Brasil:-22.90787:-43.17543
Conjunto Cultural da Caixa,cultural_center,overture,-22.907943725585938,-43.17710494995117,,overture:Conjunto Cultural da Caixa:-22.90794:-43.17710
Edifício Rio Verde,landmark_and_historical_building,overture,-22.907976150512695,-43.17550277709961,,overture:Edifício Rio Verde:-22.90798:-43.17550
Copacabana,landmark_and_historical_building,overture,-22.90787696838379,-43.18520736694336,,overture:Copacabana:-22.90788:-43.18521
Museu e Centro Cultural da Casa da Moeda do Brasil,history_museum,overture,-22.90767478942871,-43.186737060546875,,overture:Museu e Centro Cultural da Casa da Moeda do Brasil:-22.90767:-43.18674
CRAB - Centro Sebrae de Referência do Artesanato Brasileiro,cultural_center,overture,-22.907665252685547,-43.18381881713867,,overture:CRAB - Centro Sebrae de Referência do Artesanato Brasileiro:-22.90767:-43.18382
Jaime Arôxa Lapa - Centro Cultural Arariboia,cultural_center,overture,-22.907634735107422,-43.18428039550781,,overture:Jaime Arôxa Lapa - Centro Cultural Arariboia:-22.90763:-43.18428
Niterói,landmark_and_historical_building,overture,-22.907489776611328,-43.17649841308594,,overture:Niterói:-22.90749:-43.17650
Condomínio do Edifício Gaetano Segreto,landmark_and_historical_building,overture,-22.90737533569336,-43.18239974975586,,overture:Condomínio do Edifício Gaetano Segreto:-22.90738:-43.18240
CRAB Sebrae - Centro de Referencia do Artesanato Brasileiro,cultural_center,overture,-22.90735626220703,-43.18382263183594,,overture:CRAB Sebrae - Centro de Referencia do Artesanato Brasileiro:-22.90736:-43.18382
Boteco Bem Carioca,topic_concert_venue,overture,-22.907190322875977,-43.1838264465332,,overture:Boteco Bem Carioca:-22.90719:-43.18383
Estatua Equestre de D. Pedro I,landmark_and_historical_building,overture,-22.906986236572266,-43.18304443359375,,overture:Estatua Equestre de D. Pedro I:-22.90699:-43.18304
Casa Subversa,cultural_center,overture,-22.906911849975586,-43.183876037597656,,overture:Casa Subversa:-22.90691:-43.18388
Centro de Arte Maria Teresa Vieira,cultural_center,overture,-22.906991958618164,-43.181514739990234,,overture:Centro de Arte Maria Teresa Vieira:-22.90699:-43.18151
Condomínio Mirante da Boa Viagem,landmark_and_historical_building,overture,-22.907184600830078,-43.12671661376953,,overture:Condomínio Mirante da Boa Viagem:-22.90718:-43.12672
Condomínio Terrazo Atlântico,landmark_and_historical_building,overture,-22.906936645507812,-43.12614440917969,,overture:Condomínio Terrazo Atlântico:-22.90694:-43.12614
Museum of Contemporary Art,museum,overture,-22.90730857849121,-43.12595748901367,,overture:Museum of Contemporary Art:-22.90731:-43.12596
Museu de Arte Contemporânea de Niterói (MAC),art_museum,overture,-22.907350540161133,-43.125770568847656,,overture:Museu de Arte Contemporânea de Niterói (MAC):-22.90735:-43.12577
Mirante de Boa Viagem,landmark_and_historical_building,overture,-22.907506942749023,-43.12651824951172,,overture:Mirante de Boa Viagem:-22.90751:-43.12652
Museu Niteroi,museum,overture,-22.907499313354492,-43.12652587890625,,overture:Museu Niteroi:-22.90750:-43.12653
Lazuli Niterói,landmark_and_historical_building,overture,-22.907617568969727,-43.12971496582031,,overture:Lazuli Niterói:-22.90762:-43.12971
MAC Niterói - Museu de Arte Contemporânea de Niterói,modern_art_museum,overture,-22.907878875732422,-43.125877380371094,,overture:MAC Niterói - Museu de Arte Contemporânea de Niterói:-22.90788:-43.12588
Mac,art_museum,overture,-22.907814025878906,-43.12583923339844,,overture:Mac:-22.90781:-43.12584
Condominio do Edificio Candido Portinari,landmark_and_historical_building,overture,-22.907676696777344,-43.13054275512695,,overture:Condominio do Edificio Candido Portinari:-22.90768:-43.13054
Condomínio do Edifício Villa Lobos,landmark_and_historical_building,overture,-22.908246994018555,-43.101356506347656,,overture:Condomínio do Edifício Villa Lobos:-22.90825:-43.10136
The Place Icarai,landmark_and_historical_building,overture,-22.90848731994629,-43.10312271118164,,overture:The Place Icarai:-22.90849:-43.10312
Icaraí Privillege,landmark_and_historical_building,overture,-22.90791130065918,-43.103309631347656,,overture:Icaraí Privillege:-22.90791:-43.10331
Connect Icarai,landmark_and_historical_building,overture,-22.907581329345703,-43.10273742675781,,overture:Connect Icarai:-22.90758:-43.10274
Quintas de Icaraí,landmark_and_historical_building,overture,-22.90728759765625,-43.10344314575195,,overture:Quintas de Icaraí:-22.90729:-43.10344
Condominio Nossa Senhora,landmark_and_historical_building,overture,-22.907360076904297,-43.10908508300781,,overture:Condominio Nossa Senhora:-22.90736:-43.10909
Edificio Acapulco,landmark_and_historical_building,overture,-22.90719985961914,-43.10905838012695,,overture:Edificio Acapulco:-22.90720:-43.10906
Condomínio Edifício Porto Rotondo,landmark_and_historical_building,overture,-22.907066345214844,-43.10581588745117,,overture:Condomínio Edifício Porto Rotondo:-22.90707:-43.10582
Condomínio do Edifício Girassol,landmark_and_historical_building,overture,-22.906970977783203,-43.105567932128906,,overture:Condomínio do Edifício Girassol:-22.90697:-43.10557
Edifício Lemos Cunha,landmark_and_historical_building,overture,-22.906944274902344,-43.10464859008789,,overture:Edifício Lemos Cunha:-22.90694:-43.10465
Ritz,landmark_and_historical_building,overture,-22.906944274902344,-43.10086441040039,,overture:Ritz:-22.90694:-43.10086
Condomínio do Edifício Francisco de Assis,landmark_and_historical_building,overture,-22.9070987701416,-43.10293960571289,,overture:Condomínio do Edifício Francisco de Assis:-22.90710:-43.10294
The Flower,landmark_and_historical_building,overture,-22.907201766967773,-43.10248947143555,,overture:The Flower:-22.90720:-43.10249
Condomínio do Edifício Jardim Icaraí,landmark_and_historical_building,overture,-22.907262802124023,-43.09994888305664,,overture:Condomínio do Edifício Jardim Icaraí:-22.90726:-43.09995
Condomínio do Edifício Porto Di Bari,landmark_and_historical_building,overture,-22.908653259277344,-43.109947204589844,,overture:Condomínio do Edifício Porto Di Bari:-22.90865:-43.10995
Condominio do Edificio Chamonix,landmark_and_historical_building,overture,-22.90880012512207,-43.10221481323242,,overture:Condominio do Edificio Chamonix:-22.90880:-43.10221
360k Estudio,topic_concert_venue,overture,-22.908809661865234,-43.104209899902344,,overture:360k Estudio:-22.90881:-43.10421
Condomínio do Edifício Seleto Residence,landmark_and_historical_building,overture,-22.909067153930664,-43.10940170288086,,overture:Condomínio do Edifício Seleto Residence:-22.90907:-43.10940
Travessa Antônio Pedro 12,landmark_and_historical_building,overture,-22.90912628173828,-43.10982894897461,,overture:Travessa Antônio Pedro 12:-22.90913:-43.10983
Ccbb - Centro Cultural Banco do Brasil,cultural_center,overture,-22.909160614013672,-43.101985931396484,,overture:Ccbb - Centro Cultural Banco do Brasil:-22.90916:-43.10199
Condomínio do Edifício Villa San Pietro,landmark_and_historical_building,overture,-22.909332275390625,-43.10149002075195,,overture:Condomínio do Edifício Villa San Pietro:-22.90933:-43.10149
Edifício Henriette Curi,landmark_and_historical_building,overture,-22.909542083740234,-43.10145568847656,,overture:Edifício Henriette Curi:-22.90954:-43.10146
Edifício Rainha Raquel,landmark_and_historical_building,overture,-22.90587615966797,-43.29920196533203,,overture:Edifício Rainha Raquel:-22.90588:-43.29920
Edifício casa amarela,landmark_and_historical_building,overture,-22.905733108520508,-43.29808044433594,,overture:Edifício casa amarela:-22.90573:-43.29808
Condomínio do Edifício Zaphira,landmark_and_historical_building,overture,-22.906660079956055,-43.29290008544922,,overture:Condomínio do Edifício Zaphira:-22.90666:-43.29290
Cond Residencial Mont Vert,landmark_and_historical_building,overture,-22.90607261657715,-43.283390045166016,,overture:Cond Residencial Mont Vert:-22.90607:-43.28339
Condomínio do Edifício Residencial Giotto,landmark_and_historical_building,overture,-22.90603256225586,-43.284576416015625,,overture:Condomínio do Edifício Residencial Giotto:-22.90603:-43.28458
Bella Carolina,landmark_and_historical_building,overture,-22.90575408935547,-43.286224365234375,,overture:Bella Carolina:-22.90575:-43.28622
Bota Dendê - Rio de Janeiro,cultural_center,overture,-22.905803680419922,-43.29222106933594,,overture:Bota Dendê - Rio de Janeiro:-22.90580:-43.29222
Centro Cultural Lóttus,cultural_center,overture,-22.905094146728516,-43.29285430908203,,overture:Centro Cultural Lóttus:-22.90509:-43.29285
Rio de Janeiro,landmark_and_historical_building,overture,-22.905189514160156,-43.29093933105469,,overture:Rio de Janeiro:-22.90519:-43.29094
Condomínio do Edifício Jacqueline,landmark_and_historical_building,overture,-22.90498924255371,-43.28665542602539,,overture:Condomínio do Edifício Jacqueline:-22.90499:-43.28666
Condominio Edificio Palazzo de Andrea,landmark_and_historical_building,overture,-22.904817581176758,-43.2842903137207,,overture:Condominio Edificio Palazzo de Andrea:-22.90482:-43.28429
Condominio do Edificio Casa Nova,landmark_and_historical_building,overture,-22.905527114868164,-43.299095153808594,,overture:Condominio do Edificio Casa Nova:-22.90553:-43.29910
Condominio do Edificio Chacara do Meier,landmark_and_historical_building,overture,-22.904735565185547,-43.304290771484375,,overture:Condominio do Edificio Chacara do Meier:-22.90474:-43.30429
Praça Sans Penã Tijuca,landmark_and_historical_building,overture,-22.904743194580078,-43.301876068115234,,overture:Praça Sans Penã Tijuca:-22.90474:-43.30188
Associação Cultural Grupo Afrolaje,cultural_center,overture,-22.903852462768555,-43.30330276489258,,overture:Associação Cultural Grupo Afrolaje:-22.90385:-43.30330
Talarico Show Room,topic_concert_venue,overture,-22.904260635375977,-43.29753875732422,,overture:Talarico Show Room:-22.90426:-43.29754
Bartequim,topic_concert_venue,overture,-22.904207229614258,-43.295440673828125,,overture:Bartequim:-22.90421:-43.29544
Museu de Imagens do Inconsciente,art_museum,overture,-22.903488159179688,-43.301368713378906,,overture:Museu de Imagens do Inconsciente:-22.90349:-43.30137
Galpão 91,cultural_center,overture,-22.90342903137207,-43.30250549316406,,overture:Galpão 91:-22.90343:-43.30251
Condomínio do Edifício Bandeirante Lourenço De Andrade,landmark_and_historical_building,overture,-22.902530670166016,-43.2910041809082,,overture:Condomínio do Edifício Bandeirante Lourenço De Andrade:-22.90253:-43.29100
Condomínio Vila Residencial Dias da Cruz,landmark_and_historical_building,overture,-22.902814865112305,-43.28403091430664,,overture:Condomínio Vila Residencial Dias da Cruz:-22.90281:-43.28403
Sonho tão Real,topic_concert_venue,overture,-22.90375328063965,-43.2781867980957,,overture:Sonho tão Real:-22.90375:-43.27819
Rua Oliveira,landmark_and_historical_building,overture,-22.903291702270508,-43.281105041503906,,overture:Rua Oliveira:-22.90329:-43.28111
Espigao do Méier,landmark_and_historical_building,overture,-22.903104782104492,-43.28281021118164,,overture:Espigao do Méier:-22.90310:-43.28281
Edificio Parque Nossa Senhora Lourdes,landmark_and_historical_building,overture,-22.90309715270996,-43.28271484375,,overture:Edificio Parque Nossa Senhora Lourdes:-22.90310:-43.28271
Condomínio do Edifício Jari,landmark_and_historical_building,overture,-22.90266227722168,-43.28203201293945,,overture:Condomínio do Edifício Jari:-22.90266:-43.28203
A Casa dos Budas Ditosos,monument,overture,-22.902650833129883,-43.2819709777832,,overture:A Casa dos Budas Ditosos:-22.90265:-43.28197
Imperator - Centro Cultural João Nogueira,cultural_center,overture,-22.902711868286133,-43.28200149536133,,overture:Imperator - Centro Cultural João Nogueira:-22.90271:-43.28200
Leão Etíope do Méier,art_museum,overture,-22.90203285217285,-43.279823303222656,,overture:Leão Etíope do Méier:-22.90203:-43.27982
Leão Etíope do Méier,cultural_center,overture,-22.902698516845703,-43.27305603027344,,overture:Leão Etíope do Méier:-22.90270:-43.27306
Condomínio Moradas do Engenho,landmark_and_historical_building,overture,-22.902727127075195,-43.26626968383789,,overture:Condomínio Moradas do Engenho:-22.90273:-43.26627
Condomínio Residencial Gonçalo Coelho,landmark_and_historical_building,overture,-22.903297424316406,-43.26264572143555,,overture:Condomínio Residencial Gonçalo Coelho:-22.90330:-43.26265
Morro do Sampaio,monument,overture,-22.904783248901367,-43.26142501831055,,overture:Morro do Sampaio:-22.90478:-43.26143
Espaço Lumi 270,topic_concert_venue,overture,-22.905466079711914,-43.26694107055664,,overture:Espaço Lumi 270:-22.90547:-43.26694
"Grande Méier - Engenho Novo, RJ",monument,overture,-22.904478073120117,-43.269535064697266,,"overture:Grande Méier - Engenho Novo, RJ:-22.90448:-43.26954"
Condominio Maio,landmark_and_historical_building,overture,-22.904760360717773,-43.27509689331055,,overture:Condominio Maio:-22.90476:-43.27510
Condomínio Residencial Fellini,landmark_and_historical_building,overture,-22.904626846313477,-43.28255844116211,,overture:Condomínio Residencial Fellini:-22.90463:-43.28256
Maison du Soleil,landmark_and_historical_building,overture,-22.904775619506836,-43.28212356567383,,overture:Maison du Soleil:-22.90478:-43.28212
Condomínio do Edifício Berma,landmark_and_historical_building,overture,-22.904895782470703,-43.2791862487793,,overture:Condomínio do Edifício Berma:-22.90490:-43.27919
Condomínio do Edifício Milos,landmark_and_historical_building,overture,-22.905147552490234,-43.2764892578125,,overture:Condomínio do Edifício Milos:-22.90515:-43.27649
Condominio do Edificio Solar Santo Antonio,landmark_and_historical_building,overture,-22.905902862548828,-43.27450180053711,,overture:Condominio do Edificio Solar Santo Antonio:-22.90590:-43.27450
Vila Julieta Engenho Novo,landmark_and_historical_building,overture,-22.90667152404785,-43.27206802368164,,overture:Vila Julieta Engenho Novo:-22.90667:-43.27207
Condomínio do Edifício Vivendas do Engenho,landmark_and_historical_building,overture,-22.906082153320312,-43.269657135009766,,overture:Condomínio do Edifício Vivendas do Engenho:-22.90608:-43.26966
Condominio Solar Vitor Meireles,landmark_and_historical_building,overture,-22.906391143798828,-43.257598876953125,,overture:Condominio Solar Vitor Meireles:-22.90639:-43.25760
Rua Nazário,landmark_and_historical_building,overture,-22.904541015625,-43.24645233154297,,overture:Rua Nazário:-22.90454:-43.24645
Condominio do Edificio Maria Nazareth,landmark_and_historical_building,overture,-22.90447998046875,-43.242950439453125,,overture:Condominio do Edificio Maria Nazareth:-22.90448:-43.24295
Condomínio Rossi Mais Maracanã,landmark_and_historical_building,overture,-22.90565299987793,-43.24367904663086,,overture:Condomínio Rossi Mais Maracanã:-22.90565:-43.24368
Condomínio Ville Rondon,landmark_and_historical_building,overture,-22.905988693237305,-43.24320602416992,,overture:Condomínio Ville Rondon:-22.90599:-43.24321
National Museum of Brazil,museum,overture,-22.905765533447266,-43.22652816772461,,overture:National Museum of Brazil:-22.90577:-43.22653
Paço de São Cristóvão,landmark_and_historical_building,overture,-22.905723571777344,-43.22689437866211,,overture:Paço de São Cristóvão:-22.90572:-43.22689
Onde Tudo Começou - OTC,museum,overture,-22.905824661254883,-43.226566314697266,,overture:Onde Tudo Começou - OTC:-22.90582:-43.22657
Condomínio Quinta Imperial,landmark_and_historical_building,overture,-22.906435012817383,-43.21984100341797,,overture:Condomínio Quinta Imperial:-22.90644:-43.21984
Condomínio Quinta do Conde,landmark_and_historical_building,overture,-22.906169891357422,-43.219871520996094,,overture:Condomínio Quinta do Conde:-22.90617:-43.21987
Palácio de são cristóvão,landmark_and_historical_building,overture,-22.905834197998047,-43.22444534301758,,overture:Palácio de são cristóvão:-22.90583:-43.22445
Turismo Cultural no Bairro Imperial de São Cristóvão,history_museum,overture,-22.905258178710938,-43.223350524902344,,overture:Turismo Cultural no Bairro Imperial de São Cristóvão:-22.90526:-43.22335
Meninas com Ciência - Museu Nacional/UFRJ,museum,overture,-22.905073165893555,-43.22277069091797,,overture:Meninas com Ciência - Museu Nacional/UFRJ:-22.90507:-43.22277
Military Museum Conde de Linhares,history_museum,overture,-22.904897689819336,-43.21927261352539,,overture:Military Museum Conde de Linhares:-22.90490:-43.21927
Museu do Primeiro Reinado,history_museum,overture,-22.90460968017578,-43.216976165771484,,overture:Museu do Primeiro Reinado:-22.90461:-43.21698
Portão Monumental da Quinta da Boa Vista,monument,overture,-22.904624938964844,-43.220359802246094,,overture:Portão Monumental da Quinta da Boa Vista:-22.90462:-43.22036
Museu Nacional,museum,overture,-22.905597686767578,-43.22602844238281,,overture:Museu Nacional:-22.90560:-43.22603
Mangueira (cidade do Rio de Janeiro),landmark_and_historical_building,overture,-22.903892517089844,-43.23694610595703,,overture:Mangueira (cidade do Rio de Janeiro):-22.90389:-43.23695
Morro da Mangueira,landmark_and_historical_building,overture,-22.903892517089844,-43.23694610595703,,overture:Morro da Mangueira:-22.90389:-43.23695
Condomínio do Edifício Imperador,landmark_and_historical_building,overture,-22.903804779052734,-43.222286224365234,,overture:Condomínio do Edifício Imperador:-22.90380:-43.22229
Paço Real,landmark_and_historical_building,overture,-22.903932571411133,-43.22130584716797,,overture:Paço Real:-22.90393:-43.22131
Garota Vip,topic_concert_venue,overture,-22.903593063354492,-43.222190856933594,,overture:Garota Vip:-22.90359:-43.22219
Edificio Solar da Quinta,landmark_and_historical_building,overture,-22.90300941467285,-43.220401763916016,,overture:Edificio Solar da Quinta:-22.90301:-43.22040
Condominio do Edificio Residence Bouganville,landmark_and_historical_building,overture,-22.90249252319336,-43.24732208251953,,overture:Condominio do Edificio Residence Bouganville:-22.90249:-43.24732
Sambinha da Mangueira,topic_concert_venue,overture,-22.9033203125,-43.240806579589844,,overture:Sambinha da Mangueira:-22.90332:-43.24081
Baianas da Estação Primeira de Mangueira,landmark_and_historical_building,overture,-22.903520584106445,-43.240596771240234,,overture:Baianas da Estação Primeira de Mangueira:-22.90352:-43.24060
Conjunto Residencial do Rocha,landmark_and_historical_building,overture,-22.903181076049805,-43.25149154663086,,overture:Conjunto Residencial do Rocha:-22.90318:-43.25149
Venitte Festas,topic_concert_venue,overture,-22.904071807861328,-43.2559700012207,,overture:Venitte Festas:-22.90407:-43.25597
Condomínio do Edifício Via Firenze,landmark_and_historical_building,overture,-22.904098510742188,-43.25893783569336,,overture:Condomínio do Edifício Via Firenze:-22.90410:-43.25894
Bartcaverna,landmark_and_historical_building,overture,-22.90309715270996,-43.248783111572266,,overture:Bartcaverna:-22.90310:-43.24878
Condomínio do Conjunto Residencial Rio Novo,landmark_and_historical_building,overture,-22.90293312072754,-43.249481201171875,,overture:Condomínio do Conjunto Residencial Rio Novo:-22.90293:-43.24948
Condomínio do Edifício Residencial San Francisco,landmark_and_historical_building,overture,-22.902889251708984,-43.24876022338867,,overture:Condomínio do Edifício Residencial San Francisco:-22.90289:-43.24876
Condominio do Edificio Vivendas de Maio,landmark_and_historical_building,overture,-22.90194320678711,-43.2523307800293,,overture:Condominio do Edificio Vivendas de Maio:-22.90194:-43.25233
Conde das Palmeiras,landmark_and_historical_building,overture,-22.90158462524414,-43.25103759765625,,overture:Conde das Palmeiras:-22.90158:-43.25104
Condominio do Ed. Rua Esmeraldino Bandeira,landmark_and_historical_building,overture,-22.900087356567383,-43.25772476196289,,overture:Condominio do Ed. Rua Esmeraldino Bandeira:-22.90009:-43.25772
Condomínio Residencial Almirante Tamandaré,landmark_and_historical_building,overture,-22.899513244628906,-43.252994537353516,,overture:Condomínio Residencial Almirante Tamandaré:-22.89951:-43.25299
Condomínio Barão do Amazonas,landmark_and_historical_building,overture,-22.900171279907227,-43.25383377075195,,overture:Condomínio Barão do Amazonas:-22.90017:-43.25383
Museu do Samba,museum,overture,-22.90155029296875,-43.240806579589844,,overture:Museu do Samba:-22.90155:-43.24081
Centro Cultural Cartola,cultural_center,overture,-22.901554107666016,-43.2408561706543,,overture:Centro Cultural Cartola:-22.90155:-43.24086
Vila medina,landmark_and_historical_building,overture,-22.9006290435791,-43.21675109863281,,overture:Vila medina:-22.90063:-43.21675
Bairro São Cristóvão - RJ,topic_concert_venue,overture,-22.900772094726562,-43.218345642089844,,overture:Bairro São Cristóvão - RJ:-22.90077:-43.21835
Microlins,cultural_center,overture,-22.900156021118164,-43.22397994995117,,overture:Microlins:-22.90016:-43.22398
Condominio do Edificio Satelite Sao Cristovao,landmark_and_historical_building,overture,-22.899513244628906,-43.21870040893555,,overture:Condominio do Edificio Satelite Sao Cristovao:-22.89951:-43.21870
Reino do Brasil,landmark_and_historical_building,overture,-22.90000343322754,-43.233333587646484,,overture:Reino do Brasil:-22.90000:-43.23333
Morro Do Tuiuti Rj,topic_concert_venue,overture,-22.900005340576172,-43.233970642089844,,overture:Morro Do Tuiuti Rj:-22.90001:-43.23397
Mirante do Cristo. BR 040. Serra de Petropolis,monument,overture,-22.90020179748535,-43.23320007324219,,overture:Mirante do Cristo. BR 040. Serra de Petropolis:-22.90020:-43.23320
Areia Branca / São Benedito,landmark_and_historical_building,overture,-22.900310516357422,-43.23332595825195,,overture:Areia Branca / São Benedito:-22.90031:-43.23333
Minha Humilde Residência,landmark_and_historical_building,overture,-22.89911460876465,-43.2349853515625,,overture:Minha Humilde Residência:-22.89911:-43.23499
Telhadão do Tuiuti,topic_concert_venue,overture,-22.89894676208496,-43.23426055908203,,overture:Telhadão do Tuiuti:-22.89895:-43.23426
Residencial,landmark_and_historical_building,overture,-22.898265838623047,-43.222984313964844,,overture:Residencial:-22.89827:-43.22298
Museu de Luiz Gonzaga,museum,overture,-22.897497177124023,-43.22040939331055,,overture:Museu de Luiz Gonzaga:-22.89750:-43.22041
Centro de Tradições Nordestinas Luiz Gonzaga,landmark_and_historical_building,overture,-22.897462844848633,-43.220375061035156,,overture:Centro de Tradições Nordestinas Luiz Gonzaga:-22.89746:-43.22038
Centro Luiz Gonzaga de Tradições Nordestinas,cultural_center,overture,-22.89764976501465,-43.220314025878906,,overture:Centro Luiz Gonzaga de Tradições Nordestinas:-22.89765:-43.22031
Exato Residencial,landmark_and_historical_building,overture,-22.897531509399414,-43.25212478637695,,overture:Exato Residencial:-22.89753:-43.25212
Sardinhada do Rocha,topic_concert_venue,overture,-22.8968505859375,-43.252845764160156,,overture:Sardinhada do Rocha:-22.89685:-43.25285
Fiore Residencial Riachuelo,landmark_and_historical_building,overture,-22.89716148376465,-43.25890350341797,,overture:Fiore Residencial Riachuelo:-22.89716:-43.25890
Condomínio Único Engenho Novo,landmark_and_historical_building,overture,-22.896862030029297,-43.26439666748047,,overture:Condomínio Único Engenho Novo:-22.89686:-43.26440
Apê do Ribery,landmark_and_historical_building,overture,-22.8978214263916,-43.26363754272461,,overture:Apê do Ribery:-22.89782:-43.26364
Viva Mais Engenho Novo,landmark_and_historical_building,overture,-22.897924423217773,-43.263832092285156,,overture:Viva Mais Engenho Novo:-22.89792:-43.26383
Condomínio do Edifício Pereira Canedo,landmark_and_historical_building,overture,-22.89745330810547,-43.27177047729492,,overture:Condomínio do Edifício Pereira Canedo:-22.89745:-43.27177
Condominio do Edificio Cele,landmark_and_historical_building,overture,-22.897132873535156,-43.27518081665039,,overture:Condominio do Edificio Cele:-22.89713:-43.27518
Condomínio Edifício Menino Jesus,landmark_and_historical_building,overture,-22.89738655090332,-43.28030776977539,,overture:Condomínio Edifício Menino Jesus:-22.89739:-43.28031
Condomínio do Edifício Privilege,landmark_and_historical_building,overture,-22.89788818359375,-43.27932357788086,,overture:Condomínio do Edifício Privilege:-22.89789:-43.27932
Edifício Torres Sobrinho,landmark_and_historical_building,overture,-22.897666931152344,-43.272769927978516,,overture:Edifício Torres Sobrinho:-22.89767:-43.27277
Samba D' Maria,topic_concert_venue,overture,-22.897842407226562,-43.27311325073242,,overture:Samba D' Maria:-22.89784:-43.27311
Centro Cultural do Rio de Janeiro,cultural_center,overture,-22.898557662963867,-43.27170944213867,,overture:Centro Cultural do Rio de Janeiro:-22.89856:-43.27171
Expand Residences,landmark_and_historical_building,overture,-22.898380279541016,-43.280094146728516,,overture:Expand Residences:-22.89838:-43.28009
Edificio Mar Del Zur,landmark_and_historical_building,overture,-22.89828872680664,-43.28137969970703,,overture:Edificio Mar Del Zur:-22.89829:-43.28138
Condomínio Residencial Joan Miró,landmark_and_historical_building,overture,-22.898422241210938,-43.28281784057617,,overture:Condomínio Residencial Joan Miró:-22.89842:-43.28282
Edifício Chopin,landmark_and_historical_building,overture,-22.89873695373535,-43.28255844116211,,overture:Edifício Chopin:-22.89874:-43.28256
Edificio Villa Dei Fiori,landmark_and_historical_building,overture,-22.89903450012207,-43.27715301513672,,overture:Edificio Villa Dei Fiori:-22.89903:-43.27715
Condomínio Champs Elysée,landmark_and_historical_building,overture,-22.899215698242188,-43.27332305908203,,overture:Condomínio Champs Elysée:-22.89922:-43.27332
Condominio Campo sao Geraldo,landmark_and_historical_building,overture,-22.89858627319336,-43.27082824707031,,overture:Condominio Campo sao Geraldo:-22.89859:-43.27083
Morro do Vintém,landmark_and_historical_building,overture,-22.898338317871094,-43.266395568847656,,overture:Morro do Vintém:-22.89834:-43.26640
Condominio Solar Souza Barros,landmark_and_historical_building,overture,-22.900129318237305,-43.26591873168945,,overture:Condominio Solar Souza Barros:-22.90013:-43.26592
Condomínio Parque Santos Dumont,landmark_and_historical_building,overture,-22.900253295898438,-43.26618194580078,,overture:Condomínio Parque Santos Dumont:-22.90025:-43.26618
Residencial Sobral,landmark_and_historical_building,overture,-22.900671005249023,-43.273250579833984,,overture:Residencial Sobral:-22.90067:-43.27325
Roda Cultural do Méier,topic_concert_venue,overture,-22.900190353393555,-43.281211853027344,,overture:Roda Cultural do Méier:-22.90019:-43.28121
Jardim do Méier,landmark_and_historical_building,overture,-22.900136947631836,-43.27857208251953,,overture:Jardim do Méier:-22.90014:-43.27857
Edifício Mirante do Méier,landmark_and_historical_building,overture,-22.900426864624023,-43.27212142944336,,overture:Edifício Mirante do Méier:-22.90043:-43.27212
Condominio Arthur Beviláqua,landmark_and_historical_building,overture,-22.90010643005371,-43.27651596069336,,overture:Condominio Arthur Beviláqua:-22.90011:-43.27652
Edficio Curupaiti,landmark_and_historical_building,overture,-22.899566650390625,-43.291229248046875,,overture:Edficio Curupaiti:-22.89957:-43.29123
C.P.D.L,landmark_and_historical_building,overture,-22.900081634521484,-43.28995895385742,,overture:C.P.D.L:-22.90008:-43.28996
Condomínio do Edifício Palazzo Di Leila,landmark_and_historical_building,overture,-22.900449752807617,-43.29006576538086,,overture:Condomínio do Edifício Palazzo Di Leila:-22.90045:-43.29007
Condominio do Conjunto Residencial Armando Mazzoli,landmark_and_historical_building,overture,-22.90045738220215,-43.28763961791992,,overture:Condominio do Conjunto Residencial Armando Mazzoli:-22.90046:-43.28764
Condomínio Speciale Méier,landmark_and_historical_building,overture,-22.900423049926758,-43.28606414794922,,overture:Condomínio Speciale Méier:-22.90042:-43.28606
Edificio Cortina d'ampezzo,landmark_and_historical_building,overture,-22.900434494018555,-43.285892486572266,,overture:Edificio Cortina d'ampezzo:-22.90043:-43.28589
Condomínio do Edifício das Amendoeiras,landmark_and_historical_building,overture,-22.900793075561523,-43.28630065917969,,overture:Condomínio do Edifício das Amendoeiras:-22.90079:-43.28630
Condominio do Edificio Gustavo Henrique,landmark_and_historical_building,overture,-22.901538848876953,-43.28334045410156,,overture:Condominio do Edificio Gustavo Henrique:-22.90154:-43.28334
Roselien II,landmark_and_historical_building,overture,-22.900846481323242,-43.29079055786133,,overture:Roselien II:-22.90085:-43.29079
Condomínio Bis Residencial,landmark_and_historical_building,overture,-22.900598526000977,-43.29908752441406,,overture:Condomínio Bis Residencial:-22.90060:-43.29909
Condomínio do Edifício Montiene II,landmark_and_historical_building,overture,-22.90176010131836,-43.29866027832031,,overture:Condomínio do Edifício Montiene II:-22.90176:-43.29866
Condomínio Alpha III,landmark_and_historical_building,overture,-22.90125274658203,-43.30244445800781,,overture:Condomínio Alpha III:-22.90125:-43.30244
Condomínio do Edifício Lady Di,landmark_and_historical_building,overture,-22.9005126953125,-43.299381256103516,,overture:Condomínio do Edifício Lady Di:-22.90051:-43.29938
Residencial Amaro,landmark_and_historical_building,overture,-22.89996337890625,-43.303436279296875,,overture:Residencial Amaro:-22.89996:-43.30344
Residencial Raphael Augustus,landmark_and_historical_building,overture,-22.899158477783203,-43.30177307128906,,overture:Residencial Raphael Augustus:-22.89916:-43.30177
Condominio do Edificio Solar Michelle e Solar Marcelle,landmark_and_historical_building,overture,-22.898681640625,-43.3060188293457,,overture:Condominio do Edificio Solar Michelle e Solar Marcelle:-22.89868:-43.30602
Condomínio Solar dos Colibris,landmark_and_historical_building,overture,-22.89813995361328,-43.30018997192383,,overture:Condomínio Solar dos Colibris:-22.89814:-43.30019
Casa,landmark_and_historical_building,overture,-22.89911651611328,-43.288421630859375,,overture:Casa:-22.89912:-43.28842
Almirante Calheiros Da Graca,landmark_and_historical_building,overture,-22.898296356201172,-43.284236907958984,,overture:Almirante Calheiros Da Graca:-22.89830:-43.28424
Cond. Varandas do Méier,landmark_and_historical_building,overture,-22.89848518371582,-43.28897476196289,,overture:Cond. Varandas do Méier:-22.89849:-43.28897
Condomínio Barão de Mauá,landmark_and_historical_building,overture,-22.89783477783203,-43.290096282958984,,overture:Condomínio Barão de Mauá:-22.89783:-43.29010
Viaduto de Todos os Santos,landmark_and_historical_building,overture,-22.897159576416016,-43.28591537475586,,overture:Viaduto de Todos os Santos:-22.89716:-43.28592
Condominio Edificio Luiz Conde,landmark_and_historical_building,overture,-22.89682960510254,-43.299522399902344,,overture:Condominio Edificio Luiz Conde:-22.89683:-43.29952
Edifício Érika,landmark_and_historical_building,overture,-22.897321701049805,-43.299015045166016,,overture:Edifício Érika:-22.89732:-43.29902
Avignon e Nimes,landmark_and_historical_building,overture,-22.897680282592773,-43.29737854003906,,overture:Avignon e Nimes:-22.89768:-43.29738
Museu do Trem,history_museum,overture,-22.895246505737305,-43.291805267333984,,overture:Museu do Trem:-22.89525:-43.29181
Nave do Conhecimento Engenhão - 1ª Arena E-sports Pública do BR,museum,overture,-22.894798278808594,-43.29410171508789,,overture:Nave do Conhecimento Engenhão - 1ª Arena E-sports Pública do BR:-22.89480:-43.29410
Museu Cidade Olímpica,history_museum,overture,-22.894573211669922,-43.29444885253906,,overture:Museu Cidade Olímpica:-22.89457:-43.29445
Casa Cultural da Nossa Gente,cultural_center,overture,-22.89432144165039,-43.28986358642578,,overture:Casa Cultural da Nossa Gente:-22.89432:-43.28986
Junqueira freire,landmark_and_historical_building,overture,-22.894956588745117,-43.286949157714844,,overture:Junqueira freire:-22.89496:-43.28695
Condominio Elisa de Albuquerque,landmark_and_historical_building,overture,-22.895305633544922,-43.285499572753906,,overture:Condominio Elisa de Albuquerque:-22.89531:-43.28550
Condominio Residencial Oiti,landmark_and_historical_building,overture,-22.895618438720703,-43.28496551513672,,overture:Condominio Residencial Oiti:-22.89562:-43.28497
Condominio do Conjunto Residencial Conde da Cunha,landmark_and_historical_building,overture,-22.895870208740234,-43.28965377807617,,overture:Condominio do Conjunto Residencial Conde da Cunha:-22.89587:-43.28965
Galpão808,cultural_center,overture,-22.896371841430664,-43.28740692138672,,overture:Galpão808:-22.89637:-43.28741
East Side Méier,landmark_and_historical_building,overture,-22.896438598632812,-43.28291320800781,,overture:East Side Méier:-22.89644:-43.28291
Villa Splendore,landmark_and_historical_building,overture,-22.89600372314453,-43.281227111816406,,overture:Villa Splendore:-22.89600:-43.28123
Condomínio Jardim das Palmeiras,landmark_and_historical_building,overture,-22.895673751831055,-43.2783317565918,,overture:Condomínio Jardim das Palmeiras:-22.89567:-43.27833
Condominio do Edificio Gan,landmark_and_historical_building,overture,-22.896360397338867,-43.27444076538086,,overture:Condominio do Edificio Gan:-22.89636:-43.27444
Condomínio do Edifício Marquês,landmark_and_historical_building,overture,-22.894567489624023,-43.272605895996094,,overture:Condomínio do Edifício Marquês:-22.89457:-43.27261
Edifício Diamante Verde,landmark_and_historical_building,overture,-22.894775390625,-43.27413558959961,,overture:Edifício Diamante Verde:-22.89478:-43.27414
Siena Residenziale,landmark_and_historical_building,overture,-22.895389556884766,-43.273048400878906,,overture:Siena Residenziale:-22.89539:-43.27305
Edifício Bosque das Camélias,landmark_and_historical_building,overture,-22.89543914794922,-43.27672576904297,,overture:Edifício Bosque das Camélias:-22.89544:-43.27673
Condomínio Pomar do Meyer,landmark_and_historical_building,overture,-22.895334243774414,-43.27859878540039,,overture:Condomínio Pomar do Meyer:-22.89533:-43.27860
Condomínio do Edifício Yellow,landmark_and_historical_building,overture,-22.89542579650879,-43.279380798339844,,overture:Condomínio do Edifício Yellow:-22.89543:-43.27938
Dom Getúlio Residencial,landmark_and_historical_building,overture,-22.89451026916504,-43.279964447021484,,overture:Dom Getúlio Residencial:-22.89451:-43.27996
Residencial Resende V,landmark_and_historical_building,overture,-22.894485473632812,-43.28080368041992,,overture:Residencial Resende V:-22.89449:-43.28080
Rooftop 603,landmark_and_historical_building,overture,-22.89415740966797,-43.28115463256836,,overture:Rooftop 603:-22.89416:-43.28115
Condomínio Superiore Residence Club,landmark_and_historical_building,overture,-22.894235610961914,-43.281192779541016,,overture:Condomínio Superiore Residence Club:-22.89424:-43.28119
Meier,landmark_and_historical_building,overture,-22.89370346069336,-43.2813720703125,,overture:Meier:-22.89370:-43.28137
Condomínio Residencial Felipe Camarão,landmark_and_historical_building,overture,-22.893875122070312,-43.28230285644531,,overture:Condomínio Residencial Felipe Camarão:-22.89388:-43.28230
Condado Meyer Residence,landmark_and_historical_building,overture,-22.893278121948242,-43.282352447509766,,overture:Condado Meyer Residence:-22.89328:-43.28235
Quintal do Normando,landmark_and_historical_building,overture,-22.89396858215332,-43.274696350097656,,overture:Quintal do Normando:-22.89397:-43.27470
Maggiore Residenziale - Sacisa,landmark_and_historical_building,overture,-22.894285202026367,-43.274169921875,,overture:Maggiore Residenziale - Sacisa:-22.89429:-43.27417
Edifício Caravelas,landmark_and_historical_building,overture,-22.89426040649414,-43.269561767578125,,overture:Edifício Caravelas:-22.89426:-43.26956
Condomínio do Edifício Angelus,landmark_and_historical_building,overture,-22.893596649169922,-43.2674560546875,,overture:Condomínio do Edifício Angelus:-22.89360:-43.26746
Condominio Conjunto Residencial Carlos Gomes,landmark_and_historical_building,overture,-22.893253326416016,-43.269100189208984,,overture:Condominio Conjunto Residencial Carlos Gomes:-22.89325:-43.26910
Condomínio do Edifício Danúbio,landmark_and_historical_building,overture,-22.89296531677246,-43.27011489868164,,overture:Condomínio do Edifício Danúbio:-22.89297:-43.27011
Condominio do Edificio Saint Paul Matriz 1,landmark_and_historical_building,overture,-22.892711639404297,-43.26707458496094,,overture:Condominio do Edificio Saint Paul Matriz 1:-22.89271:-43.26707
Cachambi,landmark_and_historical_building,overture,-22.89278793334961,-43.26698303222656,,overture:Cachambi:-22.89279:-43.26698
Condomínio do Edifício Van Monartis,landmark_and_historical_building,overture,-22.892269134521484,-43.27473449707031,,overture:Condomínio do Edifício Van Monartis:-22.89227:-43.27473
Condominio Populorum Progressio,landmark_and_historical_building,overture,-22.893030166625977,-43.27602767944336,,overture:Condominio Populorum Progressio:-22.89303:-43.27603
Espaço Sim.,topic_concert_venue,overture,-22.892654418945312,-43.27698516845703,,overture:Espaço Sim.:-22.89265:-43.27699
Condomínio Ed. Sao Martinho,landmark_and_historical_building,overture,-22.89301109313965,-43.278961181640625,,overture:Condomínio Ed. Sao Martinho:-22.89301:-43.27896
Condominio do Conjunto Sao Pedro,landmark_and_historical_building,overture,-22.89214324951172,-43.27962112426758,,overture:Condominio do Conjunto Sao Pedro:-22.89214:-43.27962
Ventura,landmark_and_historical_building,overture,-22.8920841217041,-43.2811279296875,,overture:Ventura:-22.89208:-43.28113
Condomínio Comercial Florença,landmark_and_historical_building,overture,-22.891925811767578,-43.28200149536133,,overture:Condomínio Comercial Florença:-22.89193:-43.28200
Condomínio do Edifício Avaí,landmark_and_historical_building,overture,-22.89251708984375,-43.28402328491211,,overture:Condomínio do Edifício Avaí:-22.89252:-43.28402
Condominio Cristovão De Barros,landmark_and_historical_building,overture,-22.892959594726562,-43.28569030761719,,overture:Condominio Cristovão De Barros:-22.89296:-43.28569
Urb Sole Residencial,landmark_and_historical_building,overture,-22.89327049255371,-43.28426742553711,,overture:Urb Sole Residencial:-22.89327:-43.28427
Ponto De Cultura Samba Teresa,topic_concert_venue,overture,-22.894195556640625,-43.288848876953125,,overture:Ponto De Cultura Samba Teresa:-22.89420:-43.28885
Pagode da Feira  RJ,cultural_center,overture,-22.894086837768555,-43.294456481933594,,overture:Pagode da Feira  RJ:-22.89409:-43.29446
Pagode do Batuta,topic_concert_venue,overture,-22.89362335205078,-43.29534149169922,,overture:Pagode do Batuta:-22.89362:-43.29534
Espaço Engenhão,topic_concert_venue,overture,-22.89362335205078,-43.29534149169922,,overture:Espaço Engenhão:-22.89362:-43.29534
Hip Hop Zona Norte,topic_concert_venue,overture,-22.892900466918945,-43.29506301879883,,overture:Hip Hop Zona Norte:-22.89290:-43.29506
Condomínio 28 De Outubro,landmark_and_historical_building,overture,-22.89214515686035,-43.29964065551758,,overture:Condomínio 28 De Outubro:-22.89215:-43.29964
Auguri - Casa de Festas,topic_concert_venue,overture,-22.89215087890625,-43.29548645019531,,overture:Auguri - Casa de Festas:-22.89215:-43.29549
Condominio do Edificio Laguna,landmark_and_historical_building,overture,-22.89069175720215,-43.29569625854492,,overture:Condominio do Edificio Laguna:-22.89069:-43.29570
Condomínio Mirantes do Meier,landmark_and_historical_building,overture,-22.891000747680664,-43.28507995605469,,overture:Condomínio Mirantes do Meier:-22.89100:-43.28508
Condominio Belvedere,landmark_and_historical_building,overture,-22.890666961669922,-43.285194396972656,,overture:Condominio Belvedere:-22.89067:-43.28519
Stadio Residencial,landmark_and_historical_building,overture,-22.890941619873047,-43.29160690307617,,overture:Stadio Residencial:-22.89094:-43.29161
Vivaz Prime Zona Norte,landmark_and_historical_building,overture,-22.89080238342285,-43.292842864990234,,overture:Vivaz Prime Zona Norte:-22.89080:-43.29284
Upper Rooftop Residencial,landmark_and_historical_building,overture,-22.89004898071289,-43.29024887084961,,overture:Upper Rooftop Residencial:-22.89005:-43.29025
Meu Espaço  - CRIS,topic_concert_venue,overture,-22.890310287475586,-43.2898063659668,,overture:Meu Espaço  - CRIS:-22.89031:-43.28981
Espaço Cultural MAIS,cultural_center,overture,-22.890323638916016,-43.28813552856445,,overture:Espaço Cultural MAIS:-22.89032:-43.28814
Condomínio Residencial Norte Cinco Estrelas,landmark_and_historical_building,overture,-22.89031219482422,-43.28670883178711,,overture:Condomínio Residencial Norte Cinco Estrelas:-22.89031:-43.28671
Condomínio Geriba,landmark_and_historical_building,overture,-22.889846801757812,-43.283287048339844,,overture:Condomínio Geriba:-22.88985:-43.28329
Condomínio Engenho Real,landmark_and_historical_building,overture,-22.889684677124023,-43.290409088134766,,overture:Condomínio Engenho Real:-22.88968:-43.29041
Spazio Riverside,landmark_and_historical_building,overture,-22.8889217376709,-43.304386138916016,,overture:Spazio Riverside:-22.88892:-43.30439
G.R.E.S. Acadêmicos da Abolição,topic_concert_venue,overture,-22.888940811157227,-43.296451568603516,,overture:G.R.E.S. Acadêmicos da Abolição:-22.88894:-43.29645
Condominio Jose do Patrocinio,landmark_and_historical_building,overture,-22.888134002685547,-43.303951263427734,,overture:Condominio Jose do Patrocinio:-22.88813:-43.30395
Ruas do Rio,landmark_and_historical_building,overture,-22.887849807739258,-43.29909896850586,,overture:Ruas do Rio:-22.88785:-43.29910
Ipanema Beatch,topic_concert_venue,overture,-22.88787078857422,-43.29914093017578,,overture:Ipanema Beatch:-22.88787:-43.29914
Cdm Pto Norte Empresarial,topic_concert_venue,overture,-22.887117385864258,-43.285701751708984,,overture:Cdm Pto Norte Empresarial:-22.88712:-43.28570
Up Norte,landmark_and_historical_building,overture,-22.887636184692383,-43.28739547729492,,overture:Up Norte:-22.88764:-43.28740
Renovare Residential Resort,landmark_and_historical_building,overture,-22.88857650756836,-43.284725189208984,,overture:Renovare Residential Resort:-22.88858:-43.28473
Condominio Conjunto Residencial Nsa Senhora Aparecida,landmark_and_historical_building,overture,-22.889270782470703,-43.29447937011719,,overture:Condominio Conjunto Residencial Nsa Senhora Aparecida:-22.88927:-43.29448
Norte Premium,landmark_and_historical_building,overture,-22.88907814025879,-43.28715133666992,,overture:Norte Premium:-22.88908:-43.28715
Edifício Porto Bonança I,landmark_and_historical_building,overture,-22.889244079589844,-43.28230285644531,,overture:Edifício Porto Bonança I:-22.88924:-43.28230
Edifício Avanti,landmark_and_historical_building,overture,-22.88917350769043,-43.280921936035156,,overture:Edifício Avanti:-22.88917:-43.28092
Dom Condomínio Club,landmark_and_historical_building,overture,-22.8889102935791,-43.2830924987793,,overture:Dom Condomínio Club:-22.88891:-43.28309
Condominio Edificio Residencial Rafael Matriz 1,landmark_and_historical_building,overture,-22.888980865478516,-43.28094482421875,,overture:Condominio Edificio Residencial Rafael Matriz 1:-22.88898:-43.28094
Condominio do Edificio Fernando Costa Eiras,landmark_and_historical_building,overture,-22.888900756835938,-43.273231506347656,,overture:Condominio do Edificio Fernando Costa Eiras:-22.88890:-43.27323
CondomÍNio EdifÍCio Rio Mondego,landmark_and_historical_building,overture,-22.888137817382812,-43.2746696472168,,overture:CondomÍNio EdifÍCio Rio Mondego:-22.88814:-43.27467
Golden Residence,landmark_and_historical_building,overture,-22.888254165649414,-43.27994918823242,,overture:Golden Residence:-22.88825:-43.27995
Edifício Silva Mourao,landmark_and_historical_building,overture,-22.88843536376953,-43.279441833496094,,overture:Edifício Silva Mourao:-22.88844:-43.27944
Living Wish Norte,landmark_and_historical_building,overture,-22.887704849243164,-43.28106689453125,,overture:Living Wish Norte:-22.88770:-43.28107
Selini Pub,topic_concert_venue,overture,-22.887523651123047,-43.27630615234375,,overture:Selini Pub:-22.88752:-43.27631
Fun! Residencial e Lazer,landmark_and_historical_building,overture,-22.890235900878906,-43.268890380859375,,overture:Fun! Residencial e Lazer:-22.89024:-43.26889
Condomínio Barão De Maua,landmark_and_historical_building,overture,-22.88981056213379,-43.268394470214844,,overture:Condomínio Barão De Maua:-22.88981:-43.26839
Now Smart Residence Cachambi,landmark_and_historical_building,overture,-22.88973045349121,-43.27375411987305,,overture:Now Smart Residence Cachambi:-22.88973:-43.27375
Mam - Museu de Arte Moderna,modern_art_museum,overture,-22.88981056213379,-43.27638626098633,,overture:Mam - Museu de Arte Moderna:-22.88981:-43.27639
Condominio do Edificio Duque Estrada,landmark_and_historical_building,overture,-22.889389038085938,-43.27796173095703,,overture:Condominio do Edificio Duque Estrada:-22.88939:-43.27796
Liberty Personnalité Résidences,landmark_and_historical_building,overture,-22.889633178710938,-43.27812957763672,,overture:Liberty Personnalité Résidences:-22.88963:-43.27813
Condomínio do Edifício Renata,landmark_and_historical_building,overture,-22.889997482299805,-43.276527404785156,,overture:Condomínio do Edifício Renata:-22.89000:-43.27653
Refinatto Condomínio Club,landmark_and_historical_building,overture,-22.89085578918457,-43.27207565307617,,overture:Refinatto Condomínio Club:-22.89086:-43.27208
Condomínio do Edifício Leonardo Nogueira,landmark_and_historical_building,overture,-22.89076042175293,-43.275848388671875,,overture:Condomínio do Edifício Leonardo Nogueira:-22.89076:-43.27585
Residential Condominium Cozumel,landmark_and_historical_building,overture,-22.891342163085938,-43.277923583984375,,overture:Residential Condominium Cozumel:-22.89134:-43.27792
Tellos 2,landmark_and_historical_building,overture,-22.89141845703125,-43.27827835083008,,overture:Tellos 2:-22.89142:-43.27828
Condomínio Residencial Fair Play,landmark_and_historical_building,overture,-22.891183853149414,-43.279502868652344,,overture:Condomínio Residencial Fair Play:-22.89118:-43.27950
Condominio do Edificio Ravel Matriz 1,landmark_and_historical_building,overture,-22.891515731811523,-43.27235412597656,,overture:Condominio do Edificio Ravel Matriz 1:-22.89152:-43.27235
Condomínio Residencial Gustavo,landmark_and_historical_building,overture,-22.8908748626709,-43.27114486694336,,overture:Condomínio Residencial Gustavo:-22.89087:-43.27114
Norte Dreams,landmark_and_historical_building,overture,-22.890756607055664,-43.26959991455078,,overture:Norte Dreams:-22.89076:-43.26960
Condominio Maison Saint Germain,landmark_and_historical_building,overture,-22.890914916992188,-43.26779556274414,,overture:Condominio Maison Saint Germain:-22.89091:-43.26780
Cema-Condomínio Edifício Miguel Angelo,landmark_and_historical_building,overture,-22.891162872314453,-43.26766586303711,,overture:Cema-Condomínio Edifício Miguel Angelo:-22.89116:-43.26767
Espaço Caldeirão do Bororó,topic_concert_venue,overture,-22.891725540161133,-43.26395797729492,,overture:Espaço Caldeirão do Bororó:-22.89173:-43.26396
Nova CCPL,landmark_and_historical_building,overture,-22.891263961791992,-43.247459411621094,,overture:Nova CCPL:-22.89126:-43.24746
MAGIC SHOW,topic_concert_venue,overture,-22.89012336730957,-43.24265670776367,,overture:MAGIC SHOW:-22.89012:-43.24266
Sítio Recanto do Sol,topic_concert_venue,overture,-22.887523651123047,-43.22731399536133,,overture:Sítio Recanto do Sol:-22.88752:-43.22731
Residencial Urban São Cristóvão,landmark_and_historical_building,overture,-22.88932228088379,-43.22258377075195,,overture:Residencial Urban São Cristóvão:-22.88932:-43.22258
Roda Cultural Barreira do Vasco,cultural_center,overture,-22.889650344848633,-43.2292366027832,,overture:Roda Cultural Barreira do Vasco:-22.88965:-43.22924
Igreja Nossa Senhora do Rosário e São Benedito dos Homens Pretos - RJ,history_museum,overture,-22.890295028686523,-43.23451232910156,,overture:Igreja Nossa Senhora do Rosário e São Benedito dos Homens Pretos - RJ:-22.89030:-43.23451
Vivaz São Cristóvão,landmark_and_historical_building,overture,-22.890073776245117,-43.22602081298828,,overture:Vivaz São Cristóvão:-22.89007:-43.22602
Condomínio Vila Brasil,landmark_and_historical_building,overture,-22.89124298095703,-43.235191345214844,,overture:Condomínio Vila Brasil:-22.89124:-43.23519
Museu Vascaino,museum,overture,-22.89118003845215,-43.22890853881836,,overture:Museu Vascaino:-22.89118:-43.22891
Império Show,topic_concert_venue,overture,-22.89076042175293,-43.22368621826172,,overture:Império Show:-22.89076:-43.22369
"Porto do Rio de Janeiro, Armazém 24.",topic_concert_venue,overture,-22.89166259765625,-43.21445083618164,,"overture:Porto do Rio de Janeiro, Armazém 24.:-22.89166:-43.21445"
Neo Life Residencial,landmark_and_historical_building,overture,-22.892925262451172,-43.218833923339844,,overture:Neo Life Residencial:-22.89293:-43.21883
Condomínio Morada Carioca,landmark_and_historical_building,overture,-22.892837524414062,-43.21981430053711,,overture:Condomínio Morada Carioca:-22.89284:-43.21981
Condominio Residencial Presidente Mendes de Moraes,landmark_and_historical_building,overture,-22.8939266204834,-43.23302459716797,,overture:Condominio Residencial Presidente Mendes de Moraes:-22.89393:-43.23302
Espaço Eventos,topic_concert_venue,overture,-22.89227294921875,-43.226905822753906,,overture:Espaço Eventos:-22.89227:-43.22691
"Vasco da Gama, Rio de Janeiro",landmark_and_historical_building,overture,-22.891944885253906,-43.22694778442383,,"overture:Vasco da Gama, Rio de Janeiro:-22.89194:-43.22695"
Condominío Bairro Carioca,landmark_and_historical_building,overture,-22.892858505249023,-43.24832534790039,,overture:Condominío Bairro Carioca:-22.89286:-43.24833
Bairro Carioca,landmark_and_historical_building,overture,-22.8920955657959,-43.248653411865234,,overture:Bairro Carioca:-22.89210:-43.24865
Dennis Imóveis,landmark_and_historical_building,overture,-22.8929500579834,-43.2592658996582,,overture:Dennis Imóveis:-22.89295:-43.25927
Bairro Carioca Triagem,landmark_and_historical_building,overture,-22.894638061523438,-43.24666976928711,,overture:Bairro Carioca Triagem:-22.89464:-43.24667
SALÃO De FESTA,topic_concert_venue,overture,-22.894620895385742,-43.25617599487305,,overture:SALÃO De FESTA:-22.89462:-43.25618
Comunidade do Jacarezinho-RJ,landmark_and_historical_building,overture,-22.894420623779297,-43.2570915222168,,overture:Comunidade do Jacarezinho-RJ:-22.89442:-43.25709
Salão de Festas Dom Bosco,topic_concert_venue,overture,-22.895488739013672,-43.25836181640625,,overture:Salão de Festas Dom Bosco:-22.89549:-43.25836
Edifício Regina Célia,landmark_and_historical_building,overture,-22.895288467407227,-43.25019454956055,,overture:Edifício Regina Célia:-22.89529:-43.25019
Instituto Cultural Neide do Samba,cultural_center,overture,-22.895999908447266,-43.237850189208984,,overture:Instituto Cultural Neide do Samba:-22.89600:-43.23785
Condomínio Maçônico Demerval de Souza Barros,landmark_and_historical_building,overture,-22.89677619934082,-43.23674774169922,,overture:Condomínio Maçônico Demerval de Souza Barros:-22.89678:-43.23675
GRBC Bambas do Curuzu,topic_concert_venue,overture,-22.896129608154297,-43.23052215576172,,overture:GRBC Bambas do Curuzu:-22.89613:-43.23052
Condomínio Paraíso das Crianças,landmark_and_historical_building,overture,-22.89591407775879,-43.23556900024414,,overture:Condomínio Paraíso das Crianças:-22.89591:-43.23557
Condomínio Do Edifício Juranda,landmark_and_historical_building,overture,-22.895198822021484,-43.22041320800781,,overture:Condomínio Do Edifício Juranda:-22.89520:-43.22041
Cultural Center of the Masonic Supreme Council of Brazil,cultural_center,overture,-22.895729064941406,-43.21895980834961,,overture:Cultural Center of the Masonic Supreme Council of Brazil:-22.89573:-43.21896
Mast,history_museum,overture,-22.895915985107422,-43.22304153442383,,overture:Mast:-22.89592:-43.22304
Rio Copa POP,cultural_center,overture,-22.896406173706055,-43.20318603515625,,overture:Rio Copa POP:-22.89641:-43.20319
Cidaddess,cultural_center,overture,-22.896299362182617,-43.20330810546875,,overture:Cidaddess:-22.89630:-43.20331
Botequim da Cidade do Samba,landmark_and_historical_building,overture,-22.894920349121094,-43.19671630859375,,overture:Botequim da Cidade do Samba:-22.89492:-43.19672
GRES Império Serrano,topic_concert_venue,overture,-22.894351959228516,-43.19639205932617,,overture:GRES Império Serrano:-22.89435:-43.19639
Condominio Morada da Saude,landmark_and_historical_building,overture,-22.895061492919922,-43.194305419921875,,overture:Condominio Morada da Saude:-22.89506:-43.19431
Centro Cultural Cândido José de Araújo,cultural_center,overture,-22.895601272583008,-43.192203521728516,,overture:Centro Cultural Cândido José de Araújo:-22.89560:-43.19220
Centro Cultural Inclusartiz,cultural_center,overture,-22.89592170715332,-43.1920051574707,,overture:Centro Cultural Inclusartiz:-22.89592:-43.19201
Memorial Pretos Novos,museum,overture,-22.896039962768555,-43.1929817199707,,overture:Memorial Pretos Novos:-22.89604:-43.19298
Instituto de Pesquisa e Memória Pretos Novos (IPN),history_museum,overture,-22.89597511291504,-43.192909240722656,,overture:Instituto de Pesquisa e Memória Pretos Novos (IPN):-22.89598:-43.19291
Casa do Propósito,cultural_center,overture,-22.895689010620117,-43.19484329223633,,overture:Casa do Propósito:-22.89569:-43.19484
Cidade do Samba RJ,topic_concert_venue,overture,-22.89571762084961,-43.19755554199219,,overture:Cidade do Samba RJ:-22.89572:-43.19756
Escola de Samba Grande Rio,topic_concert_venue,overture,-22.89562225341797,-43.20238494873047,,overture:Escola de Samba Grande Rio:-22.89562:-43.20238
MUHCAB Museu da História e da Cultura Afro-Brasileira,history_museum,overture,-22.89622688293457,-43.19428253173828,,overture:MUHCAB Museu da História e da Cultura Afro-Brasileira:-22.89623:-43.19428
Centro Cultural José Bonifácio,cultural_center,overture,-22.896223068237305,-43.194278717041016,,overture:Centro Cultural José Bonifácio:-22.89622:-43.19428
Museu da Escravidão e da Liberdade,museum,overture,-22.896217346191406,-43.194278717041016,,overture:Museu da Escravidão e da Liberdade:-22.89622:-43.19428
Moinho Fluminense,landmark_and_historical_building,overture,-22.896270751953125,-43.191436767578125,,overture:Moinho Fluminense:-22.89627:-43.19144
Centro Cultural Acao da Cidadania,cultural_center,overture,-22.896638870239258,-43.18660354614258,,overture:Centro Cultural Acao da Cidadania:-22.89664:-43.18660
A boa do Rio,topic_concert_venue,overture,-22.896554946899414,-43.186485290527344,,overture:A boa do Rio:-22.89655:-43.18649
Cais do Valongo,landmark_and_historical_building,overture,-22.896648406982422,-43.187171936035156,,overture:Cais do Valongo:-22.89665:-43.18717
Noites Cariocas,topic_concert_venue,overture,-22.895904541015625,-43.181636810302734,,overture:Noites Cariocas:-22.89590:-43.18164
NBA House,topic_concert_venue,overture,-22.896015167236328,-43.18165588378906,,overture:NBA House:-22.89602:-43.18166
Monumento ao Barão de Mauá,monument,overture,-22.89607048034668,-43.18097686767578,,overture:Monumento ao Barão de Mauá:-22.89607:-43.18098
Museu de Arte do Rio,art_museum,overture,-22.896608352661133,-43.182037353515625,,overture:Museu de Arte do Rio:-22.89661:-43.18204
Espaço Cultural da Marinha,museum,overture,-22.894939422607422,-43.17383575439453,,overture:Espaço Cultural da Marinha:-22.89494:-43.17384
Painel Etnias,landmark_and_historical_building,overture,-22.895132064819336,-43.184879302978516,,overture:Painel Etnias:-22.89513:-43.18488
Lumina Rio,landmark_and_historical_building,overture,-22.895238876342773,-43.187740325927734,,overture:Lumina Rio:-22.89524:-43.18774
Etnias - Mural de Graffiti,monument,overture,-22.894336700439453,-43.18714904785156,,overture:Etnias - Mural de Graffiti:-22.89434:-43.18715
Armazém Cultural das Artes,cultural_center,overture,-22.894107818603516,-43.1901969909668,,overture:Armazém Cultural das Artes:-22.89411:-43.19020
Cultura Conecta,museum,overture,-22.893342971801758,-43.17909240722656,,overture:Cultura Conecta:-22.89334:-43.17909
Rio Star,landmark_and_historical_building,overture,-22.893043518066406,-43.19422912597656,,overture:Rio Star:-22.89304:-43.19423
Estação Vlt - Parada dos Museus,museum,overture,-22.892812728881836,-43.19192123413086,,overture:Estação Vlt - Parada dos Museus:-22.89281:-43.19192
Boulevard Olímpico - Porto Maravilha,topic_concert_venue,overture,-22.892841339111328,-43.19195556640625,,overture:Boulevard Olímpico - Porto Maravilha:-22.89284:-43.19196
Museu de Cera,history_museum,overture,-22.893280029296875,-43.192420959472656,,overture:Museu de Cera:-22.89328:-43.19242
Armazem da Utopia,landmark_and_historical_building,overture,-22.894193649291992,-43.19882583618164,,overture:Armazem da Utopia:-22.89419:-43.19883
Lar doce lar Cury,landmark_and_historical_building,overture,-22.887880325317383,-43.124881744384766,,overture:Lar doce lar Cury:-22.88788:-43.12488
Memorial Roberto Silveira,museum,overture,-22.889490127563477,-43.127803802490234,,overture:Memorial Roberto Silveira:-22.88949:-43.12780
Caminho Niemeyer,cultural_center,overture,-22.8905029296875,-43.126956939697266,,overture:Caminho Niemeyer:-22.89050:-43.12696
Teatro Popular Oscar Niemeyer,topic_concert_venue,overture,-22.889949798583984,-43.128273010253906,,overture:Teatro Popular Oscar Niemeyer:-22.88995:-43.12827
Casa de Artista,cultural_center,overture,-22.89115333557129,-43.1231689453125,,overture:Casa de Artista:-22.89115:-43.12317
Edifício Tupinambás,landmark_and_historical_building,overture,-22.893413543701172,-43.123023986816406,,overture:Edifício Tupinambás:-22.89341:-43.12302
Estatua de Araribóia,monument,overture,-22.894001007080078,-43.12396240234375,,overture:Estatua de Araribóia:-22.89400:-43.12396
Espaco Cultural Correios Niteroi,cultural_center,overture,-22.8948974609375,-43.1236572265625,,overture:Espaco Cultural Correios Niteroi:-22.89490:-43.12366
Tempo de Recreio,topic_concert_venue,overture,-22.896163940429688,-43.12411880493164,,overture:Tempo de Recreio:-22.89616:-43.12412
Barricada - Centro Cultural Marginal Fernando Calado,cultural_center,overture,-22.896503448486328,-43.12567138671875,,overture:Barricada - Centro Cultural Marginal Fernando Calado:-22.89650:-43.12567
Rede Educativa UFF - Niterói,topic_concert_venue,overture,-22.896940231323242,-43.12548065185547,,overture:Rede Educativa UFF - Niterói:-22.89694:-43.12548
Anime Nikity Evento,topic_concert_venue,overture,-22.897693634033203,-43.124061584472656,,overture:Anime Nikity Evento:-22.89769:-43.12406
Condomínio do Edifício Pontevedra,landmark_and_historical_building,overture,-22.897716522216797,-43.12759017944336,,overture:Condomínio do Edifício Pontevedra:-22.89772:-43.12759
Turma da Mônica no Mundo do Circo,topic_concert_venue,overture,-22.897287368774414,-43.12864303588867,,overture:Turma da Mônica no Mundo do Circo:-22.89729:-43.12864
Arena Cantareira,topic_concert_venue,overture,-22.899255752563477,-43.13089370727539,,overture:Arena Cantareira:-22.89926:-43.13089
Estúdio 11,topic_concert_venue,overture,-22.89922332763672,-43.130306243896484,,overture:Estúdio 11:-22.89922:-43.13031
Cantareira Niteroi,topic_concert_venue,overture,-22.89914321899414,-43.13038635253906,,overture:Cantareira Niteroi:-22.89914:-43.13039
Centro de Línguas e Cultura da UFF,cultural_center,overture,-22.898698806762695,-43.132930755615234,,overture:Centro de Línguas e Cultura da UFF:-22.89870:-43.13293
Reserva Cultural Niterói,cultural_center,overture,-22.898391723632812,-43.13075256347656,,overture:Reserva Cultural Niterói:-22.89839:-43.13075
Enjoy,landmark_and_historical_building,overture,-22.89863395690918,-43.12688446044922,,overture:Enjoy:-22.89863:-43.12688
Casa Meu Amor,landmark_and_historical_building,overture,-22.899444580078125,-43.12261962890625,,overture:Casa Meu Amor:-22.89944:-43.12262
Casa 264,cultural_center,overture,-22.899694442749023,-43.12676239013672,,overture:Casa 264:-22.89969:-43.12676
Edifício Jaqueline,landmark_and_historical_building,overture,-22.89997100830078,-43.1288948059082,,overture:Edifício Jaqueline:-22.89997:-43.12889
Edifício São Sebastião,landmark_and_historical_building,overture,-22.900068283081055,-43.12254333496094,,overture:Edifício São Sebastião:-22.90007:-43.12254
Espaço Cultural e Residencial Tribo Urbana,cultural_center,overture,-22.90058708190918,-43.124794006347656,,overture:Espaço Cultural e Residencial Tribo Urbana:-22.90059:-43.12479
Condomi'nio do Edifi'cio Inconfide ncia,landmark_and_historical_building,overture,-22.900821685791016,-43.125282287597656,,overture:Condomi'nio do Edifi'cio Inconfide ncia:-22.90082:-43.12528
Edifício Barão do Ingá,landmark_and_historical_building,overture,-22.901302337646484,-43.12446975708008,,overture:Edifício Barão do Ingá:-22.90130:-43.12447
Condomínio do Edifício Medeiros Corrêa,landmark_and_historical_building,overture,-22.90147590637207,-43.12476348876953,,overture:Condomínio do Edifício Medeiros Corrêa:-22.90148:-43.12476
Fundação Cultural Avatar,cultural_center,overture,-22.901655197143555,-43.122989654541016,,overture:Fundação Cultural Avatar:-22.90166:-43.12299
Edificio Maggio,landmark_and_historical_building,overture,-22.901538848876953,-43.125728607177734,,overture:Edificio Maggio:-22.90154:-43.12573
Museu Antonio Parreiras,art_museum,overture,-22.90177345275879,-43.12611389160156,,overture:Museu Antonio Parreiras:-22.90177:-43.12611
Espaço São Dom Dom,cultural_center,overture,-22.901695251464844,-43.13064193725586,,overture:Espaço São Dom Dom:-22.90170:-43.13064
Campus Avançado,cultural_center,overture,-22.90159034729004,-43.13318634033203,,overture:Campus Avançado:-22.90159:-43.13319
Gragoatá Bay,landmark_and_historical_building,overture,-22.901065826416016,-43.13302230834961,,overture:Gragoatá Bay:-22.90107:-43.13302
Residencial Village,landmark_and_historical_building,overture,-22.900609970092773,-43.130638122558594,,overture:Residencial Village:-22.90061:-43.13064
Instituto Cultural Cidade Viva,cultural_center,overture,-22.898645401000977,-43.1794548034668,,overture:Instituto Cultural Cidade Viva:-22.89865:-43.17945
Centro da Memória da Eletricidade no Brasil,history_museum,overture,-22.89855194091797,-43.179073333740234,,overture:Centro da Memória da Eletricidade no Brasil:-22.89855:-43.17907
Liga de Blocos e Bandas da Zona Portuária do RJ,cultural_center,overture,-22.898090362548828,-43.18533706665039,,overture:Liga de Blocos e Bandas da Zona Portuária do RJ:-22.89809:-43.18534
Condomínio Edifício Beneditinos,landmark_and_historical_building,overture,-22.898574829101562,-43.181060791015625,,overture:Condomínio Edifício Beneditinos:-22.89857:-43.18106
Luggo Mauá,landmark_and_historical_building,overture,-22.898725509643555,-43.1811637878418,,overture:Luggo Mauá:-22.89873:-43.18116
Avenida Rio Branco,landmark_and_historical_building,overture,-22.899250030517578,-43.180137634277344,,overture:Avenida Rio Branco:-22.89925:-43.18014
Mirante do Valongo,landmark_and_historical_building,overture,-22.898914337158203,-43.187049865722656,,overture:Mirante do Valongo:-22.89891:-43.18705
Afoxé Filhos de Gandhi RJ,topic_concert_venue,overture,-22.899267196655273,-43.187747955322266,,overture:Afoxé Filhos de Gandhi RJ:-22.89927:-43.18775
Pequena África,cultural_center,overture,-22.89813232421875,-43.18748474121094,,overture:Pequena África:-22.89813:-43.18748
Rua do Monte,topic_concert_venue,overture,-22.897768020629883,-43.19078063964844,,overture:Rua do Monte:-22.89777:-43.19078
Edificio 3 de Outubro,landmark_and_historical_building,overture,-22.89752960205078,-43.185970306396484,,overture:Edificio 3 de Outubro:-22.89753:-43.18597
Gestão Cultural Rio,cultural_center,overture,-22.89779281616211,-43.18764114379883,,overture:Gestão Cultural Rio:-22.89779:-43.18764
Casa da Tia Ciata,cultural_center,overture,-22.898033142089844,-43.18750762939453,,overture:Casa da Tia Ciata:-22.89803:-43.18751
Samba da Pedra do Sal,cultural_center,overture,-22.89789390563965,-43.185455322265625,,overture:Samba da Pedra do Sal:-22.89789:-43.18546
Escada de Acesso ao Morro da Conceicao,landmark_and_historical_building,overture,-22.897470474243164,-43.18117141723633,,overture:Escada de Acesso ao Morro da Conceicao:-22.89747:-43.18117
Sal Rio Residencial,landmark_and_historical_building,overture,-22.897668838500977,-43.18534851074219,,overture:Sal Rio Residencial:-22.89767:-43.18535
Edificio Clarissac,landmark_and_historical_building,overture,-22.89735221862793,-43.18296432495117,,overture:Edificio Clarissac:-22.89735:-43.18296
Edificio Joseph Gire,landmark_and_historical_building,overture,-22.897262573242188,-43.181034088134766,,overture:Edificio Joseph Gire:-22.89726:-43.18103
Centro de Convenções RB1,topic_concert_venue,overture,-22.89720344543457,-43.1803092956543,,overture:Centro de Convenções RB1:-22.89720:-43.18031
Museu de Arte do Rio (MAR),art_museum,overture,-22.896881103515625,-43.18177032470703,,overture:Museu de Arte do Rio (MAR):-22.89688:-43.18177
Turbulências,museum,overture,-22.89689064025879,-43.18194580078125,,overture:Turbulências:-22.89689:-43.18195
Sacadura 154,topic_concert_venue,overture,-22.897382736206055,-43.186588287353516,,overture:Sacadura 154:-22.89738:-43.18659
grande cia. de mystérios e novidades,art_museum,overture,-22.897661209106445,-43.19271469116211,,overture:grande cia. de mystérios e novidades:-22.89766:-43.19271
Salão De Festas e Eventos : Seu Dia De Estrela,topic_concert_venue,overture,-22.897687911987305,-43.19668197631836,,overture:Salão De Festas e Eventos : Seu Dia De Estrela:-22.89769:-43.19668
Museu do Surf - By Rico,museum,overture,-22.897493362426758,-43.195945739746094,,overture:Museu do Surf - By Rico:-22.89749:-43.19595
Galpão Gamboa,cultural_center,overture,-22.89690399169922,-43.19947814941406,,overture:Galpão Gamboa:-22.89690:-43.19948
Viver Bem RJ,landmark_and_historical_building,overture,-22.896873474121094,-43.203033447265625,,overture:Viver Bem RJ:-22.89687:-43.20303
Porto Maravilha,landmark_and_historical_building,overture,-22.897151947021484,-43.2027702331543,,overture:Porto Maravilha:-22.89715:-43.20277
Canal do Mangue,landmark_and_historical_building,overture,-22.897323608398438,-43.21064376831055,,overture:Canal do Mangue:-22.89732:-43.21064
Davi Ghiotto Imóveis,landmark_and_historical_building,overture,-22.8975830078125,-43.20412063598633,,overture:Davi Ghiotto Imóveis:-22.89758:-43.20412
Fabio Luiz imóveis RJ ,landmark_and_historical_building,overture,-22.8975830078125,-43.20412063598633,,overture:Fabio Luiz imóveis RJ :-22.89758:-43.20412
Wellington Corim imóveis,landmark_and_historical_building,overture,-22.8975830078125,-43.20412063598633,,overture:Wellington Corim imóveis:-22.89758:-43.20412
Rio Energy,landmark_and_historical_building,overture,-22.898189544677734,-43.20492172241211,,overture:Rio Energy:-22.89819:-43.20492
Rodoviária novo rio,landmark_and_historical_building,overture,-22.898693084716797,-43.208274841308594,,overture:Rodoviária novo rio:-22.89869:-43.20827
Rio De Janeiro I RJ,topic_concert_venue,overture,-22.899330139160156,-43.20900344848633,,overture:Rio De Janeiro I RJ:-22.89933:-43.20900
Condomínio do Edifício Nossa Senhora do Livramento,landmark_and_historical_building,overture,-22.89836311340332,-43.19129180908203,,overture:Condomínio do Edifício Nossa Senhora do Livramento:-22.89836:-43.19129
Baile  da  Providencia,topic_concert_venue,overture,-22.89989471435547,-43.19315719604492,,overture:Baile  da  Providencia:-22.89989:-43.19316
Casa Amarela Providência,cultural_center,overture,-22.900367736816406,-43.19527816772461,,overture:Casa Amarela Providência:-22.90037:-43.19528
Providencia e Tudoo Doois,landmark_and_historical_building,overture,-22.899824142456055,-43.19699478149414,,overture:Providencia e Tudoo Doois:-22.89982:-43.19699
Baile Da Provi Centro da Cidade,topic_concert_venue,overture,-22.89933967590332,-43.198020935058594,,overture:Baile Da Provi Centro da Cidade:-22.89934:-43.19802
Barracão da Unidos do Viradouro,topic_concert_venue,overture,-22.899932861328125,-43.20647048950195,,overture:Barracão da Unidos do Viradouro:-22.89993:-43.20647
Porto Carioca,landmark_and_historical_building,overture,-22.90052032470703,-43.20773696899414,,overture:Porto Carioca:-22.90052:-43.20774
CarnaRio - o site do Carnaval carioca,topic_concert_venue,overture,-22.900753021240234,-43.20473098754883,,overture:CarnaRio - o site do Carnaval carioca:-22.90075:-43.20473
Toca,cultural_center,overture,-22.901020050048828,-43.203033447265625,,overture:Toca:-22.90102:-43.20303
OLugar Arte Contemporânea,topic_concert_venue,overture,-22.901020050048828,-43.203033447265625,,overture:OLugar Arte Contemporânea:-22.90102:-43.20303
Fábrica Bhering,landmark_and_historical_building,overture,-22.90106201171875,-43.2033805847168,,overture:Fábrica Bhering:-22.90106:-43.20338
Rio Wonder Residences,landmark_and_historical_building,overture,-22.900602340698242,-43.20594787597656,,overture:Rio Wonder Residences:-22.90060:-43.20595
Museu do Chocolate,museum,overture,-22.901330947875977,-43.203086853027344,,overture:Museu do Chocolate:-22.90133:-43.20309
Condomínio Jardim Marapendi - Barra da Tijuca,landmark_and_historical_building,overture,-22.900890350341797,-43.20148468017578,,overture:Condomínio Jardim Marapendi - Barra da Tijuca:-22.90089:-43.20148
Vila Portuária,landmark_and_historical_building,overture,-22.90081214904785,-43.20053482055664,,overture:Vila Portuária:-22.90081:-43.20053
Condomínio Vila Portuária,landmark_and_historical_building,overture,-22.90107536315918,-43.19917678833008,,overture:Condomínio Vila Portuária:-22.90108:-43.19918
Solar do Porto,topic_concert_venue,overture,-22.90158462524414,-43.18549346923828,,overture:Solar do Porto:-22.90158:-43.18549
Casa Savana,topic_concert_venue,overture,-22.901634216308594,-43.1855583190918,,overture:Casa Savana:-22.90163:-43.18556
Casa do Nando,cultural_center,overture,-22.90177345275879,-43.185081481933594,,overture:Casa do Nando:-22.90177:-43.18508
Condomínio do Edifício Banita,landmark_and_historical_building,overture,-22.90182876586914,-43.17981719970703,,overture:Condomínio do Edifício Banita:-22.90183:-43.17982
Condomínio do edifício Iasa II,landmark_and_historical_building,overture,-22.901554107666016,-43.18107223510742,,overture:Condomínio do edifício Iasa II:-22.90155:-43.18107
Condomínio Do Edifício Lisboa,landmark_and_historical_building,overture,-22.901647567749023,-43.181488037109375,,overture:Condomínio Do Edifício Lisboa:-22.90165:-43.18149
Sala Museal Artes e Idéias,museum,overture,-22.90167236328125,-43.18148422241211,,overture:Sala Museal Artes e Idéias:-22.90167:-43.18148
Workshopplace,topic_concert_venue,overture,-22.90152359008789,-43.18100357055664,,overture:Workshopplace:-22.90152:-43.18100
Joao e Maria Museum,museum,overture,-22.900840759277344,-43.18162155151367,,overture:Joao e Maria Museum:-22.90084:-43.18162
Centro Cultural Sindicato dos Rodoviários do Município do Rio de Janeiro,cultural_center,overture,-22.89963722229004,-43.18770217895508,,overture:Centro Cultural Sindicato dos Rodoviários do Município do Rio de Janeiro:-22.89964:-43.18770
Centro Carnavalesco Onça Preta,cultural_center,overture,-22.8994083404541,-43.18793487548828,,overture:Centro Carnavalesco Onça Preta:-22.89941:-43.18793
Museu Cartográfico do Seviço Geográfico do Exército,museum,overture,-22.899677276611328,-43.1827278137207,,overture:Museu Cartográfico do Seviço Geográfico do Exército:-22.89968:-43.18273
Conceição 179,landmark_and_historical_building,overture,-22.8997802734375,-43.1845588684082,,overture:Conceição 179:-22.89978:-43.18456
Palácio Episcopal da Conceição,museum,overture,-22.899534225463867,-43.18285369873047,,overture:Palácio Episcopal da Conceição:-22.89953:-43.18285
Casa Mauá Residencial,landmark_and_historical_building,overture,-22.900070190429688,-43.179813385009766,,overture:Casa Mauá Residencial:-22.90007:-43.17981
Museu da Marinha,museum,overture,-22.900516510009766,-43.174720764160156,,overture:Museu da Marinha:-22.90052:-43.17472
Submarino-Museu Riachuelo S-22,history_museum,overture,-22.900468826293945,-43.174644470214844,,overture:Submarino-Museu Riachuelo S-22:-22.90047:-43.17464
Espaço Cultural da Marinha,museum,overture,-22.90044593811035,-43.17488479614258,,overture:Espaço Cultural da Marinha:-22.90045:-43.17488
Clube do Forró,topic_concert_venue,overture,-22.89975357055664,-43.17764663696289,,overture:Clube do Forró:-22.89975:-43.17765
Edifício Wall Street,landmark_and_historical_building,overture,-22.899696350097656,-43.17880630493164,,overture:Edifício Wall Street:-22.89970:-43.17881
Skylux by Tegra,landmark_and_historical_building,overture,-22.899677276611328,-43.17909240722656,,overture:Skylux by Tegra:-22.89968:-43.17909
Centro Cultural do Movimento Escoteiro,cultural_center,overture,-22.89954948425293,-43.17706298828125,,overture:Centro Cultural do Movimento Escoteiro:-22.89955:-43.17706
Casa França-Brasil,art_museum,overture,-22.900606155395508,-43.175724029541016,,overture:Casa França-Brasil:-22.90061:-43.17572
Casa Brasil,museum,overture,-22.90060806274414,-43.17620849609375,,overture:Casa Brasil:-22.90061:-43.17621
Projeto Candelária,cultural_center,overture,-22.900650024414062,-43.17745590209961,,overture:Projeto Candelária:-22.90065:-43.17746
Museu da Cidade,art_museum,overture,-22.90114402770996,-43.177005767822266,,overture:Museu da Cidade:-22.90114:-43.17701
Centro Cultural Correios,cultural_center,overture,-22.90115737915039,-43.17589569091797,,overture:Centro Cultural Correios:-22.90116:-43.17590
Teatro Ii do Ccbb,topic_concert_venue,overture,-22.901100158691406,-43.176483154296875,,overture:Teatro Ii do Ccbb:-22.90110:-43.17648
Arquivo histórico do Banco do Brasil,museum,overture,-22.901046752929688,-43.1765251159668,,overture:Arquivo histórico do Banco do Brasil:-22.90105:-43.17653
CCBB Rio de Janeiro,cultural_center,overture,-22.900941848754883,-43.17645263671875,,overture:CCBB Rio de Janeiro:-22.90094:-43.17645
Centro Cultural Banco do Brasil,cultural_center,overture,-22.90096092224121,-43.176475524902344,,overture:Centro Cultural Banco do Brasil:-22.90096:-43.17648
Casa de Cultura - Volta do Mundo e Conexões do Beco da Cultura,cultural_center,overture,-22.9013729095459,-43.17522048950195,,overture:Casa de Cultura - Volta do Mundo e Conexões do Beco da Cultura:-22.90137:-43.17522
Palácio Vigia,landmark_and_historical_building,overture,-22.90126609802246,-43.17641830444336,,overture:Palácio Vigia:-22.90127:-43.17642
Condomínio do Edifício Dr. João Ursulo R. Coutinho,landmark_and_historical_building,overture,-22.901548385620117,-43.17759323120117,,overture:Condomínio do Edifício Dr. João Ursulo R. Coutinho:-22.90155:-43.17759
Espaço Mistura Gente,cultural_center,overture,-22.901765823364258,-43.17824935913086,,overture:Espaço Mistura Gente:-22.90177:-43.17825
Instawalk Rio,topic_concert_venue,overture,-22.901689529418945,-43.1756706237793,,overture:Instawalk Rio:-22.90169:-43.17567
Casa Carnaval | Centro,cultural_center,overture,-22.901662826538086,-43.17522430419922,,overture:Casa Carnaval | Centro:-22.90166:-43.17522
Estátua de João Cândido,landmark_and_historical_building,overture,-22.902158737182617,-43.173397064208984,,overture:Estátua de João Cândido:-22.90216:-43.17340
Mazarha - Festa de Black Music,topic_concert_venue,overture,-22.901857376098633,-43.175052642822266,,overture:Mazarha - Festa de Black Music:-22.90186:-43.17505
Buenos Aires Corporate,landmark_and_historical_building,overture,-22.902000427246094,-43.176727294921875,,overture:Buenos Aires Corporate:-22.90200:-43.17673
Centro Cultural da Justiça Eleitoral,cultural_center,overture,-22.901962280273438,-43.175899505615234,,overture:Centro Cultural da Justiça Eleitoral:-22.90196:-43.17590
"Amarathi, hub cultural",cultural_center,overture,-22.902114868164062,-43.17770767211914,,"overture:Amarathi, hub cultural:-22.90211:-43.17771"
AssociaÇÃO Dos Amigos Do Museu Aeroespacial,museum,overture,-22.90239906311035,-43.174095153808594,,overture:AssociaÇÃO Dos Amigos Do Museu Aeroespacial:-22.90240:-43.17410
Arco do Teles,landmark_and_historical_building,overture,-22.90277862548828,-43.17467498779297,,overture:Arco do Teles:-22.90278:-43.17467
Arco do Teles,monument,overture,-22.90268325805664,-43.17483139038086,,overture:Arco do Teles:-22.90268:-43.17483
Centro Cultural Lado B,cultural_center,overture,-22.902565002441406,-43.17544174194336,,overture:Centro Cultural Lado B:-22.90257:-43.17544
Edifício Eduardo Magalhães,landmark_and_historical_building,overture,-22.902751922607422,-43.17782211303711,,overture:Edifício Eduardo Magalhães:-22.90275:-43.17782
Start It Up,topic_concert_venue,overture,-22.902936935424805,-43.1777229309082,,overture:Start It Up:-22.90294:-43.17772
Polo Praça XV,art_museum,overture,-22.902820587158203,-43.174583435058594,,overture:Polo Praça XV:-22.90282:-43.17458
Museu do paço,art_museum,overture,-22.902894973754883,-43.173309326171875,,overture:Museu do paço:-22.90289:-43.17331
Chafariz do Mestre Valentim,landmark_and_historical_building,overture,-22.902713775634766,-43.17392349243164,,overture:Chafariz do Mestre Valentim:-22.90271:-43.17392
Submarino Museu Riachuelo,museum,overture,-22.90412139892578,-43.17204284667969,,overture:Submarino Museu Riachuelo:-22.90412:-43.17204
Museu Naval,museum,overture,-22.903940200805664,-43.172977447509766,,overture:Museu Naval:-22.90394:-43.17298
Diretoria do Patrimônio Histórico e Documentação da Marinha,museum,overture,-22.90392303466797,-43.17326354980469,,overture:Diretoria do Patrimônio Histórico e Documentação da Marinha:-22.90392:-43.17326
Centro Cultural PGE-RJ,cultural_center,overture,-22.903919219970703,-43.175750732421875,,overture:Centro Cultural PGE-RJ:-22.90392:-43.17575
Museu de Sitio Arqueologico da Antiga Se,history_museum,overture,-22.903898239135742,-43.17581558227539,,overture:Museu de Sitio Arqueologico da Antiga Se:-22.90390:-43.17582
WayCondo,landmark_and_historical_building,overture,-22.903976440429688,-43.175228118896484,,overture:WayCondo:-22.90398:-43.17523
Edificio Conde Pereira Carneiro,landmark_and_historical_building,overture,-22.904272079467773,-43.17811584472656,,overture:Edificio Conde Pereira Carneiro:-22.90427:-43.17812
Casa do Pandeiro,cultural_center,overture,-22.903732299804688,-43.177494049072266,,overture:Casa do Pandeiro:-22.90373:-43.17749
Centro Cultural Tambor de Cumba,cultural_center,overture,-22.90363311767578,-43.17763137817383,,overture:Centro Cultural Tambor de Cumba:-22.90363:-43.17763
Estátua Pixinguinha,monument,overture,-22.903671264648438,-43.17757034301758,,overture:Estátua Pixinguinha:-22.90367:-43.17757
Condominio do Edificio Garage do Carmo,landmark_and_historical_building,overture,-22.903663635253906,-43.176109313964844,,overture:Condominio do Edificio Garage do Carmo:-22.90366:-43.17611
Paço Imperial,cultural_center,overture,-22.90355110168457,-43.174312591552734,,overture:Paço Imperial:-22.90355:-43.17431
Statue General Osorio,monument,overture,-22.90317153930664,-43.174598693847656,,overture:Statue General Osorio:-22.90317:-43.17460
Condomínio Ed. Rio Claro,landmark_and_historical_building,overture,-22.90319061279297,-43.17831802368164,,overture:Condomínio Ed. Rio Claro:-22.90319:-43.17832
Amor em Dirigir,topic_concert_venue,overture,-22.903352737426758,-43.18329620361328,,overture:Amor em Dirigir:-22.90335:-43.18330
Praça Olavo Bilac,landmark_and_historical_building,overture,-22.90347671508789,-43.179935455322266,,overture:Praça Olavo Bilac:-22.90348:-43.17994
Quarto Andar,topic_concert_venue,overture,-22.903900146484375,-43.18172073364258,,overture:Quarto Andar:-22.90390:-43.18172
Museu do Negro,history_museum,overture,-22.90431022644043,-43.18052291870117,,overture:Museu do Negro:-22.90431:-43.18052
Instituição Cultural Krishnamurti,cultural_center,overture,-22.90414047241211,-43.18141174316406,,overture:Instituição Cultural Krishnamurti:-22.90414:-43.18141
Panteão Duque de Caxias,museum,overture,-22.903614044189453,-43.18916702270508,,overture:Panteão Duque de Caxias:-22.90361:-43.18917
Museu Histórico e Diplomático,history_museum,overture,-22.90346908569336,-43.18833541870117,,overture:Museu Histórico e Diplomático:-22.90347:-43.18834
Centro Cultural Light,cultural_center,overture,-22.90272331237793,-43.187095642089844,,overture:Centro Cultural Light:-22.90272:-43.18710
Museu Light da Energia,museum,overture,-22.90252685546875,-43.187068939208984,,overture:Museu Light da Energia:-22.90253:-43.18707
"Espaço Viver - Unindo Pessoas, Conectando Ideias",topic_concert_venue,overture,-22.90290069580078,-43.185176849365234,,"overture:Espaço Viver - Unindo Pessoas, Conectando Ideias:-22.90290:-43.18518"
Vila Azul,landmark_and_historical_building,overture,-22.902545928955078,-43.18008804321289,,overture:Vila Azul:-22.90255:-43.18009
Rio Carnaval,topic_concert_venue,overture,-22.90238380432129,-43.18404006958008,,overture:Rio Carnaval:-22.90238:-43.18404
Condomínio do Edifício Garagem Automática N I,landmark_and_historical_building,overture,-22.901870727539062,-43.17997741699219,,overture:Condomínio do Edifício Garagem Automática N I:-22.90187:-43.17998
Edifício Máxime,landmark_and_historical_building,overture,-22.90210723876953,-43.184452056884766,,overture:Edifício Máxime:-22.90211:-43.18445
Salão de festa do Celio.,topic_concert_venue,overture,-22.901893615722656,-43.20193099975586,,overture:Salão de festa do Celio.:-22.90189:-43.20193
Centro Cultural Capiberibe 27,cultural_center,overture,-22.90228271484375,-43.20414733886719,,overture:Centro Cultural Capiberibe 27:-22.90228:-43.20415
Condomínio Península Life,landmark_and_historical_building,overture,-22.90293312072754,-43.20928192138672,,overture:Condomínio Península Life:-22.90293:-43.20928
Vila Souza Cabral,landmark_and_historical_building,overture,-22.90347671508789,-43.21384048461914,,overture:Vila Souza Cabral:-22.90348:-43.21384
Ensaio Técnico de Rua Unidos da Tijuca,art_museum,overture,-22.90422248840332,-43.20692825317383,,overture:Ensaio Técnico de Rua Unidos da Tijuca:-22.90422:-43.20693
Rio Exxperience,topic_concert_venue,overture,-22.903127670288086,-43.19935989379883,,overture:Rio Exxperience:-22.90313:-43.19936
Espaço Cultural Sparta,topic_concert_venue,overture,-22.90374183654785,-43.19582748413086,,overture:Espaço Cultural Sparta:-22.90374:-43.19583
Museu Casa França Brasil,museum,overture,-22.90557289123535,-43.19355392456055,,overture:Museu Casa França Brasil:-22.90557:-43.19355
Santo Cristo_ M.P,landmark_and_historical_building,overture,-22.90491485595703,-43.202362060546875,,overture:Santo Cristo_ M.P:-22.90491:-43.20236
Sapucaia,landmark_and_historical_building,overture,-22.90454864501953,-43.19891357421875,,overture:Sapucaia:-22.90455:-43.19891
CP Shope,landmark_and_historical_building,overture,-22.906497955322266,-43.19415283203125,,overture:CP Shope:-22.90650:-43.19415
Monumento a Zumbi dos Palmares,monument,overture,-22.906862258911133,-43.19648742675781,,overture:Monumento a Zumbi dos Palmares:-22.90686:-43.19649
Projeto Cultural Benjamin Filho,cultural_center,overture,-22.906837463378906,-43.18106460571289,,overture:Projeto Cultural Benjamin Filho:-22.90684:-43.18106
Centro Cultural Diversa,cultural_center,overture,-22.906648635864258,-43.1809196472168,,overture:Centro Cultural Diversa:-22.90665:-43.18092
A Garagem,cultural_center,overture,-22.90664291381836,-43.18018341064453,,overture:A Garagem:-22.90664:-43.18018
Centro Cultural Carioca,cultural_center,overture,-22.906307220458984,-43.18179702758789,,overture:Centro Cultural Carioca:-22.90631:-43.18180
Centro de Arte Hélio Oiticica,museum,overture,-22.905925750732422,-43.183380126953125,,overture:Centro de Arte Hélio Oiticica:-22.90593:-43.18338
Patota de Cosme,topic_concert_venue,overture,-22.90618324279785,-43.181636810302734,,overture:Patota de Cosme:-22.90618:-43.18164
Rio Coliseum,topic_concert_venue,overture,-22.906063079833984,-43.181190490722656,,overture:Rio Coliseum:-22.90606:-43.18119
Shrek O Musical,topic_concert_venue,overture,-22.906021118164062,-43.18225860595703,,overture:Shrek O Musical:-22.90602:-43.18226
Largo Alexandre Herculano,landmark_and_historical_building,overture,-22.90581512451172,-43.18209457397461,,overture:Largo Alexandre Herculano:-22.90582:-43.18209
Casa Histórica de Deodoro,history_museum,overture,-22.90555763244629,-43.190895080566406,,overture:Casa Histórica de Deodoro:-22.90556:-43.19090
Concentração do Sambódromo,topic_concert_venue,overture,-22.9046573638916,-43.190860748291016,,overture:Concentração do Sambódromo:-22.90466:-43.19086
Condominio Patriarca,landmark_and_historical_building,overture,-22.904582977294922,-43.180931091308594,,overture:Condominio Patriarca:-22.90458:-43.18093
Estátua de José Bonifácio,monument,overture,-22.905115127563477,-43.18083572387695,,overture:Estátua de José Bonifácio:-22.90512:-43.18084
Centro do Samba,cultural_center,overture,-22.90530014038086,-43.18118667602539,,overture:Centro do Samba:-22.90530:-43.18119
"Condomínio do Edifício Iracema - (Centro, RJ)",landmark_and_historical_building,overture,-22.90546417236328,-43.177330017089844,,"overture:Condomínio do Edifício Iracema - (Centro, RJ):-22.90546:-43.17733"
Edifício São José 40,landmark_and_historical_building,overture,-22.905132293701172,-43.17542266845703,,overture:Edifício São José 40:-22.90513:-43.17542
Fundação de Cultura Não Alinhada,cultural_center,overture,-22.90467071533203,-43.177040100097656,,overture:Fundação de Cultura Não Alinhada:-22.90467:-43.17704
Orquestra Sinfônica Brasileira,topic_concert_venue,overture,-22.904560089111328,-43.17757034301758,,overture:Orquestra Sinfônica Brasileira:-22.90456:-43.17757
Labs A+ Carioca,topic_concert_venue,overture,-22.90465545654297,-43.17704391479492,,overture:Labs A+ Carioca:-22.90466:-43.17704
MPG Produções Artísticas,topic_concert_venue,overture,-22.9046688079834,-43.177040100097656,,overture:MPG Produções Artísticas:-22.90467:-43.17704
𝗖𝗢𝗠𝗣𝗥𝗢 𝗢𝗨𝗥𝗢 𝗥𝗜𝗢,topic_concert_venue,overture,-22.904436111450195,-43.17655944824219,,overture:𝗖𝗢𝗠𝗣𝗥𝗢 𝗢𝗨𝗥𝗢 𝗥𝗜𝗢:-22.90444:-43.17656
Edificio Independencia,landmark_and_historical_building,overture,-22.904468536376953,-43.17668151855469,,overture:Edificio Independencia:-22.90447:-43.17668
Quitanda 23,cultural_center,overture,-22.904743194580078,-43.17648696899414,,overture:Quitanda 23:-22.90474:-43.17649
Edifício Beton,landmark_and_historical_building,overture,-22.904829025268555,-43.17628479003906,,overture:Edifício Beton:-22.90483:-43.17628
Museu da Justiça,museum,overture,-22.904979705810547,-43.17282485961914,,overture:Museu da Justiça:-22.90498:-43.17282
Centro Cultural do Poder Judiciário (CCPJ-Rio),cultural_center,overture,-22.9046630859375,-43.172935485839844,,overture:Centro Cultural do Poder Judiciário (CCPJ-Rio):-22.90466:-43.17294
Instituto dos Magistrados do Brasil,cultural_center,overture,-22.90456199645996,-43.172637939453125,,overture:Instituto dos Magistrados do Brasil:-22.90456:-43.17264
Centro Cultural do Ministerio da Saude,cultural_center,overture,-22.904802322387695,-43.169551849365234,,overture:Centro Cultural do Ministerio da Saude:-22.90480:-43.16955
Centro Cultural do Ministério da Saúde (CCMS),cultural_center,overture,-22.905038833618164,-43.168819427490234,,overture:Centro Cultural do Ministério da Saúde (CCMS):-22.90504:-43.16882
Nau dos Descobrimentos,landmark_and_historical_building,overture,-22.905017852783203,-43.16987228393555,,overture:Nau dos Descobrimentos:-22.90502:-43.16987
Centro Cultural do Poder Judiciário - CCPJ-RJ,cultural_center,overture,-22.904985427856445,-43.17378234863281,,overture:Centro Cultural do Poder Judiciário - CCPJ-RJ:-22.90499:-43.17378
Gabinete Real,landmark_and_historical_building,overture,-22.9052734375,-43.17251205444336,,overture:Gabinete Real:-22.90527:-43.17251
Praça dos Expedicionários,landmark_and_historical_building,overture,-22.905221939086914,-43.171424865722656,,overture:Praça dos Expedicionários:-22.90522:-43.17142
Incaer - Instituto Histórico-Cultural da Aeronáutica,museum,overture,-22.905460357666016,-43.16859817504883,,overture:Incaer - Instituto Histórico-Cultural da Aeronáutica:-22.90546:-43.16860
Museu da Imagem e do Som,museum,overture,-22.905780792236328,-43.170936584472656,,overture:Museu da Imagem e do Som:-22.90578:-43.17094
Museu Histórico Nacional,history_museum,overture,-22.905832290649414,-43.16965866088867,,overture:Museu Histórico Nacional:-22.90583:-43.16966
Trompete da Hora,topic_concert_venue,overture,-22.905683517456055,-43.17744064331055,,overture:Trompete da Hora:-22.90568:-43.17744
Buraco do Lume,landmark_and_historical_building,overture,-22.906118392944336,-43.176204681396484,,overture:Buraco do Lume:-22.90612:-43.17620
Museo Naval Rio do Janeiro,museum,overture,-22.90612030029297,-43.17680358886719,,overture:Museo Naval Rio do Janeiro:-22.90612:-43.17680
Edifício Cardeal Arco Verde,landmark_and_historical_building,overture,-22.905960083007812,-43.17677307128906,,overture:Edifício Cardeal Arco Verde:-22.90596:-43.17677
Fundação Anita Mantuano de Artes do Estado do Rio de Janeiro,museum,overture,-22.906410217285156,-43.17947769165039,,overture:Fundação Anita Mantuano de Artes do Estado do Rio de Janeiro:-22.90641:-43.17948
Museu Sacro Franciscano,art_museum,overture,-22.906829833984375,-43.17914962768555,,overture:Museu Sacro Franciscano:-22.90683:-43.17915
Microlins,cultural_center,overture,-22.90678596496582,-43.17703628540039,,overture:Microlins:-22.90679:-43.17704
UFF Espaço Orla,topic_concert_venue,overture,-22.90300750732422,-43.13023376464844,,overture:UFF Espaço Orla:-22.90301:-43.13023
Condomínio do Edifício Residencial Jambeiro,landmark_and_historical_building,overture,-22.902036666870117,-43.13054656982422,,overture:Condomínio do Edifício Residencial Jambeiro:-22.90204:-43.13055
Lenda,landmark_and_historical_building,overture,-22.901906967163086,-43.126041412353516,,overture:Lenda:-22.90191:-43.12604
Mirante Do Boa Viagem - Ingá,museum,overture,-22.902204513549805,-43.124717712402344,,overture:Mirante Do Boa Viagem - Ingá:-22.90220:-43.12472
Edifício Beethoven,landmark_and_historical_building,overture,-22.902240753173828,-43.1240119934082,,overture:Edifício Beethoven:-22.90224:-43.12401
Condomínio do Edifício Palais Royal,landmark_and_historical_building,overture,-22.902372360229492,-43.123104095458984,,overture:Condomínio do Edifício Palais Royal:-22.90237:-43.12310
Ingá Offices,landmark_and_historical_building,overture,-22.903057098388672,-43.12400436401367,,overture:Ingá Offices:-22.90306:-43.12400
Condominio do Edificio Villa San Paolo,landmark_and_historical_building,overture,-22.9028263092041,-43.12400436401367,,overture:Condominio do Edificio Villa San Paolo:-22.90283:-43.12400
Condomínio do Edifício Oriente,landmark_and_historical_building,overture,-22.903240203857422,-43.123046875,,overture:Condomínio do Edifício Oriente:-22.90324:-43.12305
Fundação de Arte de Niterói,art_museum,overture,-22.903688430786133,-43.12492752075195,,overture:Fundação de Arte de Niterói:-22.90369:-43.12493
Condominio do Edificio Via Sallermo,landmark_and_historical_building,overture,-22.903472900390625,-43.12502670288086,,overture:Condominio do Edificio Via Sallermo:-22.90347:-43.12503
Condomínio do Edifício Migliora Ribeiro,landmark_and_historical_building,overture,-22.903472900390625,-43.12498092651367,,overture:Condomínio do Edifício Migliora Ribeiro:-22.90347:-43.12498
Ed. Ingá Beira Mar,landmark_and_historical_building,overture,-22.903486251831055,-43.126258850097656,,overture:Ed. Ingá Beira Mar:-22.90349:-43.12626
Museum of Inga,art_museum,overture,-22.90365219116211,-43.12541961669922,,overture:Museum of Inga:-22.90365:-43.12542
Imagens contam histórias de Niterói,museum,overture,-22.903413772583008,-43.1277961730957,,overture:Imagens contam histórias de Niterói:-22.90341:-43.12780
Museu do Ingá,art_museum,overture,-22.903356552124023,-43.125545501708984,,overture:Museu do Ingá:-22.90336:-43.12555
Condomínio do Edifício Tour d'Argent,landmark_and_historical_building,overture,-22.903200149536133,-43.12679672241211,,overture:Condomínio do Edifício Tour d'Argent:-22.90320:-43.12680
Solar do Jambeiro,museum,overture,-22.903234481811523,-43.128047943115234,,overture:Solar do Jambeiro:-22.90323:-43.12805
Condominio do Edificio Pedro Paulo,landmark_and_historical_building,overture,-22.903411865234375,-43.1301383972168,,overture:Condominio do Edificio Pedro Paulo:-22.90341:-43.13014
Museu Janete Costa de Arte Popular,art_museum,overture,-22.903703689575195,-43.12810134887695,,overture:Museu Janete Costa de Arte Popular:-22.90370:-43.12810
Condomínio Edifício Solar do Ingá,landmark_and_historical_building,overture,-22.903913497924805,-43.1287956237793,,overture:Condomínio Edifício Solar do Ingá:-22.90391:-43.12880
Edificio Nilo Peçanha,landmark_and_historical_building,overture,-22.90376091003418,-43.12374496459961,,overture:Edificio Nilo Peçanha:-22.90376:-43.12374
Condominio do Edificio Palazzo D'Arco,landmark_and_historical_building,overture,-22.903751373291016,-43.12356185913086,,overture:Condominio do Edificio Palazzo D'Arco:-22.90375:-43.12356
Condominio do Edificio Coronel Couto,landmark_and_historical_building,overture,-22.906448364257812,-43.13157653808594,,overture:Condominio do Edificio Coronel Couto:-22.90645:-43.13158
MAC - Museu de Arte Contemporânea de Niterói,museum,overture,-22.906530380249023,-43.131771087646484,,overture:MAC - Museu de Arte Contemporânea de Niterói:-22.90653:-43.13177
Centro Cultural Boa Viagem,cultural_center,overture,-22.905902862548828,-43.132164001464844,,overture:Centro Cultural Boa Viagem:-22.90590:-43.13216
MACquinho,cultural_center,overture,-22.905677795410156,-43.12610626220703,,overture:MACquinho:-22.90568:-43.12611
Mirante de Boa Viagem,landmark_and_historical_building,overture,-22.905834197998047,-43.1250114440918,,overture:Mirante de Boa Viagem:-22.90583:-43.12501
Piedade,landmark_and_historical_building,overture,-22.88608741760254,-43.30585861206055,,overture:Piedade:-22.88609:-43.30586
Edifício Baião,landmark_and_historical_building,overture,-22.886646270751953,-43.30192184448242,,overture:Edifício Baião:-22.88665:-43.30192
Casa De Cultura,cultural_center,overture,-22.88469123840332,-43.303688049316406,,overture:Casa De Cultura:-22.88469:-43.30369
Associação Afrocultural Yorubá,cultural_center,overture,-22.883657455444336,-43.29517364501953,,overture:Associação Afrocultural Yorubá:-22.88366:-43.29517
Recanto Da Tradição Rio De Janeiro,topic_concert_venue,overture,-22.884170532226562,-43.295780181884766,,overture:Recanto Da Tradição Rio De Janeiro:-22.88417:-43.29578
Travessa Cordeiro N 55,landmark_and_historical_building,overture,-22.885854721069336,-43.29579544067383,,overture:Travessa Cordeiro N 55:-22.88585:-43.29580
Conjunto dos Ferroviários,landmark_and_historical_building,overture,-22.886329650878906,-43.293270111083984,,overture:Conjunto dos Ferroviários:-22.88633:-43.29327
Condomínio do Arena Park,landmark_and_historical_building,overture,-22.88600730895996,-43.29008865356445,,overture:Condomínio do Arena Park:-22.88601:-43.29009
Cheyene Valéria Consultoria Imobiliária,landmark_and_historical_building,overture,-22.886720657348633,-43.28410339355469,,overture:Cheyene Valéria Consultoria Imobiliária:-22.88672:-43.28410
Norte Parque Residencial,landmark_and_historical_building,overture,-22.88396453857422,-43.28647994995117,,overture:Norte Parque Residencial:-22.88396:-43.28648
North Residential Park,landmark_and_historical_building,overture,-22.883941650390625,-43.28661346435547,,overture:North Residential Park:-22.88394:-43.28661
Casa da Sofia,landmark_and_historical_building,overture,-22.884042739868164,-43.2883415222168,,overture:Casa da Sofia:-22.88404:-43.28834
Pilares,landmark_and_historical_building,overture,-22.884166717529297,-43.291725158691406,,overture:Pilares:-22.88417:-43.29173
Centro de Movimento Priscila de Assis,topic_concert_venue,overture,-22.884984970092773,-43.290103912353516,,overture:Centro de Movimento Priscila de Assis:-22.88498:-43.29010
Theatro Municipal do Rio de Janeiro,topic_concert_venue,overture,-22.884613037109375,-43.291290283203125,,overture:Theatro Municipal do Rio de Janeiro:-22.88461:-43.29129
Mário Carpenter,landmark_and_historical_building,overture,-22.884601593017578,-43.29246139526367,,overture:Mário Carpenter:-22.88460:-43.29246
condomínio brasil,landmark_and_historical_building,overture,-22.882089614868164,-43.28959274291992,,overture:condomínio brasil:-22.88209:-43.28959
Estrelas Festas,topic_concert_venue,overture,-22.88231086730957,-43.28791046142578,,overture:Estrelas Festas:-22.88231:-43.28791
Rio Méier (vattendrag i Brasilien),landmark_and_historical_building,overture,-22.88134002685547,-43.28671646118164,,overture:Rio Méier (vattendrag i Brasilien):-22.88134:-43.28672
Condomínio Cristóvão Colombo,landmark_and_historical_building,overture,-22.880874633789062,-43.288658142089844,,overture:Condomínio Cristóvão Colombo:-22.88087:-43.28866
Show de Bola,topic_concert_venue,overture,-22.881071090698242,-43.29718780517578,,overture:Show de Bola:-22.88107:-43.29719
GRES Difícil é o Nome,topic_concert_venue,overture,-22.88254165649414,-43.296146392822266,,overture:GRES Difícil é o Nome:-22.88254:-43.29615
Itabirito (Urubu),landmark_and_historical_building,overture,-22.88047218322754,-43.304317474365234,,overture:Itabirito (Urubu):-22.88047:-43.30432
Pagode Show de Bola,topic_concert_venue,overture,-22.880374908447266,-43.296390533447266,,overture:Pagode Show de Bola:-22.88037:-43.29639
E & B Festas E Eventos,monument,overture,-22.879390716552734,-43.29750061035156,,overture:E & B Festas E Eventos:-22.87939:-43.29750
Espaço Carvalho,topic_concert_venue,overture,-22.879146575927734,-43.299076080322266,,overture:Espaço Carvalho:-22.87915:-43.29908
Condomínio Pássaro Negro .,landmark_and_historical_building,overture,-22.875383377075195,-43.30183410644531,,overture:Condomínio Pássaro Negro .:-22.87538:-43.30183
Condominio Jose Carlos da Fonseca,landmark_and_historical_building,overture,-22.87572479248047,-43.28858947753906,,overture:Condominio Jose Carlos da Fonseca:-22.87572:-43.28859
Bairro de Inhaúma,landmark_and_historical_building,overture,-22.877458572387695,-43.28556442260742,,overture:Bairro de Inhaúma:-22.87746:-43.28556
Condomínio José dos Reis,landmark_and_historical_building,overture,-22.87816047668457,-43.28544235229492,,overture:Condomínio José dos Reis:-22.87816:-43.28544
Conjunto da Joaquim Ribeiro,landmark_and_historical_building,overture,-22.877729415893555,-43.28617477416992,,overture:Conjunto da Joaquim Ribeiro:-22.87773:-43.28617
Condomínio Oswaldo Cruz,landmark_and_historical_building,overture,-22.880420684814453,-43.28897476196289,,overture:Condomínio Oswaldo Cruz:-22.88042:-43.28897
Condomínio Conjunto Habitacional Piragibe,landmark_and_historical_building,overture,-22.88010025024414,-43.28399658203125,,overture:Condomínio Conjunto Habitacional Piragibe:-22.88010:-43.28400
Condomínio Pátio América,landmark_and_historical_building,overture,-22.87967300415039,-43.2741584777832,,overture:Condomínio Pátio América:-22.87967:-43.27416
Sonho Da Casa Própria,landmark_and_historical_building,overture,-22.878883361816406,-43.271751403808594,,overture:Sonho Da Casa Própria:-22.87888:-43.27175
Bloco 1,landmark_and_historical_building,overture,-22.87474822998047,-43.27362823486328,,overture:Bloco 1:-22.87475:-43.27363
Condomínio Residencial De Del Castilho,landmark_and_historical_building,overture,-22.874523162841797,-43.273311614990234,,overture:Condomínio Residencial De Del Castilho:-22.87452:-43.27331
Ed. Sta Mônica,landmark_and_historical_building,overture,-22.874435424804688,-43.27263641357422,,overture:Ed. Sta Mônica:-22.87444:-43.27264
Visão TV,topic_concert_venue,overture,-22.87434959411621,-43.27241134643555,,overture:Visão TV:-22.87435:-43.27241
Condominio Residencial Inhauma,landmark_and_historical_building,overture,-22.875194549560547,-43.27348327636719,,overture:Condominio Residencial Inhauma:-22.87519:-43.27348
Casa de Cultura,cultural_center,overture,-22.87691307067871,-43.2701301574707,,overture:Casa de Cultura:-22.87691:-43.27013
America Club Condominium,landmark_and_historical_building,overture,-22.876605987548828,-43.26613998413086,,overture:America Club Condominium:-22.87661:-43.26614
Condominio do Edificio Santa Catarina e Maria Regina,landmark_and_historical_building,overture,-22.875885009765625,-43.26850128173828,,overture:Condominio do Edificio Santa Catarina e Maria Regina:-22.87589:-43.26850
IAPI de Del Castilho,landmark_and_historical_building,overture,-22.876136779785156,-43.27033996582031,,overture:IAPI de Del Castilho:-22.87614:-43.27034
Condomínio Carioca Residencial - Del Castilho,landmark_and_historical_building,overture,-22.874584197998047,-43.26654815673828,,overture:Condomínio Carioca Residencial - Del Castilho:-22.87458:-43.26655
Condomínio Rio Residencial,landmark_and_historical_building,overture,-22.875064849853516,-43.26629638671875,,overture:Condomínio Rio Residencial:-22.87506:-43.26630
Condomínio Carioca,landmark_and_historical_building,overture,-22.87558937072754,-43.2685661315918,,overture:Condomínio Carioca:-22.87559:-43.26857
Carioca Residencial,landmark_and_historical_building,overture,-22.87562370300293,-43.267120361328125,,overture:Carioca Residencial:-22.87562:-43.26712
Rua ubirata,landmark_and_historical_building,overture,-22.874347686767578,-43.26259231567383,,overture:Rua ubirata:-22.87435:-43.26259
Residencial Arboretto,landmark_and_historical_building,overture,-22.87812042236328,-43.26557540893555,,overture:Residencial Arboretto:-22.87812:-43.26558
Coworking Town,topic_concert_venue,overture,-22.879499435424805,-43.269954681396484,,overture:Coworking Town:-22.87950:-43.26995
Condominio Das Amendoeiras,landmark_and_historical_building,overture,-22.87947654724121,-43.26421356201172,,overture:Condominio Das Amendoeiras:-22.87948:-43.26421
Solar dos Ingleses condo,landmark_and_historical_building,overture,-22.87981605529785,-43.26124954223633,,overture:Solar dos Ingleses condo:-22.87982:-43.26125
Pagode de Lei,topic_concert_venue,overture,-22.8823299407959,-43.26403045654297,,overture:Pagode de Lei:-22.88233:-43.26403
Edifício Condominio Vitoria,landmark_and_historical_building,overture,-22.882770538330078,-43.26603698730469,,overture:Edifício Condominio Vitoria:-22.88277:-43.26604
Cultural Center Jerusalem,cultural_center,overture,-22.880664825439453,-43.27341079711914,,overture:Cultural Center Jerusalem:-22.88066:-43.27341
Centro Cultural Jerusalém,cultural_center,overture,-22.881643295288086,-43.27537536621094,,overture:Centro Cultural Jerusalém:-22.88164:-43.27538
Fundação Teatro Municipal do Rio de Janeiro,topic_concert_venue,overture,-22.880582809448242,-43.277992248535156,,overture:Fundação Teatro Municipal do Rio de Janeiro:-22.88058:-43.27799
Condomínio Norte Privilege,landmark_and_historical_building,overture,-22.883459091186523,-43.27947235107422,,overture:Condomínio Norte Privilege:-22.88346:-43.27947
"RIO Cidade Maravilhosa""",landmark_and_historical_building,overture,-22.883560180664062,-43.274871826171875,,"overture:RIO Cidade Maravilhosa"":-22.88356:-43.27487"
Condomínio Norte Village,landmark_and_historical_building,overture,-22.884241104125977,-43.28112030029297,,overture:Condomínio Norte Village:-22.88424:-43.28112
Hipermercado Extra Vila da Penha,landmark_and_historical_building,overture,-22.884180068969727,-43.28102111816406,,overture:Hipermercado Extra Vila da Penha:-22.88418:-43.28102
Museum of Tiles,museum,overture,-22.885074615478516,-43.27762985229492,,overture:Museum of Tiles:-22.88507:-43.27763
Nobre Norte Clube Residencial,landmark_and_historical_building,overture,-22.88544273376465,-43.279266357421875,,overture:Nobre Norte Clube Residencial:-22.88544:-43.27927
Cachambi,landmark_and_historical_building,overture,-22.886457443237305,-43.27959060668945,,overture:Cachambi:-22.88646:-43.27959
Only by Living,landmark_and_historical_building,overture,-22.88636016845703,-43.28003692626953,,overture:Only by Living:-22.88636:-43.28004
Edifício Chaves Pinheiro,landmark_and_historical_building,overture,-22.886539459228516,-43.277984619140625,,overture:Edifício Chaves Pinheiro:-22.88654:-43.27798
Chefe É Chefe Né Pai,topic_concert_venue,overture,-22.885080337524414,-43.26246643066406,,overture:Chefe É Chefe Né Pai:-22.88508:-43.26247
QG Os Ousados,cultural_center,overture,-22.886140823364258,-43.25516891479492,,overture:QG Os Ousados:-22.88614:-43.25517
Cohab Jacarezinho,landmark_and_historical_building,overture,-22.886138916015625,-43.253074645996094,,overture:Cohab Jacarezinho:-22.88614:-43.25307
Ex-Combatentes,landmark_and_historical_building,overture,-22.88534164428711,-43.25185012817383,,overture:Ex-Combatentes:-22.88534:-43.25185
Sítio Santa Fé,topic_concert_venue,overture,-22.88504409790039,-43.25608444213867,,overture:Sítio Santa Fé:-22.88504:-43.25608
Jacare na Praça da Concórdia,landmark_and_historical_building,overture,-22.884605407714844,-43.25656509399414,,overture:Jacare na Praça da Concórdia:-22.88461:-43.25657
"Jacarezinho, Largo dos Tubas, RJ",landmark_and_historical_building,overture,-22.88459587097168,-43.256343841552734,,"overture:Jacarezinho, Largo dos Tubas, RJ:-22.88460:-43.25634"
Facilitá Residencial,landmark_and_historical_building,overture,-22.880949020385742,-43.26008987426758,,overture:Facilitá Residencial:-22.88095:-43.26009
MSC Cruzeiros - MSC Musica,topic_concert_venue,overture,-22.88263702392578,-43.24412536621094,,overture:MSC Cruzeiros - MSC Musica:-22.88264:-43.24413
Locapisos Locapisos,topic_concert_venue,overture,-22.8850154876709,-43.22853469848633,,overture:Locapisos Locapisos:-22.88502:-43.22853
Junina Fogo Santo,cultural_center,overture,-22.885774612426758,-43.227806091308594,,overture:Junina Fogo Santo:-22.88577:-43.22781
Bloco Cordão do Prata Preta,landmark_and_historical_building,overture,-22.88067054748535,-43.230186462402344,,overture:Bloco Cordão do Prata Preta:-22.88067:-43.23019
Condominio do Conjunto Residencial Parque Independencia,landmark_and_historical_building,overture,-22.883363723754883,-43.226043701171875,,overture:Condominio do Conjunto Residencial Parque Independencia:-22.88336:-43.22604
Foragidos da lei MG,topic_concert_venue,overture,-22.88036346435547,-43.22495651245117,,overture:Foragidos da lei MG:-22.88036:-43.22496
Coletivo Slam Caju,cultural_center,overture,-22.879423141479492,-43.224586486816406,,overture:Coletivo Slam Caju:-22.87942:-43.22459
Caju (cidade do Rio de Janeiro),landmark_and_historical_building,overture,-22.880002975463867,-43.22056198120117,,overture:Caju (cidade do Rio de Janeiro):-22.88000:-43.22056
Condomínio Cosme e Damiao,landmark_and_historical_building,overture,-22.878511428833008,-43.2160530090332,,overture:Condomínio Cosme e Damiao:-22.87851:-43.21605
Castelo Mourisco,landmark_and_historical_building,overture,-22.87491226196289,-43.24536895751953,,overture:Castelo Mourisco:-22.87491:-43.24537
Canal Faria-Timbó,landmark_and_historical_building,overture,-22.878803253173828,-43.25071334838867,,overture:Canal Faria-Timbó:-22.87880:-43.25071
Centro Cultural Educar,cultural_center,overture,-22.8800106048584,-43.252899169921875,,overture:Centro Cultural Educar:-22.88001:-43.25290
Camisa de Estampa,topic_concert_venue,overture,-22.87961196899414,-43.253047943115234,,overture:Camisa de Estampa:-22.87961:-43.25305
Bairro Higienópolis - RJ,landmark_and_historical_building,overture,-22.87757110595703,-43.25907897949219,,overture:Bairro Higienópolis - RJ:-22.87757:-43.25908
EspaSol,topic_concert_venue,overture,-22.871240615844727,-43.255126953125,,overture:EspaSol:-22.87124:-43.25513
Salão dos Felix,topic_concert_venue,overture,-22.870712280273438,-43.25521469116211,,overture:Salão dos Felix:-22.87071:-43.25521
DaPraça,topic_concert_venue,overture,-22.869476318359375,-43.25940704345703,,overture:DaPraça:-22.86948:-43.25941
Pizza Da Praça,topic_concert_venue,overture,-22.869489669799805,-43.259246826171875,,overture:Pizza Da Praça:-22.86949:-43.25925
Salão de Festas Green Garden,topic_concert_venue,overture,-22.869321823120117,-43.257320404052734,,overture:Salão de Festas Green Garden:-22.86932:-43.25732
Condominio Residencial American Park,landmark_and_historical_building,overture,-22.86863899230957,-43.24037551879883,,overture:Condominio Residencial American Park:-22.86864:-43.24038
Península - Barra Da Tijuca,landmark_and_historical_building,overture,-22.87166976928711,-43.24186706542969,,overture:Península - Barra Da Tijuca:-22.87167:-43.24187
Studio Grazy Sousa,topic_concert_venue,overture,-22.873573303222656,-43.239540100097656,,overture:Studio Grazy Sousa:-22.87357:-43.23954
República Morada Jardim,landmark_and_historical_building,overture,-22.868629455566406,-43.21885299682617,,overture:República Morada Jardim:-22.86863:-43.21885
"Vila Residencial, Ufrj",landmark_and_historical_building,overture,-22.86918067932129,-43.21843338012695,,"overture:Vila Residencial, Ufrj:-22.86918:-43.21843"
LaDQuim,museum,overture,-22.86524200439453,-43.22917938232422,,overture:LaDQuim:-22.86524:-43.22918
Museum Dom João VI,art_museum,overture,-22.86240577697754,-43.22301483154297,,overture:Museum Dom João VI:-22.86241:-43.22301
SITÍO 3 Nascentes,topic_concert_venue,overture,-22.863340377807617,-43.240386962890625,,overture:SITÍO 3 Nascentes:-22.86334:-43.24039
Travessa seis,landmark_and_historical_building,overture,-22.865346908569336,-43.2381477355957,,overture:Travessa seis:-22.86535:-43.23815
Grupo de Capoeira Maré de Bambas,topic_concert_venue,overture,-22.865310668945312,-43.24193572998047,,overture:Grupo de Capoeira Maré de Bambas:-22.86531:-43.24194
I Love Baile Funk,topic_concert_venue,overture,-22.8664493560791,-43.239837646484375,,overture:I Love Baile Funk:-22.86645:-43.23984
Vale dos Unicórnios Drogados,topic_concert_venue,overture,-22.86598014831543,-43.25156021118164,,overture:Vale dos Unicórnios Drogados:-22.86598:-43.25156
"Pólen - Inovação, Empreendedorismo e Internacionalização",topic_concert_venue,overture,-22.866533279418945,-43.25371170043945,,"overture:Pólen - Inovação, Empreendedorismo e Internacionalização:-22.86653:-43.25371"
Estação Teleférica,landmark_and_historical_building,overture,-22.867412567138672,-43.255157470703125,,overture:Estação Teleférica:-22.86741:-43.25516
Disco Dance,topic_concert_venue,overture,-22.867198944091797,-43.25712203979492,,overture:Disco Dance:-22.86720:-43.25712
Condominio do Edificio Galeria de Bonsucesso,landmark_and_historical_building,overture,-22.86365509033203,-43.25453186035156,,overture:Condominio do Edificio Galeria de Bonsucesso:-22.86366:-43.25453
Cury Ramos,landmark_and_historical_building,overture,-22.861495971679688,-43.25511169433594,,overture:Cury Ramos:-22.86150:-43.25511
Residencial Condomínio Mellão casa,landmark_and_historical_building,overture,-22.861541748046875,-43.25515365600586,,overture:Residencial Condomínio Mellão casa:-22.86154:-43.25515
Condominium Garden of Ipe,landmark_and_historical_building,overture,-22.86372947692871,-43.269161224365234,,overture:Condominium Garden of Ipe:-22.86373:-43.26916
Condomínio Poesi,landmark_and_historical_building,overture,-22.862627029418945,-43.26805114746094,,overture:Condomínio Poesi:-22.86263:-43.26805
Nave do Conhecimento Nova Brasília,cultural_center,overture,-22.86507225036621,-43.27288818359375,,overture:Nave do Conhecimento Nova Brasília:-22.86507:-43.27289
Favela Nova Brasília -,topic_concert_venue,overture,-22.866127014160156,-43.27236557006836,,overture:Favela Nova Brasília -:-22.86613:-43.27237
Área 5,landmark_and_historical_building,overture,-22.866933822631836,-43.27943801879883,,overture:Área 5:-22.86693:-43.27944
Elevato Bonsucesso,landmark_and_historical_building,overture,-22.86727523803711,-43.271732330322266,,overture:Elevato Bonsucesso:-22.86728:-43.27173
Condomínio Jardim das Palmeiras,landmark_and_historical_building,overture,-22.866649627685547,-43.268096923828125,,overture:Condomínio Jardim das Palmeiras:-22.86665:-43.26810
Condomínio da Paz,landmark_and_historical_building,overture,-22.8651180267334,-43.26775360107422,,overture:Condomínio da Paz:-22.86512:-43.26775
Condomínio Residencial Jardim das Acácias,landmark_and_historical_building,overture,-22.86581802368164,-43.26703643798828,,overture:Condomínio Residencial Jardim das Acácias:-22.86582:-43.26704
Condomínio jardim canários,landmark_and_historical_building,overture,-22.8682804107666,-43.26682662963867,,overture:Condomínio jardim canários:-22.86828:-43.26683
DJRoza,topic_concert_venue,overture,-22.873992919921875,-43.279090881347656,,overture:DJRoza:-22.87399:-43.27909
Espaço De Festas Show De Bola,topic_concert_venue,overture,-22.87246322631836,-43.28233337402344,,overture:Espaço De Festas Show De Bola:-22.87246:-43.28233
Condominio Jardim Beija-flor,landmark_and_historical_building,overture,-22.868221282958984,-43.27305603027344,,overture:Condominio Jardim Beija-flor:-22.86822:-43.27306
Vila Acorizal,landmark_and_historical_building,overture,-22.868728637695312,-43.27950668334961,,overture:Vila Acorizal:-22.86873:-43.27951
Condomínio mangueiral,landmark_and_historical_building,overture,-22.870168685913086,-43.28596115112305,,overture:Condomínio mangueiral:-22.87017:-43.28596
Celebrae.Inhauma,topic_concert_venue,overture,-22.871370315551758,-43.28338623046875,,overture:Celebrae.Inhauma:-22.87137:-43.28339
Condomínio Inhaúma,landmark_and_historical_building,overture,-22.87293815612793,-43.28657913208008,,overture:Condomínio Inhaúma:-22.87294:-43.28658
Academicos do Engenho da Rainha,topic_concert_venue,overture,-22.87095832824707,-43.29536437988281,,overture:Academicos do Engenho da Rainha:-22.87096:-43.29536
Engenho Da Rainha,landmark_and_historical_building,overture,-22.8723201751709,-43.29606628417969,,overture:Engenho Da Rainha:-22.87232:-43.29607
Condominio Conquista Tomas Coelho,landmark_and_historical_building,overture,-22.871070861816406,-43.30482482910156,,overture:Condominio Conquista Tomas Coelho:-22.87107:-43.30482
Condomínio Vivendas de Tomás Coelho,landmark_and_historical_building,overture,-22.869783401489258,-43.305721282958984,,overture:Condomínio Vivendas de Tomás Coelho:-22.86978:-43.30572
Nosso Sim,topic_concert_venue,overture,-22.870830535888672,-43.29526138305664,,overture:Nosso Sim:-22.87083:-43.29526
Residencial Engenho Life I,landmark_and_historical_building,overture,-22.86992645263672,-43.297882080078125,,overture:Residencial Engenho Life I:-22.86993:-43.29788
Av.Pastor Martin Luther King Jr n3.275 - Engenho da Rainha,landmark_and_historical_building,overture,-22.86830711364746,-43.296905517578125,,overture:Av.Pastor Martin Luther King Jr n3.275 - Engenho da Rainha:-22.86831:-43.29691
Condomínio João Ribeiro,landmark_and_historical_building,overture,-22.868480682373047,-43.305335998535156,,overture:Condomínio João Ribeiro:-22.86848:-43.30534
Condomínio Nova Inhaúma Marrom,landmark_and_historical_building,overture,-22.865114212036133,-43.303016662597656,,overture:Condomínio Nova Inhaúma Marrom:-22.86511:-43.30302
Condomínio PREV,landmark_and_historical_building,overture,-22.864967346191406,-43.301353454589844,,overture:Condomínio PREV:-22.86497:-43.30135
Inhauma Prev,landmark_and_historical_building,overture,-22.86480712890625,-43.301414489746094,,overture:Inhauma Prev:-22.86481:-43.30141
PREV - Portaria 1,landmark_and_historical_building,overture,-22.86544418334961,-43.30107498168945,,overture:PREV - Portaria 1:-22.86544:-43.30107
Condomínio Bancários de Inhaúma,landmark_and_historical_building,overture,-22.866100311279297,-43.298797607421875,,overture:Condomínio Bancários de Inhaúma:-22.86610:-43.29880
Condominio Residencial Cidade do Som,landmark_and_historical_building,overture,-22.866100311279297,-43.297149658203125,,overture:Condominio Residencial Cidade do Som:-22.86610:-43.29715
Condomínio da Light,landmark_and_historical_building,overture,-22.866268157958984,-43.29591751098633,,overture:Condomínio da Light:-22.86627:-43.29592
Condomínio União,landmark_and_historical_building,overture,-22.866819381713867,-43.29609680175781,,overture:Condomínio União:-22.86682:-43.29610
Minha Humilde Residência,landmark_and_historical_building,overture,-22.866487503051758,-43.297203063964844,,overture:Minha Humilde Residência:-22.86649:-43.29720
Condomínio Pindorama,landmark_and_historical_building,overture,-22.86750030517578,-43.29488754272461,,overture:Condomínio Pindorama:-22.86750:-43.29489
Edifício São Maurício,landmark_and_historical_building,overture,-22.86682891845703,-43.29180145263672,,overture:Edifício São Maurício:-22.86683:-43.29180
condomínio do mil,landmark_and_historical_building,overture,-22.865379333496094,-43.29381561279297,,overture:condomínio do mil:-22.86538:-43.29382
Condomínio Engenho da Rainha 2,landmark_and_historical_building,overture,-22.8643856048584,-43.29447555541992,,overture:Condomínio Engenho da Rainha 2:-22.86439:-43.29448
Residencial Morada de Inhauma,landmark_and_historical_building,overture,-22.861446380615234,-43.290000915527344,,overture:Residencial Morada de Inhauma:-22.86145:-43.29000
Salao De FESTA GAP,topic_concert_venue,overture,-22.86269187927246,-43.29288101196289,,overture:Salao De FESTA GAP:-22.86269:-43.29288
condominio valinhos,landmark_and_historical_building,overture,-22.863676071166992,-43.29529571533203,,overture:condominio valinhos:-22.86368:-43.29530
Condominio Vivendas 1,landmark_and_historical_building,overture,-22.864500045776367,-43.29547882080078,,overture:Condominio Vivendas 1:-22.86450:-43.29548
Pereira pinto,landmark_and_historical_building,overture,-22.86435317993164,-43.299285888671875,,overture:Pereira pinto:-22.86435:-43.29929
Ilha Da Trindade,landmark_and_historical_building,overture,-22.864534378051758,-43.302345275878906,,overture:Ilha Da Trindade:-22.86453:-43.30235
Condomínio Jardim das Rosas- casa,landmark_and_historical_building,overture,-22.863855361938477,-43.30574035644531,,overture:Condomínio Jardim das Rosas- casa:-22.86386:-43.30574
Mazzetti,landmark_and_historical_building,overture,-22.862520217895508,-43.30517578125,,overture:Mazzetti:-22.86252:-43.30518
Morro do Alemão,landmark_and_historical_building,overture,-22.86055564880371,-43.27361297607422,,overture:Morro do Alemão:-22.86056:-43.27361
"Complexo do Alemão, Rio de Janeiro",landmark_and_historical_building,overture,-22.86055564880371,-43.27361297607422,,"overture:Complexo do Alemão, Rio de Janeiro:-22.86056:-43.27361"
Rua da matriz,landmark_and_historical_building,overture,-22.86008071899414,-43.27571105957031,,overture:Rua da matriz:-22.86008:-43.27571
Centro Cultural Oca dos Curumins,cultural_center,overture,-22.86018180847168,-43.267696380615234,,overture:Centro Cultural Oca dos Curumins:-22.86018:-43.26770
Casarão Rosa,topic_concert_venue,overture,-22.859500885009766,-43.2644157409668,,overture:Casarão Rosa:-22.85950:-43.26442
Salão de Festas - Ramos,topic_concert_venue,overture,-22.858890533447266,-43.26215362548828,,overture:Salão de Festas - Ramos:-22.85889:-43.26215
Itajubara Teleferico Estação Baiana,topic_concert_venue,overture,-22.858295440673828,-43.26584243774414,,overture:Itajubara Teleferico Estação Baiana:-22.85830:-43.26584
Rua São Sebastião,landmark_and_historical_building,overture,-22.85750961303711,-43.26932907104492,,overture:Rua São Sebastião:-22.85751:-43.26933
Espaço 82 Events,topic_concert_venue,overture,-22.856830596923828,-43.267066955566406,,overture:Espaço 82 Events:-22.85683:-43.26707
Condomínio do Edifício Imperador 91,landmark_and_historical_building,overture,-22.856576919555664,-43.26273727416992,,overture:Condomínio do Edifício Imperador 91:-22.85658:-43.26274
GRES Imperatriz Leopoldinense,topic_concert_venue,overture,-22.856142044067383,-43.26279067993164,,overture:GRES Imperatriz Leopoldinense:-22.85614:-43.26279
Edifício Lacê,landmark_and_historical_building,overture,-22.855270385742188,-43.26170349121094,,overture:Edifício Lacê:-22.85527:-43.26170
Casa de festa Espaço Verde,topic_concert_venue,overture,-22.855518341064453,-43.267921447753906,,overture:Casa de festa Espaço Verde:-22.85552:-43.26792
Largo de Itararé,landmark_and_historical_building,overture,-22.856515884399414,-43.26670837402344,,overture:Largo de Itararé:-22.85652:-43.26671
Condomínio Vivendas Itapé,landmark_and_historical_building,overture,-22.85240364074707,-43.27821731567383,,overture:Condomínio Vivendas Itapé:-22.85240:-43.27822
Associação Recordar É Viver,cultural_center,overture,-22.8531494140625,-43.26069259643555,,overture:Associação Recordar É Viver:-22.85315:-43.26069
Espaço Encontro,topic_concert_venue,overture,-22.853313446044922,-43.26641082763672,,overture:Espaço Encontro:-22.85331:-43.26641
Espaço Cultural Niltinho Tristeza,cultural_center,overture,-22.850770950317383,-43.26397705078125,,overture:Espaço Cultural Niltinho Tristeza:-22.85077:-43.26398
Seleto Residencial Olaria,landmark_and_historical_building,overture,-22.84939193725586,-43.263999938964844,,overture:Seleto Residencial Olaria:-22.84939:-43.26400
Centro Cultural Atriz Chica Xa,cultural_center,overture,-22.84918212890625,-43.266422271728516,,overture:Centro Cultural Atriz Chica Xa:-22.84918:-43.26642
Rio Nunes,landmark_and_historical_building,overture,-22.849153518676758,-43.27156066894531,,overture:Rio Nunes:-22.84915:-43.27156
Condomínio do Edifício Araruama,landmark_and_historical_building,overture,-22.84918785095215,-43.270843505859375,,overture:Condomínio do Edifício Araruama:-22.84919:-43.27084
Condomínio Delmar,landmark_and_historical_building,overture,-22.850505828857422,-43.27416229248047,,overture:Condomínio Delmar:-22.85051:-43.27416
Valao de Olaria,topic_concert_venue,overture,-22.85188865661621,-43.27707290649414,,overture:Valao de Olaria:-22.85189:-43.27707
Conjunto Da Pmerj Olaria Rj,landmark_and_historical_building,overture,-22.850650787353516,-43.27508544921875,,overture:Conjunto Da Pmerj Olaria Rj:-22.85065:-43.27509
Espaço Verde Eventos,topic_concert_venue,overture,-22.85179328918457,-43.27974319458008,,overture:Espaço Verde Eventos:-22.85179:-43.27974
Complexo  ZP,landmark_and_historical_building,overture,-22.850614547729492,-43.28404998779297,,overture:Complexo  ZP:-22.85061:-43.28405
Vila cosmos,landmark_and_historical_building,overture,-22.85360336303711,-43.30360794067383,,overture:Vila cosmos:-22.85360:-43.30361
Vila De Vaz Lobo,landmark_and_historical_building,overture,-22.849220275878906,-43.3033332824707,,overture:Vila De Vaz Lobo:-22.84922:-43.30333
Condomínio Residencial Vicente de Carvalho,landmark_and_historical_building,overture,-22.846614837646484,-43.3040657043457,,overture:Condomínio Residencial Vicente de Carvalho:-22.84661:-43.30407
Espaço 222 Festas e Eventos,topic_concert_venue,overture,-22.84598731994629,-43.30116271972656,,overture:Espaço 222 Festas e Eventos:-22.84599:-43.30116
Espaço Mix Festas,topic_concert_venue,overture,-22.847930908203125,-43.290138244628906,,overture:Espaço Mix Festas:-22.84793:-43.29014
Complexo da Penha,landmark_and_historical_building,overture,-22.846515655517578,-43.28971862792969,,overture:Complexo da Penha:-22.84652:-43.28972
Chatuba Penha RJ,landmark_and_historical_building,overture,-22.845884323120117,-43.2927360534668,,overture:Chatuba Penha RJ:-22.84588:-43.29274
Condominio do Edificio 29 de Novembro,landmark_and_historical_building,overture,-22.843748092651367,-43.28628921508789,,overture:Condominio do Edificio 29 de Novembro:-22.84375:-43.28629
Nuaa Festas,topic_concert_venue,overture,-22.84256935119629,-43.28492736816406,,overture:Nuaa Festas:-22.84257:-43.28493
Amor de Verão Rj,topic_concert_venue,overture,-22.843473434448242,-43.298736572265625,,overture:Amor de Verão Rj:-22.84347:-43.29874
Condominio do Edificio Sao Judas Tadeu Matriz 1,landmark_and_historical_building,overture,-22.84364891052246,-43.2978630065918,,overture:Condominio do Edificio Sao Judas Tadeu Matriz 1:-22.84365:-43.29786
Condominio do Edificio Vilage Trezentos,landmark_and_historical_building,overture,-22.84457015991211,-43.297969818115234,,overture:Condominio do Edificio Vilage Trezentos:-22.84457:-43.29797
BetsFests,topic_concert_venue,overture,-22.844343185424805,-43.298980712890625,,overture:BetsFests:-22.84434:-43.29898
Condomínio Alzira Araújo,landmark_and_historical_building,overture,-22.844234466552734,-43.300724029541016,,overture:Condomínio Alzira Araújo:-22.84423:-43.30072
M&M Eventos,topic_concert_venue,overture,-22.84553337097168,-43.301780700683594,,overture:M&M Eventos:-22.84553:-43.30178
Casa de Viseu,cultural_center,overture,-22.845378875732422,-43.303672790527344,,overture:Casa de Viseu:-22.84538:-43.30367
Condomínio Edifício Conjunto Residencial Tres Torres,landmark_and_historical_building,overture,-22.84226417541504,-43.3001594543457,,overture:Condomínio Edifício Conjunto Residencial Tres Torres:-22.84226:-43.30016
Condomínio do Edifício Maria do Carmo,landmark_and_historical_building,overture,-22.841672897338867,-43.2977409362793,,overture:Condomínio do Edifício Maria do Carmo:-22.84167:-43.29774
Condominio do Edifício Azteca,landmark_and_historical_building,overture,-22.840940475463867,-43.296329498291016,,overture:Condominio do Edifício Azteca:-22.84094:-43.29633
Condominio Begônia,landmark_and_historical_building,overture,-22.840633392333984,-43.29859161376953,,overture:Condominio Begônia:-22.84063:-43.29859
Baile da Santinha,topic_concert_venue,overture,-22.839893341064453,-43.3046760559082,,overture:Baile da Santinha:-22.83989:-43.30468
Salão Panteras,topic_concert_venue,overture,-22.836360931396484,-43.30567169189453,,overture:Salão Panteras:-22.83636:-43.30567
Espaço 42 Mtc Festas & Eventos,topic_concert_venue,overture,-22.83850860595703,-43.298492431640625,,overture:Espaço 42 Mtc Festas & Eventos:-22.83851:-43.29849
Avenida Brasil - Passarela 12,landmark_and_historical_building,overture,-22.839073181152344,-43.29248046875,,overture:Avenida Brasil - Passarela 12:-22.83907:-43.29248
Condomínio do Edifício Topazio,landmark_and_historical_building,overture,-22.836746215820312,-43.288963317871094,,overture:Condomínio do Edifício Topazio:-22.83675:-43.28896
Arena Cultural Dicró,cultural_center,overture,-22.839202880859375,-43.28770446777344,,overture:Arena Cultural Dicró:-22.83920:-43.28770
Condominio Morada da Penha,landmark_and_historical_building,overture,-22.839492797851562,-43.285099029541016,,overture:Condominio Morada da Penha:-22.83949:-43.28510
Condominio do Edificio Cinco de Novembro,landmark_and_historical_building,overture,-22.84144401550293,-43.277305603027344,,overture:Condominio do Edificio Cinco de Novembro:-22.84144:-43.27731
Microlins,cultural_center,overture,-22.840219497680664,-43.27965545654297,,overture:Microlins:-22.84022:-43.27966
Faces Office Mall e Residencial,landmark_and_historical_building,overture,-22.837921142578125,-43.28055191040039,,overture:Faces Office Mall e Residencial:-22.83792:-43.28055
Museu Do Passo Imperial,history_museum,overture,-22.836990356445312,-43.282073974609375,,overture:Museu Do Passo Imperial:-22.83699:-43.28207
Sitio Raio de Sol,topic_concert_venue,overture,-22.836584091186523,-43.282047271728516,,overture:Sitio Raio de Sol:-22.83658:-43.28205
Espaço do Galo,topic_concert_venue,overture,-22.837053298950195,-43.278236389160156,,overture:Espaço do Galo:-22.83705:-43.27824
Canal Gruçai,landmark_and_historical_building,overture,-22.836570739746094,-43.27370071411133,,overture:Canal Gruçai:-22.83657:-43.27370
Condomínio Viva Penha,landmark_and_historical_building,overture,-22.837995529174805,-43.275657653808594,,overture:Condomínio Viva Penha:-22.83800:-43.27566
Viva Penha Clube Condomínio,landmark_and_historical_building,overture,-22.837804794311523,-43.275394439697266,,overture:Viva Penha Clube Condomínio:-22.83780:-43.27539
Palmeiras da Penha,landmark_and_historical_building,overture,-22.837886810302734,-43.276424407958984,,overture:Palmeiras da Penha:-22.83789:-43.27642
Condomínio Novolar Penha,landmark_and_historical_building,overture,-22.83816146850586,-43.275814056396484,,overture:Condomínio Novolar Penha:-22.83816:-43.27581
Nova Penha Clube Condomínio,landmark_and_historical_building,overture,-22.838043212890625,-43.27559280395508,,overture:Nova Penha Clube Condomínio:-22.83804:-43.27559
Stand Novolar Penha,landmark_and_historical_building,overture,-22.838516235351562,-43.27519226074219,,overture:Stand Novolar Penha:-22.83852:-43.27519
Edifício Condomínio Boa Esperança,landmark_and_historical_building,overture,-22.83902931213379,-43.276023864746094,,overture:Edifício Condomínio Boa Esperança:-22.83903:-43.27602
Nave Knowledge,cultural_center,overture,-22.838451385498047,-43.26780319213867,,overture:Nave Knowledge:-22.83845:-43.26780
Residencial Olaria,landmark_and_historical_building,overture,-22.83824348449707,-43.265933990478516,,overture:Residencial Olaria:-22.83824:-43.26593
Na Casa da Bete,topic_concert_venue,overture,-22.84008026123047,-43.26675033569336,,overture:Na Casa da Bete:-22.84008:-43.26675
Condomínio do Edifício Itaúna,landmark_and_historical_building,overture,-22.841915130615234,-43.2685432434082,,overture:Condomínio do Edifício Itaúna:-22.84192:-43.26854
Shows Olaria,topic_concert_venue,overture,-22.84220314025879,-43.266876220703125,,overture:Shows Olaria:-22.84220:-43.26688
Filomena nunes,landmark_and_historical_building,overture,-22.840803146362305,-43.26329803466797,,overture:Filomena nunes:-22.84080:-43.26330
Edificio Primavera,landmark_and_historical_building,overture,-22.843671798706055,-43.26542663574219,,overture:Edificio Primavera:-22.84367:-43.26543
Samba no Quintal,topic_concert_venue,overture,-22.845151901245117,-43.261837005615234,,overture:Samba no Quintal:-22.84515:-43.26184
Espaço Kaledônia,topic_concert_venue,overture,-22.84471321105957,-43.2636833190918,,overture:Espaço Kaledônia:-22.84471:-43.26368
Condominio Edificio Alvalade,landmark_and_historical_building,overture,-22.844762802124023,-43.267791748046875,,overture:Condominio Edificio Alvalade:-22.84476:-43.26779
Centro Cultural do Capoeira Mestre Touro,cultural_center,overture,-22.845664978027344,-43.27918243408203,,overture:Centro Cultural do Capoeira Mestre Touro:-22.84566:-43.27918
Carnaval da Intendente Magalhães,topic_concert_venue,overture,-22.846630096435547,-43.28253936767578,,overture:Carnaval da Intendente Magalhães:-22.84663:-43.28254
Condomínio do Edifício Rio de Janeiro,landmark_and_historical_building,overture,-22.848705291748047,-43.27330017089844,,overture:Condomínio do Edifício Rio de Janeiro:-22.84871:-43.27330
Mundo Feliz - Casa de Festas,topic_concert_venue,overture,-22.848173141479492,-43.26683044433594,,overture:Mundo Feliz - Casa de Festas:-22.84817:-43.26683
Condominio do Edificio Teotonio de Brito,landmark_and_historical_building,overture,-22.846221923828125,-43.27016830444336,,overture:Condominio do Edificio Teotonio de Brito:-22.84622:-43.27017
Instituto Cultural Grupo 100% Suburbano,cultural_center,overture,-22.84749412536621,-43.260318756103516,,overture:Instituto Cultural Grupo 100% Suburbano:-22.84749:-43.26032
Somep,landmark_and_historical_building,overture,-22.8479061126709,-43.26127243041992,,overture:Somep:-22.84791:-43.26127
Sítio 3 amigos,topic_concert_venue,overture,-22.844221115112305,-43.2593994140625,,overture:Sítio 3 amigos:-22.84422:-43.25940
Casa de Oswaldo Cruz - COC | Fiocruz,museum,overture,-22.842090606689453,-43.252296447753906,,overture:Casa de Oswaldo Cruz - COC | Fiocruz:-22.84209:-43.25230
Condomínio Del Lago Barra da Tijuca,landmark_and_historical_building,overture,-22.84170913696289,-43.248966217041016,,overture:Condomínio Del Lago Barra da Tijuca:-22.84171:-43.24897
Churrasco Da Praça,landmark_and_historical_building,overture,-22.842330932617188,-43.24859619140625,,overture:Churrasco Da Praça:-22.84233:-43.24860
Ponta do Catalão,landmark_and_historical_building,overture,-22.848590850830078,-43.22183609008789,,overture:Ponta do Catalão:-22.84859:-43.22184
Cidade Universitária da UFRJ,landmark_and_historical_building,overture,-22.853055953979492,-43.225833892822266,,overture:Cidade Universitária da UFRJ:-22.85306:-43.22583
Baile do Parque União,topic_concert_venue,overture,-22.850811004638672,-43.245174407958984,,overture:Baile do Parque União:-22.85081:-43.24517
P9 Lounge,topic_concert_venue,overture,-22.850990295410156,-43.245662689208984,,overture:P9 Lounge:-22.85099:-43.24566
Ari-Leão,landmark_and_historical_building,overture,-22.851118087768555,-43.2467041015625,,overture:Ari-Leão:-22.85112:-43.24670
Condo Darcy Vargas,landmark_and_historical_building,overture,-22.851638793945312,-43.2501335144043,,overture:Condo Darcy Vargas:-22.85164:-43.25013
Cantinho Azul,topic_concert_venue,overture,-22.85274314880371,-43.252811431884766,,overture:Cantinho Azul:-22.85274:-43.25281
Vivaz Ramos,landmark_and_historical_building,overture,-22.853534698486328,-43.25688552856445,,overture:Vivaz Ramos:-22.85353:-43.25689
Condomínio Vila Roma,landmark_and_historical_building,overture,-22.854333877563477,-43.2580680847168,,overture:Condomínio Vila Roma:-22.85433:-43.25807
Qg Malhão,landmark_and_historical_building,overture,-22.854568481445312,-43.24456024169922,,overture:Qg Malhão:-22.85457:-43.24456
Centro de Artes da Maré,cultural_center,overture,-22.85352897644043,-43.24660873413086,,overture:Centro de Artes da Maré:-22.85353:-43.24661
Galpão Bela Maré,cultural_center,overture,-22.853801727294922,-43.24680709838867,,overture:Galpão Bela Maré:-22.85380:-43.24681
nova holanda,landmark_and_historical_building,overture,-22.8553466796875,-43.24159622192383,,overture:nova holanda:-22.85535:-43.24160
Quiosque moise,cultural_center,overture,-22.85683250427246,-43.242897033691406,,overture:Quiosque moise:-22.85683:-43.24290
Instituto vida real,landmark_and_historical_building,overture,-22.85596466064453,-43.246726989746094,,overture:Instituto vida real:-22.85596:-43.24673
Cohab De Bonsucesso,landmark_and_historical_building,overture,-22.8564395904541,-43.25362777709961,,overture:Cohab De Bonsucesso:-22.85644:-43.25363
Vila dos Comerciários,landmark_and_historical_building,overture,-22.855175018310547,-43.25750732421875,,overture:Vila dos Comerciários:-22.85518:-43.25751
A Festa,topic_concert_venue,overture,-22.857250213623047,-43.25740051269531,,overture:A Festa:-22.85725:-43.25740
Coabe,landmark_and_historical_building,overture,-22.85675048828125,-43.25425338745117,,overture:Coabe:-22.85675:-43.25425
Centro Cultural Cecília Conde,cultural_center,overture,-22.859516143798828,-43.26013946533203,,overture:Centro Cultural Cecília Conde:-22.85952:-43.26014
Piscina Festas de Bonsucesso - RJ,topic_concert_venue,overture,-22.8604736328125,-43.25412368774414,,overture:Piscina Festas de Bonsucesso - RJ:-22.86047:-43.25412
Rua Nova Canaã Morro,landmark_and_historical_building,overture,-22.861190795898438,-43.24300765991211,,overture:Rua Nova Canaã Morro:-22.86119:-43.24301
Centro Cultural Professor Horacio Macedo,cultural_center,overture,-22.85840606689453,-43.232242584228516,,overture:Centro Cultural Professor Horacio Macedo:-22.85841:-43.23224
Museu da Geodiversidade,museum,overture,-22.857337951660156,-43.23231506347656,,overture:Museu da Geodiversidade:-22.85734:-43.23232
Morro da Quinta do Caju,landmark_and_historical_building,overture,-22.874366760253906,-43.2120475769043,,overture:Morro da Quinta do Caju:-22.87437:-43.21205
Casa de Banho de Dom Joao VI,museum,overture,-22.87873649597168,-43.21189880371094,,overture:Casa de Banho de Dom Joao VI:-22.87874:-43.21190
Museu da Limpeza Urbana,museum,overture,-22.878807067871094,-43.21181869506836,,overture:Museu da Limpeza Urbana:-22.87881:-43.21182
Centro Cultural Marcelo Decolores,cultural_center,overture,-22.878028869628906,-43.12273025512695,,overture:Centro Cultural Marcelo Decolores:-22.87803:-43.12273
Museu Fotográfico Mauro Palombo,museum,overture,-22.881872177124023,-43.12480545043945,,overture:Museu Fotográfico Mauro Palombo:-22.88187:-43.12481
Condomínio Mirante do Rio,landmark_and_historical_building,overture,-22.881742477416992,-43.12264633178711,,overture:Condomínio Mirante do Rio:-22.88174:-43.12265
Condomínio Netuno,landmark_and_historical_building,overture,-22.884965896606445,-43.13019943237305,,overture:Condomínio Netuno:-22.88497:-43.13020
Blue Bay,landmark_and_historical_building,overture,-22.88567543029785,-43.12317657470703,,overture:Blue Bay:-22.88568:-43.12318
Brazilian Cinema Museum,museum,overture,-22.885799407958984,-43.125064849853516,,overture:Brazilian Cinema Museum:-22.88580:-43.12506
Ed. Marcílio Dias,landmark_and_historical_building,overture,-22.885400772094727,-43.12527847290039,,overture:Ed. Marcílio Dias:-22.88540:-43.12528
Condominio do Edificio Bleu Blanc Rouge Residence,landmark_and_historical_building,overture,-22.906688690185547,-43.10068893432617,,overture:Condominio do Edificio Bleu Blanc Rouge Residence:-22.90669:-43.10069
Condomínio Terra Di Toscana,landmark_and_historical_building,overture,-22.906696319580078,-43.099998474121094,,overture:Condomínio Terra Di Toscana:-22.90670:-43.10000
Icarai' Golden Style,landmark_and_historical_building,overture,-22.90644073486328,-43.10330581665039,,overture:Icarai' Golden Style:-22.90644:-43.10331
Bougainville Blanc and Rouge,landmark_and_historical_building,overture,-22.90629005432129,-43.101112365722656,,overture:Bougainville Blanc and Rouge:-22.90629:-43.10111
Condomínio do Edifício Solar Lêda Azevedo,landmark_and_historical_building,overture,-22.906118392944336,-43.10466384887695,,overture:Condomínio do Edifício Solar Lêda Azevedo:-22.90612:-43.10466
Adaf,cultural_center,overture,-22.906259536743164,-43.10544967651367,,overture:Adaf:-22.90626:-43.10545
Condomi'nio do Edifi'cio Michelangelo,landmark_and_historical_building,overture,-22.90631103515625,-43.113067626953125,,overture:Condomi'nio do Edifi'cio Michelangelo:-22.90631:-43.11307
Condominio Edificio Silezia,landmark_and_historical_building,overture,-22.905847549438477,-43.10576629638672,,overture:Condominio Edificio Silezia:-22.90585:-43.10577
Condomínio do Edifício Verona,landmark_and_historical_building,overture,-22.905879974365234,-43.111026763916016,,overture:Condomínio do Edifício Verona:-22.90588:-43.11103
Calle Due,landmark_and_historical_building,overture,-22.90562629699707,-43.105567932128906,,overture:Calle Due:-22.90563:-43.10557
Calle Uno,landmark_and_historical_building,overture,-22.90534210205078,-43.105228424072266,,overture:Calle Uno:-22.90534:-43.10523
Vila de Cascais,landmark_and_historical_building,overture,-22.90563201904297,-43.09922409057617,,overture:Vila de Cascais:-22.90563:-43.09922
Condomínio Essence Residencial,landmark_and_historical_building,overture,-22.905881881713867,-43.100128173828125,,overture:Condomínio Essence Residencial:-22.90588:-43.10013
Espaço Conversa e Cultura,cultural_center,overture,-22.905990600585938,-43.101654052734375,,overture:Espaço Conversa e Cultura:-22.90599:-43.10165
Condomínio do Edifício Le Lis,landmark_and_historical_building,overture,-22.905153274536133,-43.09928894042969,,overture:Condomínio do Edifício Le Lis:-22.90515:-43.09929
Pride Style Residences,landmark_and_historical_building,overture,-22.905160903930664,-43.09953689575195,,overture:Pride Style Residences:-22.90516:-43.09954
Condomínio do Edifício Luxemburgo,landmark_and_historical_building,overture,-22.905019760131836,-43.101158142089844,,overture:Condomínio do Edifício Luxemburgo:-22.90502:-43.10116
Condomínio Edifício Chateau D'Avignon,landmark_and_historical_building,overture,-22.90479278564453,-43.10177993774414,,overture:Condomínio Edifício Chateau D'Avignon:-22.90479:-43.10178
Condomínio do Edifício Astor,landmark_and_historical_building,overture,-22.904773712158203,-43.10623550415039,,overture:Condomínio do Edifício Astor:-22.90477:-43.10624
Condomínio Vivant Campo de São Bento,landmark_and_historical_building,overture,-22.904827117919922,-43.10496520996094,,overture:Condomínio Vivant Campo de São Bento:-22.90483:-43.10497
Floratta di Carmem,landmark_and_historical_building,overture,-22.905128479003906,-43.105186462402344,,overture:Floratta di Carmem:-22.90513:-43.10519
Pedra de Itapuca,landmark_and_historical_building,overture,-22.90513801574707,-43.120155334472656,,overture:Pedra de Itapuca:-22.90514:-43.12016
Pedra do Índio,landmark_and_historical_building,overture,-22.905027389526367,-43.118324279785156,,overture:Pedra do Índio:-22.90503:-43.11832
Matizes Icarai Niteroi,landmark_and_historical_building,overture,-22.904720306396484,-43.1116828918457,,overture:Matizes Icarai Niteroi:-22.90472:-43.11168
Condomínio do Edifício Winbledon,landmark_and_historical_building,overture,-22.904682159423828,-43.110958099365234,,overture:Condomínio do Edifício Winbledon:-22.90468:-43.11096
Condomínio do Edifício Caravelas,landmark_and_historical_building,overture,-22.904621124267578,-43.110496520996094,,overture:Condomínio do Edifício Caravelas:-22.90462:-43.11050
Álvares de Azevedo,landmark_and_historical_building,overture,-22.9044132232666,-43.10934829711914,,overture:Álvares de Azevedo:-22.90441:-43.10935
Ed Space VII and VIII,landmark_and_historical_building,overture,-22.904239654541016,-43.11837387084961,,overture:Ed Space VII and VIII:-22.90424:-43.11837
Revista dos Condomínios,landmark_and_historical_building,overture,-22.904151916503906,-43.10947036743164,,overture:Revista dos Condomínios:-22.90415:-43.10947
Rua Leandro Mota,topic_concert_venue,overture,-22.904285430908203,-43.101951599121094,,overture:Rua Leandro Mota:-22.90429:-43.10195
Condominio do Edificio Residencial Fiorano,landmark_and_historical_building,overture,-22.90427017211914,-43.102664947509766,,overture:Condominio do Edificio Residencial Fiorano:-22.90427:-43.10266
Edifício Park Place,landmark_and_historical_building,overture,-22.903789520263672,-43.1036376953125,,overture:Edifício Park Place:-22.90379:-43.10364
Condomínio do Edifício Via Bari,landmark_and_historical_building,overture,-22.903484344482422,-43.09941482543945,,overture:Condomínio do Edifício Via Bari:-22.90348:-43.09941
Condomínio João e Ana Peres,landmark_and_historical_building,overture,-22.903486251831055,-43.099769592285156,,overture:Condomínio João e Ana Peres:-22.90349:-43.09977
Carnaval da Rua Nóbrega,topic_concert_venue,overture,-22.903600692749023,-43.10371017456055,,overture:Carnaval da Rua Nóbrega:-22.90360:-43.10371
Jardim Icaraí,landmark_and_historical_building,overture,-22.90350341796875,-43.10184097290039,,overture:Jardim Icaraí:-22.90350:-43.10184
Niteroi,landmark_and_historical_building,overture,-22.903738021850586,-43.10845947265625,,overture:Niteroi:-22.90374:-43.10846
Prédio Residencial Buarque,landmark_and_historical_building,overture,-22.9038028717041,-43.11195755004883,,overture:Prédio Residencial Buarque:-22.90380:-43.11196
Condominio do Edificio Porto Fino,landmark_and_historical_building,overture,-22.903820037841797,-43.11253356933594,,overture:Condominio do Edificio Porto Fino:-22.90382:-43.11253
Visto do Museu do Artes Comtemporary,landmark_and_historical_building,overture,-22.903715133666992,-43.11695861816406,,overture:Visto do Museu do Artes Comtemporary:-22.90372:-43.11696
Condominio do Edificio Varandas Icarai,landmark_and_historical_building,overture,-22.90380859375,-43.11738967895508,,overture:Condominio do Edificio Varandas Icarai:-22.90381:-43.11739
Condomínio Loft Place Residences,landmark_and_historical_building,overture,-22.90390396118164,-43.12211990356445,,overture:Condomínio Loft Place Residences:-22.90390:-43.12212
Santos Apóstolos,landmark_and_historical_building,overture,-22.90354347229004,-43.11598587036133,,overture:Santos Apóstolos:-22.90354:-43.11599
Condomínio Soul,landmark_and_historical_building,overture,-22.903453826904297,-43.10496520996094,,overture:Condomínio Soul:-22.90345:-43.10497
Apartamento Niteroi,landmark_and_historical_building,overture,-22.90323829650879,-43.11199951171875,,overture:Apartamento Niteroi:-22.90324:-43.11200
Edifício Salzburg,landmark_and_historical_building,overture,-22.903196334838867,-43.10898208618164,,overture:Edifício Salzburg:-22.90320:-43.10898
Condominio do Edificio Costa do Sol,landmark_and_historical_building,overture,-22.903162002563477,-43.11570358276367,,overture:Condominio do Edificio Costa do Sol:-22.90316:-43.11570
Condomínio do Edifício Primus,landmark_and_historical_building,overture,-22.90313720703125,-43.113704681396484,,overture:Condomínio do Edifício Primus:-22.90314:-43.11370
Condomínio do Edifício Terrazzas,landmark_and_historical_building,overture,-22.902660369873047,-43.10962677001953,,overture:Condomínio do Edifício Terrazzas:-22.90266:-43.10963
Centro Cultural Paschoal Carlos Magno,cultural_center,overture,-22.902894973754883,-43.107513427734375,,overture:Centro Cultural Paschoal Carlos Magno:-22.90289:-43.10751
Opera di Milano Residenza,landmark_and_historical_building,overture,-22.902982711791992,-43.104515075683594,,overture:Opera di Milano Residenza:-22.90298:-43.10452
Edifício Villa D'Este,landmark_and_historical_building,overture,-22.903045654296875,-43.10227584838867,,overture:Edifício Villa D'Este:-22.90305:-43.10228
Edifício Manoel Luiz Vieira,landmark_and_historical_building,overture,-22.902820587158203,-43.102821350097656,,overture:Edifício Manoel Luiz Vieira:-22.90282:-43.10282
Condomínio Giardino Di Pietra,landmark_and_historical_building,overture,-22.902809143066406,-43.10151290893555,,overture:Condomínio Giardino Di Pietra:-22.90281:-43.10151
Rua Nóbrega,topic_concert_venue,overture,-22.90313720703125,-43.103912353515625,,overture:Rua Nóbrega:-22.90314:-43.10391
Edifício Calle Nóbrega,landmark_and_historical_building,overture,-22.903329849243164,-43.103370666503906,,overture:Edifício Calle Nóbrega:-22.90333:-43.10337
Edifício Strelitzia Biancha,landmark_and_historical_building,overture,-22.90334129333496,-43.101932525634766,,overture:Edifício Strelitzia Biancha:-22.90334:-43.10193
Avenida Sete de Setembro,landmark_and_historical_building,overture,-22.903461456298828,-43.10078048706055,,overture:Avenida Sete de Setembro:-22.90346:-43.10078
Condomínio do Edifício Volpi,landmark_and_historical_building,overture,-22.90338897705078,-43.09920883178711,,overture:Condomínio do Edifício Volpi:-22.90339:-43.09921
Edifício Mathilde Peçanha,landmark_and_historical_building,overture,-22.901962280273438,-43.10154724121094,,overture:Edifício Mathilde Peçanha:-22.90196:-43.10155
Village São Bento,landmark_and_historical_building,overture,-22.902557373046875,-43.10371398925781,,overture:Village São Bento:-22.90256:-43.10371
Condomínio Antares Residencial,landmark_and_historical_building,overture,-22.902334213256836,-43.10283279418945,,overture:Condomínio Antares Residencial:-22.90233:-43.10283
Condomínio Calle Firenze,landmark_and_historical_building,overture,-22.902385711669922,-43.102237701416016,,overture:Condomínio Calle Firenze:-22.90239:-43.10224
Pra Falar de Amor,topic_concert_venue,overture,-22.90241050720215,-43.100341796875,,overture:Pra Falar de Amor:-22.90241:-43.10034
Condomínio do Edifício Cruzeiro do Sul,landmark_and_historical_building,overture,-22.9022274017334,-43.101837158203125,,overture:Condomínio do Edifício Cruzeiro do Sul:-22.90223:-43.10184
Edifício Calle Fenice,landmark_and_historical_building,overture,-22.902318954467773,-43.1013298034668,,overture:Edifício Calle Fenice:-22.90232:-43.10133
Planet Icarai,landmark_and_historical_building,overture,-22.90229034423828,-43.10896682739258,,overture:Planet Icarai:-22.90229:-43.10897
Village du Parc,landmark_and_historical_building,overture,-22.902217864990234,-43.109840393066406,,overture:Village du Parc:-22.90222:-43.10984
Condominio do Edificio San Siro,landmark_and_historical_building,overture,-22.902278900146484,-43.10995101928711,,overture:Condominio do Edificio San Siro:-22.90228:-43.10995
Edifício Villa Del Quar,landmark_and_historical_building,overture,-22.902498245239258,-43.106178283691406,,overture:Edifício Villa Del Quar:-22.90250:-43.10618
Condomínio dos Edifícios Loire e Rhone,landmark_and_historical_building,overture,-22.902549743652344,-43.10906219482422,,overture:Condomínio dos Edifícios Loire e Rhone:-22.90255:-43.10906
Condomínio do Edifício Camargue Provence,landmark_and_historical_building,overture,-22.90253448486328,-43.11253356933594,,overture:Condomínio do Edifício Camargue Provence:-22.90253:-43.11253
Condomínio do Edifício Mix Residence Service,landmark_and_historical_building,overture,-22.902517318725586,-43.11332321166992,,overture:Condomínio do Edifício Mix Residence Service:-22.90252:-43.11332
Condomínio do Edifício Residencial Villa Espana,landmark_and_historical_building,overture,-22.902450561523438,-43.11288833618164,,overture:Condomínio do Edifício Residencial Villa Espana:-22.90245:-43.11289
Chácara do Abaeté,landmark_and_historical_building,overture,-22.902502059936523,-43.11543273925781,,overture:Chácara do Abaeté:-22.90250:-43.11543
Condominio do Conjunto Residencial Marechal Rondon,landmark_and_historical_building,overture,-22.902576446533203,-43.121856689453125,,overture:Condominio do Conjunto Residencial Marechal Rondon:-22.90258:-43.12186
Edifício Palmeiras de Icaraí,landmark_and_historical_building,overture,-22.90203094482422,-43.11410903930664,,overture:Edifício Palmeiras de Icaraí:-22.90203:-43.11411
Fra Angelico,landmark_and_historical_building,overture,-22.902172088623047,-43.11371612548828,,overture:Fra Angelico:-22.90217:-43.11372
Condomínio do Edifício Bernini,landmark_and_historical_building,overture,-22.90205955505371,-43.10567855834961,,overture:Condomínio do Edifício Bernini:-22.90206:-43.10568
Condominio do Edificio Stadium Offices,landmark_and_historical_building,overture,-22.901798248291016,-43.106258392333984,,overture:Condominio do Edificio Stadium Offices:-22.90180:-43.10626
Condomínio Beira Alta,landmark_and_historical_building,overture,-22.901453018188477,-43.12141036987305,,overture:Condomínio Beira Alta:-22.90145:-43.12141
Condomínio do Edifício Residencial D'Artagnan,landmark_and_historical_building,overture,-22.901535034179688,-43.11054229736328,,overture:Condomínio do Edifício Residencial D'Artagnan:-22.90154:-43.11054
O Museu da Imigração do Estado de São Paulo,museum,overture,-22.90138053894043,-43.108985900878906,,overture:O Museu da Imigração do Estado de São Paulo:-22.90138:-43.10899
Condomínio do Edifício Kandinsky Residencial,landmark_and_historical_building,overture,-22.901613235473633,-43.11174392700195,,overture:Condomínio do Edifício Kandinsky Residencial:-22.90161:-43.11174
Mar de Ibiza,landmark_and_historical_building,overture,-22.901613235473633,-43.10190200805664,,overture:Mar de Ibiza:-22.90161:-43.10190
Condomínio do Edifício Village Salesianos,landmark_and_historical_building,overture,-22.901350021362305,-43.100502014160156,,overture:Condomínio do Edifício Village Salesianos:-22.90135:-43.10050
Condomínio Edifício Villa Richemond,landmark_and_historical_building,overture,-22.901226043701172,-43.10422134399414,,overture:Condomínio Edifício Villa Richemond:-22.90123:-43.10422
Nobrega UM,landmark_and_historical_building,overture,-22.901287078857422,-43.10554885864258,,overture:Nobrega UM:-22.90129:-43.10555
Rua Álvares de Azevedo 245,landmark_and_historical_building,overture,-22.900766372680664,-43.11029815673828,,overture:Rua Álvares de Azevedo 245:-22.90077:-43.11030
Condominio do Edificio Office 206,landmark_and_historical_building,overture,-22.900747299194336,-43.1126594543457,,overture:Condominio do Edificio Office 206:-22.90075:-43.11266
Condomínio Cabernet Residence,landmark_and_historical_building,overture,-22.900548934936523,-43.108009338378906,,overture:Condomínio Cabernet Residence:-22.90055:-43.10801
Condominio do Edificio Calle Venezia,landmark_and_historical_building,overture,-22.900617599487305,-43.111751556396484,,overture:Condominio do Edificio Calle Venezia:-22.90062:-43.11175
Instituto GINGAS,cultural_center,overture,-22.900510787963867,-43.11817169189453,,overture:Instituto GINGAS:-22.90051:-43.11817
Condominio do Edifício Quartier Abel,landmark_and_historical_building,overture,-22.90034294128418,-43.10822296142578,,overture:Condominio do Edifício Quartier Abel:-22.90034:-43.10822
Edifício Itapuã,landmark_and_historical_building,overture,-22.900482177734375,-43.1032829284668,,overture:Edifício Itapuã:-22.90048:-43.10328
Edifício Sílvia e Carolina,landmark_and_historical_building,overture,-22.90056610107422,-43.10124206542969,,overture:Edifício Sílvia e Carolina:-22.90057:-43.10124
Le Grand Miguel Couto,landmark_and_historical_building,overture,-22.90064811706543,-43.10343933105469,,overture:Le Grand Miguel Couto:-22.90065:-43.10344
Benvivere Residencial,landmark_and_historical_building,overture,-22.900741577148438,-43.099117279052734,,overture:Benvivere Residencial:-22.90074:-43.09912
Condo Soul Garden Icaraí,landmark_and_historical_building,overture,-22.900869369506836,-43.10206985473633,,overture:Condo Soul Garden Icaraí:-22.90087:-43.10207
Condomínio do Edifício Villa Marinella,landmark_and_historical_building,overture,-22.899337768554688,-43.10454177856445,,overture:Condomínio do Edifício Villa Marinella:-22.89934:-43.10454
Condomínio edifício Versailles,landmark_and_historical_building,overture,-22.89997673034668,-43.099876403808594,,overture:Condomínio edifício Versailles:-22.89998:-43.09988
Cass,landmark_and_historical_building,overture,-22.900054931640625,-43.10279083251953,,overture:Cass:-22.90005:-43.10279
Edifício Tour de Bordeaux,landmark_and_historical_building,overture,-22.899871826171875,-43.10258483886719,,overture:Edifício Tour de Bordeaux:-22.89987:-43.10258
Condomínio Eldorado 2,landmark_and_historical_building,overture,-22.899700164794922,-43.09925079345703,,overture:Condomínio Eldorado 2:-22.89970:-43.09925
Condomínio Residencial Bella Vita,landmark_and_historical_building,overture,-22.899770736694336,-43.101924896240234,,overture:Condomínio Residencial Bella Vita:-22.89977:-43.10192
Região Oceânica de Niterói,landmark_and_historical_building,overture,-22.900075912475586,-43.117733001708984,,overture:Região Oceânica de Niterói:-22.90008:-43.11773
IEAD  Ministério Libertos Por Cristo,topic_concert_venue,overture,-22.899999618530273,-43.119384765625,,overture:IEAD  Ministério Libertos Por Cristo:-22.90000:-43.11938
Condomínio Tour de Notre Dame,landmark_and_historical_building,overture,-22.89969825744629,-43.116233825683594,,overture:Condomínio Tour de Notre Dame:-22.89970:-43.11623
Condomínio Conves 2,landmark_and_historical_building,overture,-22.89972686767578,-43.11753463745117,,overture:Condomínio Conves 2:-22.89973:-43.11753
Solar de Aveiro,landmark_and_historical_building,overture,-22.899616241455078,-43.11545181274414,,overture:Solar de Aveiro:-22.89962:-43.11545
Solar das Acácias,landmark_and_historical_building,overture,-22.899124145507812,-43.10768127441406,,overture:Solar das Acácias:-22.89912:-43.10768
Condomínio Grand Valley,landmark_and_historical_building,overture,-22.89912223815918,-43.10820770263672,,overture:Condomínio Grand Valley:-22.89912:-43.10821
Centro Cultural La Salle - Salão de Festas,cultural_center,overture,-22.899051666259766,-43.10905456542969,,overture:Centro Cultural La Salle - Salão de Festas:-22.89905:-43.10905
Condomínio Icaraí Family,landmark_and_historical_building,overture,-22.89921760559082,-43.107872009277344,,overture:Condomínio Icaraí Family:-22.89922:-43.10787
Condomínio do Solar de Évora,landmark_and_historical_building,overture,-22.898540496826172,-43.099639892578125,,overture:Condomínio do Solar de Évora:-22.89854:-43.09964
Condomínio do Edifício Portal de Icaraí,landmark_and_historical_building,overture,-22.898778915405273,-43.11125946044922,,overture:Condomínio do Edifício Portal de Icaraí:-22.89878:-43.11126
Condomínio Admira Icaraí,landmark_and_historical_building,overture,-22.8981876373291,-43.111392974853516,,overture:Condomínio Admira Icaraí:-22.89819:-43.11139
Condomínio Alto Icaraí,landmark_and_historical_building,overture,-22.897567749023438,-43.11088562011719,,overture:Condomínio Alto Icaraí:-22.89757:-43.11089
Condominio do Edificio Principe de Galles,landmark_and_historical_building,overture,-22.89792823791504,-43.112388610839844,,overture:Condominio do Edificio Principe de Galles:-22.89793:-43.11239
Edifício Life Style Residences,landmark_and_historical_building,overture,-22.897937774658203,-43.09942626953125,,overture:Edifício Life Style Residences:-22.89794:-43.09943
Monet Residence,landmark_and_historical_building,overture,-22.897701263427734,-43.09943771362305,,overture:Monet Residence:-22.89770:-43.09944
Condomínio do Edifício Jardim Santa Rosa,landmark_and_historical_building,overture,-22.898006439208984,-43.10255432128906,,overture:Condomínio do Edifício Jardim Santa Rosa:-22.89801:-43.10255
Quintal Centro Cultural,cultural_center,overture,-22.898340225219727,-43.100624084472656,,overture:Quintal Centro Cultural:-22.89834:-43.10062
Condomínio Paradiso Residence Place,landmark_and_historical_building,overture,-22.8967342376709,-43.09920883178711,,overture:Condomínio Paradiso Residence Place:-22.89673:-43.09921
Chácara do Itaguaí,landmark_and_historical_building,overture,-22.896732330322266,-43.10253143310547,,overture:Chácara do Itaguaí:-22.89673:-43.10253
Residencial Duque Estrada,landmark_and_historical_building,overture,-22.896835327148438,-43.099761962890625,,overture:Residencial Duque Estrada:-22.89684:-43.09976
Condomínio do Edifício Andréa,landmark_and_historical_building,overture,-22.896987915039062,-43.10087966918945,,overture:Condomínio do Edifício Andréa:-22.89699:-43.10088
Smart Styles Residences,landmark_and_historical_building,overture,-22.897048950195312,-43.10127639770508,,overture:Smart Styles Residences:-22.89705:-43.10128
Condomínio Ciudad Vigo,landmark_and_historical_building,overture,-22.897117614746094,-43.10202407836914,,overture:Condomínio Ciudad Vigo:-22.89712:-43.10202
Paradigma,landmark_and_historical_building,overture,-22.89703941345215,-43.121761322021484,,overture:Paradigma:-22.89704:-43.12176
Novas Fronteiras: Núcleo de Pesquisa em Migrações e Direitos Humanos,cultural_center,overture,-22.89706802368164,-43.10680389404297,,overture:Novas Fronteiras: Núcleo de Pesquisa em Migrações e Direitos Humanos:-22.89707:-43.10680
Grand Life Icaraí,landmark_and_historical_building,overture,-22.896759033203125,-43.112003326416016,,overture:Grand Life Icaraí:-22.89676:-43.11200
Edifício Visconde de Maua,landmark_and_historical_building,overture,-22.896835327148438,-43.12131118774414,,overture:Edifício Visconde de Maua:-22.89684:-43.12131
Condomínio Rink Plaza Offices,landmark_and_historical_building,overture,-22.896390914916992,-43.12160873413086,,overture:Condomínio Rink Plaza Offices:-22.89639:-43.12161
Edifício Edson Jones Santana,landmark_and_historical_building,overture,-22.89659309387207,-43.107852935791016,,overture:Edifício Edson Jones Santana:-22.89659:-43.10785
Edifício Jacques Cousteau,landmark_and_historical_building,overture,-22.896684646606445,-43.100914001464844,,overture:Edifício Jacques Cousteau:-22.89668:-43.10091
Condomínio do Edifício Tour de Renoir,landmark_and_historical_building,overture,-22.89668846130371,-43.0998420715332,,overture:Condomínio do Edifício Tour de Renoir:-22.89669:-43.09984
Condomínio Família Jacinto,landmark_and_historical_building,overture,-22.89630889892578,-43.10353088378906,,overture:Condomínio Família Jacinto:-22.89631:-43.10353
Condomínio do Edifício Beta,landmark_and_historical_building,overture,-22.895477294921875,-43.12138366699219,,overture:Condomínio do Edifício Beta:-22.89548:-43.12138
Condo Villaggio Dei Fiori,landmark_and_historical_building,overture,-22.89528465270996,-43.10018539428711,,overture:Condo Villaggio Dei Fiori:-22.89528:-43.10019
Condomínio Tour de Saint Denis,landmark_and_historical_building,overture,-22.894954681396484,-43.09968948364258,,overture:Condomínio Tour de Saint Denis:-22.89495:-43.09969
Palácio Arariboia,landmark_and_historical_building,overture,-22.894485473632812,-43.121253967285156,,overture:Palácio Arariboia:-22.89449:-43.12125
Edificio Residencial Monte Libano,landmark_and_historical_building,overture,-22.894418716430664,-43.11912536621094,,overture:Edificio Residencial Monte Libano:-22.89442:-43.11913
Condomínio do Edifício Galery Center,landmark_and_historical_building,overture,-22.89447593688965,-43.11989212036133,,overture:Condomínio do Edifício Galery Center:-22.89448:-43.11989
Academia Fluminense de Letras,cultural_center,overture,-22.89458656311035,-43.11707305908203,,overture:Academia Fluminense de Letras:-22.89459:-43.11707
Fênix Administração de Condomínios,landmark_and_historical_building,overture,-22.894174575805664,-43.121055603027344,,overture:Fênix Administração de Condomínios:-22.89417:-43.12106
Museu da Justiça de Niterói,history_museum,overture,-22.894020080566406,-43.11774826049805,,overture:Museu da Justiça de Niterói:-22.89402:-43.11775
Niterói Working Center,landmark_and_historical_building,overture,-22.89398956298828,-43.11954879760742,,overture:Niterói Working Center:-22.89399:-43.11955
Edificio Feliciano Sodré,landmark_and_historical_building,overture,-22.894023895263672,-43.11964797973633,,overture:Edificio Feliciano Sodré:-22.89402:-43.11965
Palácio da Justiça,museum,overture,-22.893970489501953,-43.11785888671875,,overture:Palácio da Justiça:-22.89397:-43.11786
Exclusive Noronha,landmark_and_historical_building,overture,-22.894025802612305,-43.0997200012207,,overture:Exclusive Noronha:-22.89403:-43.09972
Condomínio Parque Residencial Chácara das Rosas,landmark_and_historical_building,overture,-22.893728256225586,-43.099464416503906,,overture:Condomínio Parque Residencial Chácara das Rosas:-22.89373:-43.09946
Tribunal Regional do Trabalho da 1a Regiao Niteroi,landmark_and_historical_building,overture,-22.893707275390625,-43.12129592895508,,overture:Tribunal Regional do Trabalho da 1a Regiao Niteroi:-22.89371:-43.12130
Inovar Predial,landmark_and_historical_building,overture,-22.893342971801758,-43.12107467651367,,overture:Inovar Predial:-22.89334:-43.12107
Ed. Tirante,landmark_and_historical_building,overture,-22.893291473388672,-43.119625091552734,,overture:Ed. Tirante:-22.89329:-43.11963
Condominio do Edificio Sao Francisco Assis,landmark_and_historical_building,overture,-22.89314079284668,-43.11982345581055,,overture:Condominio do Edificio Sao Francisco Assis:-22.89314:-43.11982
Condomínio Residencial Center,landmark_and_historical_building,overture,-22.893239974975586,-43.1138801574707,,overture:Condomínio Residencial Center:-22.89324:-43.11388
Condominio do Edificio Miramar Suite Service,landmark_and_historical_building,overture,-22.893070220947266,-43.11345672607422,,overture:Condominio do Edificio Miramar Suite Service:-22.89307:-43.11346
Ed. Solar Do Marques,landmark_and_historical_building,overture,-22.89253044128418,-43.113468170166016,,overture:Ed. Solar Do Marques:-22.89253:-43.11347
Condomínio do Edifício Bauhaus,landmark_and_historical_building,overture,-22.892358779907227,-43.11979675292969,,overture:Condomínio do Edifício Bauhaus:-22.89236:-43.11980
Jardim Sao Joao,landmark_and_historical_building,overture,-22.891550064086914,-43.12144088745117,,overture:Jardim Sao Joao:-22.89155:-43.12144
Condomínio Vivenda de Santa Rosa,landmark_and_historical_building,overture,-22.891616821289062,-43.099735260009766,,overture:Condomínio Vivenda de Santa Rosa:-22.89162:-43.09974
Condominio do Edificio Porto Mos,landmark_and_historical_building,overture,-22.890670776367188,-43.11384963989258,,overture:Condominio do Edificio Porto Mos:-22.89067:-43.11385
Espaço MV,cultural_center,overture,-22.889978408813477,-43.114078521728516,,overture:Espaço MV:-22.88998:-43.11408
Centro Cultural Abrigo de Bondes,cultural_center,overture,-22.889877319335938,-43.11445999145508,,overture:Centro Cultural Abrigo de Bondes:-22.88988:-43.11446
Centro  Brasileiro  De Arqueologia,museum,overture,-22.88913345336914,-43.11558151245117,,overture:Centro  Brasileiro  De Arqueologia:-22.88913:-43.11558
Museu do bonde,museum,overture,-22.88930892944336,-43.118690490722656,,overture:Museu do bonde:-22.88931:-43.11869
Condomínio Residencial Central Life,landmark_and_historical_building,overture,-22.888986587524414,-43.12068176269531,,overture:Condomínio Residencial Central Life:-22.88899:-43.12068
Residencial Central Park,landmark_and_historical_building,overture,-22.888900756835938,-43.12162780761719,,overture:Residencial Central Park:-22.88890:-43.12163
Condomínio Edifício Santa Filomena,landmark_and_historical_building,overture,-22.888357162475586,-43.1112174987793,,overture:Condomínio Edifício Santa Filomena:-22.88836:-43.11122
Carnaval,topic_concert_venue,overture,-22.8884334564209,-43.11467361450195,,overture:Carnaval:-22.88843:-43.11467
Segue O Baile,topic_concert_venue,overture,-22.888442993164062,-43.11470031738281,,overture:Segue O Baile:-22.88844:-43.11470
Morro de São Lourenço,landmark_and_historical_building,overture,-22.887466430664062,-43.11008071899414,,overture:Morro de São Lourenço:-22.88747:-43.11008
Condomínio Viva Niterói,landmark_and_historical_building,overture,-22.887046813964844,-43.12070846557617,,overture:Condomínio Viva Niterói:-22.88705:-43.12071
Monumental Okara,landmark_and_historical_building,overture,-22.886926651000977,-43.112483978271484,,overture:Monumental Okara:-22.88693:-43.11248
Morro da Boa Vista São Lourenço Niterói,landmark_and_historical_building,overture,-22.886947631835938,-43.11088943481445,,overture:Morro da Boa Vista São Lourenço Niterói:-22.88695:-43.11089
Condomínio Alcance,landmark_and_historical_building,overture,-22.88676643371582,-43.119937896728516,,overture:Condomínio Alcance:-22.88677:-43.11994
Condomínio Porto Central Residências,landmark_and_historical_building,overture,-22.886226654052734,-43.12168884277344,,overture:Condomínio Porto Central Residências:-22.88623:-43.12169
Green Life - Niterói - GF Consultoria,landmark_and_historical_building,overture,-22.884702682495117,-43.11801528930664,,overture:Green Life - Niterói - GF Consultoria:-22.88470:-43.11802
Condo Cove Park,landmark_and_historical_building,overture,-22.884624481201172,-43.119571685791016,,overture:Condo Cove Park:-22.88462:-43.11957
Condominio Solar Santo Antônio,landmark_and_historical_building,overture,-22.88420295715332,-43.1113395690918,,overture:Condominio Solar Santo Antônio:-22.88420:-43.11134
Splendido Residencial,landmark_and_historical_building,overture,-22.88362693786621,-43.11692428588867,,overture:Splendido Residencial:-22.88363:-43.11692
Condomínio Lord Byron,landmark_and_historical_building,overture,-22.881942749023438,-43.10123062133789,,overture:Condomínio Lord Byron:-22.88194:-43.10123
Residencial Legnard,landmark_and_historical_building,overture,-22.880842208862305,-43.10396194458008,,overture:Residencial Legnard:-22.88084:-43.10396
Casa de Oliveira Vianna,cultural_center,overture,-22.88060760498047,-43.108699798583984,,overture:Casa de Oliveira Vianna:-22.88061:-43.10870
Centro Cultural Cauby Peixoto,cultural_center,overture,-22.880266189575195,-43.10320281982422,,overture:Centro Cultural Cauby Peixoto:-22.88027:-43.10320
Condomínio do Edifício Almeno de Souza,landmark_and_historical_building,overture,-22.87925148010254,-43.1008186340332,,overture:Condomínio do Edifício Almeno de Souza:-22.87925:-43.10082
Condominio do Edificio Santa Edwiges,landmark_and_historical_building,overture,-22.878902435302734,-43.100887298583984,,overture:Condominio do Edificio Santa Edwiges:-22.87890:-43.10089
"Museu de Cera, Foz do Iguazu",museum,overture,-22.877893447875977,-43.099430084228516,,"overture:Museu de Cera, Foz do Iguazu:-22.87789:-43.09943"
Parque Residencial Doutor Mullulo da Veiga,landmark_and_historical_building,overture,-22.874895095825195,-43.10723876953125,,overture:Parque Residencial Doutor Mullulo da Veiga:-22.87490:-43.10724
Pombal - Niterói,landmark_and_historical_building,overture,-22.874120712280273,-43.10708999633789,,overture:Pombal - Niterói:-22.87412:-43.10709
Condominio Lydia de Oliveira,landmark_and_historical_building,overture,-22.87415313720703,-43.106319427490234,,overture:Condominio Lydia de Oliveira:-22.87415:-43.10632
Condomínio Renata I,landmark_and_historical_building,overture,-22.873275756835938,-43.104915618896484,,overture:Condomínio Renata I:-22.87328:-43.10492
Conjunto Residencial Araribóia,landmark_and_historical_building,overture,-22.872943878173828,-43.10581588745117,,overture:Conjunto Residencial Araribóia:-22.87294:-43.10582
Travessa Caldeira,landmark_and_historical_building,overture,-22.87063217163086,-43.102783203125,,overture:Travessa Caldeira:-22.87063:-43.10278
Ninique festas,topic_concert_venue,overture,-22.86817741394043,-43.09965133666992,,overture:Ninique festas:-22.86818:-43.09965
Samba dos Amigos,topic_concert_venue,overture,-22.86530113220215,-43.1007194519043,,overture:Samba dos Amigos:-22.86530:-43.10072
Condominio da Central de Abastecimento de Niteroi,landmark_and_historical_building,overture,-22.863643646240234,-43.10179901123047,,overture:Condominio da Central de Abastecimento de Niteroi:-22.86364:-43.10180
Unidos do Viradouro,topic_concert_venue,overture,-22.859073638916016,-43.1045036315918,,overture:Unidos do Viradouro:-22.85907:-43.10450
Centro Municipal De Tradições Nordestinas São Gonçalo,topic_concert_venue,overture,-22.853595733642578,-43.09930419921875,,overture:Centro Municipal De Tradições Nordestinas São Gonçalo:-22.85360:-43.09930
"Ilha Das Flores - São Gonçalo, RJ",landmark_and_historical_building,overture,-22.85003089904785,-43.102046966552734,,"overture:Ilha Das Flores - São Gonçalo, RJ:-22.85003:-43.10205"
Museu da Imigracao da Ilha das Flores,history_museum,overture,-22.845125198364258,-43.10105895996094,,overture:Museu da Imigracao da Ilha das Flores:-22.84513:-43.10106
Salão de Festas F&G,topic_concert_venue,overture,-22.748010635375977,-43.5001335144043,,overture:Salão de Festas F&G:-22.74801:-43.50013
Magrinho,topic_concert_venue,overture,-22.749357223510742,-43.474937438964844,,overture:Magrinho:-22.74936:-43.47494
Novo Tempo Comendador Soares RJ,topic_concert_venue,overture,-22.749353408813477,-43.4817008972168,,overture:Novo Tempo Comendador Soares RJ:-22.74935:-43.48170
Condomínio Vivendas do Bosque,landmark_and_historical_building,overture,-22.75037956237793,-43.47573471069336,,overture:Condomínio Vivendas do Bosque:-22.75038:-43.47573
Condomínio Santa Leticia,landmark_and_historical_building,overture,-22.750112533569336,-43.477386474609375,,overture:Condomínio Santa Leticia:-22.75011:-43.47739
Condomínio Ouro Preto,landmark_and_historical_building,overture,-22.74958610534668,-43.534183502197266,,overture:Condomínio Ouro Preto:-22.74959:-43.53418
Verdes Encantos,landmark_and_historical_building,overture,-22.748685836791992,-43.51749801635742,,overture:Verdes Encantos:-22.74869:-43.51750
Condomínio Vitória Neves,landmark_and_historical_building,overture,-22.747133255004883,-43.69994354248047,,overture:Condomínio Vitória Neves:-22.74713:-43.69994
Vila do Chaves,landmark_and_historical_building,overture,-22.74684715270996,-43.69511032104492,,overture:Vila do Chaves:-22.74685:-43.69511
República MonasLisas,landmark_and_historical_building,overture,-22.748065948486328,-43.70591354370117,,overture:República MonasLisas:-22.74807:-43.70591
Condomínio Nilo de Souza,landmark_and_historical_building,overture,-22.748151779174805,-43.69611358642578,,overture:Condomínio Nilo de Souza:-22.74815:-43.69611
Residência,landmark_and_historical_building,overture,-22.749069213867188,-43.703651428222656,,overture:Residência:-22.74907:-43.70365
Condomínio Dinorma,landmark_and_historical_building,overture,-22.749208450317383,-43.693817138671875,,overture:Condomínio Dinorma:-22.74921:-43.69382
Condominium GREEN LIVING,landmark_and_historical_building,overture,-22.75077247619629,-43.69166946411133,,overture:Condominium GREEN LIVING:-22.75077:-43.69167
Salão De Festas Espaço França,topic_concert_venue,overture,-22.75357437133789,-43.5182991027832,,overture:Salão De Festas Espaço França:-22.75357:-43.51830
Espaço Cidadão.,topic_concert_venue,overture,-22.75221061706543,-43.52192687988281,,overture:Espaço Cidadão.:-22.75221:-43.52193
Instituto Soalthe+,museum,overture,-22.750837326049805,-43.5265007019043,,overture:Instituto Soalthe+:-22.75084:-43.52650
Elite Espaço Festas,topic_concert_venue,overture,-22.751300811767578,-43.519290924072266,,overture:Elite Espaço Festas:-22.75130:-43.51929
Conjunto da Marinha,landmark_and_historical_building,overture,-22.75180435180664,-43.491676330566406,,overture:Conjunto da Marinha:-22.75180:-43.49168
Sítio São Pedro - Ssp,topic_concert_venue,overture,-22.751113891601562,-43.48326873779297,,overture:Sítio São Pedro - Ssp:-22.75111:-43.48327
Recife Recepções,topic_concert_venue,overture,-22.7526798248291,-43.49736785888672,,overture:Recife Recepções:-22.75268:-43.49737
Condomínio Cotage,landmark_and_historical_building,overture,-22.753833770751953,-43.47323989868164,,overture:Condomínio Cotage:-22.75383:-43.47324
Salão Festas & Eventos Infantis,topic_concert_venue,overture,-22.755327224731445,-43.4711799621582,,overture:Salão Festas & Eventos Infantis:-22.75533:-43.47118
Rosa dos Ventos Residencial,landmark_and_historical_building,overture,-22.75440788269043,-43.519683837890625,,overture:Rosa dos Ventos Residencial:-22.75441:-43.51968
Salão de Festas Dream of Party,topic_concert_venue,overture,-22.757646560668945,-43.47194290161133,,overture:Salão de Festas Dream of Party:-22.75765:-43.47194
"""Condomínio Residencial ""Laranjinha""""",landmark_and_historical_building,overture,-22.75873565673828,-43.477439880371094,,"overture:""Condomínio Residencial ""Laranjinha"""":-22.75874:-43.47744"
Condomínio Lafaiete,landmark_and_historical_building,overture,-22.758743286132812,-43.47964859008789,,overture:Condomínio Lafaiete:-22.75874:-43.47965
Condomínio Residencial Agora,landmark_and_historical_building,overture,-22.758544921875,-43.480716705322266,,overture:Condomínio Residencial Agora:-22.75854:-43.48072
Condomínio Agora Nova Iguaçu,landmark_and_historical_building,overture,-22.75857925415039,-43.4813117980957,,overture:Condomínio Agora Nova Iguaçu:-22.75858:-43.48131
Condomínio Completo Nova Iguaçu,landmark_and_historical_building,overture,-22.7584171295166,-43.4827880859375,,overture:Condomínio Completo Nova Iguaçu:-22.75842:-43.48279
Bairro Da Luz,landmark_and_historical_building,overture,-22.758853912353516,-43.469810485839844,,overture:Bairro Da Luz:-22.75885:-43.46981
Condominio Dois Irmaos,landmark_and_historical_building,overture,-22.759559631347656,-43.47768020629883,,overture:Condominio Dois Irmaos:-22.75956:-43.47768
Solução Eventos,topic_concert_venue,overture,-22.760072708129883,-43.47065734863281,,overture:Solução Eventos:-22.76007:-43.47066
Condominio University,landmark_and_historical_building,overture,-22.760440826416016,-43.470794677734375,,overture:Condominio University:-22.76044:-43.47079
Condomínio das Cumbucas,landmark_and_historical_building,overture,-22.76023292541504,-43.48750305175781,,overture:Condomínio das Cumbucas:-22.76023:-43.48750
Bela Vista Nova Iguaçu,landmark_and_historical_building,overture,-22.75944709777832,-43.48945236206055,,overture:Bela Vista Nova Iguaçu:-22.75945:-43.48945
Space B.,topic_concert_venue,overture,-22.762590408325195,-43.48642349243164,,overture:Space B.:-22.76259:-43.48642
Parque dos Sonhos,landmark_and_historical_building,overture,-22.76287078857422,-43.48894500732422,,overture:Parque dos Sonhos:-22.76287:-43.48895
Condomínio Parque dos Sonhos,landmark_and_historical_building,overture,-22.76366424560547,-43.48794174194336,,overture:Condomínio Parque dos Sonhos:-22.76366:-43.48794
Condomínio Le Jardin,landmark_and_historical_building,overture,-22.763219833374023,-43.47351837158203,,overture:Condomínio Le Jardin:-22.76322:-43.47352
Casa da Montanha,landmark_and_historical_building,overture,-22.763429641723633,-43.470069885253906,,overture:Casa da Montanha:-22.76343:-43.47007
Condo Villa Angela,landmark_and_historical_building,overture,-22.76423454284668,-43.48989486694336,,overture:Condo Villa Angela:-22.76423:-43.48989
Residencial Parque Valverde,landmark_and_historical_building,overture,-22.76625633239746,-43.53606033325195,,overture:Residencial Parque Valverde:-22.76626:-43.53606
Residencial Vila Verde,landmark_and_historical_building,overture,-22.766616821289062,-43.51433563232422,,overture:Residencial Vila Verde:-22.76662:-43.51434
Edifício Jardim Palmares,landmark_and_historical_building,overture,-22.766525268554688,-43.50852966308594,,overture:Edifício Jardim Palmares:-22.76653:-43.50853
Condomínio Residencial Iguaçu,landmark_and_historical_building,overture,-22.766265869140625,-43.50846481323242,,overture:Condomínio Residencial Iguaçu:-22.76627:-43.50846
Ekos Tower Residencial,landmark_and_historical_building,overture,-22.765474319458008,-43.4927864074707,,overture:Ekos Tower Residencial:-22.76547:-43.49279
Espaço festas e eventos Ella's,topic_concert_venue,overture,-22.769861221313477,-43.51754379272461,,overture:Espaço festas e eventos Ella's:-22.76986:-43.51754
Sítio Canto da Paz.,topic_concert_venue,overture,-22.768245697021484,-43.52397537231445,,overture:Sítio Canto da Paz.:-22.76825:-43.52398
Condomínio Residencial Palhada,landmark_and_historical_building,overture,-22.767704010009766,-43.5180549621582,,overture:Condomínio Residencial Palhada:-22.76770:-43.51805
Praça Do Condomínio Palhada,landmark_and_historical_building,overture,-22.76726531982422,-43.51824188232422,,overture:Praça Do Condomínio Palhada:-22.76727:-43.51824
Condominio Duo Valverde,landmark_and_historical_building,overture,-22.767196655273438,-43.516754150390625,,overture:Condominio Duo Valverde:-22.76720:-43.51675
Ile Ase Oba n'Fe Okuta,cultural_center,overture,-22.767257690429688,-43.52809524536133,,overture:Ile Ase Oba n'Fe Okuta:-22.76726:-43.52810
OMO OBA,topic_concert_venue,overture,-22.767658233642578,-43.5913200378418,,overture:OMO OBA:-22.76766:-43.59132
Condomínio Jardim Paradiso 13,landmark_and_historical_building,overture,-22.76608657836914,-43.55853271484375,,overture:Condomínio Jardim Paradiso 13:-22.76609:-43.55853
Condominio Jardim Paradíso V,landmark_and_historical_building,overture,-22.76603889465332,-43.56058883666992,,overture:Condominio Jardim Paradíso V:-22.76604:-43.56059
Auditório Gustavo Dutra (Gustavão),topic_concert_venue,overture,-22.766210556030273,-43.64338684082031,,overture:Auditório Gustavo Dutra (Gustavão):-22.76621:-43.64339
Sítio Repouso do Guerreiro,topic_concert_venue,overture,-22.766563415527344,-43.64338302612305,,overture:Sítio Repouso do Guerreiro:-22.76656:-43.64338
Museu de Zoologia da UFRRJ,museum,overture,-22.768028259277344,-43.67765426635742,,overture:Museu de Zoologia da UFRRJ:-22.76803:-43.67765
Sala de Cultura - UFRRJ,cultural_center,overture,-22.764692306518555,-43.682254791259766,,overture:Sala de Cultura - UFRRJ:-22.76469:-43.68225
Colégio Estadual Barão de Tefé,landmark_and_historical_building,overture,-22.764375686645508,-43.68589782714844,,overture:Colégio Estadual Barão de Tefé:-22.76438:-43.68590
Museu Casa do Reitor,museum,overture,-22.763694763183594,-43.69206619262695,,overture:Museu Casa do Reitor:-22.76369:-43.69207
Centro de Arte e Cultura UFRRJ,cultural_center,overture,-22.75884437561035,-43.688201904296875,,overture:Centro de Arte e Cultura UFRRJ:-22.75884:-43.68820
Salão Top Festa,topic_concert_venue,overture,-22.770633697509766,-43.52825927734375,,overture:Salão Top Festa:-22.77063:-43.52826
DIAS soluções A GÁS,landmark_and_historical_building,overture,-22.770553588867188,-43.527591705322266,,overture:DIAS soluções A GÁS:-22.77055:-43.52759
Condominio Comendador Soares,landmark_and_historical_building,overture,-22.771442413330078,-43.515106201171875,,overture:Condominio Comendador Soares:-22.77144:-43.51511
Condomínio Residencial do Porto,landmark_and_historical_building,overture,-22.775577545166016,-43.532840728759766,,overture:Condomínio Residencial do Porto:-22.77558:-43.53284
Parque de Eventos Cabuçu,topic_concert_venue,overture,-22.780431747436523,-43.54648971557617,,overture:Parque de Eventos Cabuçu:-22.78043:-43.54649
BisPark,topic_concert_venue,overture,-22.780420303344727,-43.56053161621094,,overture:BisPark:-22.78042:-43.56053
Magnifica casa de festas e eventos,topic_concert_venue,overture,-22.783432006835938,-43.543087005615234,,overture:Magnifica casa de festas e eventos:-22.78343:-43.54309
Casa De Rações Letinha E Manolo,topic_concert_venue,overture,-22.78836441040039,-43.54793930053711,,overture:Casa De Rações Letinha E Manolo:-22.78836:-43.54794
Aquarela Festas,topic_concert_venue,overture,-22.78561782836914,-43.57173156738281,,overture:Aquarela Festas:-22.78562:-43.57173
Sítio Quinta da Lininha - Seropédica,topic_concert_venue,overture,-22.795673370361328,-43.64727020263672,,overture:Sítio Quinta da Lininha - Seropédica:-22.79567:-43.64727
Conjunto da Marinha,landmark_and_historical_building,overture,-22.79641342163086,-43.57755661010742,,overture:Conjunto da Marinha:-22.79641:-43.57756
Condomínio Álamo,landmark_and_historical_building,overture,-22.793811798095703,-43.582763671875,,overture:Condomínio Álamo:-22.79381:-43.58276
Condomínio Goya,landmark_and_historical_building,overture,-22.793777465820312,-43.58571243286133,,overture:Condomínio Goya:-22.79378:-43.58571
Condomínio ValParaiso,landmark_and_historical_building,overture,-22.79391860961914,-43.587223052978516,,overture:Condomínio ValParaiso:-22.79392:-43.58722
Condomínio Bolivar,landmark_and_historical_building,overture,-22.793970108032227,-43.584354400634766,,overture:Condomínio Bolivar:-22.79397:-43.58435
Condomínio Aguilares,landmark_and_historical_building,overture,-22.794775009155273,-43.58309555053711,,overture:Condomínio Aguilares:-22.79478:-43.58310
Condominio Nova Iguacu,landmark_and_historical_building,overture,-22.79295539855957,-43.585174560546875,,overture:Condominio Nova Iguacu:-22.79296:-43.58517
Condomínio Rosário,landmark_and_historical_building,overture,-22.791765213012695,-43.5878791809082,,overture:Condomínio Rosário:-22.79177:-43.58788
Espaço para festas katitas,topic_concert_venue,overture,-22.791120529174805,-43.549896240234375,,overture:Espaço para festas katitas:-22.79112:-43.54990
Sítio Jambo Rosa,topic_concert_venue,overture,-22.792638778686523,-43.550113677978516,,overture:Sítio Jambo Rosa:-22.79264:-43.55011
Condomínio Fábio Mauler Soares,landmark_and_historical_building,overture,-22.79786491394043,-43.556827545166016,,overture:Condomínio Fábio Mauler Soares:-22.79786:-43.55683
Residencial Villa Toscana,landmark_and_historical_building,overture,-22.796857833862305,-43.561790466308594,,overture:Residencial Villa Toscana:-22.79686:-43.56179
Condomínio Mônaco,landmark_and_historical_building,overture,-22.799549102783203,-43.56790542602539,,overture:Condomínio Mônaco:-22.79955:-43.56791
Condomínio Chamonix,landmark_and_historical_building,overture,-22.798919677734375,-43.56865692138672,,overture:Condomínio Chamonix:-22.79892:-43.56866
Condomínio Residencial Nice,landmark_and_historical_building,overture,-22.80116081237793,-43.57002639770508,,overture:Condomínio Residencial Nice:-22.80116:-43.57003
Condomi'nio Residencial Nice,landmark_and_historical_building,overture,-22.800235748291016,-43.56991195678711,,overture:Condomi'nio Residencial Nice:-22.80024:-43.56991
Residencial Nova Zelândia - Construtora Você,landmark_and_historical_building,overture,-22.809236526489258,-43.589420318603516,,overture:Residencial Nova Zelândia - Construtora Você:-22.80924:-43.58942
Sítio Cores de Ipê,topic_concert_venue,overture,-22.80880355834961,-43.6014404296875,,overture:Sítio Cores de Ipê:-22.80880:-43.60144
Ipiranga,landmark_and_historical_building,overture,-22.806116104125977,-43.56367874145508,,overture:Ipiranga:-22.80612:-43.56368
Conjunto Dom Bosco,landmark_and_historical_building,overture,-22.803752899169922,-43.586402893066406,,overture:Conjunto Dom Bosco:-22.80375:-43.58640
Rancho DOS Pequenos,topic_concert_venue,overture,-22.808547973632812,-43.74216842651367,,overture:Rancho DOS Pequenos:-22.80855:-43.74217
"Rio Ipiranga (vattendrag i Brasilien, Rio de Janeiro)",landmark_and_historical_building,overture,-22.80210304260254,-43.62389373779297,,"overture:Rio Ipiranga (vattendrag i Brasilien, Rio de Janeiro):-22.80210:-43.62389"
Espaço Vip Seropédica,topic_concert_venue,overture,-22.79716682434082,-43.64992141723633,,overture:Espaço Vip Seropédica:-22.79717:-43.64992
Condomínio Safira 2 Chaperó,landmark_and_historical_building,overture,-22.806982040405273,-43.77531051635742,,overture:Condomínio Safira 2 Chaperó:-22.80698:-43.77531
Residencial Safira I,landmark_and_historical_building,overture,-22.807729721069336,-43.773502349853516,,overture:Residencial Safira I:-22.80773:-43.77350
Sítio do Guilherme - Chaperó,topic_concert_venue,overture,-22.818790435791016,-43.757659912109375,,overture:Sítio do Guilherme - Chaperó:-22.81879:-43.75766
Sítio TJ,topic_concert_venue,overture,-22.818639755249023,-43.61799621582031,,overture:Sítio TJ:-22.81864:-43.61800
Espaço 37,topic_concert_venue,overture,-22.81877326965332,-43.615325927734375,,overture:Espaço 37:-22.81877:-43.61533
Humaitá Garden Lagoinha,landmark_and_historical_building,overture,-22.81716537475586,-43.612342834472656,,overture:Humaitá Garden Lagoinha:-22.81717:-43.61234
Sítio Pôr do Sol,topic_concert_venue,overture,-22.817068099975586,-43.63700485229492,,overture:Sítio Pôr do Sol:-22.81707:-43.63700
Rancho Curva do Rio,topic_concert_venue,overture,-22.812360763549805,-43.73694610595703,,overture:Rancho Curva do Rio:-22.81236:-43.73695
Condominio Village Dos Coqueirais,landmark_and_historical_building,overture,-22.8104305267334,-43.744083404541016,,overture:Condominio Village Dos Coqueirais:-22.81043:-43.74408
Conjunto Boa Esperança,landmark_and_historical_building,overture,-22.813308715820312,-43.59084701538086,,overture:Conjunto Boa Esperança:-22.81331:-43.59085
Sítio Real Paraíso,topic_concert_venue,overture,-22.82248306274414,-43.60334014892578,,overture:Sítio Real Paraíso:-22.82248:-43.60334
Nathalya Alcantara Beauty Studio,topic_concert_venue,overture,-22.826040267944336,-43.602256774902344,,overture:Nathalya Alcantara Beauty Studio:-22.82604:-43.60226
Palácio do Grão-Pará,museum,overture,-22.823362350463867,-43.595787048339844,,overture:Palácio do Grão-Pará:-22.82336:-43.59579
praça km 32,topic_concert_venue,overture,-22.82985496520996,-43.61964416503906,,overture:praça km 32:-22.82985:-43.61964
Condominium Village of Ipês,landmark_and_historical_building,overture,-22.833261489868164,-43.71310806274414,,overture:Condominium Village of Ipês:-22.83326:-43.71311
Serra do Marapicu,landmark_and_historical_building,overture,-22.832460403442383,-43.579063415527344,,overture:Serra do Marapicu:-22.83246:-43.57906
Centro Educacional  Cantinho do Saber,topic_concert_venue,overture,-22.830585479736328,-43.60087966918945,,overture:Centro Educacional  Cantinho do Saber:-22.83059:-43.60088
Mini Sítio Flor,topic_concert_venue,overture,-22.831748962402344,-43.551185607910156,,overture:Mini Sítio Flor:-22.83175:-43.55119
Canal de Sarapuí,landmark_and_historical_building,overture,-22.827503204345703,-43.452781677246094,,overture:Canal de Sarapuí:-22.82750:-43.45278
Parque Anchieta,landmark_and_historical_building,overture,-22.83029556274414,-43.41767120361328,,overture:Parque Anchieta:-22.83030:-43.41767
AO VIVO,topic_concert_venue,overture,-22.811403274536133,-43.433536529541016,,overture:AO VIVO:-22.81140:-43.43354
Espaço KS Casa de Festas,topic_concert_venue,overture,-22.81325340270996,-43.431480407714844,,overture:Espaço KS Casa de Festas:-22.81325:-43.43148
Residencial Exclusive,landmark_and_historical_building,overture,-22.816434860229492,-43.42829513549805,,overture:Residencial Exclusive:-22.81643:-43.42830
Vivendas Luís Felipe,landmark_and_historical_building,overture,-22.819120407104492,-43.426361083984375,,overture:Vivendas Luís Felipe:-22.81912:-43.42636
Edificio Âncora,landmark_and_historical_building,overture,-22.815061569213867,-43.4265022277832,,overture:Edificio Âncora:-22.81506:-43.42650
Condomínio Evaristo Emanuel,landmark_and_historical_building,overture,-22.81542205810547,-43.42573165893555,,overture:Condomínio Evaristo Emanuel:-22.81542:-43.42573
Condomínio Maria Billard Chambarelli,landmark_and_historical_building,overture,-22.81822395324707,-43.422271728515625,,overture:Condomínio Maria Billard Chambarelli:-22.81822:-43.42227
Secretaria Municipal de cultura,cultural_center,overture,-22.81876564025879,-43.4178352355957,,overture:Secretaria Municipal de cultura:-22.81877:-43.41784
GRES Beija Flor de Nilópolis,topic_concert_venue,overture,-22.81361961364746,-43.4196891784668,,overture:GRES Beija Flor de Nilópolis:-22.81362:-43.41969
Parque Natural Municipal do Gericinó,landmark_and_historical_building,overture,-22.812705993652344,-43.41615676879883,,overture:Parque Natural Municipal do Gericinó:-22.81271:-43.41616
Condomínio Vivendas Do Imperador,landmark_and_historical_building,overture,-22.812671661376953,-43.424503326416016,,overture:Condomínio Vivendas Do Imperador:-22.81267:-43.42450
Vivendas do Imperador,landmark_and_historical_building,overture,-22.812307357788086,-43.42479705810547,,overture:Vivendas do Imperador:-22.81231:-43.42480
Residencial D'Elizeu,landmark_and_historical_building,overture,-22.809009552001953,-43.424713134765625,,overture:Residencial D'Elizeu:-22.80901:-43.42471
Condomínio Vivendas da Casa Forte,landmark_and_historical_building,overture,-22.808839797973633,-43.42251205444336,,overture:Condomínio Vivendas da Casa Forte:-22.80884:-43.42251
Residencial San Miguel,landmark_and_historical_building,overture,-22.810531616210938,-43.423946380615234,,overture:Residencial San Miguel:-22.81053:-43.42395
Condomínio E Edifício Dom Rodrigues,landmark_and_historical_building,overture,-22.80462074279785,-43.41618728637695,,overture:Condomínio E Edifício Dom Rodrigues:-22.80462:-43.41619
Família Beija-Flor,cultural_center,overture,-22.805570602416992,-43.425071716308594,,overture:Família Beija-Flor:-22.80557:-43.42507
WV,topic_concert_venue,overture,-22.8065242767334,-43.42596435546875,,overture:WV:-22.80652:-43.42596
Edifício Castelão,landmark_and_historical_building,overture,-22.807466506958008,-43.42819595336914,,overture:Edifício Castelão:-22.80747:-43.42820
Espaço 2142,topic_concert_venue,overture,-22.809974670410156,-43.42910385131836,,overture:Espaço 2142:-22.80997:-43.42910
TR  Festa.,topic_concert_venue,overture,-22.8059024810791,-43.44032669067383,,overture:TR  Festa.:-22.80590:-43.44033
Chatuba de Mesquita - Lar Doce Lar,landmark_and_historical_building,overture,-22.800569534301758,-43.440765380859375,,overture:Chatuba de Mesquita - Lar Doce Lar:-22.80057:-43.44077
GRES Chatuba De Mesquita,cultural_center,overture,-22.80206298828125,-43.43995666503906,,overture:GRES Chatuba De Mesquita:-22.80206:-43.43996
Mesquita rj,landmark_and_historical_building,overture,-22.79667854309082,-43.44058609008789,,overture:Mesquita rj:-22.79668:-43.44059
Kitnets Nova Iguaçu,landmark_and_historical_building,overture,-22.770618438720703,-43.44253158569336,,overture:Kitnets Nova Iguaçu:-22.77062:-43.44253
Residencial Alencar,landmark_and_historical_building,overture,-22.769290924072266,-43.4427490234375,,overture:Residencial Alencar:-22.76929:-43.44275
Centro Cultural Mister Watkins,cultural_center,overture,-22.784896850585938,-43.431522369384766,,overture:Centro Cultural Mister Watkins:-22.78490:-43.43152
Cultural Center Mr. Watkins,cultural_center,overture,-22.78483009338379,-43.431758880615234,,overture:Cultural Center Mr. Watkins:-22.78483:-43.43176
Casa da tia,landmark_and_historical_building,overture,-22.784488677978516,-43.4278564453125,,overture:Casa da tia:-22.78449:-43.42786
Espaço LaLu Festas e Eventos.,topic_concert_venue,overture,-22.784151077270508,-43.427555084228516,,overture:Espaço LaLu Festas e Eventos.:-22.78415:-43.42756
Cdm Vivendas da Baroneza,landmark_and_historical_building,overture,-22.784311294555664,-43.427433013916016,,overture:Cdm Vivendas da Baroneza:-22.78431:-43.42743
Praça da Telemar,landmark_and_historical_building,overture,-22.782894134521484,-43.42776870727539,,overture:Praça da Telemar:-22.78289:-43.42777
Espaço Rede Troca de Saberes,cultural_center,overture,-22.781740188598633,-43.42736053466797,,overture:Espaço Rede Troca de Saberes:-22.78174:-43.42736
Salao de Festas F&F,topic_concert_venue,overture,-22.779541015625,-43.4315071105957,,overture:Salao de Festas F&F:-22.77954:-43.43151
Cruzeiro do Sul (Mesquita),landmark_and_historical_building,overture,-22.778553009033203,-43.428627014160156,,overture:Cruzeiro do Sul (Mesquita):-22.77855:-43.42863
Visao do Morro,landmark_and_historical_building,overture,-22.774118423461914,-43.43545150756836,,overture:Visao do Morro:-22.77412:-43.43545
Vivendas da Colina,landmark_and_historical_building,overture,-22.77440643310547,-43.431785583496094,,overture:Vivendas da Colina:-22.77441:-43.43179
Espaço B - Estetica e Beleza,topic_concert_venue,overture,-22.774038314819336,-43.42498016357422,,overture:Espaço B - Estetica e Beleza:-22.77404:-43.42498
Espaço Ellite,topic_concert_venue,overture,-22.771390914916992,-43.4182014465332,,overture:Espaço Ellite:-22.77139:-43.41820
Gol Certo - Braço Forte,topic_concert_venue,overture,-22.77240562438965,-43.41745376586914,,overture:Gol Certo - Braço Forte:-22.77241:-43.41745
Espaço de Festas 93,topic_concert_venue,overture,-22.774089813232422,-43.41737747192383,,overture:Espaço de Festas 93:-22.77409:-43.41738
Espaço Festa Boa,topic_concert_venue,overture,-22.774629592895508,-43.42068099975586,,overture:Espaço Festa Boa:-22.77463:-43.42068
Devaneios,topic_concert_venue,overture,-22.7799129486084,-43.41767883300781,,overture:Devaneios:-22.77991:-43.41768
Espaço Carolla Thomaz Blond,topic_concert_venue,overture,-22.777755737304688,-43.42551040649414,,overture:Espaço Carolla Thomaz Blond:-22.77776:-43.42551
Espaço Zoeh,topic_concert_venue,overture,-22.78145980834961,-43.42552947998047,,overture:Espaço Zoeh:-22.78146:-43.42553
Oscar Romero Cultural Centre,cultural_center,overture,-22.781543731689453,-43.425601959228516,,overture:Oscar Romero Cultural Centre:-22.78154:-43.42560
Deby festas,topic_concert_venue,overture,-22.784587860107422,-43.4204216003418,,overture:Deby festas:-22.78459:-43.42042
Condominio Beija Flor 5,landmark_and_historical_building,overture,-22.789989471435547,-43.41783905029297,,overture:Condominio Beija Flor 5:-22.78999:-43.41784
Condominio Beija-flor I,landmark_and_historical_building,overture,-22.793046951293945,-43.41655731201172,,overture:Condominio Beija-flor I:-22.79305:-43.41656
Condomínio Esperança,landmark_and_historical_building,overture,-22.793373107910156,-43.4177360534668,,overture:Condomínio Esperança:-22.79337:-43.41774
Condominio Beija-Flor 2,landmark_and_historical_building,overture,-22.793670654296875,-43.41788864135742,,overture:Condominio Beija-Flor 2:-22.79367:-43.41789
Condomínio Vila Real,landmark_and_historical_building,overture,-22.793210983276367,-43.42005157470703,,overture:Condomínio Vila Real:-22.79321:-43.42005
Centro Cultural da Marinha do Brasil,cultural_center,overture,-22.79018783569336,-43.42011642456055,,overture:Centro Cultural da Marinha do Brasil:-22.79019:-43.42012
Cabuçu,landmark_and_historical_building,overture,-22.789823532104492,-43.42101287841797,,overture:Cabuçu:-22.78982:-43.42101
Residencial Sintonia Mesquita,landmark_and_historical_building,overture,-22.790414810180664,-43.42570114135742,,overture:Residencial Sintonia Mesquita:-22.79041:-43.42570
Condominio Residencial Jardim Clube,landmark_and_historical_building,overture,-22.7878360748291,-43.425621032714844,,overture:Condominio Residencial Jardim Clube:-22.78784:-43.42562
Ground Eventos ,topic_concert_venue,overture,-22.786027908325195,-43.43351745605469,,overture:Ground Eventos :-22.78603:-43.43352
Residencia D&J,landmark_and_historical_building,overture,-22.785829544067383,-43.436363220214844,,overture:Residencia D&J:-22.78583:-43.43636
Tropaseventos,topic_concert_venue,overture,-22.79389762878418,-43.432708740234375,,overture:Tropaseventos:-22.79390:-43.43271
Mesquita,landmark_and_historical_building,overture,-22.792428970336914,-43.42738723754883,,overture:Mesquita:-22.79243:-43.42739
Espaço Festas,topic_concert_venue,overture,-22.793243408203125,-43.4275016784668,,overture:Espaço Festas:-22.79324:-43.42750
Varandão Dom Leal,topic_concert_venue,overture,-22.795753479003906,-43.42756652832031,,overture:Varandão Dom Leal:-22.79575:-43.42757
Condomínio Morada do Sol,landmark_and_historical_building,overture,-22.800434112548828,-43.42860794067383,,overture:Condomínio Morada do Sol:-22.80043:-43.42861
Complexo Das Casinha,landmark_and_historical_building,overture,-22.79607582092285,-43.42145919799805,,overture:Complexo Das Casinha:-22.79608:-43.42146
Condomínio Parque Das Acácias,landmark_and_historical_building,overture,-22.794462203979492,-43.42064666748047,,overture:Condomínio Parque Das Acácias:-22.79446:-43.42065
Condominio Vivendas do Vale 2,landmark_and_historical_building,overture,-22.794321060180664,-43.42039489746094,,overture:Condominio Vivendas do Vale 2:-22.79432:-43.42039
Condominio Residencial Solar 21 de Agosto,landmark_and_historical_building,overture,-22.79888153076172,-43.416690826416016,,overture:Condominio Residencial Solar 21 de Agosto:-22.79888:-43.41669
Condomínio Melchiades Calazans,landmark_and_historical_building,overture,-22.800491333007812,-43.414283752441406,,overture:Condomínio Melchiades Calazans:-22.80049:-43.41428
Jhessy Unhas,landmark_and_historical_building,overture,-22.80072021484375,-43.397605895996094,,overture:Jhessy Unhas:-22.80072:-43.39761
Complexo Do Castelinho,topic_concert_venue,overture,-22.798376083374023,-43.396209716796875,,overture:Complexo Do Castelinho:-22.79838:-43.39621
Reluar Festas,topic_concert_venue,overture,-22.794443130493164,-43.398216247558594,,overture:Reluar Festas:-22.79444:-43.39822
Espaço Dicasa Festas,topic_concert_venue,overture,-22.79170799255371,-43.40367889404297,,overture:Espaço Dicasa Festas:-22.79171:-43.40368
"Salão de Festas: ""Bomba Festas""",topic_concert_venue,overture,-22.78569984436035,-43.40388870239258,,"overture:Salão de Festas: ""Bomba Festas"":-22.78570:-43.40389"
Condomínio Vila Dona Irene,landmark_and_historical_building,overture,-22.79131507873535,-43.4136962890625,,overture:Condomínio Vila Dona Irene:-22.79132:-43.41370
Condomínio Beija Flor 3,landmark_and_historical_building,overture,-22.789108276367188,-43.41516876220703,,overture:Condomínio Beija Flor 3:-22.78911:-43.41517
Condomínio Residencial Mesquita,landmark_and_historical_building,overture,-22.785606384277344,-43.41238021850586,,overture:Condomínio Residencial Mesquita:-22.78561:-43.41238
Residêncial Estação da Luz,landmark_and_historical_building,overture,-22.786352157592773,-43.412933349609375,,overture:Residêncial Estação da Luz:-22.78635:-43.41293
Caminhos do Rio,landmark_and_historical_building,overture,-22.784385681152344,-43.41299819946289,,overture:Caminhos do Rio:-22.78439:-43.41300
Condominio Caminhos do Rio 1,landmark_and_historical_building,overture,-22.784873962402344,-43.40959167480469,,overture:Condominio Caminhos do Rio 1:-22.78487:-43.40959
Condomi'nio Caminhos do Rio 1,landmark_and_historical_building,overture,-22.784486770629883,-43.40919494628906,,overture:Condomi'nio Caminhos do Rio 1:-22.78449:-43.40919
Vivendas Cassia Furtado,landmark_and_historical_building,overture,-22.7803897857666,-43.40635299682617,,overture:Vivendas Cassia Furtado:-22.78039:-43.40635
Monte Sinai Festas,topic_concert_venue,overture,-22.779272079467773,-43.41526412963867,,overture:Monte Sinai Festas:-22.77927:-43.41526
Condominio Ivan Reis,landmark_and_historical_building,overture,-22.770017623901367,-43.41309356689453,,overture:Condominio Ivan Reis:-22.77002:-43.41309
Cimento Lins,landmark_and_historical_building,overture,-22.774574279785156,-43.4101448059082,,overture:Cimento Lins:-22.77457:-43.41014
Liber Residential Club,landmark_and_historical_building,overture,-22.77138328552246,-43.39556884765625,,overture:Liber Residential Club:-22.77138:-43.39557
Condominio Portal do Sol,landmark_and_historical_building,overture,-22.773298263549805,-43.395362854003906,,overture:Condominio Portal do Sol:-22.77330:-43.39536
Entrada de Belford Roxo,monument,overture,-22.77519989013672,-43.399864196777344,,overture:Entrada de Belford Roxo:-22.77520:-43.39986
Casa de Festas Realiza,topic_concert_venue,overture,-22.777740478515625,-43.402870178222656,,overture:Casa de Festas Realiza:-22.77774:-43.40287
CDD Vila Norma,landmark_and_historical_building,overture,-22.7829532623291,-43.405208587646484,,overture:CDD Vila Norma:-22.78295:-43.40521
Julho de castilho lote 1,landmark_and_historical_building,overture,-22.784238815307617,-43.39558029174805,,overture:Julho de castilho lote 1:-22.78424:-43.39558
Pombal,landmark_and_historical_building,overture,-22.77981948852539,-43.38465881347656,,overture:Pombal:-22.77982:-43.38466
Condominio Residencial Maria Augusta,landmark_and_historical_building,overture,-22.77826499938965,-43.38520431518555,,overture:Condominio Residencial Maria Augusta:-22.77826:-43.38520
Espaço de festas Meireles,topic_concert_venue,overture,-22.769193649291992,-43.38300323486328,,overture:Espaço de festas Meireles:-22.76919:-43.38300
Quiosque área de lazer,topic_concert_venue,overture,-22.771284103393555,-43.381011962890625,,overture:Quiosque área de lazer:-22.77128:-43.38101
Versailles Festas e Eventos,topic_concert_venue,overture,-22.772708892822266,-43.37356185913086,,overture:Versailles Festas e Eventos:-22.77271:-43.37356
Espaço Coisa D' Negro,cultural_center,overture,-22.773134231567383,-43.37676239013672,,overture:Espaço Coisa D' Negro:-22.77313:-43.37676
Casa Amarela Festas e Eventos EIRELI,topic_concert_venue,overture,-22.779239654541016,-43.37923049926758,,overture:Casa Amarela Festas e Eventos EIRELI:-22.77924:-43.37923
Espaço LD - Festas & Eventos,topic_concert_venue,overture,-22.78033447265625,-43.37848663330078,,overture:Espaço LD - Festas & Eventos:-22.78033:-43.37849
Casa Verde Salão de Festas,topic_concert_venue,overture,-22.78148651123047,-43.3834228515625,,overture:Casa Verde Salão de Festas:-22.78149:-43.38342
BXD CRUEL,landmark_and_historical_building,overture,-22.784887313842773,-43.379005432128906,,overture:BXD CRUEL:-22.78489:-43.37901
Espaço Riber Festas,topic_concert_venue,overture,-22.781604766845703,-43.37413024902344,,overture:Espaço Riber Festas:-22.78160:-43.37413
Irmandade do Corte,landmark_and_historical_building,overture,-22.78434181213379,-43.37456130981445,,overture:Irmandade do Corte:-22.78434:-43.37456
Espaço Vila Premier - Requinte e conforto,topic_concert_venue,overture,-22.78985595703125,-43.374820709228516,,overture:Espaço Vila Premier - Requinte e conforto:-22.78986:-43.37482
Condominio Alamo,landmark_and_historical_building,overture,-22.789518356323242,-43.38726043701172,,overture:Condominio Alamo:-22.78952:-43.38726
Éden,landmark_and_historical_building,overture,-22.790903091430664,-43.390506744384766,,overture:Éden:-22.79090:-43.39051
Condomínio Morada do Sol,landmark_and_historical_building,overture,-22.80104637145996,-43.3814582824707,,overture:Condomínio Morada do Sol:-22.80105:-43.38146
Espaço 10 - Festas e eventos,topic_concert_venue,overture,-22.80164337158203,-43.37974166870117,,overture:Espaço 10 - Festas e eventos:-22.80164:-43.37974
Mundo das Festas,topic_concert_venue,overture,-22.79421043395996,-43.38352584838867,,overture:Mundo das Festas:-22.79421:-43.38353
Beco da bomba,landmark_and_historical_building,overture,-22.79555320739746,-43.38025665283203,,overture:Beco da bomba:-22.79555:-43.38026
Garden Hall,topic_concert_venue,overture,-22.800823211669922,-43.375282287597656,,overture:Garden Hall:-22.80082:-43.37528
Ellegance Hall,topic_concert_venue,overture,-22.800724029541016,-43.374534606933594,,overture:Ellegance Hall:-22.80072:-43.37453
Sitio Realize,topic_concert_venue,overture,-22.80367088317871,-43.37490463256836,,overture:Sitio Realize:-22.80367:-43.37490
Casarão Verde,topic_concert_venue,overture,-22.805280685424805,-43.37464141845703,,overture:Casarão Verde:-22.80528:-43.37464
Meriti Plaza Salão de Festas,topic_concert_venue,overture,-22.803688049316406,-43.37625503540039,,overture:Meriti Plaza Salão de Festas:-22.80369:-43.37626
Espaço Festeja,topic_concert_venue,overture,-22.80406951904297,-43.379581451416016,,overture:Espaço Festeja:-22.80407:-43.37958
Clube Paratodos da Pavuna,topic_concert_venue,overture,-22.80893325805664,-43.37834167480469,,overture:Clube Paratodos da Pavuna:-22.80893:-43.37834
Vila Mimosa,topic_concert_venue,overture,-22.812976837158203,-43.377403259277344,,overture:Vila Mimosa:-22.81298:-43.37740
Conjunto da Marinha,landmark_and_historical_building,overture,-22.8136043548584,-43.37734603881836,,overture:Conjunto da Marinha:-22.81360:-43.37735
Complexo do chapadao,landmark_and_historical_building,overture,-22.818960189819336,-43.3753662109375,,overture:Complexo do chapadao:-22.81896:-43.37537
Lote 7,landmark_and_historical_building,overture,-22.817140579223633,-43.376625061035156,,overture:Lote 7:-22.81714:-43.37663
Condomínio do Edifício Shalom,landmark_and_historical_building,overture,-22.817169189453125,-43.37799835205078,,overture:Condomínio do Edifício Shalom:-22.81717:-43.37800
Casa do Juanzin,landmark_and_historical_building,overture,-22.816320419311523,-43.37755584716797,,overture:Casa do Juanzin:-22.81632:-43.37756
Condominio do Edificio Rio De Janeiro,landmark_and_historical_building,overture,-22.81595230102539,-43.37916564941406,,overture:Condominio do Edificio Rio De Janeiro:-22.81595:-43.37917
Moto Táxi Village,landmark_and_historical_building,overture,-22.81503677368164,-43.38102340698242,,overture:Moto Táxi Village:-22.81504:-43.38102
Condominio do Edificio Sao Judas Tadeu,landmark_and_historical_building,overture,-22.816577911376953,-43.37974548339844,,overture:Condominio do Edificio Sao Judas Tadeu:-22.81658:-43.37975
Condomínio Residencial Estrada da Agua Grande,landmark_and_historical_building,overture,-22.813962936401367,-43.37858581542969,,overture:Condomínio Residencial Estrada da Agua Grande:-22.81396:-43.37859
Vila Guarapari,landmark_and_historical_building,overture,-22.813627243041992,-43.379669189453125,,overture:Vila Guarapari:-22.81363:-43.37967
Condominio Da Marinha - Pavuna,landmark_and_historical_building,overture,-22.812475204467773,-43.37862777709961,,overture:Condominio Da Marinha - Pavuna:-22.81248:-43.37863
Condominio Residencial Rio Do Ouro II,landmark_and_historical_building,overture,-22.81534767150879,-43.384620666503906,,overture:Condominio Residencial Rio Do Ouro II:-22.81535:-43.38462
Condomínio Novo Milênio,landmark_and_historical_building,overture,-22.81736946105957,-43.38993835449219,,overture:Condomínio Novo Milênio:-22.81737:-43.38994
Terreiro da NEGRA Valéria,topic_concert_venue,overture,-22.805660247802734,-43.386253356933594,,overture:Terreiro da NEGRA Valéria:-22.80566:-43.38625
Quadra Do Manguerinha,topic_concert_venue,overture,-22.805416107177734,-43.40034484863281,,overture:Quadra Do Manguerinha:-22.80542:-43.40034
Complexo da R.D,landmark_and_historical_building,overture,-22.804969787597656,-43.40591049194336,,overture:Complexo da R.D:-22.80497:-43.40591
Base do Tk,landmark_and_historical_building,overture,-22.80474281311035,-43.40622329711914,,overture:Base do Tk:-22.80474:-43.40622
LuMar Casa de Festas,topic_concert_venue,overture,-22.80483627319336,-43.40815734863281,,overture:LuMar Casa de Festas:-22.80484:-43.40816
Condomínio Júlia Abraão,landmark_and_historical_building,overture,-22.804752349853516,-43.41029357910156,,overture:Condomínio Júlia Abraão:-22.80475:-43.41029
Residencial Sorria Mena Barreto,landmark_and_historical_building,overture,-22.804420471191406,-43.409202575683594,,overture:Residencial Sorria Mena Barreto:-22.80442:-43.40920
Condominio Edificio Gisela,landmark_and_historical_building,overture,-22.805822372436523,-43.41191864013672,,overture:Condominio Edificio Gisela:-22.80582:-43.41192
Fantasy Festas,topic_concert_venue,overture,-22.807090759277344,-43.41127014160156,,overture:Fantasy Festas:-22.80709:-43.41127
Espaço Michel,topic_concert_venue,overture,-22.80748176574707,-43.411903381347656,,overture:Espaço Michel:-22.80748:-43.41190
San Matheus Residence,landmark_and_historical_building,overture,-22.806848526000977,-43.41233825683594,,overture:San Matheus Residence:-22.80685:-43.41234
Condomínio Residencial Júlia Abraão,landmark_and_historical_building,overture,-22.80770492553711,-43.414817810058594,,overture:Condomínio Residencial Júlia Abraão:-22.80770:-43.41482
Espaço 325,topic_concert_venue,overture,-22.80940055847168,-43.41571044921875,,overture:Espaço 325:-22.80940:-43.41571
Condomínio Blue Nilópolis,landmark_and_historical_building,overture,-22.80975341796875,-43.4135856628418,,overture:Condomínio Blue Nilópolis:-22.80975:-43.41359
Residencial Alegria Roberto Silveira,landmark_and_historical_building,overture,-22.81072425842285,-43.41309356689453,,overture:Residencial Alegria Roberto Silveira:-22.81072:-43.41309
Condomínio Elegance Residencial,landmark_and_historical_building,overture,-22.80910301208496,-43.411949157714844,,overture:Condomínio Elegance Residencial:-22.80910:-43.41195
Palacio da Ilha Fiscal,landmark_and_historical_building,overture,-22.812936782836914,-43.4066276550293,,overture:Palacio da Ilha Fiscal:-22.81294:-43.40663
Condomínio Beija Flor Residencial Clube,landmark_and_historical_building,overture,-22.81300926208496,-43.41338348388672,,overture:Condomínio Beija Flor Residencial Clube:-22.81301:-43.41338
Condomínio Maria Albina,landmark_and_historical_building,overture,-22.813417434692383,-43.415252685546875,,overture:Condomínio Maria Albina:-22.81342:-43.41525
Mucheli Festa & Eventos,topic_concert_venue,overture,-22.81763458251953,-43.40863037109375,,overture:Mucheli Festa & Eventos:-22.81763:-43.40863
Foda-SE,topic_concert_venue,overture,-22.818056106567383,-43.401100158691406,,overture:Foda-SE:-22.81806:-43.40110
Museum of Humanity,museum,overture,-22.819459915161133,-43.39517593383789,,overture:Museum of Humanity:-22.81946:-43.39518
Memorial da Humanidade Ipharj,history_museum,overture,-22.81941032409668,-43.39516067504883,,overture:Memorial da Humanidade Ipharj:-22.81941:-43.39516
Studio RFS,topic_concert_venue,overture,-22.82270622253418,-43.3950080871582,,overture:Studio RFS:-22.82271:-43.39501
No Quintal do Gica,landmark_and_historical_building,overture,-22.8262996673584,-43.39866256713867,,overture:No Quintal do Gica:-22.82630:-43.39866
Planalto - Anchieta Rj,landmark_and_historical_building,overture,-22.825063705444336,-43.400203704833984,,overture:Planalto - Anchieta Rj:-22.82506:-43.40020
Condomínio Jardim Granito,monument,overture,-22.827173233032227,-43.40358352661133,,overture:Condomínio Jardim Granito:-22.82717:-43.40358
Casa Aberta Bazar,topic_concert_venue,overture,-22.826303482055664,-43.40445327758789,,overture:Casa Aberta Bazar:-22.82630:-43.40445
Lona Cultural de Anchieta,cultural_center,overture,-22.825456619262695,-43.40272521972656,,overture:Lona Cultural de Anchieta:-22.82546:-43.40273
Mansão Prime - Achieta,topic_concert_venue,overture,-22.82181739807129,-43.40153884887695,,overture:Mansão Prime - Achieta:-22.82182:-43.40154
Rua Beira rio,landmark_and_historical_building,overture,-22.820148468017578,-43.41028594970703,,overture:Rua Beira rio:-22.82015:-43.41029
Novo Espaço- Festas & Eventos,topic_concert_venue,overture,-22.824172973632812,-43.41257095336914,,overture:Novo Espaço- Festas & Eventos:-22.82417:-43.41257
Condomínio Araucária,landmark_and_historical_building,overture,-22.825794219970703,-43.405967712402344,,overture:Condomínio Araucária:-22.82579:-43.40597
"Vila Dona Julia, Anchieta",landmark_and_historical_building,overture,-22.82562255859375,-43.4061164855957,,"overture:Vila Dona Julia, Anchieta:-22.82562:-43.40612"
Rua Pajuçara- Ilha do Governador,landmark_and_historical_building,overture,-22.827150344848633,-43.40547180175781,,overture:Rua Pajuçara- Ilha do Governador:-22.82715:-43.40547
Casa do Mozão,landmark_and_historical_building,overture,-22.828563690185547,-43.409873962402344,,overture:Casa do Mozão:-22.82856:-43.40987
Espaço 509,topic_concert_venue,overture,-22.828250885009766,-43.4106559753418,,overture:Espaço 509:-22.82825:-43.41066
BDA - Batalha do Ares,cultural_center,overture,-22.83595085144043,-43.41078186035156,,overture:BDA - Batalha do Ares:-22.83595:-43.41078
Abadá Capoeira Anchieta-Rj,topic_concert_venue,overture,-22.835832595825195,-43.4102897644043,,overture:Abadá Capoeira Anchieta-Rj:-22.83583:-43.41029
Luz do Sol,topic_concert_venue,overture,-22.834749221801758,-43.40959167480469,,overture:Luz do Sol:-22.83475:-43.40959
Bar da Mangueira,topic_concert_venue,overture,-22.83370018005371,-43.405391693115234,,overture:Bar da Mangueira:-22.83370:-43.40539
Pool Party -Festa na Piscina,topic_concert_venue,overture,-22.83144187927246,-43.4039306640625,,overture:Pool Party -Festa na Piscina:-22.83144:-43.40393
Mansão Azul,topic_concert_venue,overture,-22.82998275756836,-43.40396499633789,,overture:Mansão Azul:-22.82998:-43.40396
Condomínio Amoa,landmark_and_historical_building,overture,-22.831823348999023,-43.40104675292969,,overture:Condomínio Amoa:-22.83182:-43.40105
Rua Alvaro Albuquerque,landmark_and_historical_building,overture,-22.83085823059082,-43.400848388671875,,overture:Rua Alvaro Albuquerque:-22.83086:-43.40085
Condominio Imperial,landmark_and_historical_building,overture,-22.830293655395508,-43.39853286743164,,overture:Condominio Imperial:-22.83029:-43.39853
Vale do Stucky,landmark_and_historical_building,overture,-22.830080032348633,-43.39949035644531,,overture:Vale do Stucky:-22.83008:-43.39949
Conexão das artes,cultural_center,overture,-22.830381393432617,-43.39488983154297,,overture:Conexão das artes:-22.83038:-43.39489
Arena Cultural Fernando Torres,topic_concert_venue,overture,-22.831148147583008,-43.383872985839844,,overture:Arena Cultural Fernando Torres:-22.83115:-43.38387
Cdm Residencial Campo Real,landmark_and_historical_building,overture,-22.829980850219727,-43.38972091674805,,overture:Cdm Residencial Campo Real:-22.82998:-43.38972
Rua Sandra Freitas,landmark_and_historical_building,overture,-22.825763702392578,-43.38764953613281,,overture:Rua Sandra Freitas:-22.82576:-43.38765
Associação de moradores Village Pavuna,landmark_and_historical_building,overture,-22.821443557739258,-43.37910079956055,,overture:Associação de moradores Village Pavuna:-22.82144:-43.37910
Nova.York,topic_concert_venue,overture,-22.82170295715332,-43.37710189819336,,overture:Nova.York:-22.82170:-43.37710
Espaço carol miranda,topic_concert_venue,overture,-22.81981086730957,-43.37774658203125,,overture:Espaço carol miranda:-22.81981:-43.37775
Salão de Festas e Eventos L&R,topic_concert_venue,overture,-22.83409309387207,-43.382713317871094,,overture:Salão de Festas e Eventos L&R:-22.83409:-43.38271
Oásis Residencial,landmark_and_historical_building,overture,-22.760150909423828,-43.46607971191406,,overture:Oásis Residencial:-22.76015:-43.46608
Condomínio Vivendas Blauvi,landmark_and_historical_building,overture,-22.760950088500977,-43.46678161621094,,overture:Condomínio Vivendas Blauvi:-22.76095:-43.46678
Arraiá D'Ajuda,topic_concert_venue,overture,-22.762422561645508,-43.465267181396484,,overture:Arraiá D'Ajuda:-22.76242:-43.46527
Condomínio Guignard,landmark_and_historical_building,overture,-22.75887680053711,-43.46287536621094,,overture:Condomínio Guignard:-22.75888:-43.46288
Condomínio Antonio Vieira,landmark_and_historical_building,overture,-22.75975799560547,-43.46250915527344,,overture:Condomínio Antonio Vieira:-22.75976:-43.46251
Núcleo IDEA,topic_concert_venue,overture,-22.761240005493164,-43.45827102661133,,overture:Núcleo IDEA:-22.76124:-43.45827
Edifício Salvador Dalí,landmark_and_historical_building,overture,-22.76020622253418,-43.45781707763672,,overture:Edifício Salvador Dalí:-22.76021:-43.45782
Condominio Residencial Okena,landmark_and_historical_building,overture,-22.760488510131836,-43.45677947998047,,overture:Condominio Residencial Okena:-22.76049:-43.45678
Ilha Terceira,landmark_and_historical_building,overture,-22.761016845703125,-43.4567985534668,,overture:Ilha Terceira:-22.76102:-43.45680
Stand Jardins Nova Iguaçu,landmark_and_historical_building,overture,-22.758405685424805,-43.45808029174805,,overture:Stand Jardins Nova Iguaçu:-22.75841:-43.45808
Ed. Chinguar,landmark_and_historical_building,overture,-22.757295608520508,-43.4596061706543,,overture:Ed. Chinguar:-22.75730:-43.45961
Spazio Mário Guimarães,landmark_and_historical_building,overture,-22.757946014404297,-43.4600944519043,,overture:Spazio Mário Guimarães:-22.75795:-43.46009
Condomínio ROSSI Exclusivo,landmark_and_historical_building,overture,-22.759265899658203,-43.45991134643555,,overture:Condomínio ROSSI Exclusivo:-22.75927:-43.45991
Edificio Guignard,landmark_and_historical_building,overture,-22.75927734375,-43.459022521972656,,overture:Edificio Guignard:-22.75928:-43.45902
Ed. Conquest,landmark_and_historical_building,overture,-22.759193420410156,-43.45874786376953,,overture:Ed. Conquest:-22.75919:-43.45875
Lar de David Farias,landmark_and_historical_building,overture,-22.761335372924805,-43.45888900756836,,overture:Lar de David Farias:-22.76134:-43.45889
Condomínio Residencial Spazio Mário Guimarães,landmark_and_historical_building,overture,-22.75813102722168,-43.46012878417969,,overture:Condomínio Residencial Spazio Mário Guimarães:-22.75813:-43.46013
Condomínio do Edifício Profissões Liberais,landmark_and_historical_building,overture,-22.755828857421875,-43.45832443237305,,overture:Condomínio do Edifício Profissões Liberais:-22.75583:-43.45832
Pombal De Santa Eugênia,landmark_and_historical_building,overture,-22.750810623168945,-43.457115173339844,,overture:Pombal De Santa Eugênia:-22.75081:-43.45712
Cupim City .,landmark_and_historical_building,overture,-22.753400802612305,-43.462589263916016,,overture:Cupim City .:-22.75340:-43.46259
Studio Impactor,topic_concert_venue,overture,-22.75550079345703,-43.46372604370117,,overture:Studio Impactor:-22.75550:-43.46373
Espaço Verde km 39,topic_concert_venue,overture,-22.75145149230957,-43.465999603271484,,overture:Espaço Verde km 39:-22.75145:-43.46600
Estúdio Refúgio,topic_concert_venue,overture,-22.753076553344727,-43.46609878540039,,overture:Estúdio Refúgio:-22.75308:-43.46610
Pombal do ibc,landmark_and_historical_building,overture,-22.750301361083984,-43.444129943847656,,overture:Pombal do ibc:-22.75030:-43.44413
Centro De Krav Maga De Nova Iguaçu,topic_concert_venue,overture,-22.750823974609375,-43.447731018066406,,overture:Centro De Krav Maga De Nova Iguaçu:-22.75082:-43.44773
Edifício Solar Pinhoville,landmark_and_historical_building,overture,-22.754175186157227,-43.447208404541016,,overture:Edifício Solar Pinhoville:-22.75418:-43.44721
Up Nova Iguaçu,landmark_and_historical_building,overture,-22.756549835205078,-43.448265075683594,,overture:Up Nova Iguaçu:-22.75655:-43.44827
Cond. Residencial Americana,landmark_and_historical_building,overture,-22.75356674194336,-43.449623107910156,,overture:Cond. Residencial Americana:-22.75357:-43.44962
Condominio Parc Des Prince,landmark_and_historical_building,overture,-22.749980926513672,-43.45516586303711,,overture:Condominio Parc Des Prince:-22.74998:-43.45517
Condominio Terra Firme,landmark_and_historical_building,overture,-22.751415252685547,-43.453975677490234,,overture:Condominio Terra Firme:-22.75142:-43.45398
Corretor Alex Dantas CAC,landmark_and_historical_building,overture,-22.751543045043945,-43.4553108215332,,overture:Corretor Alex Dantas CAC:-22.75154:-43.45531
Condomínio Palazzo Ducale,landmark_and_historical_building,overture,-22.754976272583008,-43.45307922363281,,overture:Condomínio Palazzo Ducale:-22.75498:-43.45308
Rádio Solimões Ltda,topic_concert_venue,overture,-22.753934860229492,-43.44996643066406,,overture:Rádio Solimões Ltda:-22.75393:-43.44997
Ed. Mário Scapin,landmark_and_historical_building,overture,-22.75830841064453,-43.450225830078125,,overture:Ed. Mário Scapin:-22.75831:-43.45023
Teatro Sylvio Monteiro,cultural_center,overture,-22.761301040649414,-43.450294494628906,,overture:Teatro Sylvio Monteiro:-22.76130:-43.45029
Espaço Cultural Sylvio Monteiro,cultural_center,overture,-22.761301040649414,-43.450294494628906,,overture:Espaço Cultural Sylvio Monteiro:-22.76130:-43.45029
Casa de Cultura de Nova Iguaçu,cultural_center,overture,-22.761377334594727,-43.45033264160156,,overture:Casa de Cultura de Nova Iguaçu:-22.76138:-43.45033
Espaço Fashion Salão de Festas,topic_concert_venue,overture,-22.759950637817383,-43.451133728027344,,overture:Espaço Fashion Salão de Festas:-22.75995:-43.45113
Ed Fidalgo/ Ed Las Palmas,landmark_and_historical_building,overture,-22.761301040649414,-43.451385498046875,,overture:Ed Fidalgo/ Ed Las Palmas:-22.76130:-43.45139
Espaço Cultural Nova Iguaçu,topic_concert_venue,overture,-22.761953353881836,-43.45166778564453,,overture:Espaço Cultural Nova Iguaçu:-22.76195:-43.45167
Edifício São Francisco de Assis,landmark_and_historical_building,overture,-22.75959587097168,-43.451927185058594,,overture:Edifício São Francisco de Assis:-22.75960:-43.45193
"Capela Dos Escravos, Miguel Pereira",monument,overture,-22.758882522583008,-43.453182220458984,,"overture:Capela Dos Escravos, Miguel Pereira:-22.75888:-43.45318"
Condomínio Leblon Ipanema,landmark_and_historical_building,overture,-22.75900650024414,-43.45545959472656,,overture:Condomínio Leblon Ipanema:-22.75901:-43.45546
Conceito Residencial,landmark_and_historical_building,overture,-22.75916290283203,-43.45428466796875,,overture:Conceito Residencial:-22.75916:-43.45428
Formigário Estúdio,topic_concert_venue,overture,-22.76059341430664,-43.45463943481445,,overture:Formigário Estúdio:-22.76059:-43.45464
Residencial Ibiza,landmark_and_historical_building,overture,-22.760028839111328,-43.45509719848633,,overture:Residencial Ibiza:-22.76003:-43.45510
Residencial Juan Miró,landmark_and_historical_building,overture,-22.759912490844727,-43.45530700683594,,overture:Residencial Juan Miró:-22.75991:-43.45531
Condominio do Edificio Joia D'Ouro de Nova Iguacu,landmark_and_historical_building,overture,-22.759811401367188,-43.45529556274414,,overture:Condominio do Edificio Joia D'Ouro de Nova Iguacu:-22.75981:-43.45530
Condominio Springs Resort,landmark_and_historical_building,overture,-22.761377334594727,-43.4553337097168,,overture:Condominio Springs Resort:-22.76138:-43.45533
Prime Residences Platinum,landmark_and_historical_building,overture,-22.762601852416992,-43.4549674987793,,overture:Prime Residences Platinum:-22.76260:-43.45497
Condomínio do Edifício Vieira Souto,landmark_and_historical_building,overture,-22.760704040527344,-43.453548431396484,,overture:Condomínio do Edifício Vieira Souto:-22.76070:-43.45355
Edifício Cristina,landmark_and_historical_building,overture,-22.760784149169922,-43.453121185302734,,overture:Edifício Cristina:-22.76078:-43.45312
Condomínio Residencial Ilha Bela,landmark_and_historical_building,overture,-22.760637283325195,-43.453243255615234,,overture:Condomínio Residencial Ilha Bela:-22.76064:-43.45324
AquaMarina,landmark_and_historical_building,overture,-22.760581970214844,-43.4533576965332,,overture:AquaMarina:-22.76058:-43.45336
Condomínio Residencial Campello,landmark_and_historical_building,overture,-22.760515213012695,-43.452903747558594,,overture:Condomínio Residencial Campello:-22.76052:-43.45290
Condomínio Residencial Flores,landmark_and_historical_building,overture,-22.760637283325195,-43.45305633544922,,overture:Condomínio Residencial Flores:-22.76064:-43.45306
Jardins Residence,landmark_and_historical_building,overture,-22.762853622436523,-43.45380401611328,,overture:Jardins Residence:-22.76285:-43.45380
Condominio Residencial Pajucara,landmark_and_historical_building,overture,-22.763166427612305,-43.44694900512695,,overture:Condominio Residencial Pajucara:-22.76317:-43.44695
Residencial Cabrália,landmark_and_historical_building,overture,-22.762962341308594,-43.44876480102539,,overture:Residencial Cabrália:-22.76296:-43.44876
Condomínio Fernando Pessoa,landmark_and_historical_building,overture,-22.762929916381836,-43.44890213012695,,overture:Condomínio Fernando Pessoa:-22.76293:-43.44890
Residências da Floresta,landmark_and_historical_building,overture,-22.763721466064453,-43.44874572753906,,overture:Residências da Floresta:-22.76372:-43.44875
Residências Castel del Monte,landmark_and_historical_building,overture,-22.76348114013672,-43.449520111083984,,overture:Residências Castel del Monte:-22.76348:-43.44952
JC Imóveis RJ,landmark_and_historical_building,overture,-22.757272720336914,-43.44892120361328,,overture:JC Imóveis RJ:-22.75727:-43.44892
Edificio Pinhotiba,landmark_and_historical_building,overture,-22.758359909057617,-43.44860076904297,,overture:Edificio Pinhotiba:-22.75836:-43.44860
Condominio Residencial Granado I,landmark_and_historical_building,overture,-22.76233673095703,-43.44759750366211,,overture:Condominio Residencial Granado I:-22.76234:-43.44760
Sala de Espetáculos Amir Haddad,cultural_center,overture,-22.76279067993164,-43.444087982177734,,overture:Sala de Espetáculos Amir Haddad:-22.76279:-43.44409
Condomínio do Edifício Solar da Huíla,landmark_and_historical_building,overture,-22.764156341552734,-43.44459915161133,,overture:Condomínio do Edifício Solar da Huíla:-22.76416:-43.44460
Condomínio Vivendas do Barão,landmark_and_historical_building,overture,-22.767040252685547,-43.4399528503418,,overture:Condomínio Vivendas do Barão:-22.76704:-43.43995
Salao de Festas,topic_concert_venue,overture,-22.763769149780273,-43.43834686279297,,overture:Salao de Festas:-22.76377:-43.43835
Patronato Festas e Eventos,topic_concert_venue,overture,-22.76363182067871,-43.439388275146484,,overture:Patronato Festas e Eventos:-22.76363:-43.43939
Silvana nunes,topic_concert_venue,overture,-22.764148712158203,-43.440643310546875,,overture:Silvana nunes:-22.76415:-43.44064
Baixada Fluminense,landmark_and_historical_building,overture,-22.759458541870117,-43.442596435546875,,overture:Baixada Fluminense:-22.75946:-43.44260
Espaço Cultural Villelarte,cultural_center,overture,-22.753751754760742,-43.44234848022461,,overture:Espaço Cultural Villelarte:-22.75375:-43.44235
Condomínio Neo Residencial Nova Iguaçu,landmark_and_historical_building,overture,-22.746179580688477,-43.44167709350586,,overture:Condomínio Neo Residencial Nova Iguaçu:-22.74618:-43.44168
Sublime Residencial,landmark_and_historical_building,overture,-22.748254776000977,-43.43922805786133,,overture:Sublime Residencial:-22.74825:-43.43923
Condomínio Rancho Novo,landmark_and_historical_building,overture,-22.75298309326172,-43.43907165527344,,overture:Condomínio Rancho Novo:-22.75298:-43.43907
Carolina,landmark_and_historical_building,overture,-22.749298095703125,-43.433746337890625,,overture:Carolina:-22.74930:-43.43375
Califórnia Casa de Festas,topic_concert_venue,overture,-22.756484985351562,-43.43347930908203,,overture:Califórnia Casa de Festas:-22.75648:-43.43348
Condomínio Emília 63,landmark_and_historical_building,overture,-22.76077651977539,-43.43440628051758,,overture:Condomínio Emília 63:-22.76078:-43.43441
Shelter Eventos - Casa de Festas,topic_concert_venue,overture,-22.75712776184082,-43.435752868652344,,overture:Shelter Eventos - Casa de Festas:-22.75713:-43.43575
Condominio Lidia Mauricio,landmark_and_historical_building,overture,-22.76692008972168,-43.43671798706055,,overture:Condominio Lidia Mauricio:-22.76692:-43.43672
Salão de Festas Espaço Fenix,topic_concert_venue,overture,-22.763296127319336,-43.43307113647461,,overture:Salão de Festas Espaço Fenix:-22.76330:-43.43307
California Sunshine,topic_concert_venue,overture,-22.759233474731445,-43.43165588378906,,overture:California Sunshine:-22.75923:-43.43166
Laguna Residence,landmark_and_historical_building,overture,-22.758893966674805,-43.43143844604492,,overture:Laguna Residence:-22.75889:-43.43144
Casa do Oleiro,landmark_and_historical_building,overture,-22.762134552001953,-43.42940139770508,,overture:Casa do Oleiro:-22.76213:-43.42940
paz de gandhi,landmark_and_historical_building,overture,-22.76870346069336,-43.42829895019531,,overture:paz de gandhi:-22.76870:-43.42830
Estação alegria - Agora é festa,topic_concert_venue,overture,-22.764991760253906,-43.42256164550781,,overture:Estação alegria - Agora é festa:-22.76499:-43.42256
Conceito California,landmark_and_historical_building,overture,-22.761140823364258,-43.425750732421875,,overture:Conceito California:-22.76114:-43.42575
Espaço Mary Lu Festas,topic_concert_venue,overture,-22.753360748291016,-43.42427062988281,,overture:Espaço Mary Lu Festas:-22.75336:-43.42427
Condomínio Village da flores,landmark_and_historical_building,overture,-22.75535011291504,-43.422874450683594,,overture:Condomínio Village da flores:-22.75535:-43.42287
Moradas Santa Clara,landmark_and_historical_building,overture,-22.75130844116211,-43.42268371582031,,overture:Moradas Santa Clara:-22.75131:-43.42268
Residencial Itália,landmark_and_historical_building,overture,-22.75275421142578,-43.43165969848633,,overture:Residencial Itália:-22.75275:-43.43166
Dream Realm,topic_concert_venue,overture,-22.749752044677734,-43.40998458862305,,overture:Dream Realm:-22.74975:-43.40998
Barra Azul - Casa de Festas,topic_concert_venue,overture,-22.754310607910156,-43.4099006652832,,overture:Barra Azul - Casa de Festas:-22.75431:-43.40990
"Posto 13, Prata, Nova Iguaçu",landmark_and_historical_building,overture,-22.760303497314453,-43.41536331176758,,"overture:Posto 13, Prata, Nova Iguaçu:-22.76030:-43.41536"
Condominio Ideal Residencial,landmark_and_historical_building,overture,-22.760208129882812,-43.415279388427734,,overture:Condominio Ideal Residencial:-22.76021:-43.41528
Da Prata,landmark_and_historical_building,overture,-22.761125564575195,-43.419166564941406,,overture:Da Prata:-22.76113:-43.41917
Condomínio Bosque das Águas,landmark_and_historical_building,overture,-22.76079750061035,-43.41922378540039,,overture:Condomínio Bosque das Águas:-22.76080:-43.41922
Condomínio Único Nova Iguaçu,landmark_and_historical_building,overture,-22.761165618896484,-43.41934585571289,,overture:Condomínio Único Nova Iguaçu:-22.76117:-43.41935
Cury Nova Iguaçu,landmark_and_historical_building,overture,-22.761070251464844,-43.419647216796875,,overture:Cury Nova Iguaçu:-22.76107:-43.41965
Condomínio Sanra Clara,landmark_and_historical_building,overture,-22.765806198120117,-43.41836166381836,,overture:Condomínio Sanra Clara:-22.76581:-43.41836
Pombal Da Prata,landmark_and_historical_building,overture,-22.76302719116211,-43.41161346435547,,overture:Pombal Da Prata:-22.76303:-43.41161
Salão de Festas Vitória,topic_concert_venue,overture,-22.765783309936523,-43.410743713378906,,overture:Salão de Festas Vitória:-22.76578:-43.41074
Arco-irís Festas e decoração,topic_concert_venue,overture,-22.7589054107666,-43.4036865234375,,overture:Arco-irís Festas e decoração:-22.75891:-43.40369
Santo Antônio da Prata,landmark_and_historical_building,overture,-22.760112762451172,-43.40804672241211,,overture:Santo Antônio da Prata:-22.76011:-43.40805
Arena Braço Forte,topic_concert_venue,overture,-22.758195877075195,-43.407039642333984,,overture:Arena Braço Forte:-22.75820:-43.40704
Hidro Brasil - HB,topic_concert_venue,overture,-22.75666618347168,-43.40747833251953,,overture:Hidro Brasil - HB:-22.75667:-43.40748
Condomínio Residencial Doce Lar Conquista,landmark_and_historical_building,overture,-22.75521469116211,-43.406005859375,,overture:Condomínio Residencial Doce Lar Conquista:-22.75521:-43.40601
Centro Cultural Donana,cultural_center,overture,-22.746814727783203,-43.406864166259766,,overture:Centro Cultural Donana:-22.74681:-43.40686
Loteamento Belford Roxo,landmark_and_historical_building,overture,-22.755273818969727,-43.399810791015625,,overture:Loteamento Belford Roxo:-22.75527:-43.39981
Condomínio San Marino,landmark_and_historical_building,overture,-22.760433197021484,-43.39740753173828,,overture:Condomínio San Marino:-22.76043:-43.39741
Condomínio San Carlo,landmark_and_historical_building,overture,-22.761497497558594,-43.39699172973633,,overture:Condomínio San Carlo:-22.76150:-43.39699
Condo San Francesco,landmark_and_historical_building,overture,-22.762409210205078,-43.396942138671875,,overture:Condo San Francesco:-22.76241:-43.39694
Edifício Solar das Mangueiras,landmark_and_historical_building,overture,-22.758371353149414,-43.40165710449219,,overture:Edifício Solar das Mangueiras:-22.75837:-43.40166
Condomínio Lê Brejê,landmark_and_historical_building,overture,-22.760963439941406,-43.402015686035156,,overture:Condomínio Lê Brejê:-22.76096:-43.40202
Condominio Residencial Golden Green,landmark_and_historical_building,overture,-22.759445190429688,-43.39193344116211,,overture:Condominio Residencial Golden Green:-22.75945:-43.39193
Condomínio Residencial Botafogo,landmark_and_historical_building,overture,-22.75797462463379,-43.391109466552734,,overture:Condomínio Residencial Botafogo:-22.75797:-43.39111
Resenhô festas e eventos,topic_concert_venue,overture,-22.76799774169922,-43.38583755493164,,overture:Resenhô festas e eventos:-22.76800:-43.38584
Condomínio Viva Vida Alegria,landmark_and_historical_building,overture,-22.755468368530273,-43.39000701904297,,overture:Condomínio Viva Vida Alegria:-22.75547:-43.39001
Condominio Viva Vida Belford Roxo,landmark_and_historical_building,overture,-22.754718780517578,-43.39018630981445,,overture:Condominio Viva Vida Belford Roxo:-22.75472:-43.39019
Salão Victória's Festas,topic_concert_venue,overture,-22.74799346923828,-43.38621139526367,,overture:Salão Victória's Festas:-22.74799:-43.38621
Opção Festa,topic_concert_venue,overture,-22.74998664855957,-43.391197204589844,,overture:Opção Festa:-22.74999:-43.39120
Condomínio Morada Dos Corsários,landmark_and_historical_building,overture,-22.74919319152832,-43.396602630615234,,overture:Condomínio Morada Dos Corsários:-22.74919:-43.39660
Cross Arena Nova Piam,topic_concert_venue,overture,-22.746570587158203,-43.3964729309082,,overture:Cross Arena Nova Piam:-22.74657:-43.39647
Condominio Primavera de Belford Roxo,landmark_and_historical_building,overture,-22.758281707763672,-43.380855560302734,,overture:Condominio Primavera de Belford Roxo:-22.75828:-43.38086
Residencial Primavera,landmark_and_historical_building,overture,-22.757347106933594,-43.38161087036133,,overture:Residencial Primavera:-22.75735:-43.38161
Condomínio Terra Nova,landmark_and_historical_building,overture,-22.759485244750977,-43.381980895996094,,overture:Condomínio Terra Nova:-22.75949:-43.38198
Hellas - Casa de Festas,topic_concert_venue,overture,-22.76693344116211,-43.37398147583008,,overture:Hellas - Casa de Festas:-22.76693:-43.37398
Salão de Festa Mix,topic_concert_venue,overture,-22.835649490356445,-43.351318359375,,overture:Salão de Festa Mix:-22.83565:-43.35132
Jambalaya Resort Beach,landmark_and_historical_building,overture,-22.831697463989258,-43.3502311706543,,overture:Jambalaya Resort Beach:-22.83170:-43.35023
Espaço de Festa Tinildex,topic_concert_venue,overture,-22.832500457763672,-43.365745544433594,,overture:Espaço de Festa Tinildex:-22.83250:-43.36575
Conjunto Residencial Haroldo de Andrade,landmark_and_historical_building,overture,-22.83213996887207,-43.36760330200195,,overture:Conjunto Residencial Haroldo de Andrade:-22.83214:-43.36760
Condomínio Camboatá,landmark_and_historical_building,overture,-22.82979393005371,-43.3719367980957,,overture:Condomínio Camboatá:-22.82979:-43.37194
Conjunto Residencial Parque Nova Cidade,landmark_and_historical_building,overture,-22.824893951416016,-43.356563568115234,,overture:Conjunto Residencial Parque Nova Cidade:-22.82489:-43.35656
Conjunto Habitacional Prefeito Sá lessa,landmark_and_historical_building,overture,-22.825178146362305,-43.35614776611328,,overture:Conjunto Habitacional Prefeito Sá lessa:-22.82518:-43.35615
Centro Cultural Phabrika de Arthes,cultural_center,overture,-22.826168060302734,-43.353633880615234,,overture:Centro Cultural Phabrika de Arthes:-22.82617:-43.35363
Pagode Do Trabalhador,topic_concert_venue,overture,-22.824209213256836,-43.34547805786133,,overture:Pagode Do Trabalhador:-22.82421:-43.34548
Amarelinho,landmark_and_historical_building,overture,-22.82423210144043,-43.33831787109375,,overture:Amarelinho:-22.82423:-43.33832
Faveleira,topic_concert_venue,overture,-22.825796127319336,-43.34199905395508,,overture:Faveleira:-22.82580:-43.34200
Largo Grimmauld n12,landmark_and_historical_building,overture,-22.82691764831543,-43.33213424682617,,overture:Largo Grimmauld n12:-22.82692:-43.33213
Campão Irajá,landmark_and_historical_building,overture,-22.82538414001465,-43.32784652709961,,overture:Campão Irajá:-22.82538:-43.32785
Condominio Parque Novo Iraja III,landmark_and_historical_building,overture,-22.82404327392578,-43.329463958740234,,overture:Condominio Parque Novo Iraja III:-22.82404:-43.32946
Cremtei,landmark_and_historical_building,overture,-22.824060440063477,-43.32884216308594,,overture:Cremtei:-22.82406:-43.32884
Residencial Nova Norte Raízes,landmark_and_historical_building,overture,-22.825170516967773,-43.32541275024414,,overture:Residencial Nova Norte Raízes:-22.82517:-43.32541
Condominio do Conjunto Residencial Iraja,landmark_and_historical_building,overture,-22.826513290405273,-43.327125549316406,,overture:Condominio do Conjunto Residencial Iraja:-22.82651:-43.32713
Condomínio Villagio de Irajá,landmark_and_historical_building,overture,-22.82828140258789,-43.32595443725586,,overture:Condomínio Villagio de Irajá:-22.82828:-43.32595
IRAJA,topic_concert_venue,overture,-22.828706741333008,-43.331634521484375,,overture:IRAJA:-22.82871:-43.33163
Condominio Residencial Rego Corumba,landmark_and_historical_building,overture,-22.82969856262207,-43.3313102722168,,overture:Condominio Residencial Rego Corumba:-22.82970:-43.33131
Condomínio João Machado Forte,landmark_and_historical_building,overture,-22.82982063293457,-43.32893753051758,,overture:Condomínio João Machado Forte:-22.82982:-43.32894
Condominio Juriti,landmark_and_historical_building,overture,-22.829402923583984,-43.328857421875,,overture:Condominio Juriti:-22.82940:-43.32886
LCV Terraço para festas e reuniões,topic_concert_venue,overture,-22.828800201416016,-43.32829666137695,,overture:LCV Terraço para festas e reuniões:-22.82880:-43.32830
CCSP Cardeal Orani Tempesta,cultural_center,overture,-22.830881118774414,-43.32612228393555,,overture:CCSP Cardeal Orani Tempesta:-22.83088:-43.32612
Iraja 1158,landmark_and_historical_building,overture,-22.832069396972656,-43.32780456542969,,overture:Iraja 1158:-22.83207:-43.32780
Condominio do Conjunto Residencial Cardeal Camara,landmark_and_historical_building,overture,-22.832021713256836,-43.32829284667969,,overture:Condominio do Conjunto Residencial Cardeal Camara:-22.83202:-43.32829
FESTLIP,topic_concert_venue,overture,-22.832134246826172,-43.344261169433594,,overture:FESTLIP:-22.83213:-43.34426
Instituto Souza Gomes,cultural_center,overture,-22.831993103027344,-43.34796142578125,,overture:Instituto Souza Gomes:-22.83199:-43.34796
Condomínio do Russão,landmark_and_historical_building,overture,-22.832347869873047,-43.34785842895508,,overture:Condomínio do Russão:-22.83235:-43.34786
Condomínio Vila Nova,landmark_and_historical_building,overture,-22.833724975585938,-43.34376907348633,,overture:Condomínio Vila Nova:-22.83372:-43.34377
Salão de Festa Oficina,topic_concert_venue,overture,-22.8344669342041,-43.34669876098633,,overture:Salão de Festa Oficina:-22.83447:-43.34670
Espaço Gileade,topic_concert_venue,overture,-22.83547019958496,-43.341373443603516,,overture:Espaço Gileade:-22.83547:-43.34137
Vitale Flow,landmark_and_historical_building,overture,-22.833879470825195,-43.3271484375,,overture:Vitale Flow:-22.83388:-43.32715
Irajá (Rio de Janeiro),landmark_and_historical_building,overture,-22.834447860717773,-43.32722854614258,,overture:Irajá (Rio de Janeiro):-22.83445:-43.32723
Condomínio União,landmark_and_historical_building,overture,-22.834936141967773,-43.327091217041016,,overture:Condomínio União:-22.83494:-43.32709
Condomínio João Emidio,landmark_and_historical_building,overture,-22.83563232421875,-43.31216049194336,,overture:Condomínio João Emidio:-22.83563:-43.31216
"Fortaleza De Sao João, Urca",landmark_and_historical_building,overture,-22.833791732788086,-43.314659118652344,,"overture:Fortaleza De Sao João, Urca:-22.83379:-43.31466"
Espaço Cultural Debby Maia,cultural_center,overture,-22.833749771118164,-43.317718505859375,,overture:Espaço Cultural Debby Maia:-22.83375:-43.31772
Condominio do Edificio Armon,landmark_and_historical_building,overture,-22.832799911499023,-43.318572998046875,,overture:Condominio do Edificio Armon:-22.83280:-43.31857
Praça Jardim Vista Alegre,landmark_and_historical_building,overture,-22.831085205078125,-43.313812255859375,,overture:Praça Jardim Vista Alegre:-22.83109:-43.31381
Areninha Cultural Joao Bosco de Vista Alegre,cultural_center,overture,-22.83230209350586,-43.31244659423828,,overture:Areninha Cultural Joao Bosco de Vista Alegre:-22.83230:-43.31245
Rua cabo herculano,landmark_and_historical_building,overture,-22.8331298828125,-43.30785369873047,,overture:Rua cabo herculano:-22.83313:-43.30785
Condomínio do Edifício Filandia IV,landmark_and_historical_building,overture,-22.833158493041992,-43.3083610534668,,overture:Condomínio do Edifício Filandia IV:-22.83316:-43.30836
lar doce lar,landmark_and_historical_building,overture,-22.835529327392578,-43.30170822143555,,overture:lar doce lar:-22.83553:-43.30171
Travessa Pastor Francisco Soren,landmark_and_historical_building,overture,-22.834667205810547,-43.29758071899414,,overture:Travessa Pastor Francisco Soren:-22.83467:-43.29758
Rosário Fusco,landmark_and_historical_building,overture,-22.83444595336914,-43.28805923461914,,overture:Rosário Fusco:-22.83445:-43.28806
EuroShow,topic_concert_venue,overture,-22.83530044555664,-43.28898620605469,,overture:EuroShow:-22.83530:-43.28899
Pau Grande,landmark_and_historical_building,overture,-22.835691452026367,-43.285125732421875,,overture:Pau Grande:-22.83569:-43.28513
Mirante da bt,landmark_and_historical_building,overture,-22.83555793762207,-43.28727722167969,,overture:Mirante da bt:-22.83556:-43.28728
Victória Casa De festas,topic_concert_venue,overture,-22.835594177246094,-43.27974319458008,,overture:Victória Casa De festas:-22.83559:-43.27974
Espaço Cultural Aslucianas,cultural_center,overture,-22.831634521484375,-43.27876663208008,,overture:Espaço Cultural Aslucianas:-22.83163:-43.27877
Praça do Eucalipto,landmark_and_historical_building,overture,-22.828453063964844,-43.286006927490234,,overture:Praça do Eucalipto:-22.82845:-43.28601
Mac - Niterói Contemporary Art Museum,art_museum,overture,-22.8283634185791,-43.28694152832031,,overture:Mac - Niterói Contemporary Art Museum:-22.82836:-43.28694
Praça do Country,landmark_and_historical_building,overture,-22.82648277282715,-43.28629684448242,,overture:Praça do Country:-22.82648:-43.28630
Condominio do Edificio Felipe - Brás de Pina,landmark_and_historical_building,overture,-22.82550048828125,-43.28219985961914,,overture:Condominio do Edificio Felipe - Brás de Pina:-22.82550:-43.28220
Planeta Infantil,topic_concert_venue,overture,-22.826736450195312,-43.275638580322266,,overture:Planeta Infantil:-22.82674:-43.27564
Condomínio 8 de Novembro,landmark_and_historical_building,overture,-22.82510757446289,-43.29494094848633,,overture:Condomínio 8 de Novembro:-22.82511:-43.29494
CASARTI Casa do Artista Independente,cultural_center,overture,-22.826129913330078,-43.31207275390625,,overture:CASARTI Casa do Artista Independente:-22.82613:-43.31207
Salão Karapa Festa,topic_concert_venue,overture,-22.826313018798828,-43.310726165771484,,overture:Salão Karapa Festa:-22.82631:-43.31073
Salão Castelo das Festas,topic_concert_venue,overture,-22.827423095703125,-43.302833557128906,,overture:Salão Castelo das Festas:-22.82742:-43.30283
Condomínio Residencial Milennium,landmark_and_historical_building,overture,-22.829483032226562,-43.30061340332031,,overture:Condomínio Residencial Milennium:-22.82948:-43.30061
Condomínio Morada do Sol,landmark_and_historical_building,overture,-22.82946014404297,-43.302242279052734,,overture:Condomínio Morada do Sol:-22.82946:-43.30224
Museu da Geodiversidade Ufrj,museum,overture,-22.828550338745117,-43.3173713684082,,overture:Museu da Geodiversidade Ufrj:-22.82855:-43.31737
Segunda Sem Lei,topic_concert_venue,overture,-22.829803466796875,-43.3193359375,,overture:Segunda Sem Lei:-22.82980:-43.31934
Dez Zona Norte,landmark_and_historical_building,overture,-22.82969856262207,-43.32246780395508,,overture:Dez Zona Norte:-22.82970:-43.32247
Rua citeria Irajá rj,landmark_and_historical_building,overture,-22.828569412231445,-43.3243408203125,,overture:Rua citeria Irajá rj:-22.82857:-43.32434
Condomínio Bons Ventos,landmark_and_historical_building,overture,-22.828109741210938,-43.32421875,,overture:Condomínio Bons Ventos:-22.82811:-43.32422
Condominio Solar Vista Alegre,landmark_and_historical_building,overture,-22.82776641845703,-43.3232536315918,,overture:Condominio Solar Vista Alegre:-22.82777:-43.32325
Casa do Rio,landmark_and_historical_building,overture,-22.82788848876953,-43.322879791259766,,overture:Casa do Rio:-22.82789:-43.32288
Condomínio do Edifício Entrada do Sol,landmark_and_historical_building,overture,-22.8277645111084,-43.32196044921875,,overture:Condomínio do Edifício Entrada do Sol:-22.82776:-43.32196
Luperce Miranda Vista Alegre,landmark_and_historical_building,overture,-22.826719284057617,-43.32290267944336,,overture:Luperce Miranda Vista Alegre:-22.82672:-43.32290
Condomínio Garden Village,landmark_and_historical_building,overture,-22.826068878173828,-43.322967529296875,,overture:Condomínio Garden Village:-22.82607:-43.32297
Condominio do Edificio Lupicinio Rodrigues,landmark_and_historical_building,overture,-22.82552719116211,-43.32366943359375,,overture:Condominio do Edificio Lupicinio Rodrigues:-22.82553:-43.32367
Condominío Beira Alta,landmark_and_historical_building,overture,-22.825607299804688,-43.31540298461914,,overture:Condominío Beira Alta:-22.82561:-43.31540
Imóveis Cury RJ,landmark_and_historical_building,overture,-22.82543182373047,-43.312644958496094,,overture:Imóveis Cury RJ:-22.82543:-43.31264
Condomínio Residencial Dez Zona Norte,landmark_and_historical_building,overture,-22.824214935302734,-43.3167839050293,,overture:Condomínio Residencial Dez Zona Norte:-22.82421:-43.31678
Condomínio Residencial Itapera,landmark_and_historical_building,overture,-22.824636459350586,-43.319942474365234,,overture:Condomínio Residencial Itapera:-22.82464:-43.31994
Rio Sampa - RJ,topic_concert_venue,overture,-22.824180603027344,-43.32194137573242,,overture:Rio Sampa - RJ:-22.82418:-43.32194
Condomínio Dez Irajá,landmark_and_historical_building,overture,-22.8233699798584,-43.3133544921875,,overture:Condomínio Dez Irajá:-22.82337:-43.31335
Condomínio Parque Irajá,landmark_and_historical_building,overture,-22.821428298950195,-43.3214111328125,,overture:Condomínio Parque Irajá:-22.82143:-43.32141
Arena Da Bola,topic_concert_venue,overture,-22.818910598754883,-43.31127166748047,,overture:Arena Da Bola:-22.81891:-43.31127
Condo Retreat of the Roses,landmark_and_historical_building,overture,-22.81869125366211,-43.3045539855957,,overture:Condo Retreat of the Roses:-22.81869:-43.30455
Espaço Mattos,topic_concert_venue,overture,-22.81987190246582,-43.30217361450195,,overture:Espaço Mattos:-22.81987:-43.30217
Fill Equipe,topic_concert_venue,overture,-22.82217025756836,-43.30525588989258,,overture:Fill Equipe:-22.82217:-43.30526
Via Apa 36,topic_concert_venue,overture,-22.82136344909668,-43.31187057495117,,overture:Via Apa 36:-22.82136:-43.31187
Condomi'nio Sesquicentenario,landmark_and_historical_building,overture,-22.82299041748047,-43.30890655517578,,overture:Condomi'nio Sesquicentenario:-22.82299:-43.30891
Residencial Vila Cordovil,landmark_and_historical_building,overture,-22.822797775268555,-43.31004333496094,,overture:Residencial Vila Cordovil:-22.82280:-43.31004
Morro da Eno,landmark_and_historical_building,overture,-22.823598861694336,-43.311378479003906,,overture:Morro da Eno:-22.82360:-43.31138
Casa Feliz Festas,topic_concert_venue,overture,-22.822961807250977,-43.303646087646484,,overture:Casa Feliz Festas:-22.82296:-43.30365
A Casa de Bambas,cultural_center,overture,-22.82243537902832,-43.29426956176758,,overture:A Casa de Bambas:-22.82244:-43.29427
Praça do Coutry - Brás de Pina,landmark_and_historical_building,overture,-22.82366180419922,-43.28691101074219,,overture:Praça do Coutry - Brás de Pina:-22.82366:-43.28691
Rua castelo branco,landmark_and_historical_building,overture,-22.823575973510742,-43.2807731628418,,overture:Rua castelo branco:-22.82358:-43.28077
Cidade Alta,landmark_and_historical_building,overture,-22.819570541381836,-43.29438400268555,,overture:Cidade Alta:-22.81957:-43.29438
Espaço Ebenézer Festas E Eventos,topic_concert_venue,overture,-22.82015609741211,-43.297874450683594,,overture:Espaço Ebenézer Festas E Eventos:-22.82016:-43.29787
Conjunto Residencial Vista Mar,landmark_and_historical_building,overture,-22.816129684448242,-43.292701721191406,,overture:Conjunto Residencial Vista Mar:-22.81613:-43.29270
Condomínio Jambalaia,landmark_and_historical_building,overture,-22.816417694091797,-43.290897369384766,,overture:Condomínio Jambalaia:-22.81642:-43.29090
Rua mar grande,landmark_and_historical_building,overture,-22.81640625,-43.290855407714844,,overture:Rua mar grande:-22.81641:-43.29086
Roda Cultural da C.D.A,cultural_center,overture,-22.817209243774414,-43.29147720336914,,overture:Roda Cultural da C.D.A:-22.81721:-43.29148
Ponta de Irajá,landmark_and_historical_building,overture,-22.816673278808594,-43.2833366394043,,overture:Ponta de Irajá:-22.81667:-43.28334
Condomínio Retiro dos Pinheiros,landmark_and_historical_building,overture,-22.817216873168945,-43.304134368896484,,overture:Condomínio Retiro dos Pinheiros:-22.81722:-43.30413
Retiro da Serra,landmark_and_historical_building,overture,-22.817323684692383,-43.30549621582031,,overture:Retiro da Serra:-22.81732:-43.30550
Espaço Casa da Capoeiragem,cultural_center,overture,-22.81682014465332,-43.31135177612305,,overture:Espaço Casa da Capoeiragem:-22.81682:-43.31135
Condomínio Padre José de Anchieta,landmark_and_historical_building,overture,-22.816917419433594,-43.31361770629883,,overture:Condomínio Padre José de Anchieta:-22.81692:-43.31362
Mansão Marins,landmark_and_historical_building,overture,-22.81729507446289,-43.316959381103516,,overture:Mansão Marins:-22.81730:-43.31696
EspaÇO De Festas Ravi,topic_concert_venue,overture,-22.81353187561035,-43.315826416015625,,overture:EspaÇO De Festas Ravi:-22.81353:-43.31583
Jardim América - RJ,landmark_and_historical_building,overture,-22.813003540039062,-43.32284164428711,,overture:Jardim América - RJ:-22.81300:-43.32284
Condominio Rossi Mais Via Carioca,landmark_and_historical_building,overture,-22.812602996826172,-43.33638000488281,,overture:Condominio Rossi Mais Via Carioca:-22.81260:-43.33638
Espaço Mix - Festas & Eventos,topic_concert_venue,overture,-22.813753128051758,-43.3415412902832,,overture:Espaço Mix - Festas & Eventos:-22.81375:-43.34154
Projeto Semeando,landmark_and_historical_building,overture,-22.81739044189453,-43.3473014831543,,overture:Projeto Semeando:-22.81739:-43.34730
Lapa de Irajá,landmark_and_historical_building,overture,-22.818267822265625,-43.33324432373047,,overture:Lapa de Irajá:-22.81827:-43.33324
rua hanibal porto,landmark_and_historical_building,overture,-22.822860717773438,-43.32451629638672,,overture:rua hanibal porto:-22.82286:-43.32452
Rua João Adil de Oliveira,landmark_and_historical_building,overture,-22.823591232299805,-43.32682418823242,,overture:Rua João Adil de Oliveira:-22.82359:-43.32682
Condomínio Parque Novo Irajá II,landmark_and_historical_building,overture,-22.823680877685547,-43.32793426513672,,overture:Condomínio Parque Novo Irajá II:-22.82368:-43.32793
Conjunto Residencial Âncora,landmark_and_historical_building,overture,-22.82379722595215,-43.32992172241211,,overture:Conjunto Residencial Âncora:-22.82380:-43.32992
Irajá,landmark_and_historical_building,overture,-22.82303810119629,-43.32791519165039,,overture:Irajá:-22.82304:-43.32792
IAPC de Irajá,landmark_and_historical_building,overture,-22.823604583740234,-43.33290481567383,,overture:IAPC de Irajá:-22.82360:-43.33290
Parada 330,topic_concert_venue,overture,-22.821002960205078,-43.33143615722656,,overture:Parada 330:-22.82100:-43.33144
Rua Mercúrio,landmark_and_historical_building,overture,-22.821666717529297,-43.34055709838867,,overture:Rua Mercúrio:-22.82167:-43.34056
Pavuna,landmark_and_historical_building,overture,-22.819225311279297,-43.358680725097656,,overture:Pavuna:-22.81923:-43.35868
Espaço P,topic_concert_venue,overture,-22.823524475097656,-43.34929656982422,,overture:Espaço P:-22.82352:-43.34930
Barreira Do Vasco Complexo Da Pedreira,landmark_and_historical_building,overture,-22.822187423706055,-43.35489273071289,,overture:Barreira Do Vasco Complexo Da Pedreira:-22.82219:-43.35489
Costa barros,landmark_and_historical_building,overture,-22.82122802734375,-43.356197357177734,,overture:Costa barros:-22.82123:-43.35620
Condomínio Residencial Botafogo,landmark_and_historical_building,overture,-22.8215274810791,-43.36521530151367,,overture:Condomínio Residencial Botafogo:-22.82153:-43.36522
Museu do Índio,museum,overture,-22.823619842529297,-43.36301040649414,,overture:Museu do Índio:-22.82362:-43.36301
Residencial Botafogo 1,landmark_and_historical_building,overture,-22.820842742919922,-43.36466979980469,,overture:Residencial Botafogo 1:-22.82084:-43.36467
Casa de Festa Toki-to,topic_concert_venue,overture,-22.819061279296875,-43.36410140991211,,overture:Casa de Festa Toki-to:-22.81906:-43.36410
"Pavuna, Rio de Janeiro",landmark_and_historical_building,overture,-22.815214157104492,-43.37281799316406,,"overture:Pavuna, Rio de Janeiro:-22.81521:-43.37282"
Condomínio Tom Jobim 3,landmark_and_historical_building,overture,-22.81635284423828,-43.36677932739258,,overture:Condomínio Tom Jobim 3:-22.81635:-43.36678
Museu Do Graffiti,art_museum,overture,-22.8173885345459,-43.35755920410156,,overture:Museu Do Graffiti:-22.81739:-43.35756
Alameda colibris,landmark_and_historical_building,overture,-22.816503524780273,-43.353981018066406,,overture:Alameda colibris:-22.81650:-43.35398
"Morro da Conceição (kulle i Brasilien, lat -22,82, long -43,35)",landmark_and_historical_building,overture,-22.815813064575195,-43.353546142578125,,"overture:Morro da Conceição (kulle i Brasilien, lat -22,82, long -43,35):-22.81581:-43.35355"
Condomínio Residencial Pavuna,landmark_and_historical_building,overture,-22.81549644470215,-43.3504753112793,,overture:Condomínio Residencial Pavuna:-22.81550:-43.35048
Dia feliz,topic_concert_venue,overture,-22.814117431640625,-43.35930633544922,,overture:Dia feliz:-22.81412:-43.35931
Complexo do Metrô,topic_concert_venue,overture,-22.812715530395508,-43.360111236572266,,overture:Complexo do Metrô:-22.81272:-43.36011
Pavuna,landmark_and_historical_building,overture,-22.81253433227539,-43.36671829223633,,overture:Pavuna:-22.81253:-43.36672
Condominio Estacao Zona Norte,landmark_and_historical_building,overture,-22.81232261657715,-43.36735534667969,,overture:Condominio Estacao Zona Norte:-22.81232:-43.36736
Estação Zona Norte Londres,landmark_and_historical_building,overture,-22.811904907226562,-43.367435455322266,,overture:Estação Zona Norte Londres:-22.81190:-43.36744
WCA Elétrica,landmark_and_historical_building,overture,-22.81134605407715,-43.364715576171875,,overture:WCA Elétrica:-22.81135:-43.36472
Condomínio Lisboa,landmark_and_historical_building,overture,-22.80996322631836,-43.3661003112793,,overture:Condomínio Lisboa:-22.80996:-43.36610
Condomínio Roma,landmark_and_historical_building,overture,-22.809978485107422,-43.3660888671875,,overture:Condomínio Roma:-22.80998:-43.36609
Centro Cultural Nossa Senhora das Mercês,cultural_center,overture,-22.807893753051758,-43.371089935302734,,overture:Centro Cultural Nossa Senhora das Mercês:-22.80789:-43.37109
Grêmio Recreativo Paratodos,topic_concert_venue,overture,-22.80615997314453,-43.36783981323242,,overture:Grêmio Recreativo Paratodos:-22.80616:-43.36784
Salão Verde,topic_concert_venue,overture,-22.806129455566406,-43.36322021484375,,overture:Salão Verde:-22.80613:-43.36322
Arena Carioca Jovelina Pérola Negra,cultural_center,overture,-22.808841705322266,-43.36194610595703,,overture:Arena Carioca Jovelina Pérola Negra:-22.80884:-43.36195
"Salão de Festas Paraty,  Foto e Filmagem.",topic_concert_venue,overture,-22.80816078186035,-43.36043167114258,,"overture:Salão de Festas Paraty,  Foto e Filmagem.:-22.80816:-43.36043"
Casa de Festas Estrela da Manhã,topic_concert_venue,overture,-22.809070587158203,-43.35811233520508,,overture:Casa de Festas Estrela da Manhã:-22.80907:-43.35811
Viva Vida Zona Norte,landmark_and_historical_building,overture,-22.81182289123535,-43.35501480102539,,overture:Viva Vida Zona Norte:-22.81182:-43.35501
Condominio do Edificio Padre Peroneille,landmark_and_historical_building,overture,-22.811908721923828,-43.328033447265625,,overture:Condominio do Edificio Padre Peroneille:-22.81191:-43.32803
Ape Nay e Lipe,landmark_and_historical_building,overture,-22.810379028320312,-43.32754135131836,,overture:Ape Nay e Lipe:-22.81038:-43.32754
Bronze drika,landmark_and_historical_building,overture,-22.809473037719727,-43.324710845947266,,overture:Bronze drika:-22.80947:-43.32471
"Rio dos Cachorros (vattendrag i Brasilien, Rio de Janeiro, lat -22,80, long -43,33)",landmark_and_historical_building,overture,-22.802440643310547,-43.32672119140625,,"overture:Rio dos Cachorros (vattendrag i Brasilien, Rio de Janeiro, lat -22,80, long -43,33):-22.80244:-43.32672"
Especialista Imobiliário,landmark_and_historical_building,overture,-22.8022518157959,-43.35767364501953,,overture:Especialista Imobiliário:-22.80225:-43.35767
Salão de Festas Oficina da Alegria,topic_concert_venue,overture,-22.805843353271484,-43.360260009765625,,overture:Salão de Festas Oficina da Alegria:-22.80584:-43.36026
Thierre Festas,landmark_and_historical_building,overture,-22.8051700592041,-43.361270904541016,,overture:Thierre Festas:-22.80517:-43.36127
Microlins,cultural_center,overture,-22.805036544799805,-43.36678695678711,,overture:Microlins:-22.80504:-43.36679
Sesc São João de Meriti,topic_concert_venue,overture,-22.803913116455078,-43.36727523803711,,overture:Sesc São João de Meriti:-22.80391:-43.36728
Condominio do Edificio Medical Center Terezinha de Jesus,landmark_and_historical_building,overture,-22.80340576171875,-43.372413635253906,,overture:Condominio do Edificio Medical Center Terezinha de Jesus:-22.80341:-43.37241
Edificio Atina Mirza,landmark_and_historical_building,overture,-22.801679611206055,-43.371517181396484,,overture:Edificio Atina Mirza:-22.80168:-43.37152
D' Vives - Festa e evento,topic_concert_venue,overture,-22.801626205444336,-43.36514663696289,,overture:D' Vives - Festa e evento:-22.80163:-43.36515
Via Show,topic_concert_venue,overture,-22.79845428466797,-43.355220794677734,,overture:Via Show:-22.79845:-43.35522
Prologis Dutra RJ I,landmark_and_historical_building,overture,-22.79901695251465,-43.34902572631836,,overture:Prologis Dutra RJ I:-22.79902:-43.34903
Estrela da Manhã,topic_concert_venue,overture,-22.797388076782227,-43.358646392822266,,overture:Estrela da Manhã:-22.79739:-43.35865
Residencial Spring Park,landmark_and_historical_building,overture,-22.7940616607666,-43.35177230834961,,overture:Residencial Spring Park:-22.79406:-43.35177
Reallity,topic_concert_venue,overture,-22.792306900024414,-43.36505126953125,,overture:Reallity:-22.79231:-43.36505
Venda velha,landmark_and_historical_building,overture,-22.788278579711914,-43.351192474365234,,overture:Venda velha:-22.78828:-43.35119
Condomínio Venda Velha 1,landmark_and_historical_building,overture,-22.790090560913086,-43.34451675415039,,overture:Condomínio Venda Velha 1:-22.79009:-43.34452
BLOCO Pirlim-Pim-Pim,topic_concert_venue,overture,-22.791372299194336,-43.3252067565918,,overture:BLOCO Pirlim-Pim-Pim:-22.79137:-43.32521
Espaço 285,topic_concert_venue,overture,-22.792741775512695,-43.33292007446289,,overture:Espaço 285:-22.79274:-43.33292
Condomínio Beija Flor do Grande Rio,landmark_and_historical_building,overture,-22.799598693847656,-43.344215393066406,,overture:Condomínio Beija Flor do Grande Rio:-22.79960:-43.34422
Quintal festas,topic_concert_venue,overture,-22.796873092651367,-43.33120346069336,,overture:Quintal festas:-22.79687:-43.33120
Condomínio Vitória Caxias,landmark_and_historical_building,overture,-22.798154830932617,-43.32072067260742,,overture:Condomínio Vitória Caxias:-22.79815:-43.32072
Empire choperia,topic_concert_venue,overture,-22.796493530273438,-43.3154411315918,,overture:Empire choperia:-22.79649:-43.31544
Salão Espaço Tudo é Festa,topic_concert_venue,overture,-22.794599533081055,-43.321189880371094,,overture:Salão Espaço Tudo é Festa:-22.79460:-43.32119
Residencial Pompéia Life,landmark_and_historical_building,overture,-22.79251480102539,-43.31850051879883,,overture:Residencial Pompéia Life:-22.79251:-43.31850
Condomínio Residencial Vila Ideal - Pac 2,landmark_and_historical_building,overture,-22.792726516723633,-43.31486129760742,,overture:Condomínio Residencial Vila Ideal - Pac 2:-22.79273:-43.31486
Condomínio Residencial Solar dos Mestres,landmark_and_historical_building,overture,-22.789657592773438,-43.31827163696289,,overture:Condomínio Residencial Solar dos Mestres:-22.78966:-43.31827
Edifício Vitória,landmark_and_historical_building,overture,-22.788789749145508,-43.31265640258789,,overture:Edifício Vitória:-22.78879:-43.31266
Boate Enigma,topic_concert_venue,overture,-22.78902244567871,-43.31258773803711,,overture:Boate Enigma:-22.78902:-43.31259
Teatro Municipal Procópio Ferreira,topic_concert_venue,overture,-22.790618896484375,-43.308258056640625,,overture:Teatro Municipal Procópio Ferreira:-22.79062:-43.30826
Microlins,cultural_center,overture,-22.788314819335938,-43.311737060546875,,overture:Microlins:-22.78831:-43.31174
Festa de santo antonio,topic_concert_venue,overture,-22.78786277770996,-43.31037139892578,,overture:Festa de santo antonio:-22.78786:-43.31037
Caxias Music Festival,topic_concert_venue,overture,-22.7884578704834,-43.31048583984375,,overture:Caxias Music Festival:-22.78846:-43.31049
Ed. Elias F. Pariz,landmark_and_historical_building,overture,-22.789066314697266,-43.307472229003906,,overture:Ed. Elias F. Pariz:-22.78907:-43.30747
Residencial Ana Luiza Cordeiro,landmark_and_historical_building,overture,-22.787992477416992,-43.30568313598633,,overture:Residencial Ana Luiza Cordeiro:-22.78799:-43.30568
Edifício Morada Paradiso,landmark_and_historical_building,overture,-22.7880916595459,-43.3039436340332,,overture:Edifício Morada Paradiso:-22.78809:-43.30394
Espaço Festa,topic_concert_venue,overture,-22.790817260742188,-43.304080963134766,,overture:Espaço Festa:-22.79082:-43.30408
Edifício River,landmark_and_historical_building,overture,-22.791912078857422,-43.309329986572266,,overture:Edifício River:-22.79191:-43.30933
Quadra da Escola de Samba Grande Rio,topic_concert_venue,overture,-22.7919864654541,-43.31018829345703,,overture:Quadra da Escola de Samba Grande Rio:-22.79199:-43.31019
Gomeia Galpão Criativo,cultural_center,overture,-22.792757034301758,-43.30815124511719,,overture:Gomeia Galpão Criativo:-22.79276:-43.30815
Look,topic_concert_venue,overture,-22.79313087463379,-43.30441665649414,,overture:Look:-22.79313:-43.30442
Condominio do Edificio Residencial Avant,landmark_and_historical_building,overture,-22.793384552001953,-43.30286407470703,,overture:Condominio do Edificio Residencial Avant:-22.79338:-43.30286
Platinum Residences,landmark_and_historical_building,overture,-22.792518615722656,-43.29638671875,,overture:Platinum Residences:-22.79252:-43.29639
Condomínio Ouro Preto,landmark_and_historical_building,overture,-22.790157318115234,-43.29762268066406,,overture:Condomínio Ouro Preto:-22.79016:-43.29762
Desejos Lounge,topic_concert_venue,overture,-22.78986930847168,-43.29783248901367,,overture:Desejos Lounge:-22.78987:-43.29783
Condominio Nova Esperança,landmark_and_historical_building,overture,-22.7905216217041,-43.293304443359375,,overture:Condominio Nova Esperança:-22.79052:-43.29330
Residencial Duccio,landmark_and_historical_building,overture,-22.78867530822754,-43.283790588378906,,overture:Residencial Duccio:-22.78868:-43.28379
Jorginhos Rooftop,landmark_and_historical_building,overture,-22.794689178466797,-43.292396545410156,,overture:Jorginhos Rooftop:-22.79469:-43.29240
White Music,topic_concert_venue,overture,-22.79665184020996,-43.295230865478516,,overture:White Music:-22.79665:-43.29523
Espaço de Festas e Eventos Caxiense,topic_concert_venue,overture,-22.799570083618164,-43.292076110839844,,overture:Espaço de Festas e Eventos Caxiense:-22.79957:-43.29208
Pagode da Ligação,topic_concert_venue,overture,-22.803436279296875,-43.32220458984375,,overture:Pagode da Ligação:-22.80344:-43.32220
Espaço  Efraim,topic_concert_venue,overture,-22.80526351928711,-43.32047653198242,,overture:Espaço  Efraim:-22.80526:-43.32048
"Furquim Mendes, Noroeste City",landmark_and_historical_building,overture,-22.80587387084961,-43.315452575683594,,"overture:Furquim Mendes, Noroeste City:-22.80587:-43.31545"
Centro Cultural Waly Salomão,cultural_center,overture,-22.806812286376953,-43.303646087646484,,overture:Centro Cultural Waly Salomão:-22.80681:-43.30365
Valao de Jardim America,monument,overture,-22.807573318481445,-43.32420349121094,,overture:Valao de Jardim America:-22.80757:-43.32420
Residencial America Life,landmark_and_historical_building,overture,-22.808631896972656,-43.31906509399414,,overture:Residencial America Life:-22.80863:-43.31907
Condomínio Villa Del Rey,landmark_and_historical_building,overture,-22.81113052368164,-43.31827926635742,,overture:Condomínio Villa Del Rey:-22.81113:-43.31828
Mansão dos Fernandes,landmark_and_historical_building,overture,-22.810644149780273,-43.31493377685547,,overture:Mansão dos Fernandes:-22.81064:-43.31493
Rio Lucas,landmark_and_historical_building,overture,-22.810321807861328,-43.2901611328125,,overture:Rio Lucas:-22.81032:-43.29016
Galeão,landmark_and_historical_building,overture,-22.811660766601562,-43.22782516479492,,overture:Galeão:-22.81166:-43.22783
Ponta da Restinga (udde i Brasilien),landmark_and_historical_building,overture,-22.800003051757812,-43.233333587646484,,overture:Ponta da Restinga (udde i Brasilien):-22.80000:-43.23333
Rio São João de Meriti,landmark_and_historical_building,overture,-22.801551818847656,-43.27390670776367,,overture:Rio São João de Meriti:-22.80155:-43.27391
Residential Condominium Santos Dumont,landmark_and_historical_building,overture,-22.797710418701172,-43.206565856933594,,overture:Residential Condominium Santos Dumont:-22.79771:-43.20657
Condomínio Beira Mar,landmark_and_historical_building,overture,-22.796693801879883,-43.20515823364258,,overture:Condomínio Beira Mar:-22.79669:-43.20516
Área 21 Eventos,topic_concert_venue,overture,-22.790367126464844,-43.188480377197266,,overture:Área 21 Eventos:-22.79037:-43.18848
Espaço Cultural Rose Baiana - Palco Marina Garcia,topic_concert_venue,overture,-22.790260314941406,-43.18498229980469,,overture:Espaço Cultural Rose Baiana - Palco Marina Garcia:-22.79026:-43.18498
INPS,landmark_and_historical_building,overture,-22.78862190246582,-43.18529510498047,,overture:INPS:-22.78862:-43.18530
Complexo da João Teles,landmark_and_historical_building,overture,-22.788602828979492,-43.17933654785156,,overture:Complexo da João Teles:-22.78860:-43.17934
Condomínio do Edifício Residencial Chácara do Governador,landmark_and_historical_building,overture,-22.791051864624023,-43.18722915649414,,overture:Condomínio do Edifício Residencial Chácara do Governador:-22.79105:-43.18723
Avenida paranapuã,landmark_and_historical_building,overture,-22.795576095581055,-43.180641174316406,,overture:Avenida paranapuã:-22.79558:-43.18064
Condomínio Almirante Alves Câmara,landmark_and_historical_building,overture,-22.79637336730957,-43.20116424560547,,overture:Condomínio Almirante Alves Câmara:-22.79637:-43.20116
Sambatv,topic_concert_venue,overture,-22.796785354614258,-43.19309616088867,,overture:Sambatv:-22.79679:-43.19310
Académicos do Dendê Raízes,cultural_center,overture,-22.79741096496582,-43.19303512573242,,overture:Académicos do Dendê Raízes:-22.79741:-43.19304
Velha Guarda do Dendê,cultural_center,overture,-22.797710418701172,-43.19325637817383,,overture:Velha Guarda do Dendê:-22.79771:-43.19326
Rua Érico Coelho,landmark_and_historical_building,overture,-22.797758102416992,-43.18458938598633,,overture:Rua Érico Coelho:-22.79776:-43.18459
Zurique Festas,topic_concert_venue,overture,-22.801450729370117,-43.18910217285156,,overture:Zurique Festas:-22.80145:-43.18910
Cocotá - Ilha Do Governador,landmark_and_historical_building,overture,-22.802688598632812,-43.18228530883789,,overture:Cocotá - Ilha Do Governador:-22.80269:-43.18229
Areninha Cultural Renato Russo,cultural_center,overture,-22.8050479888916,-43.1795539855957,,overture:Areninha Cultural Renato Russo:-22.80505:-43.17955
Jardim carioca,landmark_and_historical_building,overture,-22.80219078063965,-43.19761276245117,,overture:Jardim carioca:-22.80219:-43.19761
Centro Cultural Ilha do Governador,cultural_center,overture,-22.80044937133789,-43.19773483276367,,overture:Centro Cultural Ilha do Governador:-22.80045:-43.19773
Condomínio Solar da Ilha,landmark_and_historical_building,overture,-22.800365447998047,-43.20145034790039,,overture:Condomínio Solar da Ilha:-22.80037:-43.20145
Condominio Santa Cruz,landmark_and_historical_building,overture,-22.80023765563965,-43.20827865600586,,overture:Condominio Santa Cruz:-22.80024:-43.20828
Centro Cultural Banco Do Brasil,cultural_center,overture,-22.802000045776367,-43.2046012878418,,overture:Centro Cultural Banco Do Brasil:-22.80200:-43.20460
Condominio Conjunto Residencial Haroldo Lobo,landmark_and_historical_building,overture,-22.800308227539062,-43.20976638793945,,overture:Condominio Conjunto Residencial Haroldo Lobo:-22.80031:-43.20977
Casa Show,topic_concert_venue,overture,-22.805330276489258,-43.21172332763672,,overture:Casa Show:-22.80533:-43.21172
Edificio Comercial Jardim Guanabara,landmark_and_historical_building,overture,-22.805665969848633,-43.20922088623047,,overture:Edificio Comercial Jardim Guanabara:-22.80567:-43.20922
Condomínio Residencial Nazareth I,landmark_and_historical_building,overture,-22.80483627319336,-43.210174560546875,,overture:Condomínio Residencial Nazareth I:-22.80484:-43.21017
Associate - Ilha do Governador,cultural_center,overture,-22.80379867553711,-43.210533142089844,,overture:Associate - Ilha do Governador:-22.80380:-43.21053
Condomínio da Amizade,landmark_and_historical_building,overture,-22.802963256835938,-43.20360565185547,,overture:Condomínio da Amizade:-22.80296:-43.20361
Praça Renato Russo,monument,overture,-22.80416488647461,-43.204368591308594,,overture:Praça Renato Russo:-22.80416:-43.20437
Condomínio Residencial Figueira da Foz,landmark_and_historical_building,overture,-22.80442237854004,-43.20824432373047,,overture:Condomínio Residencial Figueira da Foz:-22.80442:-43.20824
Polo Cultural Ilha,cultural_center,overture,-22.80777359008789,-43.205535888671875,,overture:Polo Cultural Ilha:-22.80777:-43.20554
Condomínio do Edifício Residencial Bernardo Rocha Pitta,landmark_and_historical_building,overture,-22.808557510375977,-43.211246490478516,,overture:Condomínio do Edifício Residencial Bernardo Rocha Pitta:-22.80856:-43.21125
Casa de Festas Casa Bonita,topic_concert_venue,overture,-22.8071231842041,-43.21097183227539,,overture:Casa de Festas Casa Bonita:-22.80712:-43.21097
LÉO RAMOS - Stand up Comedy,topic_concert_venue,overture,-22.806785583496094,-43.2086296081543,,overture:LÉO RAMOS - Stand up Comedy:-22.80679:-43.20863
Ed. Allegro,landmark_and_historical_building,overture,-22.811431884765625,-43.19606018066406,,overture:Ed. Allegro:-22.81143:-43.19606
Prepara Cursos,cultural_center,overture,-22.811349868774414,-43.19355392456055,,overture:Prepara Cursos:-22.81135:-43.19355
Ilha Lounge,topic_concert_venue,overture,-22.808090209960938,-43.182586669921875,,overture:Ilha Lounge:-22.80809:-43.18259
Condominio Arco-iris,landmark_and_historical_building,overture,-22.809104919433594,-43.1808967590332,,overture:Condominio Arco-iris:-22.80910:-43.18090
Condominio Recanto Feliz,landmark_and_historical_building,overture,-22.810115814208984,-43.181480407714844,,overture:Condominio Recanto Feliz:-22.81012:-43.18148
Condomínio Morada da Ilha,landmark_and_historical_building,overture,-22.811298370361328,-43.18089294433594,,overture:Condomínio Morada da Ilha:-22.81130:-43.18089
"Morro da Tapera (kulle i Brasilien, Rio de Janeiro)",landmark_and_historical_building,overture,-22.812232971191406,-43.17902374267578,,"overture:Morro da Tapera (kulle i Brasilien, Rio de Janeiro):-22.81223:-43.17902"
Condomínio Altinópolis,landmark_and_historical_building,overture,-22.812618255615234,-43.17890930175781,,overture:Condomínio Altinópolis:-22.81262:-43.17891
Condomínio Brisa Mar,landmark_and_historical_building,overture,-22.81325912475586,-43.181190490722656,,overture:Condomínio Brisa Mar:-22.81326:-43.18119
Condomínio Solar da Ilha do Governador,landmark_and_historical_building,overture,-22.812902450561523,-43.18000030517578,,overture:Condomínio Solar da Ilha do Governador:-22.81290:-43.18000
GRES União da Ilha do Governador,topic_concert_venue,overture,-22.813766479492188,-43.188899993896484,,overture:GRES União da Ilha do Governador:-22.81377:-43.18890
Relógio do Cacuia,landmark_and_historical_building,overture,-22.812061309814453,-43.19178771972656,,overture:Relógio do Cacuia:-22.81206:-43.19179
Condominio do Edifício Alber,landmark_and_historical_building,overture,-22.812185287475586,-43.19973373413086,,overture:Condominio do Edifício Alber:-22.81219:-43.19973
"Morro da Bica (kulle i Brasilien, lat -22,81, long -43,19)",landmark_and_historical_building,overture,-22.814388275146484,-43.19375228881836,,"overture:Morro da Bica (kulle i Brasilien, lat -22,81, long -43,19):-22.81439:-43.19375"
Espaço Babaçu,topic_concert_venue,overture,-22.81456184387207,-43.19566345214844,,overture:Espaço Babaçu:-22.81456:-43.19566
Espaço Carmem Miranda,topic_concert_venue,overture,-22.81504249572754,-43.190956115722656,,overture:Espaço Carmem Miranda:-22.81504:-43.19096
RUA UÇÁ,landmark_and_historical_building,overture,-22.817033767700195,-43.20164489746094,,overture:RUA UÇÁ:-22.81703:-43.20164
Casa de Cultura Elbe de Holanda,cultural_center,overture,-22.81744956970215,-43.199642181396484,,overture:Casa de Cultura Elbe de Holanda:-22.81745:-43.19964
Condomínio do Edifício São Lucas,landmark_and_historical_building,overture,-22.820154190063477,-43.18911361694336,,overture:Condomínio do Edifício São Lucas:-22.82015:-43.18911
Cacuia,landmark_and_historical_building,overture,-22.821945190429688,-43.183895111083984,,overture:Cacuia:-22.82195:-43.18390
Casa Tropical Festas,topic_concert_venue,overture,-22.822330474853516,-43.188621520996094,,overture:Casa Tropical Festas:-22.82233:-43.18862
Braseria Festas e Eventos,topic_concert_venue,overture,-22.818628311157227,-43.200138092041016,,overture:Braseria Festas e Eventos:-22.81863:-43.20014
Mirante Livingstone Rezende,landmark_and_historical_building,overture,-22.81879234313965,-43.205589294433594,,overture:Mirante Livingstone Rezende:-22.81879:-43.20559
Condomínio do Edifício Lord Boris,landmark_and_historical_building,overture,-22.816476821899414,-43.21429443359375,,overture:Condomínio do Edifício Lord Boris:-22.81648:-43.21429
Condominio do Edificio Jardim,landmark_and_historical_building,overture,-22.81664276123047,-43.20489501953125,,overture:Condominio do Edificio Jardim:-22.81664:-43.20490
Quebra-Coco,landmark_and_historical_building,overture,-22.813568115234375,-43.20930862426758,,overture:Quebra-Coco:-22.81357:-43.20931
Casa Da Mata,topic_concert_venue,overture,-22.81294059753418,-43.203224182128906,,overture:Casa Da Mata:-22.81294:-43.20322
Condominio Morada do Moinho,landmark_and_historical_building,overture,-22.812602996826172,-43.204505920410156,,overture:Condominio Morada do Moinho:-22.81260:-43.20451
Mansão dos Kaulino's,landmark_and_historical_building,overture,-22.812040328979492,-43.206268310546875,,overture:Mansão dos Kaulino's:-22.81204:-43.20627
Vila Militar dos Sargentos da Aeronáutica,topic_concert_venue,overture,-22.814193725585938,-43.238014221191406,,overture:Vila Militar dos Sargentos da Aeronáutica:-22.81419:-43.23801
Ponta da Mãe Maria,landmark_and_historical_building,overture,-22.816673278808594,-43.26667022705078,,overture:Ponta da Mãe Maria:-22.81667:-43.26667
Casa da Neusa- São Pedro da Aldeia,landmark_and_historical_building,overture,-22.819171905517578,-43.26957702636719,,overture:Casa da Neusa- São Pedro da Aldeia:-22.81917:-43.26958
ARES Casa do Marinheiro,topic_concert_venue,overture,-22.829267501831055,-43.268638610839844,,overture:ARES Casa do Marinheiro:-22.82927:-43.26864
Pontal Lucce,topic_concert_venue,overture,-22.83144187927246,-43.274051666259766,,overture:Pontal Lucce:-22.83144:-43.27405
Espaço 746 - Locação De Espaço Para Festas E Eventos,topic_concert_venue,overture,-22.835180282592773,-43.27537536621094,,overture:Espaço 746 - Locação De Espaço Para Festas E Eventos:-22.83518:-43.27538
Espaço Relaxa Negão ,topic_concert_venue,overture,-22.787433624267578,-43.369041442871094,,overture:Espaço Relaxa Negão :-22.78743:-43.36904
Cultural Center Meritiense,cultural_center,overture,-22.77971076965332,-43.368797302246094,,overture:Cultural Center Meritiense:-22.77971:-43.36880
Braga's Espaço  Festas,topic_concert_venue,overture,-22.77989387512207,-43.36993408203125,,overture:Braga's Espaço  Festas:-22.77989:-43.36993
Jardim Meriti,landmark_and_historical_building,overture,-22.77754020690918,-43.37281036376953,,overture:Jardim Meriti:-22.77754:-43.37281
Mangabeira Festas,topic_concert_venue,overture,-22.775901794433594,-43.37199020385742,,overture:Mangabeira Festas:-22.77590:-43.37199
Condomínio Trio de Ouro,landmark_and_historical_building,overture,-22.77227020263672,-43.370216369628906,,overture:Condomínio Trio de Ouro:-22.77227:-43.37022
Microlins,cultural_center,overture,-22.77669334411621,-43.36104202270508,,overture:Microlins:-22.77669:-43.36104
Condomínio Carmencita,landmark_and_historical_building,overture,-22.775699615478516,-43.362491607666016,,overture:Condomínio Carmencita:-22.77570:-43.36249
Salão de Festa Casa Amarela,topic_concert_venue,overture,-22.787750244140625,-43.36249542236328,,overture:Salão de Festa Casa Amarela:-22.78775:-43.36250
Espaço 1800,topic_concert_venue,overture,-22.784442901611328,-43.362850189208984,,overture:Espaço 1800:-22.78444:-43.36285
Vilar Festas,topic_concert_venue,overture,-22.785144805908203,-43.363094329833984,,overture:Vilar Festas:-22.78514:-43.36309
Espaço Vilar Festas,topic_concert_venue,overture,-22.784963607788086,-43.36211013793945,,overture:Espaço Vilar Festas:-22.78496:-43.36211
Condomínio Liber,landmark_and_historical_building,overture,-22.780113220214844,-43.35923767089844,,overture:Condomínio Liber:-22.78011:-43.35924
Espaço Gourmet da Família Gato,landmark_and_historical_building,overture,-22.777860641479492,-43.350730895996094,,overture:Espaço Gourmet da Família Gato:-22.77786:-43.35073
Irajá,landmark_and_historical_building,overture,-22.772930145263672,-43.35126495361328,,overture:Irajá:-22.77293:-43.35126
Paulu's Festas e Eventos,topic_concert_venue,overture,-22.774316787719727,-43.35346221923828,,overture:Paulu's Festas e Eventos:-22.77432:-43.35346
Espaço para festa em Vilar dos Teles - São João Meriti RJ,topic_concert_venue,overture,-22.773582458496094,-43.35693359375,,overture:Espaço para festa em Vilar dos Teles - São João Meriti RJ:-22.77358:-43.35693
Lu Art Espaço Festas,topic_concert_venue,overture,-22.770601272583008,-43.35890579223633,,overture:Lu Art Espaço Festas:-22.77060:-43.35891
Espaço Stilo Vip,topic_concert_venue,overture,-22.765993118286133,-43.35723114013672,,overture:Espaço Stilo Vip:-22.76599:-43.35723
Condomínio Itaboraí,landmark_and_historical_building,overture,-22.766490936279297,-43.35743713378906,,overture:Condomínio Itaboraí:-22.76649:-43.35744
Espaço G.A Festas e Eventos,topic_concert_venue,overture,-22.764196395874023,-43.34892272949219,,overture:Espaço G.A Festas e Eventos:-22.76420:-43.34892
Condomínio Toscana - Santa Teresa,landmark_and_historical_building,overture,-22.753129959106445,-43.356346130371094,,overture:Condomínio Toscana - Santa Teresa:-22.75313:-43.35635
Glaucia,landmark_and_historical_building,overture,-22.757110595703125,-43.35485076904297,,overture:Glaucia:-22.75711:-43.35485
Arena show de bola,topic_concert_venue,overture,-22.75313377380371,-43.36170959472656,,overture:Arena show de bola:-22.75313:-43.36171
Parada Obrigatória,topic_concert_venue,overture,-22.7641544342041,-43.366966247558594,,overture:Parada Obrigatória:-22.76415:-43.36697
Condomínio Áquila,landmark_and_historical_building,overture,-22.750085830688477,-43.34891891479492,,overture:Condomínio Áquila:-22.75009:-43.34892
Condomínio Toscana,landmark_and_historical_building,overture,-22.752365112304688,-43.34815979003906,,overture:Condomínio Toscana:-22.75237:-43.34816
Condomínio Pegasus,landmark_and_historical_building,overture,-22.752086639404297,-43.34696578979492,,overture:Condomínio Pegasus:-22.75209:-43.34697
Condomínio Fênix,landmark_and_historical_building,overture,-22.750951766967773,-43.34622573852539,,overture:Condomínio Fênix:-22.75095:-43.34623
Condominio Centauro,landmark_and_historical_building,overture,-22.750741958618164,-43.347381591796875,,overture:Condominio Centauro:-22.75074:-43.34738
Condomínio Andrômeda,landmark_and_historical_building,overture,-22.7498836517334,-43.34834289550781,,overture:Condomínio Andrômeda:-22.74988:-43.34834
Condomínio Baleares 5,landmark_and_historical_building,overture,-22.752050399780273,-43.344383239746094,,overture:Condomínio Baleares 5:-22.75205:-43.34438
Condomínio Bolzano,landmark_and_historical_building,overture,-22.747682571411133,-43.32682418823242,,overture:Condomínio Bolzano:-22.74768:-43.32682
Condomínio Pádua,landmark_and_historical_building,overture,-22.748350143432617,-43.326332092285156,,overture:Condomínio Pádua:-22.74835:-43.32633
Condominio Volterra,landmark_and_historical_building,overture,-22.749958038330078,-43.3243408203125,,overture:Condominio Volterra:-22.74996:-43.32434
Residencial Pádua,landmark_and_historical_building,overture,-22.7496395111084,-43.32542419433594,,overture:Residencial Pádua:-22.74964:-43.32542
Residencial Rotonda,landmark_and_historical_building,overture,-22.749584197998047,-43.325279235839844,,overture:Residencial Rotonda:-22.74958:-43.32528
Condominio Parma,landmark_and_historical_building,overture,-22.749080657958984,-43.32604217529297,,overture:Condominio Parma:-22.74908:-43.32604
Celebrare Casa de Festas,topic_concert_venue,overture,-22.76288604736328,-43.327064514160156,,overture:Celebrare Casa de Festas:-22.76289:-43.32706
Bilac fest house,topic_concert_venue,overture,-22.76551055908203,-43.327110290527344,,overture:Bilac fest house:-22.76551:-43.32711
Alto Jardim,topic_concert_venue,overture,-22.765148162841797,-43.33631134033203,,overture:Alto Jardim:-22.76515:-43.33631
Espaço 100 - Casa de Festas,topic_concert_venue,overture,-22.765024185180664,-43.33492660522461,,overture:Espaço 100 - Casa de Festas:-22.76502:-43.33493
Cola Nos Pretinhos,topic_concert_venue,overture,-22.761320114135742,-43.338863372802734,,overture:Cola Nos Pretinhos:-22.76132:-43.33886
Morro Do Embaixador,landmark_and_historical_building,overture,-22.775184631347656,-43.338035583496094,,overture:Morro Do Embaixador:-22.77518:-43.33804
Conexao Guarani,topic_concert_venue,overture,-22.772174835205078,-43.33594512939453,,overture:Conexao Guarani:-22.77217:-43.33595
Coqueirinho,landmark_and_historical_building,overture,-22.777864456176758,-43.32940673828125,,overture:Coqueirinho:-22.77786:-43.32941
Espaço Vereda,topic_concert_venue,overture,-22.775053024291992,-43.3270263671875,,overture:Espaço Vereda:-22.77505:-43.32703
Rua Igarapé Jardim Olavo Bilac Duque De Caxias,landmark_and_historical_building,overture,-22.779346466064453,-43.32687759399414,,overture:Rua Igarapé Jardim Olavo Bilac Duque De Caxias:-22.77935:-43.32688
Sem Simpatia,topic_concert_venue,overture,-22.78445053100586,-43.3228874206543,,overture:Sem Simpatia:-22.78445:-43.32289
Conjunto Dos Ferroviários Dr. Roberto Silveira,landmark_and_historical_building,overture,-22.787330627441406,-43.316898345947266,,overture:Conjunto Dos Ferroviários Dr. Roberto Silveira:-22.78733:-43.31690
Ella Debutantes Caxias - RJ,topic_concert_venue,overture,-22.786428451538086,-43.3145751953125,,overture:Ella Debutantes Caxias - RJ:-22.78643:-43.31458
Social REI DELAS,topic_concert_venue,overture,-22.787389755249023,-43.31309509277344,,overture:Social REI DELAS:-22.78739:-43.31310
Lira de Ouro,cultural_center,overture,-22.78584861755371,-43.31340026855469,,overture:Lira de Ouro:-22.78585:-43.31340
largo do Pelourinho Salvador Bahia,landmark_and_historical_building,overture,-22.78224754333496,-43.31718444824219,,overture:largo do Pelourinho Salvador Bahia:-22.78225:-43.31718
Ponto de Cultura Ojuobá Axé,cultural_center,overture,-22.7752742767334,-43.31623458862305,,overture:Ponto de Cultura Ojuobá Axé:-22.77527:-43.31623
Espaço Belle Festas,topic_concert_venue,overture,-22.776268005371094,-43.313846588134766,,overture:Espaço Belle Festas:-22.77627:-43.31385
Complexo da Mangueirinha- Caxias,topic_concert_venue,overture,-22.77806854248047,-43.3195686340332,,overture:Complexo da Mangueirinha- Caxias:-22.77807:-43.31957
Colômbia Morro Do Sapo,monument,overture,-22.772754669189453,-43.321556091308594,,overture:Colômbia Morro Do Sapo:-22.77275:-43.32156
L&V,topic_concert_venue,overture,-22.75704002380371,-43.3173942565918,,overture:L&V:-22.75704:-43.31739
Espaço Leal Festa,topic_concert_venue,overture,-22.757020950317383,-43.313236236572266,,overture:Espaço Leal Festa:-22.75702:-43.31324
Casa Jardim Eventos,topic_concert_venue,overture,-22.76498031616211,-43.312740325927734,,overture:Casa Jardim Eventos:-22.76498:-43.31274
Reserva do Duque,landmark_and_historical_building,overture,-22.757444381713867,-43.31122970581055,,overture:Reserva do Duque:-22.75744:-43.31123
Largo do Barreto Gramacho Duque de Caxias,topic_concert_venue,overture,-22.75752830505371,-43.3058967590332,,overture:Largo do Barreto Gramacho Duque de Caxias:-22.75753:-43.30590
Condomínio Thomea,landmark_and_historical_building,overture,-22.75869369506836,-43.30297088623047,,overture:Condomínio Thomea:-22.75869:-43.30297
Barracao do Pagode,topic_concert_venue,overture,-22.77667808532715,-43.302486419677734,,overture:Barracao do Pagode:-22.77668:-43.30249
Condomínio Maria Lúcia,landmark_and_historical_building,overture,-22.773643493652344,-43.306697845458984,,overture:Condomínio Maria Lúcia:-22.77364:-43.30670
MW Garçons Festas & Eventos,topic_concert_venue,overture,-22.77823257446289,-43.3109130859375,,overture:MW Garçons Festas & Eventos:-22.77823:-43.31091
Salão de Festas Stylus,topic_concert_venue,overture,-22.778705596923828,-43.308380126953125,,overture:Salão de Festas Stylus:-22.77871:-43.30838
Ministério Forte Sede e filiais,topic_concert_venue,overture,-22.77768325805664,-43.308380126953125,,overture:Ministério Forte Sede e filiais:-22.77768:-43.30838
Centro Cultural do Poder Judiciário do Estado do RJ,cultural_center,overture,-22.779653549194336,-43.30868148803711,,overture:Centro Cultural do Poder Judiciário do Estado do RJ:-22.77965:-43.30868
Fim de Tarde,topic_concert_venue,overture,-22.779977798461914,-43.31200408935547,,overture:Fim de Tarde:-22.77998:-43.31200
Rose Figueiredo Terapeuta,topic_concert_venue,overture,-22.785720825195312,-43.31017303466797,,overture:Rose Figueiredo Terapeuta:-22.78572:-43.31017
Edifício Armando Christóvão,landmark_and_historical_building,overture,-22.786109924316406,-43.3096809387207,,overture:Edifício Armando Christóvão:-22.78611:-43.30968
Espaço Cultural ARTEIRA,cultural_center,overture,-22.786346435546875,-43.30811309814453,,overture:Espaço Cultural ARTEIRA:-22.78635:-43.30811
Rodizio Lescamar,topic_concert_venue,overture,-22.785537719726562,-43.30774688720703,,overture:Rodizio Lescamar:-22.78554:-43.30775
Condomínio Mary Dayse,landmark_and_historical_building,overture,-22.78628158569336,-43.307151794433594,,overture:Condomínio Mary Dayse:-22.78628:-43.30715
Edifício Dom João Cordeiro,landmark_and_historical_building,overture,-22.78696060180664,-43.3068962097168,,overture:Edifício Dom João Cordeiro:-22.78696:-43.30690
Elegance Residencial,landmark_and_historical_building,overture,-22.787145614624023,-43.30607223510742,,overture:Elegance Residencial:-22.78715:-43.30607
Condomínio do Edifício Villa Renata,landmark_and_historical_building,overture,-22.787694931030273,-43.30564498901367,,overture:Condomínio do Edifício Villa Renata:-22.78769:-43.30564
Condomínio Celebrare,landmark_and_historical_building,overture,-22.78677749633789,-43.305877685546875,,overture:Condomínio Celebrare:-22.78678:-43.30588
Condomínio Residencial Santos,landmark_and_historical_building,overture,-22.780826568603516,-43.30304718017578,,overture:Condomínio Residencial Santos:-22.78083:-43.30305
Condominio Edificio Terramar I,landmark_and_historical_building,overture,-22.782108306884766,-43.30086135864258,,overture:Condominio Edificio Terramar I:-22.78211:-43.30086
Espaço Lumiar,topic_concert_venue,overture,-22.786930084228516,-43.29629135131836,,overture:Espaço Lumiar:-22.78693:-43.29629
BAILE DA VILA Operaria,topic_concert_venue,overture,-22.78737449645996,-43.2950553894043,,overture:BAILE DA VILA Operaria:-22.78737:-43.29506
"Praca Da Bandeira, Vila São Luiz, Duque De Caxias Rj",landmark_and_historical_building,overture,-22.77317237854004,-43.29743194580078,,"overture:Praca Da Bandeira, Vila São Luiz, Duque De Caxias Rj:-22.77317:-43.29743"
Condominio Residencial Vila Sao Luiz,landmark_and_historical_building,overture,-22.773237228393555,-43.29779052734375,,overture:Condominio Residencial Vila Sao Luiz:-22.77324:-43.29779
Praça da Vila Sāo Luiz,landmark_and_historical_building,overture,-22.774404525756836,-43.2962646484375,,overture:Praça da Vila Sāo Luiz:-22.77440:-43.29626
"Praça Da Apoteose, Vila São Luiz",landmark_and_historical_building,overture,-22.77728843688965,-43.292991638183594,,"overture:Praça Da Apoteose, Vila São Luiz:-22.77729:-43.29299"
Martins Pena_ Vila São Luiz,landmark_and_historical_building,overture,-22.7782039642334,-43.29086685180664,,overture:Martins Pena_ Vila São Luiz:-22.77820:-43.29087
Espaço Vip,topic_concert_venue,overture,-22.77545738220215,-43.29159164428711,,overture:Espaço Vip:-22.77546:-43.29159
Vila são Luís,landmark_and_historical_building,overture,-22.776639938354492,-43.290504455566406,,overture:Vila são Luís:-22.77664:-43.29050
Salão de festas Hora de Brincar,topic_concert_venue,overture,-22.779455184936523,-43.29374694824219,,overture:Salão de festas Hora de Brincar:-22.77946:-43.29375
Central Park Riviera 1,landmark_and_historical_building,overture,-22.766403198242188,-43.27959442138672,,overture:Central Park Riviera 1:-22.76640:-43.27959
Condomínio Copacabana 535,landmark_and_historical_building,overture,-22.759185791015625,-43.297054290771484,,overture:Condomínio Copacabana 535:-22.75919:-43.29705
EspaÇO Da Comunidade,cultural_center,overture,-22.75261688232422,-43.290130615234375,,overture:EspaÇO Da Comunidade:-22.75262:-43.29013
Condomínio Residencial 25 de Agosto,landmark_and_historical_building,overture,-22.749408721923828,-43.301307678222656,,overture:Condomínio Residencial 25 de Agosto:-22.74941:-43.30131
Barretos SALAO Festas,topic_concert_venue,overture,-22.74994659423828,-43.30119705200195,,overture:Barretos SALAO Festas:-22.74995:-43.30120
Casa de Festas GMG,topic_concert_venue,overture,-22.750102996826172,-43.301822662353516,,overture:Casa de Festas GMG:-22.75010:-43.30182
Ponta de Tubiacanga,landmark_and_historical_building,overture,-22.784393310546875,-43.22998046875,,overture:Ponta de Tubiacanga:-22.78439:-43.22998
Roberto Birindelli,cultural_center,overture,-22.831501007080078,-43.10588836669922,,overture:Roberto Birindelli:-22.83150:-43.10589
Batuke De Batom,topic_concert_venue,overture,-22.82588768005371,-43.16940689086914,,overture:Batuke De Batom:-22.82589:-43.16941
Samba do Amigo Meu,topic_concert_venue,overture,-22.825557708740234,-43.16936111450195,,overture:Samba do Amigo Meu:-22.82556:-43.16936
Cond. Prainha da Ilha,landmark_and_historical_building,overture,-22.8238468170166,-43.16786193847656,,overture:Cond. Prainha da Ilha:-22.82385:-43.16786
Condomínio do Edifício Rio Jequiá,landmark_and_historical_building,overture,-22.822887420654297,-43.17620086669922,,overture:Condomínio do Edifício Rio Jequiá:-22.82289:-43.17620
Salão de Festa,topic_concert_venue,overture,-22.821163177490234,-43.172916412353516,,overture:Salão de Festa:-22.82116:-43.17292
condominio solar costa azul,landmark_and_historical_building,overture,-22.81368637084961,-43.17787170410156,,overture:condominio solar costa azul:-22.81369:-43.17787
Ponta do Tiro,landmark_and_historical_building,overture,-22.81106948852539,-43.17662048339844,,overture:Ponta do Tiro:-22.81107:-43.17662
Canhão da Ilha,monument,overture,-22.81095314025879,-43.177215576171875,,overture:Canhão da Ilha:-22.81095:-43.17722
Condominio do Edificio Maracaja,landmark_and_historical_building,overture,-22.79503059387207,-43.17466354370117,,overture:Condominio do Edificio Maracaja:-22.79503:-43.17466
Condominio morada da ilha,landmark_and_historical_building,overture,-22.791730880737305,-43.172386169433594,,overture:Condominio morada da ilha:-22.79173:-43.17239
Casa de Pedra Festas e Eventos,topic_concert_venue,overture,-22.790950775146484,-43.17795181274414,,overture:Casa de Pedra Festas e Eventos:-22.79095:-43.17795
Condominio do Edificio Solar da Freguesia,landmark_and_historical_building,overture,-22.78997230529785,-43.17292785644531,,overture:Condominio do Edificio Solar da Freguesia:-22.78997:-43.17293
Pedra da Onça,landmark_and_historical_building,overture,-22.78923225402832,-43.16149139404297,,overture:Pedra da Onça:-22.78923:-43.16149
freguesia,landmark_and_historical_building,overture,-22.78915786743164,-43.16984176635742,,overture:freguesia:-22.78916:-43.16984
Buda Senzala e Alunos,cultural_center,overture,-22.788890838623047,-43.16804122924805,,overture:Buda Senzala e Alunos:-22.78889:-43.16804
Village Freguesia Ilha do Governador,landmark_and_historical_building,overture,-22.788888931274414,-43.17424392700195,,overture:Village Freguesia Ilha do Governador:-22.78889:-43.17424
República Alvorada,landmark_and_historical_building,overture,-22.788362503051758,-43.1771354675293,,overture:República Alvorada:-22.78836:-43.17714
"Morro das Araras (kulle i Brasilien, Rio de Janeiro)",landmark_and_historical_building,overture,-22.786840438842773,-43.177303314208984,,"overture:Morro das Araras (kulle i Brasilien, Rio de Janeiro):-22.78684:-43.17730"
Ilha dos Amores,cultural_center,overture,-22.762775421142578,-43.10883712768555,,overture:Ilha dos Amores:-22.76278:-43.10884
Condomínio Serra e Mar,landmark_and_historical_building,overture,-22.761661529541016,-43.1074333190918,,overture:Condomínio Serra e Mar:-22.76166:-43.10743
Casa de Cultura José Bonifácio,art_museum,overture,-22.763750076293945,-43.10957336425781,,overture:Casa de Cultura José Bonifácio:-22.76375:-43.10957
Ateliê Esmero Único,museum,overture,-22.76746368408203,-43.11024475097656,,overture:Ateliê Esmero Único:-22.76746:-43.11024
Mirante do Morro da Cruz,landmark_and_historical_building,overture,-22.767791748046875,-43.11370086669922,,overture:Mirante do Morro da Cruz:-22.76779:-43.11370
Morro do Castelo,landmark_and_historical_building,overture,-22.75250244140625,-43.103336334228516,,overture:Morro do Castelo:-22.75250:-43.10334
Casa de Artes Paquetá,cultural_center,overture,-22.753250122070312,-43.11125564575195,,overture:Casa de Artes Paquetá:-22.75325:-43.11126
Chácara da Moreninha,topic_concert_venue,overture,-22.753063201904297,-43.111572265625,,overture:Chácara da Moreninha:-22.75306:-43.11157
Conjunto Residencial de Paquetá,landmark_and_historical_building,overture,-22.75491714477539,-43.110469818115234,,overture:Conjunto Residencial de Paquetá:-22.75492:-43.11047
Chafariz de Grandjean de Montigny,heritage_site,wikidata,-22.961668055,-43.273318888,Q67203459,wikidata:Chafariz de Grandjean de Montigny:-22.96167:-43.27332
Jardim Botânico do Rio de Janeiro,heritage_site,wikidata,-22.9675,-43.223889,Q45242,wikidata:Jardim Botânico do Rio de Janeiro:-22.96750:-43.22389
Igreja de Nossa Senhora da Candelária,heritage_site,wikidata,-22.900811111,-43.177894444,Q82312,wikidata:Igreja de Nossa Senhora da Candelária:-22.90081:-43.17789
Sambódromo da Marquês de Sapucaí,heritage_site,wikidata,-22.911384,-43.196851,Q281521,wikidata:Sambódromo da Marquês de Sapucaí:-22.91138:-43.19685
Lagoa Rodrigo de Freitas,heritage_site,wikidata,-22.971111111,-43.211666666,Q429897,wikidata:Lagoa Rodrigo de Freitas:-22.97111:-43.21167
Morro do Corcovado,heritage_site,wikidata,-22.9525,-43.211666666,Q506938,wikidata:Morro do Corcovado:-22.95250:-43.21167
Universidade Federal do Rio de Janeiro,heritage_site,wikidata,-22.8625,-43.223888888,Q586904,wikidata:Universidade Federal do Rio de Janeiro:-22.86250:-43.22389
Biblioteca Nacional do Brasil,heritage_site,wikidata,-22.909723,-43.175501,Q948882,wikidata:Biblioteca Nacional do Brasil:-22.90972:-43.17550
Colégio Pedro II,heritage_site,wikidata,-22.9017223,-43.184904,Q1113098,wikidata:Colégio Pedro II:-22.90172:-43.18490
Estação Central do Brasil,heritage_site,wikidata,-22.903413888,-43.191444444,Q1274003,wikidata:Estação Central do Brasil:-22.90341:-43.19144
Parque Nacional da Tijuca,heritage_site,wikidata,-22.959444444,-43.277777777,Q1974494,wikidata:Parque Nacional da Tijuca:-22.95944:-43.27778
Monumento aos Mortos da Segunda Guerra Mundial,heritage_site,wikidata,-22.91666667,-43.17361111,Q2017454,wikidata:Monumento aos Mortos da Segunda Guerra Mundial:-22.91667:-43.17361
Palácio Tiradentes,heritage_site,wikidata,-22.90387009,-43.173877,Q2048490,wikidata:Palácio Tiradentes:-22.90387:-43.17388
Quinta da Boa Vista,heritage_site,wikidata,-22.9058,-43.2244,Q2500590,wikidata:Quinta da Boa Vista:-22.90580:-43.22440
Edifício Gustavo Capanema,heritage_site,wikidata,-22.9092,-43.17382778,Q2598551,wikidata:Edifício Gustavo Capanema:-22.90920:-43.17383
Copacabana Palace,heritage_site,wikidata,-22.96726,-43.17874,Q2637352,wikidata:Copacabana Palace:-22.96726:-43.17874
Chafariz das Saracuras,heritage_site,wikidata,-22.985160762,-43.197794625,Q67203719,wikidata:Chafariz das Saracuras:-22.98516:-43.19779
Chafariz da Glória,heritage_site,wikidata,-22.9184257,-43.1771039,Q67203826,wikidata:Chafariz da Glória:-22.91843:-43.17710
Chafariz do Lagarto,heritage_site,wikidata,-22.9120252,-43.1952142,Q67204031,wikidata:Chafariz do Lagarto:-22.91203:-43.19521
Bebedouro da Estrada Velha da Tijuca,heritage_site,wikidata,-22.952029507,-43.262078825,Q67204058,wikidata:Bebedouro da Estrada Velha da Tijuca:-22.95203:-43.26208
Igreja de Nossa Senhora da Saúde,heritage_site,wikidata,-22.893746,-43.191477,Q104853267,wikidata:Igreja de Nossa Senhora da Saúde:-22.89375:-43.19148
Igreja de Nossa Senhora da Pena,heritage_site,wikidata,-22.941587,-43.3483199,Q104904890,wikidata:Igreja de Nossa Senhora da Pena:-22.94159:-43.34832
Igreja de Nossa Senhora do Desterro,heritage_site,wikidata,-23.005952,-43.634309,Q104904969,wikidata:Igreja de Nossa Senhora do Desterro:-23.00595:-43.63431
Chafariz Rua do Riachuelo,heritage_site,wikidata,-22.91505,-43.186372,Q104906121,wikidata:Chafariz Rua do Riachuelo:-22.91505:-43.18637
Fazenda do Engenho d’ Água,heritage_site,wikidata,-22.955095,-43.356234,Q104907313,wikidata:Fazenda do Engenho d’ Água:-22.95510:-43.35623
Aqueduto da Colônia Juliano Moreira,heritage_site,wikidata,-22.936277648,-43.399737187,Q104907381,wikidata:Aqueduto da Colônia Juliano Moreira:-22.93628:-43.39974
Solar del Rei,heritage_site,wikidata,-22.759742,-43.109302,Q104907436,wikidata:Solar del Rei:-22.75974:-43.10930
Lago do Campo de Santana,heritage_site,wikidata,-22.9075885,-43.188024,Q67205544,wikidata:Lago do Campo de Santana:-22.90759:-43.18802
Fortaleza de Nossa Senhora da Conceição (Rio de Janeiro),heritage_site,wikidata,-22.899226,-43.183768,Q10283627,wikidata:Fortaleza de Nossa Senhora da Conceição (Rio de Janeiro):-22.89923:-43.18377
Forte de São Tiago,heritage_site,wikidata,-22.905908333,-43.169522222,Q10284072,wikidata:Forte de São Tiago:-22.90591:-43.16952
Fortim de Caetano Madeira,heritage_site,wikidata,-22.8965,-43.2596,Q10284228,wikidata:Fortim de Caetano Madeira:-22.89650:-43.25960
Hospital Escola São Francisco de Assis,heritage_site,wikidata,-22.90907,-43.201393,Q10298377,wikidata:Hospital Escola São Francisco de Assis:-22.90907:-43.20139
Igreja Positivista do Brasil,heritage_site,wikidata,-22.92058,-43.17938,Q10300201,wikidata:Igreja Positivista do Brasil:-22.92058:-43.17938
Igreja da Ordem Terceira do Carmo,heritage_site,wikidata,-22.90309444,-43.17555833,Q10300293,wikidata:Igreja da Ordem Terceira do Carmo:-22.90309:-43.17556
Igreja de Nossa Senhora da Ajuda (Ilha do Governador),heritage_site,wikidata,-22.79332,-43.170516,Q10300340,wikidata:Igreja de Nossa Senhora da Ajuda (Ilha do Governador):-22.79332:-43.17052
Igreja de Nossa Senhora da Conceição e Boa Morte,heritage_site,wikidata,-22.903021,-43.178751,Q10300378,wikidata:Igreja de Nossa Senhora da Conceição e Boa Morte:-22.90302:-43.17875
Igreja de Nossa Senhora da Glória do Outeiro,heritage_site,wikidata,-22.92144722,-43.17543333,Q10300392,wikidata:Igreja de Nossa Senhora da Glória do Outeiro:-22.92145:-43.17543
Igreja de Nossa Senhora da Lapa dos Mercadores,heritage_site,wikidata,-22.90221,-43.1752,Q10300403,wikidata:Igreja de Nossa Senhora da Lapa dos Mercadores:-22.90221:-43.17520
Igreja de Nossa Senhora do Bonsucesso,heritage_site,wikidata,-22.906467,-43.170585,Q10300498,wikidata:Igreja de Nossa Senhora do Bonsucesso:-22.90647:-43.17059
Igreja de Nossa Senhora do Rosário e São Benedito (Rio de Janeiro),heritage_site,wikidata,-22.90416,-43.180492,Q10300555,wikidata:Igreja de Nossa Senhora do Rosário e São Benedito (Rio de Janeiro):-22.90416:-43.18049
Igreja de Santa Cruz dos Militares,heritage_site,wikidata,-22.902158,-43.175682,Q10300620,wikidata:Igreja de Santa Cruz dos Militares:-22.90216:-43.17568
Igreja de Santa Luzia,heritage_site,wikidata,-22.909542,-43.172603,Q10300629,wikidata:Igreja de Santa Luzia:-22.90954:-43.17260
Santuário de Santa Rita de Cássia,heritage_site,wikidata,-22.900376,-43.18066,Q10300658,wikidata:Santuário de Santa Rita de Cássia:-22.90038:-43.18066
Igreja de São Francisco de Paula,heritage_site,wikidata,-22.905493,-43.180594,Q10300739,wikidata:Igreja de São Francisco de Paula:-22.90549:-43.18059
Igreja do Santíssimo Sacramento da Antiga Sé,heritage_site,wikidata,-22.90458,-43.182841,Q10300936,wikidata:Igreja do Santíssimo Sacramento da Antiga Sé:-22.90458:-43.18284
Ladeira da Misericórdia,heritage_site,wikidata,-22.906195,-43.17027,Q10315482,wikidata:Ladeira da Misericórdia:-22.90620:-43.17027
Casa da Marquesa de Santos,heritage_site,wikidata,-22.90458,-43.217068,Q10333920,wikidata:Casa da Marquesa de Santos:-22.90458:-43.21707
Palácio das Laranjeiras,heritage_site,wikidata,-22.93143,-43.183562,Q10343955,wikidata:Palácio das Laranjeiras:-22.93143:-43.18356
Palácio da Conceição,heritage_site,wikidata,-22.89964,-43.182697,Q10343988,wikidata:Palácio da Conceição:-22.89964:-43.18270
Palácio do Itamaraty,heritage_site,wikidata,-22.902925,-43.18795,Q10344051,wikidata:Palácio do Itamaraty:-22.90292:-43.18795
Ponte do Guandu,heritage_site,wikidata,-22.8722557,-43.677064,Q10351458,wikidata:Ponte do Guandu:-22.87226:-43.67706
Praça XV de Novembro,heritage_site,wikidata,-22.903,-43.173694444,Q10353359,wikidata:Praça XV de Novembro:-22.90300:-43.17369
Rua do Catete,heritage_site,wikidata,-22.92592,-43.176251,Q10365024,wikidata:Rua do Catete:-22.92592:-43.17625
Santa Casa de Misericórdia do Rio de Janeiro,heritage_site,wikidata,-22.907521,-43.171143,Q10367749,wikidata:Santa Casa de Misericórdia do Rio de Janeiro:-22.90752:-43.17114
Convento de Santo Antônio,heritage_site,wikidata,-22.90725,-43.179138888,Q14947966,wikidata:Convento de Santo Antônio:-22.90725:-43.17914
edifício-sede da Associação Brasileira de Imprensa,heritage_site,wikidata,-22.90915,-43.17484,Q18275922,wikidata:edifício-sede da Associação Brasileira de Imprensa:-22.90915:-43.17484
Colégio Militar do Rio de Janeiro,heritage_site,wikidata,-22.91691,-43.226343,Q18473983,wikidata:Colégio Militar do Rio de Janeiro:-22.91691:-43.22634
Estátua equestre de Dom Pedro I,heritage_site,wikidata,-22.906954,-43.182824,Q18476242,wikidata:Estátua equestre de Dom Pedro I:-22.90695:-43.18282
Morro Dois Irmãos,heritage_site,wikidata,-22.9908,-43.2396,Q18476300,wikidata:Morro Dois Irmãos:-22.99080:-43.23960
Chafariz Paulo Fernandes,heritage_site,wikidata,-22.9115308,-43.1945616,Q67210687,wikidata:Chafariz Paulo Fernandes:-22.91153:-43.19456
Antigo Solar do Visconde do Rio Seco,heritage_site,wikidata,-22.907468,-43.183786,Q69362807,wikidata:Antigo Solar do Visconde do Rio Seco:-22.90747:-43.18379
Edifício Docas de Santos,heritage_site,wikidata,-22.900569,-43.179598,Q69363749,wikidata:Edifício Docas de Santos:-22.90057:-43.17960
Palácio Guanabara,heritage_site,wikidata,-22.9375,-43.18388889,Q3813706,wikidata:Palácio Guanabara:-22.93750:-43.18389
Avenida Rio Branco,heritage_site,wikidata,-22.90472222,-43.1775,Q4828121,wikidata:Avenida Rio Branco:-22.90472:-43.17750
Convento do Carmo,heritage_site,wikidata,-22.903371,-43.175553,Q4902626,wikidata:Convento do Carmo:-22.90337:-43.17555
Casa da Moeda do Brasil,heritage_site,wikidata,-22.90649,-43.190782,Q5047900,wikidata:Casa da Moeda do Brasil:-22.90649:-43.19078
Edifício ''A Noite'',heritage_site,wikidata,-22.8973,-43.181,Q5338058,wikidata:Edifício ''A Noite'':-22.89730:-43.18100
Forte de Copacabana,heritage_site,wikidata,-22.985833333,-43.185277777,Q5470982,wikidata:Forte de Copacabana:-22.98583:-43.18528
Fortaleza de São João,heritage_site,wikidata,-22.943372,-43.156458,Q5472516,wikidata:Fortaleza de São João:-22.94337:-43.15646
Estação Leopoldina,heritage_site,wikidata,-22.90766242,-43.21057088,Q10275936,wikidata:Estação Leopoldina:-22.90766:-43.21057
Observatório Nacional,heritage_site,wikidata,-22.8958759,-43.2249755,Q6621362,wikidata:Observatório Nacional:-22.89588:-43.22498
Casa das Canoas,heritage_site,wikidata,-22.985902,-43.272883,Q6816788,wikidata:Casa das Canoas:-22.98590:-43.27288
Morro da Babilônia,heritage_site,wikidata,-22.96,-43.17055556,Q6914185,wikidata:Morro da Babilônia:-22.96000:-43.17056
Passeio Público,heritage_site,wikidata,-22.91379722,-43.17598611,Q7142572,wikidata:Passeio Público:-22.91380:-43.17599
Casa de Rui Barbosa,heritage_site,wikidata,-22.948753553,-43.187046216,Q61000992,wikidata:Casa de Rui Barbosa:-22.94875:-43.18705
Lampadário da Lapa,heritage_site,wikidata,-22.9143351,-43.1780163,Q61773852,wikidata:Lampadário da Lapa:-22.91434:-43.17802
Alfândega do Rio de Janeiro,heritage_site,wikidata,-22.900285,-43.176353055,Q64363860,wikidata:Alfândega do Rio de Janeiro:-22.90029:-43.17635
Igreja de São José,heritage_site,wikidata,-22.9045,-43.1741,Q64578365,wikidata:Igreja de São José:-22.90450:-43.17410
Solar da Imperatriz,heritage_site,wikidata,-22.9678611,-43.2403981,Q64847884,wikidata:Solar da Imperatriz:-22.96786:-43.24040
Conjunto Residencial do Parque Guinle,heritage_site,wikidata,-22.930628,-43.182347,Q109564185,wikidata:Conjunto Residencial do Parque Guinle:-22.93063:-43.18235
Acervo do Museu de Imagens do Inconsciente,heritage_site,wikidata,-22.900912,-43.30067,Q111920771,wikidata:Acervo do Museu de Imagens do Inconsciente:-22.90091:-43.30067
Mosteiro de São Bento,heritage_site,wikidata,-22.8970349,-43.178051,Q2820360,wikidata:Mosteiro de São Bento:-22.89703:-43.17805
Igreja de Nossa Senhora do Carmo,heritage_site,wikidata,-22.903333333,-43.175555555,Q2942273,wikidata:Igreja de Nossa Senhora do Carmo:-22.90333:-43.17556
Convento de Santa Teresa,heritage_site,wikidata,-22.915529,-43.180453,Q18482673,wikidata:Convento de Santa Teresa:-22.91553:-43.18045
Solar Grandjean de Montigny,heritage_site,wikidata,-22.979022,-43.233756,Q18485129,wikidata:Solar Grandjean de Montigny:-22.97902:-43.23376
Coleção Geyer,heritage_site,wikidata,-22.94099,-43.205175,Q25419064,wikidata:Coleção Geyer:-22.94099:-43.20517
Capela Nossa Senhora da Cabeça Rio de Janeiro,heritage_site,wikidata,-22.960962,-43.22087,Q30935277,wikidata:Capela Nossa Senhora da Cabeça Rio de Janeiro:-22.96096:-43.22087
Igreja de São Francisco da Prainha,heritage_site,wikidata,-22.897811,-43.183628,Q48862348,wikidata:Igreja de São Francisco da Prainha:-22.89781:-43.18363
Bica da Rainha,heritage_site,wikidata,-22.94078,-43.197006,Q48862982,wikidata:Bica da Rainha:-22.94078:-43.19701
Igreja Nossa Senhora Mãe dos Homens (Rio de Janeiro),heritage_site,wikidata,-22.901768,-43.178394,Q55264666,wikidata:Igreja Nossa Senhora Mãe dos Homens (Rio de Janeiro):-22.90177:-43.17839
Escola Nacional de Belas Artes,heritage_site,wikidata,-22.908769444,-43.175705555,Q55439919,wikidata:Escola Nacional de Belas Artes:-22.90877:-43.17571
Casa do Bispo,heritage_site,wikidata,-22.926067,-43.210271,Q55608773,wikidata:Casa do Bispo:-22.92607:-43.21027
Palácio Universitário UFRJ,heritage_site,wikidata,-22.952333,-43.174504,Q56641177,wikidata:Palácio Universitário UFRJ:-22.95233:-43.17450
Jardim e Morro do Valongo,heritage_site,wikidata,-22.898558,-43.186426,Q56641218,wikidata:Jardim e Morro do Valongo:-22.89856:-43.18643
Igreja do Bom Jesus da Coluna,heritage_site,wikidata,-22.859478,-43.2123,Q56641219,wikidata:Igreja do Bom Jesus da Coluna:-22.85948:-43.21230
Conjunto Arquitetônico da Avenida Central,heritage_site,wikidata,-22.909834,-43.175895,Q56641304,wikidata:Conjunto Arquitetônico da Avenida Central:-22.90983:-43.17589
Hangar de Zepelins do Aeroporto Bartolomeu de Gusmão,heritage_site,wikidata,-22.922736,-43.703531,Q111922313,wikidata:Hangar de Zepelins do Aeroporto Bartolomeu de Gusmão:-22.92274:-43.70353
Estação Ferroviária Leopoldina - Barão de Mauá,heritage_site,wikidata,-22.907711078,-43.210454321,Q69363079,wikidata:Estação Ferroviária Leopoldina - Barão de Mauá:-22.90771:-43.21045
Pinturas de Leandro Joaquim,heritage_site,wikidata,-22.917465,-43.184089,Q111923608,wikidata:Pinturas de Leandro Joaquim:-22.91746:-43.18409
Fazenda do Capão do Bispo,heritage_site,wikidata,-22.883174,-43.278144,Q83904475,wikidata:Fazenda do Capão do Bispo:-22.88317:-43.27814
Pavilhão Mourisco,heritage_site,wikidata,-22.8749473,-43.2454285,Q84971371,wikidata:Pavilhão Mourisco:-22.87495:-43.24543
Igreja de Nossa Senhora do Carmo da Lapa do Desterro,heritage_site,wikidata,-22.914592,-43.177707,Q96586968,wikidata:Igreja de Nossa Senhora do Carmo da Lapa do Desterro:-22.91459:-43.17771
Fazenda da Taquara,heritage_site,wikidata,-22.922226662,-43.382882804,Q136421907,wikidata:Fazenda da Taquara:-22.92223:-43.38288
Parque Lage,heritage_site,wikidata,-22.9606,-43.212,Q7139641,wikidata:Parque Lage:-22.96060:-43.21200
Estádio Jornalista Mário Filho,heritage_site,wikidata,-22.912222222,-43.230277777,Q155174,wikidata:Estádio Jornalista Mário Filho:-22.91222:-43.23028
Cristo Redentor,heritage_site,wikidata,-22.951915648,-43.210464122,Q79961,wikidata:Cristo Redentor:-22.95192:-43.21046
Aterro do Flamengo,heritage_site,wikidata,-22.921,-43.17,Q5457206,wikidata:Aterro do Flamengo:-22.92100:-43.17000
Fortaleza de São José da Ilha das Cobras,heritage_site,wikidata,-22.896382,-43.17114,Q10283639,wikidata:Fortaleza de São José da Ilha das Cobras:-22.89638:-43.17114
Feira de Tijuca (Sexta-Feira),recurring_cultural_event,feiras_registry,-22.9206461,-43.2249591,,feiras_registry:Feira de Tijuca (Sexta-Feira):-22.92065:-43.22496
"Feira de Recreio Dos
Bandeirantes (Sábado)",recurring_cultural_event,feiras_registry,-23.0232945,-43.4855252,,"feiras_registry:Feira de Recreio Dos
Bandeirantes (Sábado):-23.02329:-43.48553"
Feira de Cidade De Deus (Quarta-Feira),recurring_cultural_event,feiras_registry,-22.9480908,-43.3592755,,feiras_registry:Feira de Cidade De Deus (Quarta-Feira):-22.94809:-43.35928
Confeitaria Colombo,landmark_and_historical_building,manual_curation,-22.9068,-43.1786,,manual:Confeitaria Colombo
