name,category,source,lat,lon,wikidata_qid,id
Aldeia Maracanã,art_museum,overture,-22.911029815673828,-43.22772979736328,,overture:Aldeia Maracanã:-22.91103:-43.22773
Cantina do Mam,art_museum,overture,-22.914005279541016,-43.17272186279297,,overture:Cantina do Mam:-22.91401:-43.17272
Casa França-Brasil,art_museum,overture,-22.900606155395508,-43.175724029541016,,overture:Casa França-Brasil:-22.90061:-43.17572
Casa de Cultura Ife Ominira,art_museum,overture,-22.862659454345703,-43.36122131347656,,overture:Casa de Cultura Ife Ominira:-22.86266:-43.36122
Casa de Cultura José Bonifácio,art_museum,overture,-22.763750076293945,-43.10957336425781,,overture:Casa de Cultura José Bonifácio:-22.76375:-43.10957
Chácara do Céu,art_museum,overture,-22.91794776916504,-43.18294906616211,,overture:Chácara do Céu:-22.91795:-43.18295
Cinemateca do MAM,art_museum,overture,-22.913820266723633,-43.17283630371094,,overture:Cinemateca do MAM:-22.91382:-43.17284
Ensaio Técnico de Rua Unidos da Tijuca,art_museum,overture,-22.90422248840332,-43.20692825317383,,overture:Ensaio Técnico de Rua Unidos da Tijuca:-22.90422:-43.20693
Exposição Pessach,art_museum,overture,-22.935863494873047,-43.189781188964844,,overture:Exposição Pessach:-22.93586:-43.18978
Fundação de Arte de Niterói,art_museum,overture,-22.903688430786133,-43.12492752075195,,overture:Fundação de Arte de Niterói:-22.90369:-43.12493
Galeria Mestre Vitalino,art_museum,overture,-22.925739288330078,-43.17658996582031,,overture:Galeria Mestre Vitalino:-22.92574:-43.17659
Instituto Casa Roberto Marinho (ICRM),art_museum,overture,-22.93992805480957,-43.20408630371094,,overture:Instituto Casa Roberto Marinho (ICRM):-22.93993:-43.20409
Leão Etíope do Méier,art_museum,overture,-22.90203285217285,-43.279823303222656,,overture:Leão Etíope do Méier:-22.90203:-43.27982
MAAS Museu Arquidiocesano de Arte Sacra do Rio de Janeiro,art_museum,overture,-22.910724639892578,-43.18042755126953,,overture:MAAS Museu Arquidiocesano de Arte Sacra do Rio de Janeiro:-22.91072:-43.18043
Mac,art_museum,overture,-22.907814025878906,-43.12583923339844,,overture:Mac:-22.90781:-43.12584
Mac - Niterói Contemporary Art Museum,art_museum,overture,-22.8283634185791,-43.28694152832031,,overture:Mac - Niterói Contemporary Art Museum:-22.82836:-43.28694
Museu Antonio Parreiras,art_museum,overture,-22.90177345275879,-43.12611389160156,,overture:Museu Antonio Parreiras:-22.90177:-43.12611
Museu Arquidiocesano de Arte Sacra do Rio de Janeiro (MAAS),art_museum,overture,-22.910140991210938,-43.180580139160156,,overture:Museu Arquidiocesano de Arte Sacra do Rio de Janeiro (MAAS):-22.91014:-43.18058
Museu Astronomico,art_museum,overture,-22.91215705871582,-43.10837936401367,,overture:Museu Astronomico:-22.91216:-43.10838
Museu Casa do Pontal,art_museum,overture,-23.02385902404785,-43.510189056396484,,overture:Museu Casa do Pontal:-23.02386:-43.51019
Museu Do Graffiti,art_museum,overture,-22.8173885345459,-43.35755920410156,,overture:Museu Do Graffiti:-22.81739:-43.35756
Museu Janete Costa de Arte Popular,art_museum,overture,-22.903703689575195,-43.12810134887695,,overture:Museu Janete Costa de Arte Popular:-22.90370:-43.12810
Museu Raymundo Ottoni Castro Maya,art_museum,overture,-22.917781829833984,-43.18159103393555,,overture:Museu Raymundo Ottoni Castro Maya:-22.91778:-43.18159
Museu Sacro Franciscano,art_museum,overture,-22.906829833984375,-43.17914962768555,,overture:Museu Sacro Franciscano:-22.90683:-43.17915
Museu da Chácara do Céu,art_museum,overture,-22.9173641204834,-43.18417739868164,,overture:Museu da Chácara do Céu:-22.91736:-43.18418
Museu da Cidade,art_museum,overture,-22.90114402770996,-43.177005767822266,,overture:Museu da Cidade:-22.90114:-43.17701
Museu da Cultura Puri,art_museum,overture,-22.914276123046875,-43.199981689453125,,overture:Museu da Cultura Puri:-22.91428:-43.19998
Museu da Imagem e do Som,art_museum,overture,-22.979015350341797,-43.189388275146484,,overture:Museu da Imagem e do Som:-22.97902:-43.18939
Museu das Telecomunicações,art_museum,overture,-22.929960250854492,-43.176513671875,,overture:Museu das Telecomunicações:-22.92996:-43.17651
Museu de Arte Contemporânea de Niterói (MAC),art_museum,overture,-22.907350540161133,-43.125770568847656,,overture:Museu de Arte Contemporânea de Niterói (MAC):-22.90735:-43.12577
Museu de Arte do Rio,art_museum,overture,-22.896608352661133,-43.182037353515625,,overture:Museu de Arte do Rio:-22.89661:-43.18204
Museu de Arte do Rio (MAR),art_museum,overture,-22.896881103515625,-43.18177032470703,,overture:Museu de Arte do Rio (MAR):-22.89688:-43.18177
Museu de Artes Ivan Del Blanco,art_museum,overture,-22.975910186767578,-43.1898307800293,,overture:Museu de Artes Ivan Del Blanco:-22.97591:-43.18983
Museu de Imagens do Inconsciente,art_museum,overture,-22.903488159179688,-43.301368713378906,,overture:Museu de Imagens do Inconsciente:-22.90349:-43.30137
Museu do Açude,art_museum,overture,-22.964826583862305,-43.2820930480957,,overture:Museu do Açude:-22.96483:-43.28209
Museu do Ingá,art_museum,overture,-22.903356552124023,-43.125545501708984,,overture:Museu do Ingá:-22.90336:-43.12555
Museu do Pontal,art_museum,overture,-22.994173049926758,-43.39838409423828,,overture:Museu do Pontal:-22.99417:-43.39838
Museu do paço,art_museum,overture,-22.902894973754883,-43.173309326171875,,overture:Museu do paço:-22.90289:-43.17331
Museum Dom João VI,art_museum,overture,-22.86240577697754,-43.22301483154297,,overture:Museum Dom João VI:-22.86241:-43.22301
Museum of Inga,art_museum,overture,-22.90365219116211,-43.12541961669922,,overture:Museum of Inga:-22.90365:-43.12542
Petit Trianon,art_museum,overture,-22.9094181060791,-43.17273712158203,,overture:Petit Trianon:-22.90942:-43.17274
Polo Praça XV,art_museum,overture,-22.902820587158203,-43.174583435058594,,overture:Polo Praça XV:-22.90282:-43.17458
Scalinata Selarón,art_museum,overture,-22.915699005126953,-43.178958892822266,,overture:Scalinata Selarón:-22.91570:-43.17896
grande cia. de mystérios e novidades,art_museum,overture,-22.897661209106445,-43.19271469116211,,overture:grande cia. de mystérios e novidades:-22.89766:-43.19271
A Casa de Bambas,cultural_center,overture,-22.82243537902832,-43.29426956176758,,overture:A Casa de Bambas:-22.82244:-43.29427
A Garagem,cultural_center,overture,-22.90664291381836,-43.18018341064453,,overture:A Garagem:-22.90664:-43.18018
A Maison | Espaço Cultural da França,cultural_center,overture,-22.910192489624023,-43.17153549194336,,overture:A Maison | Espaço Cultural da França:-22.91019:-43.17154
Abafu,cultural_center,overture,-22.922622680664062,-43.37626647949219,,overture:Abafu:-22.92262:-43.37627
Academia Fluminense de Letras,cultural_center,overture,-22.89458656311035,-43.11707305908203,,overture:Academia Fluminense de Letras:-22.89459:-43.11707
Académicos do Dendê Raízes,cultural_center,overture,-22.79741096496582,-43.19303512573242,,overture:Académicos do Dendê Raízes:-22.79741:-43.19304
Acaso Cultural,cultural_center,overture,-22.946800231933594,-43.18497848510742,,overture:Acaso Cultural:-22.94680:-43.18498
Acervo Cultural e Histórico do GRES Estácio de Sá,cultural_center,overture,-22.912750244140625,-43.201873779296875,,overture:Acervo Cultural e Histórico do GRES Estácio de Sá:-22.91275:-43.20187
Adaf,cultural_center,overture,-22.906259536743164,-43.10544967651367,,overture:Adaf:-22.90626:-43.10545
"Amarathi, hub cultural",cultural_center,overture,-22.902114868164062,-43.17770767211914,,"overture:Amarathi, hub cultural:-22.90211:-43.17771"
Arcanos,cultural_center,overture,-22.885000228881836,-43.32087707519531,,overture:Arcanos:-22.88500:-43.32088
Arena Carioca Jovelina Pérola Negra,cultural_center,overture,-22.808841705322266,-43.36194610595703,,overture:Arena Carioca Jovelina Pérola Negra:-22.80884:-43.36195
Arena Cultural Dicró,cultural_center,overture,-22.839202880859375,-43.28770446777344,,overture:Arena Cultural Dicró:-22.83920:-43.28770
Areninha Carioca Hermeto Pascoal,cultural_center,overture,-22.87732696533203,-43.47283172607422,,overture:Areninha Carioca Hermeto Pascoal:-22.87733:-43.47283
Areninha Cultural Gilberto Gil,cultural_center,overture,-22.878103256225586,-43.415794372558594,,overture:Areninha Cultural Gilberto Gil:-22.87810:-43.41579
Areninha Cultural Joao Bosco de Vista Alegre,cultural_center,overture,-22.83230209350586,-43.31244659423828,,overture:Areninha Cultural Joao Bosco de Vista Alegre:-22.83230:-43.31245
Areninha Cultural Renato Russo,cultural_center,overture,-22.8050479888916,-43.1795539855957,,overture:Areninha Cultural Renato Russo:-22.80505:-43.17955
Armazém Cultural das Artes,cultural_center,overture,-22.894107818603516,-43.1901969909668,,overture:Armazém Cultural das Artes:-22.89411:-43.19020
Arte Cultura e Poder,cultural_center,overture,-22.911256790161133,-43.23640060424805,,overture:Arte Cultura e Poder:-22.91126:-43.23640
Associate - Ilha do Governador,cultural_center,overture,-22.80379867553711,-43.210533142089844,,overture:Associate - Ilha do Governador:-22.80380:-43.21053
Associação Afrocultural Yorubá,cultural_center,overture,-22.883657455444336,-43.29517364501953,,overture:Associação Afrocultural Yorubá:-22.88366:-43.29517
Associação Cultural Espaço Carioca,cultural_center,overture,-22.873783111572266,-43.31510543823242,,overture:Associação Cultural Espaço Carioca:-22.87378:-43.31511
Associação Cultural Grupo Afrolaje,cultural_center,overture,-22.903852462768555,-43.30330276489258,,overture:Associação Cultural Grupo Afrolaje:-22.90385:-43.30330
Associação Recordar É Viver,cultural_center,overture,-22.8531494140625,-43.26069259643555,,overture:Associação Recordar É Viver:-22.85315:-43.26069
Associação dos Amigos da Lona Cultural Hermeto Pascoal,cultural_center,overture,-22.877389907836914,-43.47265625,,overture:Associação dos Amigos da Lona Cultural Hermeto Pascoal:-22.87739:-43.47266
Asé Pingo D'água,cultural_center,overture,-22.965988159179688,-43.64802932739258,,overture:Asé Pingo D'água:-22.96599:-43.64803
BAC - Barracão de Arte e Cultura Sepetiba,cultural_center,overture,-22.9674129486084,-43.6905403137207,,overture:BAC - Barracão de Arte e Cultura Sepetiba:-22.96741:-43.69054
BDA - Batalha do Ares,cultural_center,overture,-22.83595085144043,-43.41078186035156,,overture:BDA - Batalha do Ares:-22.83595:-43.41078
Barricada - Centro Cultural Marginal Fernando Calado,cultural_center,overture,-22.896503448486328,-43.12567138671875,,overture:Barricada - Centro Cultural Marginal Fernando Calado:-22.89650:-43.12567
Batalha do Camorim,cultural_center,overture,-22.96579360961914,-43.41481018066406,,overture:Batalha do Camorim:-22.96579:-43.41481
Batalha do Parque,cultural_center,overture,-22.844928741455078,-43.363121032714844,,overture:Batalha do Parque:-22.84493:-43.36312
Bloco Céu Na Terra,cultural_center,overture,-22.921537399291992,-43.18606185913086,,overture:Bloco Céu Na Terra:-22.92154:-43.18606
Bloco Minha Raiz,cultural_center,overture,-22.897502899169922,-43.30708312988281,,overture:Bloco Minha Raiz:-22.89750:-43.30708
Bota Dendê - Rio de Janeiro,cultural_center,overture,-22.905803680419922,-43.29222106933594,,overture:Bota Dendê - Rio de Janeiro:-22.90580:-43.29222
Brabas da Conceito,cultural_center,overture,-22.880990982055664,-43.37028503417969,,overture:Brabas da Conceito:-22.88099:-43.37029
Buda Senzala e Alunos,cultural_center,overture,-22.788890838623047,-43.16804122924805,,overture:Buda Senzala e Alunos:-22.78889:-43.16804
C.C.N Fruta do Pé,cultural_center,overture,-22.911243438720703,-43.590633392333984,,overture:C.C.N Fruta do Pé:-22.91124:-43.59063
CASARTI Casa do Artista Independente,cultural_center,overture,-22.826129913330078,-43.31207275390625,,overture:CASARTI Casa do Artista Independente:-22.82613:-43.31207
CCBB Rio de Janeiro,cultural_center,overture,-22.900941848754883,-43.17645263671875,,overture:CCBB Rio de Janeiro:-22.90094:-43.17645
CCS Movimento,cultural_center,overture,-22.912141799926758,-43.187747955322266,,overture:CCS Movimento:-22.91214:-43.18775
CCSP Cardeal Orani Tempesta,cultural_center,overture,-22.830881118774414,-43.32612228393555,,overture:CCSP Cardeal Orani Tempesta:-22.83088:-43.32612
CRAB - Centro Sebrae de Referência do Artesanato Brasileiro,cultural_center,overture,-22.907665252685547,-43.18381881713867,,overture:CRAB - Centro Sebrae de Referência do Artesanato Brasileiro:-22.90767:-43.18382
CRAB Sebrae - Centro de Referencia do Artesanato Brasileiro,cultural_center,overture,-22.90735626220703,-43.18382263183594,,overture:CRAB Sebrae - Centro de Referencia do Artesanato Brasileiro:-22.90736:-43.18382
Caixa Cultural Rj,cultural_center,overture,-22.908283233642578,-43.17692184448242,,overture:Caixa Cultural Rj:-22.90828:-43.17692
Caminho Niemeyer,cultural_center,overture,-22.8905029296875,-43.126956939697266,,overture:Caminho Niemeyer:-22.89050:-43.12696
Campus Avançado,cultural_center,overture,-22.90159034729004,-43.13318634033203,,overture:Campus Avançado:-22.90159:-43.13319
Capacete Centro Cultural,cultural_center,overture,-22.9213924407959,-43.18112564086914,,overture:Capacete Centro Cultural:-22.92139:-43.18113
Capoeira Ubemtem,cultural_center,overture,-22.901281356811523,-43.35660934448242,,overture:Capoeira Ubemtem:-22.90128:-43.35661
Casa 136 Laranjeiras,cultural_center,overture,-22.935924530029297,-43.18094253540039,,overture:Casa 136 Laranjeiras:-22.93592:-43.18094
Casa 264,cultural_center,overture,-22.899694442749023,-43.12676239013672,,overture:Casa 264:-22.89969:-43.12676
Casa 7,cultural_center,overture,-22.9836368560791,-43.194847106933594,,overture:Casa 7:-22.98364:-43.19485
Casa Afrodai,cultural_center,overture,-22.91438102722168,-43.1795654296875,,overture:Casa Afrodai:-22.91438:-43.17957
Casa Amarela Providência,cultural_center,overture,-22.900367736816406,-43.19527816772461,,overture:Casa Amarela Providência:-22.90037:-43.19528
Casa Amarela centro cultural e atelier,cultural_center,overture,-22.853288650512695,-43.369571685791016,,overture:Casa Amarela centro cultural e atelier:-22.85329:-43.36957
Casa Anthropos,cultural_center,overture,-22.956314086914062,-43.19313430786133,,overture:Casa Anthropos:-22.95631:-43.19313
Casa Carnaval | Centro,cultural_center,overture,-22.901662826538086,-43.17522430419922,,overture:Casa Carnaval | Centro:-22.90166:-43.17522
Casa Coletiva | Rio de Janeiro RJ,cultural_center,overture,-22.920507431030273,-43.185691833496094,,overture:Casa Coletiva | Rio de Janeiro RJ:-22.92051:-43.18569
Casa Cultural Manacá,cultural_center,overture,-22.908748626708984,-43.1949462890625,,overture:Casa Cultural Manacá:-22.90875:-43.19495
Casa Cultural da Nossa Gente,cultural_center,overture,-22.89432144165039,-43.28986358642578,,overture:Casa Cultural da Nossa Gente:-22.89432:-43.28986
Casa De Cultura,cultural_center,overture,-22.88469123840332,-43.303688049316406,,overture:Casa De Cultura:-22.88469:-43.30369
Casa Escalona Rio de Janeiro,cultural_center,overture,-22.913511276245117,-43.19422149658203,,overture:Casa Escalona Rio de Janeiro:-22.91351:-43.19422
Casa Fred Coworking,cultural_center,overture,-22.948102951049805,-43.329830169677734,,overture:Casa Fred Coworking:-22.94810:-43.32983
Casa Rosa da Gávea,cultural_center,overture,-22.978830337524414,-43.23455047607422,,overture:Casa Rosa da Gávea:-22.97883:-43.23455
Casa Sol,cultural_center,overture,-22.916183471679688,-43.19157028198242,,overture:Casa Sol:-22.91618:-43.19157
Casa Sol do Grajaú,cultural_center,overture,-22.922264099121094,-43.266876220703125,,overture:Casa Sol do Grajaú:-22.92226:-43.26688
Casa Subversa,cultural_center,overture,-22.906911849975586,-43.183876037597656,,overture:Casa Subversa:-22.90691:-43.18388
Casa da Tia Ciata,cultural_center,overture,-22.898033142089844,-43.18750762939453,,overture:Casa da Tia Ciata:-22.89803:-43.18751
Casa da Águia,cultural_center,overture,-22.99392318725586,-43.26187515258789,,overture:Casa da Águia:-22.99392:-43.26188
Casa de Arte e Cultura Julieta de Serpa,cultural_center,overture,-22.936410903930664,-43.17448043823242,,overture:Casa de Arte e Cultura Julieta de Serpa:-22.93641:-43.17448
Casa de Arte e Cultura Luiz Januário,cultural_center,overture,-22.92275047302246,-43.2202262878418,,overture:Casa de Arte e Cultura Luiz Januário:-22.92275:-43.22023
Casa de Artes Paquetá,cultural_center,overture,-22.753250122070312,-43.11125564575195,,overture:Casa de Artes Paquetá:-22.75325:-43.11126
Casa de Artes e Culturas Percília Teles da Silva,cultural_center,overture,-22.891809463500977,-43.34464645385742,,overture:Casa de Artes e Culturas Percília Teles da Silva:-22.89181:-43.34465
Casa de Artista,cultural_center,overture,-22.89115333557129,-43.1231689453125,,overture:Casa de Artista:-22.89115:-43.12317
Casa de Cultura,cultural_center,overture,-22.87691307067871,-43.2701301574707,,overture:Casa de Cultura:-22.87691:-43.27013
Casa de Cultura - Volta do Mundo e Conexões do Beco da Cultura,cultural_center,overture,-22.9013729095459,-43.17522048950195,,overture:Casa de Cultura - Volta do Mundo e Conexões do Beco da Cultura:-22.90137:-43.17522
Casa de Cultura Elbe de Holanda,cultural_center,overture,-22.81744956970215,-43.199642181396484,,overture:Casa de Cultura Elbe de Holanda:-22.81745:-43.19964
Casa de Cultura Laura Alvim,cultural_center,overture,-22.9865779876709,-43.19922637939453,,overture:Casa de Cultura Laura Alvim:-22.98658:-43.19923
Casa de Cultura Marise Moreira de Brito,cultural_center,overture,-22.874069213867188,-43.77790069580078,,overture:Casa de Cultura Marise Moreira de Brito:-22.87407:-43.77790
Casa de Cultura de Jacarepaguá,cultural_center,overture,-22.922273635864258,-43.377716064453125,,overture:Casa de Cultura de Jacarepaguá:-22.92227:-43.37772
Casa de Cultura de Nova Iguaçu,cultural_center,overture,-22.761377334594727,-43.45033264160156,,overture:Casa de Cultura de Nova Iguaçu:-22.76138:-43.45033
Casa de Oliveira Vianna,cultural_center,overture,-22.88060760498047,-43.108699798583984,,overture:Casa de Oliveira Vianna:-22.88061:-43.10870
Casa de Viseu,cultural_center,overture,-22.845378875732422,-43.303672790527344,,overture:Casa de Viseu:-22.84538:-43.30367
Casa do Nando,cultural_center,overture,-22.90177345275879,-43.185081481933594,,overture:Casa do Nando:-22.90177:-43.18508
Casa do Pandeiro,cultural_center,overture,-22.903732299804688,-43.177494049072266,,overture:Casa do Pandeiro:-22.90373:-43.17749
Casa do Propósito,cultural_center,overture,-22.895689010620117,-43.19484329223633,,overture:Casa do Propósito:-22.89569:-43.19484
Casa do Recreio Arte e Cultura,cultural_center,overture,-23.021535873413086,-43.47924041748047,,overture:Casa do Recreio Arte e Cultura:-23.02154:-43.47924
Casa do Saber Popular,cultural_center,overture,-22.966026306152344,-43.605770111083984,,overture:Casa do Saber Popular:-22.96603:-43.60577
Casa do Saber Rio,cultural_center,overture,-22.982398986816406,-43.217491149902344,,overture:Casa do Saber Rio:-22.98240:-43.21749
Casa dos Açores,cultural_center,overture,-22.92093276977539,-43.22099304199219,,overture:Casa dos Açores:-22.92093:-43.22099
Castelo Fiocruz Rj Brasil,cultural_center,overture,-22.91193962097168,-43.183937072753906,,overture:Castelo Fiocruz Rj Brasil:-22.91194:-43.18394
Ccbb - Centro Cultural Banco do Brasil,cultural_center,overture,-22.909160614013672,-43.101985931396484,,overture:Ccbb - Centro Cultural Banco do Brasil:-22.90916:-43.10199
Centro Carnavalesco Onça Preta,cultural_center,overture,-22.8994083404541,-43.18793487548828,,overture:Centro Carnavalesco Onça Preta:-22.89941:-43.18793
Centro Cultural Abrigo de Bondes,cultural_center,overture,-22.889877319335938,-43.11445999145508,,overture:Centro Cultural Abrigo de Bondes:-22.88988:-43.11446
Centro Cultural Acao da Cidadania,cultural_center,overture,-22.896638870239258,-43.18660354614258,,overture:Centro Cultural Acao da Cidadania:-22.89664:-43.18660
Centro Cultural AfroRio,cultural_center,overture,-22.877906799316406,-43.32757568359375,,overture:Centro Cultural AfroRio:-22.87791:-43.32758
Centro Cultural Atriz Chica Xa,cultural_center,overture,-22.84918212890625,-43.266422271728516,,overture:Centro Cultural Atriz Chica Xa:-22.84918:-43.26642
Centro Cultural Banco Do Brasil,cultural_center,overture,-22.98717498779297,-43.19620132446289,,overture:Centro Cultural Banco Do Brasil:-22.98717:-43.19620
Centro Cultural Banco Do Brasil,cultural_center,overture,-22.802000045776367,-43.2046012878418,,overture:Centro Cultural Banco Do Brasil:-22.80200:-43.20460
Centro Cultural Banco do Brasil,cultural_center,overture,-22.90096092224121,-43.176475524902344,,overture:Centro Cultural Banco do Brasil:-22.90096:-43.17648
Centro Cultural Benjamin Peret,cultural_center,overture,-22.91719627380371,-43.17892074584961,,overture:Centro Cultural Benjamin Peret:-22.91720:-43.17892
Centro Cultural Boa Viagem,cultural_center,overture,-22.905902862548828,-43.132164001464844,,overture:Centro Cultural Boa Viagem:-22.90590:-43.13216
Centro Cultural Calça Larga,cultural_center,overture,-22.929880142211914,-43.226585388183594,,overture:Centro Cultural Calça Larga:-22.92988:-43.22659
Centro Cultural Capiberibe 27,cultural_center,overture,-22.90228271484375,-43.20414733886719,,overture:Centro Cultural Capiberibe 27:-22.90228:-43.20415
Centro Cultural Carioca,cultural_center,overture,-22.906307220458984,-43.18179702758789,,overture:Centro Cultural Carioca:-22.90631:-43.18180
Centro Cultural Cartola,cultural_center,overture,-22.901554107666016,-43.2408561706543,,overture:Centro Cultural Cartola:-22.90155:-43.24086
Centro Cultural Casa da FEB,cultural_center,overture,-22.91217803955078,-43.1782341003418,,overture:Centro Cultural Casa da FEB:-22.91218:-43.17823
Centro Cultural Cauby Peixoto,cultural_center,overture,-22.880266189575195,-43.10320281982422,,overture:Centro Cultural Cauby Peixoto:-22.88027:-43.10320
Centro Cultural Cecília Conde,cultural_center,overture,-22.859516143798828,-43.26013946533203,,overture:Centro Cultural Cecília Conde:-22.85952:-43.26014
Centro Cultural China Brasil Yuan Aiping,cultural_center,overture,-23.004392623901367,-43.319679260253906,,overture:Centro Cultural China Brasil Yuan Aiping:-23.00439:-43.31968
Centro Cultural Correia Lima,cultural_center,overture,-22.92682456970215,-43.179420471191406,,overture:Centro Cultural Correia Lima:-22.92682:-43.17942
Centro Cultural Correios,cultural_center,overture,-22.90115737915039,-43.17589569091797,,overture:Centro Cultural Correios:-22.90116:-43.17590
Centro Cultural Cândido José de Araújo,cultural_center,overture,-22.895601272583008,-43.192203521728516,,overture:Centro Cultural Cândido José de Araújo:-22.89560:-43.19220
Centro Cultural Diversa,cultural_center,overture,-22.906648635864258,-43.1809196472168,,overture:Centro Cultural Diversa:-22.90665:-43.18092
Centro Cultural Donana,cultural_center,overture,-22.746814727783203,-43.406864166259766,,overture:Centro Cultural Donana:-22.74681:-43.40686
Centro Cultural Dragão Do Mar,cultural_center,overture,-22.944835662841797,-43.34160614013672,,overture:Centro Cultural Dragão Do Mar:-22.94484:-43.34161
Centro Cultural Educar,cultural_center,overture,-22.8800106048584,-43.252899169921875,,overture:Centro Cultural Educar:-22.88001:-43.25290
Centro Cultural FGV,cultural_center,overture,-22.94097137451172,-43.18012619018555,,overture:Centro Cultural FGV:-22.94097:-43.18013
Centro Cultural Fundição Progresso,cultural_center,overture,-22.912513732910156,-43.18024826049805,,overture:Centro Cultural Fundição Progresso:-22.91251:-43.18025
Centro Cultural Ilha do Governador,cultural_center,overture,-22.80044937133789,-43.19773483276367,,overture:Centro Cultural Ilha do Governador:-22.80045:-43.19773
Centro Cultural Inclusartiz,cultural_center,overture,-22.89592170715332,-43.1920051574707,,overture:Centro Cultural Inclusartiz:-22.89592:-43.19201
Centro Cultural Infinito,cultural_center,overture,-22.933513641357422,-43.20042037963867,,overture:Centro Cultural Infinito:-22.93351:-43.20042
Centro Cultural Itaporã,cultural_center,overture,-22.920541763305664,-43.21086120605469,,overture:Centro Cultural Itaporã:-22.92054:-43.21086
Centro Cultural Japão,cultural_center,overture,-22.932350158691406,-43.17491149902344,,overture:Centro Cultural Japão:-22.93235:-43.17491
Centro Cultural Jerusalém,cultural_center,overture,-22.881643295288086,-43.27537536621094,,overture:Centro Cultural Jerusalém:-22.88164:-43.27538
Centro Cultural José Bonifácio,cultural_center,overture,-22.896223068237305,-43.194278717041016,,overture:Centro Cultural José Bonifácio:-22.89622:-43.19428
Centro Cultural João XXIII,cultural_center,overture,-22.947467803955078,-43.185791015625,,overture:Centro Cultural João XXIII:-22.94747:-43.18579
Centro Cultural Justiça Federal,cultural_center,overture,-22.910539627075195,-43.17530822753906,,overture:Centro Cultural Justiça Federal:-22.91054:-43.17531
Centro Cultural La Salle - Salão de Festas,cultural_center,overture,-22.899051666259766,-43.10905456542969,,overture:Centro Cultural La Salle - Salão de Festas:-22.89905:-43.10905
Centro Cultural Lado B,cultural_center,overture,-22.902565002441406,-43.17544174194336,,overture:Centro Cultural Lado B:-22.90257:-43.17544
Centro Cultural Lagoa,cultural_center,overture,-22.96590232849121,-43.203338623046875,,overture:Centro Cultural Lagoa:-22.96590:-43.20334
Centro Cultural Light,cultural_center,overture,-22.90272331237793,-43.187095642089844,,overture:Centro Cultural Light:-22.90272:-43.18710
Centro Cultural Lóttus,cultural_center,overture,-22.905094146728516,-43.29285430908203,,overture:Centro Cultural Lóttus:-22.90509:-43.29285
Centro Cultural Marcelo Decolores,cultural_center,overture,-22.878028869628906,-43.12273025512695,,overture:Centro Cultural Marcelo Decolores:-22.87803:-43.12273
Centro Cultural Maria Bonita,cultural_center,overture,-22.870250701904297,-43.77561950683594,,overture:Centro Cultural Maria Bonita:-22.87025:-43.77562
Centro Cultural Marrom Music,cultural_center,overture,-23.02163314819336,-43.49923324584961,,overture:Centro Cultural Marrom Music:-23.02163:-43.49923
Centro Cultural Mister Watkins,cultural_center,overture,-22.784896850585938,-43.431522369384766,,overture:Centro Cultural Mister Watkins:-22.78490:-43.43152
Centro Cultural Mordechai Anilevitch,cultural_center,overture,-22.951889038085938,-43.191497802734375,,overture:Centro Cultural Mordechai Anilevitch:-22.95189:-43.19150
Centro Cultural Municipal Laurinda Santos Lobo,cultural_center,overture,-22.920024871826172,-43.188560485839844,,overture:Centro Cultural Municipal Laurinda Santos Lobo:-22.92002:-43.18856
Centro Cultural Municipal Parque das Ruínas,cultural_center,overture,-22.917470932006836,-43.18247985839844,,overture:Centro Cultural Municipal Parque das Ruínas:-22.91747:-43.18248
Centro Cultural Nossa Senhora das Mercês,cultural_center,overture,-22.807893753051758,-43.371089935302734,,overture:Centro Cultural Nossa Senhora das Mercês:-22.80789:-43.37109
Centro Cultural Oca dos Curumins,cultural_center,overture,-22.86018180847168,-43.267696380615234,,overture:Centro Cultural Oca dos Curumins:-22.86018:-43.26770
Centro Cultural Oduvaldo Viana Filho,cultural_center,overture,-22.930269241333008,-43.17458724975586,,overture:Centro Cultural Oduvaldo Viana Filho:-22.93027:-43.17459
Centro Cultural Omo Yoruba,cultural_center,overture,-22.89212417602539,-43.34471893310547,,overture:Centro Cultural Omo Yoruba:-22.89212:-43.34472
Centro Cultural PGE-RJ,cultural_center,overture,-22.903919219970703,-43.175750732421875,,overture:Centro Cultural PGE-RJ:-22.90392:-43.17575
Centro Cultural Paschoal Carlos Magno,cultural_center,overture,-22.902894973754883,-43.107513427734375,,overture:Centro Cultural Paschoal Carlos Magno:-22.90289:-43.10751
Centro Cultural Pedro I,cultural_center,overture,-22.88216209411621,-43.58867263793945,,overture:Centro Cultural Pedro I:-22.88216:-43.58867
Centro Cultural Pedro II,cultural_center,overture,-22.920072555541992,-43.67871856689453,,overture:Centro Cultural Pedro II:-22.92007:-43.67872
Centro Cultural Pedro II - Posse,cultural_center,overture,-22.882858276367188,-43.55149459838867,,overture:Centro Cultural Pedro II - Posse:-22.88286:-43.55149
Centro Cultural Pedro Storani,cultural_center,overture,-22.879356384277344,-43.40736770629883,,overture:Centro Cultural Pedro Storani:-22.87936:-43.40737
Centro Cultural Phabrika de Arthes,cultural_center,overture,-22.826168060302734,-43.353633880615234,,overture:Centro Cultural Phabrika de Arthes:-22.82617:-43.35363
Centro Cultural Prof Dila,cultural_center,overture,-22.896940231323242,-43.354469299316406,,overture:Centro Cultural Prof Dila:-22.89694:-43.35447
Centro Cultural Professor Horacio Macedo,cultural_center,overture,-22.85840606689453,-43.232242584228516,,overture:Centro Cultural Professor Horacio Macedo:-22.85841:-43.23224
Centro Cultural Santa Cruz Dr. Antônio Nicolau Jorge,cultural_center,overture,-22.923450469970703,-43.693077087402344,,overture:Centro Cultural Santa Cruz Dr. Antônio Nicolau Jorge:-22.92345:-43.69308
Centro Cultural Silva Tavares,cultural_center,overture,-22.877506256103516,-43.34251403808594,,overture:Centro Cultural Silva Tavares:-22.87751:-43.34251
Centro Cultural Sindicato dos Rodoviários do Município do Rio de Janeiro,cultural_center,overture,-22.89963722229004,-43.18770217895508,,overture:Centro Cultural Sindicato dos Rodoviários do Município do Rio de Janeiro:-22.89964:-43.18770
Centro Cultural Solar de Botafogo,cultural_center,overture,-22.956327438354492,-43.18626403808594,,overture:Centro Cultural Solar de Botafogo:-22.95633:-43.18626
Centro Cultural Tambor de Cumba,cultural_center,overture,-22.90363311767578,-43.17763137817383,,overture:Centro Cultural Tambor de Cumba:-22.90363:-43.17763
Centro Cultural Veneza,cultural_center,overture,-22.95098304748535,-43.175926208496094,,overture:Centro Cultural Veneza:-22.95098:-43.17593
Centro Cultural Vera Cruz - Capoeira,cultural_center,overture,-22.85038185119629,-43.3309211730957,,overture:Centro Cultural Vera Cruz - Capoeira:-22.85038:-43.33092
Centro Cultural Vovo Carlotinha Ccvocar,cultural_center,overture,-22.916603088378906,-43.207786560058594,,overture:Centro Cultural Vovo Carlotinha Ccvocar:-22.91660:-43.20779
Centro Cultural Waly Salomão,cultural_center,overture,-22.806812286376953,-43.303646087646484,,overture:Centro Cultural Waly Salomão:-22.80681:-43.30365
Centro Cultural Yoruba,cultural_center,overture,-22.89564323425293,-43.34933090209961,,overture:Centro Cultural Yoruba:-22.89564:-43.34933
Centro Cultural Zona Oeste,cultural_center,overture,-22.880123138427734,-43.45375442504883,,overture:Centro Cultural Zona Oeste:-22.88012:-43.45375
Centro Cultural da Caixa Econômica Federal,cultural_center,overture,-22.907690048217773,-43.173301696777344,,overture:Centro Cultural da Caixa Econômica Federal:-22.90769:-43.17330
Centro Cultural da Justiça Eleitoral,cultural_center,overture,-22.901962280273438,-43.175899505615234,,overture:Centro Cultural da Justiça Eleitoral:-22.90196:-43.17590
Centro Cultural da Marinha do Brasil,cultural_center,overture,-22.79018783569336,-43.42011642456055,,overture:Centro Cultural da Marinha do Brasil:-22.79019:-43.42012
Centro Cultural da Policia Militar,cultural_center,overture,-22.909130096435547,-43.19478988647461,,overture:Centro Cultural da Policia Militar:-22.90913:-43.19479
Centro Cultural do Capoeira Mestre Touro,cultural_center,overture,-22.845664978027344,-43.27918243408203,,overture:Centro Cultural do Capoeira Mestre Touro:-22.84566:-43.27918
Centro Cultural do Ministerio da Saude,cultural_center,overture,-22.904802322387695,-43.169551849365234,,overture:Centro Cultural do Ministerio da Saude:-22.90480:-43.16955
Centro Cultural do Ministério da Saúde (CCMS),cultural_center,overture,-22.905038833618164,-43.168819427490234,,overture:Centro Cultural do Ministério da Saúde (CCMS):-22.90504:-43.16882
Centro Cultural do Movimento Escoteiro,cultural_center,overture,-22.89954948425293,-43.17706298828125,,overture:Centro Cultural do Movimento Escoteiro:-22.89955:-43.17706
Centro Cultural do Poder Judiciário (CCPJ-Rio),cultural_center,overture,-22.9046630859375,-43.172935485839844,,overture:Centro Cultural do Poder Judiciário (CCPJ-Rio):-22.90466:-43.17294
Centro Cultural do Poder Judiciário - CCPJ-RJ,cultural_center,overture,-22.904985427856445,-43.17378234863281,,overture:Centro Cultural do Poder Judiciário - CCPJ-RJ:-22.90499:-43.17378
Centro Cultural do Poder Judiciário do Estado do RJ,cultural_center,overture,-22.779653549194336,-43.30868148803711,,overture:Centro Cultural do Poder Judiciário do Estado do RJ:-22.77965:-43.30868
Centro Cultural do Rio de Janeiro,cultural_center,overture,-22.898557662963867,-43.27170944213867,,overture:Centro Cultural do Rio de Janeiro:-22.89856:-43.27171
Centro Cultural e Social Música e Arte Soul Emanuel,cultural_center,overture,-22.854793548583984,-43.605892181396484,,overture:Centro Cultural e Social Música e Arte Soul Emanuel:-22.85479:-43.60589
Centro Cultural e Universitário de Botafogo,cultural_center,overture,-22.955713272094727,-43.18745040893555,,overture:Centro Cultural e Universitário de Botafogo:-22.95571:-43.18745
Centro De Arte E Cultura,cultural_center,overture,-22.857152938842773,-43.32932662963867,,overture:Centro De Arte E Cultura:-22.85715:-43.32933
Centro EcoCultural Sueli Pontes,cultural_center,overture,-23.001243591308594,-43.341041564941406,,overture:Centro EcoCultural Sueli Pontes:-23.00124:-43.34104
Centro Loyola de Fé e Cultura,cultural_center,overture,-22.982099533081055,-43.24013137817383,,overture:Centro Loyola de Fé e Cultura:-22.98210:-43.24013
Centro Luiz Gonzaga de Tradições Nordestinas,cultural_center,overture,-22.89764976501465,-43.220314025878906,,overture:Centro Luiz Gonzaga de Tradições Nordestinas:-22.89765:-43.22031
Centro cultural Pedro II - Santíssimo,cultural_center,overture,-22.8846378326416,-43.55292892456055,,overture:Centro cultural Pedro II - Santíssimo:-22.88464:-43.55293
Centro cultural tia Eulália,cultural_center,overture,-22.86504364013672,-43.33366775512695,,overture:Centro cultural tia Eulália:-22.86504:-43.33367
Centro de Arte Maria Teresa Vieira,cultural_center,overture,-22.906991958618164,-43.181514739990234,,overture:Centro de Arte Maria Teresa Vieira:-22.90699:-43.18151
Centro de Arte e Cultura UFRRJ,cultural_center,overture,-22.75884437561035,-43.688201904296875,,overture:Centro de Arte e Cultura UFRRJ:-22.75884:-43.68820
Centro de Artes Calouste Gulbenkian,cultural_center,overture,-22.908071517944336,-43.19578170776367,,overture:Centro de Artes Calouste Gulbenkian:-22.90807:-43.19578
Centro de Artes da Maré,cultural_center,overture,-22.85352897644043,-43.24660873413086,,overture:Centro de Artes da Maré:-22.85353:-43.24661
Centro de Cultura Italiana,cultural_center,overture,-22.91730499267578,-43.23524475097656,,overture:Centro de Cultura Italiana:-22.91730:-43.23524
Centro de Cultura Social - RJ,cultural_center,overture,-22.914630889892578,-43.2504768371582,,overture:Centro de Cultura Social - RJ:-22.91463:-43.25048
Centro de Letras e Artes,cultural_center,overture,-22.954805374145508,-43.17012023925781,,overture:Centro de Letras e Artes:-22.95481:-43.17012
Centro de Línguas e Cultura da UFF,cultural_center,overture,-22.898698806762695,-43.132930755615234,,overture:Centro de Línguas e Cultura da UFF:-22.89870:-43.13293
Centro de Tradições Ylê Asè Egi Omim,cultural_center,overture,-22.938201904296875,-43.20836639404297,,overture:Centro de Tradições Ylê Asè Egi Omim:-22.93820:-43.20837
Centro do Samba,cultural_center,overture,-22.90530014038086,-43.18118667602539,,overture:Centro do Samba:-22.90530:-43.18119
Cidaddess,cultural_center,overture,-22.896299362182617,-43.20330810546875,,overture:Cidaddess:-22.89630:-43.20331
Cidade das Artes,cultural_center,overture,-22.99934196472168,-43.36579132080078,,overture:Cidade das Artes:-22.99934:-43.36579
Coletivo Slam Caju,cultural_center,overture,-22.879423141479492,-43.224586486816406,,overture:Coletivo Slam Caju:-22.87942:-43.22459
Conexão das artes,cultural_center,overture,-22.830381393432617,-43.39488983154297,,overture:Conexão das artes:-22.83038:-43.39489
Confraria do Garoto,cultural_center,overture,-22.909400939941406,-43.176944732666016,,overture:Confraria do Garoto:-22.90940:-43.17694
Conjunto Cultural da Caixa,cultural_center,overture,-22.907943725585938,-43.17710494995117,,overture:Conjunto Cultural da Caixa:-22.90794:-43.17710
Cooperativa Cultural dos Esperantistas,cultural_center,overture,-22.908571243286133,-43.17775344848633,,overture:Cooperativa Cultural dos Esperantistas:-22.90857:-43.17775
Cruzeiro do Sul Capoeiragem Merck,cultural_center,overture,-22.934368133544922,-43.36961364746094,,overture:Cruzeiro do Sul Capoeiragem Merck:-22.93437:-43.36961
Cultura Parapedrense,cultural_center,overture,-22.837081909179688,-43.33301544189453,,overture:Cultura Parapedrense:-22.83708:-43.33302
Cultural Center Jerusalem,cultural_center,overture,-22.880664825439453,-43.27341079711914,,overture:Cultural Center Jerusalem:-22.88066:-43.27341
Cultural Center Meritiense,cultural_center,overture,-22.77971076965332,-43.368797302246094,,overture:Cultural Center Meritiense:-22.77971:-43.36880
Cultural Center Mr. Watkins,cultural_center,overture,-22.78483009338379,-43.431758880615234,,overture:Cultural Center Mr. Watkins:-22.78483:-43.43176
Cultural Center of the Masonic Supreme Council of Brazil,cultural_center,overture,-22.895729064941406,-43.21895980834961,,overture:Cultural Center of the Masonic Supreme Council of Brazil:-22.89573:-43.21896
Decult UERJ,cultural_center,overture,-22.91145133972168,-43.236328125,,overture:Decult UERJ:-22.91145:-43.23633
Dia da Favela,cultural_center,overture,-22.876922607421875,-43.33565902709961,,overture:Dia da Favela:-22.87692:-43.33566
Eco - Espaço Cultural,cultural_center,overture,-22.926450729370117,-43.359676361083984,,overture:Eco - Espaço Cultural:-22.92645:-43.35968
Ecocasa Silvestre,cultural_center,overture,-22.9427433013916,-43.207366943359375,,overture:Ecocasa Silvestre:-22.94274:-43.20737
Ensina Mais,cultural_center,overture,-23.014739990234375,-43.4639778137207,,overture:Ensina Mais:-23.01474:-43.46398
Escambo Cultural,cultural_center,overture,-22.886926651000977,-43.39253616333008,,overture:Escambo Cultural:-22.88693:-43.39254
Escolinha Dimenor Cidadão,cultural_center,overture,-22.924259185791016,-43.19367599487305,,overture:Escolinha Dimenor Cidadão:-22.92426:-43.19368
Espaco Cultural Correios Niteroi,cultural_center,overture,-22.8948974609375,-43.1236572265625,,overture:Espaco Cultural Correios Niteroi:-22.89490:-43.12366
Espaco Cultural Municipal Sergio Porto,cultural_center,overture,-22.958688735961914,-43.199344635009766,,overture:Espaco Cultural Municipal Sergio Porto:-22.95869:-43.19934
EspaÇO Da Comunidade,cultural_center,overture,-22.75261688232422,-43.290130615234375,,overture:EspaÇO Da Comunidade:-22.75262:-43.29013
Espaço Casa da Capoeiragem,cultural_center,overture,-22.81682014465332,-43.31135177612305,,overture:Espaço Casa da Capoeiragem:-22.81682:-43.31135
Espaço Coisa D' Negro,cultural_center,overture,-22.773134231567383,-43.37676239013672,,overture:Espaço Coisa D' Negro:-22.77313:-43.37676
Espaço Conversa e Cultura,cultural_center,overture,-22.905990600585938,-43.101654052734375,,overture:Espaço Conversa e Cultura:-22.90599:-43.10165
Espaço Cultural ARTEIRA,cultural_center,overture,-22.786346435546875,-43.30811309814453,,overture:Espaço Cultural ARTEIRA:-22.78635:-43.30811
Espaço Cultural Aldair Sales,cultural_center,overture,-22.8870849609375,-43.608192443847656,,overture:Espaço Cultural Aldair Sales:-22.88708:-43.60819
Espaço Cultural Aslucianas,cultural_center,overture,-22.831634521484375,-43.27876663208008,,overture:Espaço Cultural Aslucianas:-22.83163:-43.27877
Espaço Cultural Bndes,cultural_center,overture,-22.90833282470703,-43.1801872253418,,overture:Espaço Cultural Bndes:-22.90833:-43.18019
Espaço Cultural Casa da Glória,cultural_center,overture,-22.921585083007812,-43.1759147644043,,overture:Espaço Cultural Casa da Glória:-22.92159:-43.17591
Espaço Cultural Casa de Jorge,cultural_center,overture,-22.889440536499023,-43.32017135620117,,overture:Espaço Cultural Casa de Jorge:-22.88944:-43.32017
Espaço Cultural Cozinha da Lapa,cultural_center,overture,-22.912776947021484,-43.18514633178711,,overture:Espaço Cultural Cozinha da Lapa:-22.91278:-43.18515
Espaço Cultural Debby Maia,cultural_center,overture,-22.833749771118164,-43.317718505859375,,overture:Espaço Cultural Debby Maia:-22.83375:-43.31772
Espaço Cultural Escola Sesc,cultural_center,overture,-22.96029281616211,-43.359230041503906,,overture:Espaço Cultural Escola Sesc:-22.96029:-43.35923
Espaço Cultural Laguna,cultural_center,overture,-22.911178588867188,-43.223148345947266,,overture:Espaço Cultural Laguna:-22.91118:-43.22315
Espaço Cultural Laurindo Rosa,cultural_center,overture,-22.8997802734375,-43.541385650634766,,overture:Espaço Cultural Laurindo Rosa:-22.89978:-43.54139
Espaço Cultural MAIS,cultural_center,overture,-22.890323638916016,-43.28813552856445,,overture:Espaço Cultural MAIS:-22.89032:-43.28814
Espaço Cultural Marcio Conde,cultural_center,overture,-22.87034034729004,-43.45046615600586,,overture:Espaço Cultural Marcio Conde:-22.87034:-43.45047
Espaço Cultural Niltinho Tristeza,cultural_center,overture,-22.850770950317383,-43.26397705078125,,overture:Espaço Cultural Niltinho Tristeza:-22.85077:-43.26398
Espaço Cultural Sylvio Monteiro,cultural_center,overture,-22.761301040649414,-43.450294494628906,,overture:Espaço Cultural Sylvio Monteiro:-22.76130:-43.45029
Espaço Cultural Taquara,cultural_center,overture,-22.920372009277344,-43.37287902832031,,overture:Espaço Cultural Taquara:-22.92037:-43.37288
Espaço Cultural Viaduto de Realengo,cultural_center,overture,-22.87558937072754,-43.42795181274414,,overture:Espaço Cultural Viaduto de Realengo:-22.87559:-43.42795
Espaço Cultural Villelarte,cultural_center,overture,-22.753751754760742,-43.44234848022461,,overture:Espaço Cultural Villelarte:-22.75375:-43.44235
Espaço Cultural de Angola,cultural_center,overture,-22.91228485107422,-43.17446517944336,,overture:Espaço Cultural de Angola:-22.91228:-43.17447
Espaço Cultural e Esportivo CUFA - Marina Soares Athayde,cultural_center,overture,-22.876466751098633,-43.33537292480469,,overture:Espaço Cultural e Esportivo CUFA - Marina Soares Athayde:-22.87647:-43.33537
Espaço Cultural e Social Artes e Música,cultural_center,overture,-22.96148681640625,-43.61184310913086,,overture:Espaço Cultural e Social Artes e Música:-22.96149:-43.61184
Espaço MV,cultural_center,overture,-22.889978408813477,-43.114078521728516,,overture:Espaço MV:-22.88998:-43.11408
Espaço Mistura Gente,cultural_center,overture,-22.901765823364258,-43.17824935913086,,overture:Espaço Mistura Gente:-22.90177:-43.17825
Espaço Movimento,cultural_center,overture,-22.916229248046875,-43.177860260009766,,overture:Espaço Movimento:-22.91623:-43.17786
Espaço Rede Troca de Saberes,cultural_center,overture,-22.781740188598633,-43.42736053466797,,overture:Espaço Rede Troca de Saberes:-22.78174:-43.42736
Espaço Sobrado,cultural_center,overture,-22.93433952331543,-43.180728912353516,,overture:Espaço Sobrado:-22.93434:-43.18073
Espaço São Dom Dom,cultural_center,overture,-22.901695251464844,-43.13064193725586,,overture:Espaço São Dom Dom:-22.90170:-43.13064
Espaço Terra Mater,cultural_center,overture,-22.923757553100586,-43.17596435546875,,overture:Espaço Terra Mater:-22.92376:-43.17596
Espaço Tijolinho,cultural_center,overture,-22.90888023376465,-43.605506896972656,,overture:Espaço Tijolinho:-22.90888:-43.60551
Espaço Tom Jobim,cultural_center,overture,-22.970783233642578,-43.224822998046875,,overture:Espaço Tom Jobim:-22.97078:-43.22482
Estação do samba,cultural_center,overture,-22.87971305847168,-43.33414077758789,,overture:Estação do samba:-22.87971:-43.33414
Expo Itaguaí 2024,cultural_center,overture,-22.864782333374023,-43.7731819152832,,overture:Expo Itaguaí 2024:-22.86478:-43.77318
FT e Cia,cultural_center,overture,-22.912860870361328,-43.263126373291016,,overture:FT e Cia:-22.91286:-43.26313
Família Beija-Flor,cultural_center,overture,-22.805570602416992,-43.425071716308594,,overture:Família Beija-Flor:-22.80557:-43.42507
Febarj,cultural_center,overture,-22.91359519958496,-43.17972183227539,,overture:Febarj:-22.91360:-43.17972
Feira de São Cristóvão,cultural_center,overture,-22.90729331970215,-43.22304153442383,,overture:Feira de São Cristóvão:-22.90729:-43.22304
Festival Panorama,cultural_center,overture,-22.91631317138672,-43.177486419677734,,overture:Festival Panorama:-22.91631:-43.17749
Funarte,cultural_center,overture,-22.908681869506836,-43.17334747314453,,overture:Funarte:-22.90868:-43.17335
Fundação Cultural Avatar,cultural_center,overture,-22.901655197143555,-43.122989654541016,,overture:Fundação Cultural Avatar:-22.90166:-43.12299
Fundação de Cultura Não Alinhada,cultural_center,overture,-22.90467071533203,-43.177040100097656,,overture:Fundação de Cultura Não Alinhada:-22.90467:-43.17704
Fundição Progresso,cultural_center,overture,-22.912487030029297,-43.18055725097656,,overture:Fundição Progresso:-22.91249:-43.18056
Futuros - Arte e Tecnologia,cultural_center,overture,-22.929960250854492,-43.176513671875,,overture:Futuros - Arte e Tecnologia:-22.92996:-43.17651
Fórum de Ciência e Cultura da UFRJ,cultural_center,overture,-22.942842483520508,-43.174720764160156,,overture:Fórum de Ciência e Cultura da UFRJ:-22.94284:-43.17472
GRES Chatuba De Mesquita,cultural_center,overture,-22.80206298828125,-43.43995666503906,,overture:GRES Chatuba De Mesquita:-22.80206:-43.43996
Galpão 91,cultural_center,overture,-22.90342903137207,-43.30250549316406,,overture:Galpão 91:-22.90343:-43.30251
Galpão Bela Maré,cultural_center,overture,-22.853801727294922,-43.24680709838867,,overture:Galpão Bela Maré:-22.85380:-43.24681
Galpão Gamboa,cultural_center,overture,-22.89690399169922,-43.19947814941406,,overture:Galpão Gamboa:-22.89690:-43.19948
Galpão Ladeira das Artes,cultural_center,overture,-22.942453384399414,-43.20578384399414,,overture:Galpão Ladeira das Artes:-22.94245:-43.20578
Galpão808,cultural_center,overture,-22.896371841430664,-43.28740692138672,,overture:Galpão808:-22.89637:-43.28741
Germinal,cultural_center,overture,-22.907657623291016,-43.541011810302734,,overture:Germinal:-22.90766:-43.54101
Gestão Cultural Rio,cultural_center,overture,-22.89779281616211,-43.18764114379883,,overture:Gestão Cultural Rio:-22.89779:-43.18764
Gomeia Galpão Criativo,cultural_center,overture,-22.792757034301758,-43.30815124511719,,overture:Gomeia Galpão Criativo:-22.79276:-43.30815
HairaHaira,cultural_center,overture,-22.97268295288086,-43.289581298828125,,overture:HairaHaira:-22.97268:-43.28958
Havana 59,cultural_center,overture,-22.911930084228516,-43.18272018432617,,overture:Havana 59:-22.91193:-43.18272
Humanitas,cultural_center,overture,-22.924854278564453,-43.22998809814453,,overture:Humanitas:-22.92485:-43.22999
IN CENA Hub Cultural,cultural_center,overture,-22.95108985900879,-43.187461853027344,,overture:IN CENA Hub Cultural:-22.95109:-43.18746
Ile Ase Oba n'Fe Okuta,cultural_center,overture,-22.767257690429688,-43.52809524536133,,overture:Ile Ase Oba n'Fe Okuta:-22.76726:-43.52810
Ilha dos Amores,cultural_center,overture,-22.762775421142578,-43.10883712768555,,overture:Ilha dos Amores:-22.76278:-43.10884
Imperator - Centro Cultural João Nogueira,cultural_center,overture,-22.902711868286133,-43.28200149536133,,overture:Imperator - Centro Cultural João Nogueira:-22.90271:-43.28200
Instituição Cultural Krishnamurti,cultural_center,overture,-22.90414047241211,-43.18141174316406,,overture:Instituição Cultural Krishnamurti:-22.90414:-43.18141
Instituto AVES,cultural_center,overture,-22.927635192871094,-43.37055587768555,,overture:Instituto AVES:-22.92764:-43.37056
Instituto Antônio Carlos Jobim,cultural_center,overture,-22.970609664916992,-43.22486877441406,,overture:Instituto Antônio Carlos Jobim:-22.97061:-43.22487
Instituto Brando Barbosa,cultural_center,overture,-22.962831497192383,-43.22294616699219,,overture:Instituto Brando Barbosa:-22.96283:-43.22295
Instituto Cervantes,cultural_center,overture,-22.946006774902344,-43.18465805053711,,overture:Instituto Cervantes:-22.94601:-43.18466
Instituto Cultural Brasil Japão,cultural_center,overture,-22.909669876098633,-43.17148971557617,,overture:Instituto Cultural Brasil Japão:-22.90967:-43.17149
Instituto Cultural Cidade Viva,cultural_center,overture,-22.898645401000977,-43.1794548034668,,overture:Instituto Cultural Cidade Viva:-22.89865:-43.17945
Instituto Cultural Cravo Albin,cultural_center,overture,-22.948686599731445,-43.16355514526367,,overture:Instituto Cultural Cravo Albin:-22.94869:-43.16356
Instituto Cultural Grupo 100% Suburbano,cultural_center,overture,-22.84749412536621,-43.260318756103516,,overture:Instituto Cultural Grupo 100% Suburbano:-22.84749:-43.26032
Instituto Cultural Neide do Samba,cultural_center,overture,-22.895999908447266,-43.237850189208984,,overture:Instituto Cultural Neide do Samba:-22.89600:-43.23785
Instituto GINGAS,cultural_center,overture,-22.900510787963867,-43.11817169189453,,overture:Instituto GINGAS:-22.90051:-43.11817
Instituto Souza Gomes,cultural_center,overture,-22.831993103027344,-43.34796142578125,,overture:Instituto Souza Gomes:-22.83199:-43.34796
Instituto Territórios Diversos,cultural_center,overture,-22.955045700073242,-43.68669128417969,,overture:Instituto Territórios Diversos:-22.95505:-43.68669
Instituto de Pesquisas das Culturas Negras,cultural_center,overture,-22.912015914916992,-43.18729019165039,,overture:Instituto de Pesquisas das Culturas Negras:-22.91202:-43.18729
Instituto dos Magistrados do Brasil,cultural_center,overture,-22.90456199645996,-43.172637939453125,,overture:Instituto dos Magistrados do Brasil:-22.90456:-43.17264
Istituto Italiano di Cultura di Rio de Janeiro,cultural_center,overture,-22.910240173339844,-43.171630859375,,overture:Istituto Italiano di Cultura di Rio de Janeiro:-22.91024:-43.17163
Jaime Arôxa Lapa - Centro Cultural Arariboia,cultural_center,overture,-22.907634735107422,-43.18428039550781,,overture:Jaime Arôxa Lapa - Centro Cultural Arariboia:-22.90763:-43.18428
Jongo Da Serrinha,cultural_center,overture,-22.864816665649414,-43.33042907714844,,overture:Jongo Da Serrinha:-22.86482:-43.33043
Junina Fogo Santo,cultural_center,overture,-22.885774612426758,-43.227806091308594,,overture:Junina Fogo Santo:-22.88577:-43.22781
Kariza Lounge and Kasa Kultural,cultural_center,overture,-22.994117736816406,-43.271305084228516,,overture:Kariza Lounge and Kasa Kultural:-22.99412:-43.27131
Kasarão Kizomba,cultural_center,overture,-22.91787338256836,-43.252925872802734,,overture:Kasarão Kizomba:-22.91787:-43.25293
Lab 71,cultural_center,overture,-22.955196380615234,-43.19181823730469,,overture:Lab 71:-22.95520:-43.19182
Lago de Histórias,cultural_center,overture,-22.950477600097656,-43.16755294799805,,overture:Lago de Histórias:-22.95048:-43.16755
Lar de Cultura Nosso Cafofo,cultural_center,overture,-22.884281158447266,-43.61625671386719,,overture:Lar de Cultura Nosso Cafofo:-22.88428:-43.61626
Liga Libanesa do Brasil,cultural_center,overture,-22.920827865600586,-43.22114944458008,,overture:Liga Libanesa do Brasil:-22.92083:-43.22115
Liga de Blocos e Bandas da Zona Portuária do RJ,cultural_center,overture,-22.898090362548828,-43.18533706665039,,overture:Liga de Blocos e Bandas da Zona Portuária do RJ:-22.89809:-43.18534
Limonada Cultural,cultural_center,overture,-22.913108825683594,-43.1812858581543,,overture:Limonada Cultural:-22.91311:-43.18129
Lira de Ouro,cultural_center,overture,-22.78584861755371,-43.31340026855469,,overture:Lira de Ouro:-22.78585:-43.31340
Lona Cultural Gilberto Gil,cultural_center,overture,-22.87810707092285,-43.4157600402832,,overture:Lona Cultural Gilberto Gil:-22.87811:-43.41576
Lona Cultural Jacob do Bandolim,cultural_center,overture,-22.89737319946289,-43.35273361206055,,overture:Lona Cultural Jacob do Bandolim:-22.89737:-43.35273
Lona Cultural Municipal Jacob do Bandolim,cultural_center,overture,-22.92399024963379,-43.358646392822266,,overture:Lona Cultural Municipal Jacob do Bandolim:-22.92399:-43.35865
Lona Cultural Terra Caetano Veloso,cultural_center,overture,-22.839969635009766,-43.37852478027344,,overture:Lona Cultural Terra Caetano Veloso:-22.83997:-43.37852
Lona Cultural de Anchieta,cultural_center,overture,-22.825456619262695,-43.40272521972656,,overture:Lona Cultural de Anchieta:-22.82546:-43.40273
MACquinho,cultural_center,overture,-22.905677795410156,-43.12610626220703,,overture:MACquinho:-22.90568:-43.12611
Maloka Espaço Cultural,cultural_center,overture,-22.910478591918945,-43.186771392822266,,overture:Maloka Espaço Cultural:-22.91048:-43.18677
Memorial Getúlio Vargas,cultural_center,overture,-22.921648025512695,-43.173519134521484,,overture:Memorial Getúlio Vargas:-22.92165:-43.17352
Microlins,cultural_center,overture,-23.017459869384766,-43.47515106201172,,overture:Microlins:-23.01746:-43.47515
Midrash Centro Cultural,cultural_center,overture,-23.008495330810547,-43.294776916503906,,overture:Midrash Centro Cultural:-23.00850:-43.29478
Motim,cultural_center,overture,-22.91144561767578,-43.24213409423828,,overture:Motim:-22.91145:-43.24213
Municipal Cultural Center Dyla Sylvia de Sa,cultural_center,overture,-22.89710807800293,-43.3542366027832,,overture:Municipal Cultural Center Dyla Sylvia de Sa:-22.89711:-43.35424
Nave Knowledge,cultural_center,overture,-22.838451385498047,-43.26780319213867,,overture:Nave Knowledge:-22.83845:-43.26780
Nave do Conhecimento Nova Brasília,cultural_center,overture,-22.86507225036621,-43.27288818359375,,overture:Nave do Conhecimento Nova Brasília:-22.86507:-43.27289
Nectar Som,cultural_center,overture,-22.986780166625977,-43.488834381103516,,overture:Nectar Som:-22.98678:-43.48883
Nova Acrópole Filial Tijuca,cultural_center,overture,-22.92169189453125,-43.226688385009766,,overture:Nova Acrópole Filial Tijuca:-22.92169:-43.22669
Novas Fronteiras: Núcleo de Pesquisa em Migrações e Direitos Humanos,cultural_center,overture,-22.89706802368164,-43.10680389404297,,overture:Novas Fronteiras: Núcleo de Pesquisa em Migrações e Direitos Humanos:-22.89707:-43.10680
ONG Rocinha.org Comunidade Cultural,cultural_center,overture,-22.988006591796875,-43.24733352661133,,overture:ONG Rocinha.org Comunidade Cultural:-22.98801:-43.24733
Oduduwa Centro Cultural,cultural_center,overture,-22.980133056640625,-43.61598587036133,,overture:Oduduwa Centro Cultural:-22.98013:-43.61599
Oscar Romero Cultural Centre,cultural_center,overture,-22.781543731689453,-43.425601959228516,,overture:Oscar Romero Cultural Centre:-22.78154:-43.42560
Othello Centro Cultural,cultural_center,overture,-22.91577911376953,-43.17726135253906,,overture:Othello Centro Cultural:-22.91578:-43.17726
Pagode da Feira  RJ,cultural_center,overture,-22.894086837768555,-43.294456481933594,,overture:Pagode da Feira  RJ:-22.89409:-43.29446
Pai Kumbyalle,cultural_center,overture,-22.918880462646484,-43.235740661621094,,overture:Pai Kumbyalle:-22.91888:-43.23574
Paço Imperial,cultural_center,overture,-22.90355110168457,-43.174312591552734,,overture:Paço Imperial:-22.90355:-43.17431
Pedro II - Carvalho Ramos,cultural_center,overture,-22.88772964477539,-43.589290618896484,,overture:Pedro II - Carvalho Ramos:-22.88773:-43.58929
People Tech And English,cultural_center,overture,-22.92545509338379,-43.55864715576172,,overture:People Tech And English:-22.92546:-43.55865
Pequena África,cultural_center,overture,-22.89813232421875,-43.18748474121094,,overture:Pequena África:-22.89813:-43.18748
Polo Cultural Ilha,cultural_center,overture,-22.80777359008789,-43.205535888671875,,overture:Polo Cultural Ilha:-22.80777:-43.20554
Ponto de Cultura Ojuobá Axé,cultural_center,overture,-22.7752742767334,-43.31623458862305,,overture:Ponto de Cultura Ojuobá Axé:-22.77527:-43.31623
Prepara Cursos,cultural_center,overture,-22.87096405029297,-43.77714157104492,,overture:Prepara Cursos:-22.87096:-43.77714
Projeto Candelária,cultural_center,overture,-22.900650024414062,-43.17745590209961,,overture:Projeto Candelária:-22.90065:-43.17746
Projeto Cultural Benjamin Filho,cultural_center,overture,-22.906837463378906,-43.18106460571289,,overture:Projeto Cultural Benjamin Filho:-22.90684:-43.18106
Projeto In.House,cultural_center,overture,-23.014053344726562,-43.30872344970703,,overture:Projeto In.House:-23.01405:-43.30872
QG Os Ousados,cultural_center,overture,-22.886140823364258,-43.25516891479492,,overture:QG Os Ousados:-22.88614:-43.25517
Quadra da Portela,cultural_center,overture,-22.870887756347656,-43.34295654296875,,overture:Quadra da Portela:-22.87089:-43.34296
Quarta Under,cultural_center,overture,-22.942243576049805,-43.344905853271484,,overture:Quarta Under:-22.94224:-43.34491
Quilombo Cultural Brasil México França,cultural_center,overture,-22.920726776123047,-43.18115234375,,overture:Quilombo Cultural Brasil México França:-22.92073:-43.18115
Quintal Centro Cultural,cultural_center,overture,-22.898340225219727,-43.100624084472656,,overture:Quintal Centro Cultural:-22.89834:-43.10062
Quintal da Yaya,cultural_center,overture,-22.844566345214844,-43.32493591308594,,overture:Quintal da Yaya:-22.84457:-43.32494
Quiosque moise,cultural_center,overture,-22.85683250427246,-43.242897033691406,,overture:Quiosque moise:-22.85683:-43.24290
Quitanda 23,cultural_center,overture,-22.904743194580078,-43.17648696899414,,overture:Quitanda 23:-22.90474:-43.17649
Raízes de Gericinó,cultural_center,overture,-22.855810165405273,-43.47392272949219,,overture:Raízes de Gericinó:-22.85581:-43.47392
Recipiente Porongo,cultural_center,overture,-22.958160400390625,-43.192867279052734,,overture:Recipiente Porongo:-22.95816:-43.19287
Rena Cultural,cultural_center,overture,-22.92439079284668,-43.24954605102539,,overture:Rena Cultural:-22.92439:-43.24955
Renascença Clube,cultural_center,overture,-22.924327850341797,-43.24929428100586,,overture:Renascença Clube:-22.92433:-43.24929
Reserva Cultural Niterói,cultural_center,overture,-22.898391723632812,-43.13075256347656,,overture:Reserva Cultural Niterói:-22.89839:-43.13075
Retiro dos Artistas,cultural_center,overture,-22.933555603027344,-43.357295989990234,,overture:Retiro dos Artistas:-22.93356:-43.35730
Rio Copa POP,cultural_center,overture,-22.896406173706055,-43.20318603515625,,overture:Rio Copa POP:-22.89641:-43.20319
Roberto Birindelli,cultural_center,overture,-22.831501007080078,-43.10588836669922,,overture:Roberto Birindelli:-22.83150:-43.10589
Rock Experience,cultural_center,overture,-22.913677215576172,-43.18117904663086,,overture:Rock Experience:-22.91368:-43.18118
Roda Cultural Barreira do Vasco,cultural_center,overture,-22.889650344848633,-43.2292366027832,,overture:Roda Cultural Barreira do Vasco:-22.88965:-43.22924
Roda Cultural da C.D.A,cultural_center,overture,-22.817209243774414,-43.29147720336914,,overture:Roda Cultural da C.D.A:-22.81721:-43.29148
Sala de Cultura - UFRRJ,cultural_center,overture,-22.764692306518555,-43.682254791259766,,overture:Sala de Cultura - UFRRJ:-22.76469:-43.68225
Sala de Espetáculos Amir Haddad,cultural_center,overture,-22.76279067993164,-43.444087982177734,,overture:Sala de Espetáculos Amir Haddad:-22.76279:-43.44409
Salvez,cultural_center,overture,-23.022174835205078,-43.48680114746094,,overture:Salvez:-23.02217:-43.48680
Samba da Pedra do Sal,cultural_center,overture,-22.89789390563965,-43.185455322265625,,overture:Samba da Pedra do Sal:-22.89789:-43.18546
Samba di Coroa,cultural_center,overture,-22.847570419311523,-43.32494354248047,,overture:Samba di Coroa:-22.84757:-43.32494
Saravá Bien,cultural_center,overture,-22.915311813354492,-43.17668151855469,,overture:Saravá Bien:-22.91531:-43.17668
Secretaria Municipal de cultura,cultural_center,overture,-22.81876564025879,-43.4178352355957,,overture:Secretaria Municipal de cultura:-22.81877:-43.41784
Semear Centro Cultural,cultural_center,overture,-23.024076461791992,-43.4794921875,,overture:Semear Centro Cultural:-23.02408:-43.47949
Semente do Futuro,cultural_center,overture,-22.875003814697266,-43.47321701049805,,overture:Semente do Futuro:-22.87500:-43.47322
Sesc Tijuca,cultural_center,overture,-22.924320220947266,-43.24148941040039,,overture:Sesc Tijuca:-22.92432:-43.24149
TACONEO Casa de Flamenco & Outras Artes,cultural_center,overture,-22.915205001831055,-43.22013473510742,,overture:TACONEO Casa de Flamenco & Outras Artes:-22.91521:-43.22013
Taura,cultural_center,overture,-22.92120361328125,-43.1871337890625,,overture:Taura:-22.92120:-43.18713
Teatro EcoVilla Ri Happy,cultural_center,overture,-22.971004486083984,-43.22495651245117,,overture:Teatro EcoVilla Ri Happy:-22.97100:-43.22496
Teatro Sylvio Monteiro,cultural_center,overture,-22.761301040649414,-43.450294494628906,,overture:Teatro Sylvio Monteiro:-22.76130:-43.45029
Toca,cultural_center,overture,-22.901020050048828,-43.203033447265625,,overture:Toca:-22.90102:-43.20303
Trap House,cultural_center,overture,-22.896591186523438,-43.48428726196289,,overture:Trap House:-22.89659:-43.48429
Unidos Da Barra Da Tijuca,cultural_center,overture,-23.001970291137695,-43.3486213684082,,overture:Unidos Da Barra Da Tijuca:-23.00197:-43.34862
Velha Guarda do Dendê,cultural_center,overture,-22.797710418701172,-43.19325637817383,,overture:Velha Guarda do Dendê:-22.79771:-43.19326
Venha Conosco,cultural_center,overture,-22.92692756652832,-43.2364501953125,,overture:Venha Conosco:-22.92693:-43.23645
Vila do Largo,cultural_center,overture,-22.930824279785156,-43.17986297607422,,overture:Vila do Largo:-22.93082:-43.17986
Славянская Культура,cultural_center,overture,-22.915714263916016,-43.17776870727539,,overture:Славянская Культура:-22.91571:-43.17777
Acervo do Museu de Imagens do Inconsciente,heritage_site,wikidata,-22.900912,-43.30067,Q111920771,wikidata:Acervo do Museu de Imagens do Inconsciente:-22.90091:-43.30067
Alfândega do Rio de Janeiro,heritage_site,wikidata,-22.900285,-43.176353055,Q64363860,wikidata:Alfândega do Rio de Janeiro:-22.90029:-43.17635
Antigo Solar do Visconde do Rio Seco,heritage_site,wikidata,-22.907468,-43.183786,Q69362807,wikidata:Antigo Solar do Visconde do Rio Seco:-22.90747:-43.18379
Aqueduto da Colônia Juliano Moreira,heritage_site,wikidata,-22.936277648,-43.399737187,Q104907381,wikidata:Aqueduto da Colônia Juliano Moreira:-22.93628:-43.39974
Aterro do Flamengo,heritage_site,wikidata,-22.921,-43.17,Q5457206,wikidata:Aterro do Flamengo:-22.92100:-43.17000
Avenida Rio Branco,heritage_site,wikidata,-22.90472222,-43.1775,Q4828121,wikidata:Avenida Rio Branco:-22.90472:-43.17750
Bebedouro da Estrada Velha da Tijuca,heritage_site,wikidata,-22.952029507,-43.262078825,Q67204058,wikidata:Bebedouro da Estrada Velha da Tijuca:-22.95203:-43.26208
Biblioteca Nacional do Brasil,heritage_site,wikidata,-22.909723,-43.175501,Q948882,wikidata:Biblioteca Nacional do Brasil:-22.90972:-43.17550
Bica da Rainha,heritage_site,wikidata,-22.94078,-43.197006,Q48862982,wikidata:Bica da Rainha:-22.94078:-43.19701
Capela Nossa Senhora da Cabeça Rio de Janeiro,heritage_site,wikidata,-22.960962,-43.22087,Q30935277,wikidata:Capela Nossa Senhora da Cabeça Rio de Janeiro:-22.96096:-43.22087
Casa da Marquesa de Santos,heritage_site,wikidata,-22.90458,-43.217068,Q10333920,wikidata:Casa da Marquesa de Santos:-22.90458:-43.21707
Casa da Moeda do Brasil,heritage_site,wikidata,-22.90649,-43.190782,Q5047900,wikidata:Casa da Moeda do Brasil:-22.90649:-43.19078
Casa das Canoas,heritage_site,wikidata,-22.985902,-43.272883,Q6816788,wikidata:Casa das Canoas:-22.98590:-43.27288
Casa de Rui Barbosa,heritage_site,wikidata,-22.948753553,-43.187046216,Q61000992,wikidata:Casa de Rui Barbosa:-22.94875:-43.18705
Casa do Bispo,heritage_site,wikidata,-22.926067,-43.210271,Q55608773,wikidata:Casa do Bispo:-22.92607:-43.21027
Chafariz Paulo Fernandes,heritage_site,wikidata,-22.9115308,-43.1945616,Q67210687,wikidata:Chafariz Paulo Fernandes:-22.91153:-43.19456
Chafariz Rua do Riachuelo,heritage_site,wikidata,-22.91505,-43.186372,Q104906121,wikidata:Chafariz Rua do Riachuelo:-22.91505:-43.18637
Chafariz da Glória,heritage_site,wikidata,-22.9184257,-43.1771039,Q67203826,wikidata:Chafariz da Glória:-22.91843:-43.17710
Chafariz das Saracuras,heritage_site,wikidata,-22.985160762,-43.197794625,Q67203719,wikidata:Chafariz das Saracuras:-22.98516:-43.19779
Chafariz de Grandjean de Montigny,heritage_site,wikidata,-22.961668055,-43.273318888,Q67203459,wikidata:Chafariz de Grandjean de Montigny:-22.96167:-43.27332
Chafariz do Lagarto,heritage_site,wikidata,-22.9120252,-43.1952142,Q67204031,wikidata:Chafariz do Lagarto:-22.91203:-43.19521
Coleção Geyer,heritage_site,wikidata,-22.94099,-43.205175,Q25419064,wikidata:Coleção Geyer:-22.94099:-43.20517
Colégio Militar do Rio de Janeiro,heritage_site,wikidata,-22.91691,-43.226343,Q18473983,wikidata:Colégio Militar do Rio de Janeiro:-22.91691:-43.22634
Colégio Pedro II,heritage_site,wikidata,-22.9017223,-43.184904,Q1113098,wikidata:Colégio Pedro II:-22.90172:-43.18490
Conjunto Arquitetônico da Avenida Central,heritage_site,wikidata,-22.909834,-43.175895,Q56641304,wikidata:Conjunto Arquitetônico da Avenida Central:-22.90983:-43.17589
Convento de Santa Teresa,heritage_site,wikidata,-22.915529,-43.180453,Q18482673,wikidata:Convento de Santa Teresa:-22.91553:-43.18045
Convento de Santo Antônio,heritage_site,wikidata,-22.90725,-43.179138888,Q14947966,wikidata:Convento de Santo Antônio:-22.90725:-43.17914
Convento do Carmo,heritage_site,wikidata,-22.903371,-43.175553,Q4902626,wikidata:Convento do Carmo:-22.90337:-43.17555
Copacabana Palace,heritage_site,wikidata,-22.96726,-43.17874,Q2637352,wikidata:Copacabana Palace:-22.96726:-43.17874
Cristo Redentor,heritage_site,wikidata,-22.951915648,-43.210464122,Q79961,wikidata:Cristo Redentor:-22.95192:-43.21046
Edifício ''A Noite'',heritage_site,wikidata,-22.8973,-43.181,Q5338058,wikidata:Edifício ''A Noite'':-22.89730:-43.18100
Edifício Docas de Santos,heritage_site,wikidata,-22.900569,-43.179598,Q69363749,wikidata:Edifício Docas de Santos:-22.90057:-43.17960
Edifício Gustavo Capanema,heritage_site,wikidata,-22.9092,-43.17382778,Q2598551,wikidata:Edifício Gustavo Capanema:-22.90920:-43.17383
Escola Nacional de Belas Artes,heritage_site,wikidata,-22.908769444,-43.175705555,Q55439919,wikidata:Escola Nacional de Belas Artes:-22.90877:-43.17571
Estação Central do Brasil,heritage_site,wikidata,-22.903413888,-43.191444444,Q1274003,wikidata:Estação Central do Brasil:-22.90341:-43.19144
Estação Ferroviária Leopoldina - Barão de Mauá,heritage_site,wikidata,-22.907711078,-43.210454321,Q69363079,wikidata:Estação Ferroviária Leopoldina - Barão de Mauá:-22.90771:-43.21045
Estação Leopoldina,heritage_site,wikidata,-22.90766242,-43.21057088,Q10275936,wikidata:Estação Leopoldina:-22.90766:-43.21057
Estádio Jornalista Mário Filho,heritage_site,wikidata,-22.912222222,-43.230277777,Q155174,wikidata:Estádio Jornalista Mário Filho:-22.91222:-43.23028
Estátua equestre de Dom Pedro I,heritage_site,wikidata,-22.906954,-43.182824,Q18476242,wikidata:Estátua equestre de Dom Pedro I:-22.90695:-43.18282
Fazenda da Taquara,heritage_site,wikidata,-22.922226662,-43.382882804,Q136421907,wikidata:Fazenda da Taquara:-22.92223:-43.38288
Fazenda do Capão do Bispo,heritage_site,wikidata,-22.883174,-43.278144,Q83904475,wikidata:Fazenda do Capão do Bispo:-22.88317:-43.27814
Fazenda do Engenho d’ Água,heritage_site,wikidata,-22.955095,-43.356234,Q104907313,wikidata:Fazenda do Engenho d’ Água:-22.95510:-43.35623
Fortaleza de Nossa Senhora da Conceição (Rio de Janeiro),heritage_site,wikidata,-22.899226,-43.183768,Q10283627,wikidata:Fortaleza de Nossa Senhora da Conceição (Rio de Janeiro):-22.89923:-43.18377
Fortaleza de São José da Ilha das Cobras,heritage_site,wikidata,-22.896382,-43.17114,Q10283639,wikidata:Fortaleza de São José da Ilha das Cobras:-22.89638:-43.17114
Fortaleza de São João,heritage_site,wikidata,-22.943372,-43.156458,Q5472516,wikidata:Fortaleza de São João:-22.94337:-43.15646
Forte de Copacabana,heritage_site,wikidata,-22.985833333,-43.185277777,Q5470982,wikidata:Forte de Copacabana:-22.98583:-43.18528
Forte de São Tiago,heritage_site,wikidata,-22.905908333,-43.169522222,Q10284072,wikidata:Forte de São Tiago:-22.90591:-43.16952
Fortim de Caetano Madeira,heritage_site,wikidata,-22.8965,-43.2596,Q10284228,wikidata:Fortim de Caetano Madeira:-22.89650:-43.25960
Hangar de Zepelins do Aeroporto Bartolomeu de Gusmão,heritage_site,wikidata,-22.922736,-43.703531,Q111922313,wikidata:Hangar de Zepelins do Aeroporto Bartolomeu de Gusmão:-22.92274:-43.70353
Hospital Escola São Francisco de Assis,heritage_site,wikidata,-22.90907,-43.201393,Q10298377,wikidata:Hospital Escola São Francisco de Assis:-22.90907:-43.20139
Igreja Nossa Senhora Mãe dos Homens (Rio de Janeiro),heritage_site,wikidata,-22.901768,-43.178394,Q55264666,wikidata:Igreja Nossa Senhora Mãe dos Homens (Rio de Janeiro):-22.90177:-43.17839
Igreja Positivista do Brasil,heritage_site,wikidata,-22.92058,-43.17938,Q10300201,wikidata:Igreja Positivista do Brasil:-22.92058:-43.17938
Igreja da Ordem Terceira do Carmo,heritage_site,wikidata,-22.90309444,-43.17555833,Q10300293,wikidata:Igreja da Ordem Terceira do Carmo:-22.90309:-43.17556
Igreja de Nossa Senhora da Ajuda (Ilha do Governador),heritage_site,wikidata,-22.79332,-43.170516,Q10300340,wikidata:Igreja de Nossa Senhora da Ajuda (Ilha do Governador):-22.79332:-43.17052
Igreja de Nossa Senhora da Candelária,heritage_site,wikidata,-22.900811111,-43.177894444,Q82312,wikidata:Igreja de Nossa Senhora da Candelária:-22.90081:-43.17789
Igreja de Nossa Senhora da Conceição e Boa Morte,heritage_site,wikidata,-22.903021,-43.178751,Q10300378,wikidata:Igreja de Nossa Senhora da Conceição e Boa Morte:-22.90302:-43.17875
Igreja de Nossa Senhora da Glória do Outeiro,heritage_site,wikidata,-22.92144722,-43.17543333,Q10300392,wikidata:Igreja de Nossa Senhora da Glória do Outeiro:-22.92145:-43.17543
Igreja de Nossa Senhora da Lapa dos Mercadores,heritage_site,wikidata,-22.90221,-43.1752,Q10300403,wikidata:Igreja de Nossa Senhora da Lapa dos Mercadores:-22.90221:-43.17520
Igreja de Nossa Senhora da Pena,heritage_site,wikidata,-22.941587,-43.3483199,Q104904890,wikidata:Igreja de Nossa Senhora da Pena:-22.94159:-43.34832
Igreja de Nossa Senhora da Saúde,heritage_site,wikidata,-22.893746,-43.191477,Q104853267,wikidata:Igreja de Nossa Senhora da Saúde:-22.89375:-43.19148
Igreja de Nossa Senhora do Bonsucesso,heritage_site,wikidata,-22.906467,-43.170585,Q10300498,wikidata:Igreja de Nossa Senhora do Bonsucesso:-22.90647:-43.17059
Igreja de Nossa Senhora do Carmo,heritage_site,wikidata,-22.903333333,-43.175555555,Q2942273,wikidata:Igreja de Nossa Senhora do Carmo:-22.90333:-43.17556
Igreja de Nossa Senhora do Carmo da Lapa do Desterro,heritage_site,wikidata,-22.914592,-43.177707,Q96586968,wikidata:Igreja de Nossa Senhora do Carmo da Lapa do Desterro:-22.91459:-43.17771
Igreja de Nossa Senhora do Desterro,heritage_site,wikidata,-23.005952,-43.634309,Q104904969,wikidata:Igreja de Nossa Senhora do Desterro:-23.00595:-43.63431
Igreja de Nossa Senhora do Rosário e São Benedito (Rio de Janeiro),heritage_site,wikidata,-22.90416,-43.180492,Q10300555,wikidata:Igreja de Nossa Senhora do Rosário e São Benedito (Rio de Janeiro):-22.90416:-43.18049
Igreja de Santa Cruz dos Militares,heritage_site,wikidata,-22.902158,-43.175682,Q10300620,wikidata:Igreja de Santa Cruz dos Militares:-22.90216:-43.17568
Igreja de Santa Luzia,heritage_site,wikidata,-22.909542,-43.172603,Q10300629,wikidata:Igreja de Santa Luzia:-22.90954:-43.17260
Igreja de São Francisco da Prainha,heritage_site,wikidata,-22.897811,-43.183628,Q48862348,wikidata:Igreja de São Francisco da Prainha:-22.89781:-43.18363
Igreja de São Francisco de Paula,heritage_site,wikidata,-22.905493,-43.180594,Q10300739,wikidata:Igreja de São Francisco de Paula:-22.90549:-43.18059
Igreja de São José,heritage_site,wikidata,-22.9045,-43.1741,Q64578365,wikidata:Igreja de São José:-22.90450:-43.17410
Igreja do Bom Jesus da Coluna,heritage_site,wikidata,-22.859478,-43.2123,Q56641219,wikidata:Igreja do Bom Jesus da Coluna:-22.85948:-43.21230
Igreja do Santíssimo Sacramento da Antiga Sé,heritage_site,wikidata,-22.90458,-43.182841,Q10300936,wikidata:Igreja do Santíssimo Sacramento da Antiga Sé:-22.90458:-43.18284
Jardim Botânico do Rio de Janeiro,heritage_site,wikidata,-22.9675,-43.223889,Q45242,wikidata:Jardim Botânico do Rio de Janeiro:-22.96750:-43.22389
Jardim e Morro do Valongo,heritage_site,wikidata,-22.898558,-43.186426,Q56641218,wikidata:Jardim e Morro do Valongo:-22.89856:-43.18643
Ladeira da Misericórdia,heritage_site,wikidata,-22.906195,-43.17027,Q10315482,wikidata:Ladeira da Misericórdia:-22.90620:-43.17027
Lago do Campo de Santana,heritage_site,wikidata,-22.9075885,-43.188024,Q67205544,wikidata:Lago do Campo de Santana:-22.90759:-43.18802
Lagoa Rodrigo de Freitas,heritage_site,wikidata,-22.971111111,-43.211666666,Q429897,wikidata:Lagoa Rodrigo de Freitas:-22.97111:-43.21167
Lampadário da Lapa,heritage_site,wikidata,-22.9143351,-43.1780163,Q61773852,wikidata:Lampadário da Lapa:-22.91434:-43.17802
Monumento aos Mortos da Segunda Guerra Mundial,heritage_site,wikidata,-22.91666667,-43.17361111,Q2017454,wikidata:Monumento aos Mortos da Segunda Guerra Mundial:-22.91667:-43.17361
Morro Dois Irmãos,heritage_site,wikidata,-22.9908,-43.2396,Q18476300,wikidata:Morro Dois Irmãos:-22.99080:-43.23960
Morro da Babilônia,heritage_site,wikidata,-22.96,-43.17055556,Q6914185,wikidata:Morro da Babilônia:-22.96000:-43.17056
Morro do Corcovado,heritage_site,wikidata,-22.9525,-43.211666666,Q506938,wikidata:Morro do Corcovado:-22.95250:-43.21167
Mosteiro de São Bento,heritage_site,wikidata,-22.8970349,-43.178051,Q2820360,wikidata:Mosteiro de São Bento:-22.89703:-43.17805
Observatório Nacional,heritage_site,wikidata,-22.8958759,-43.2249755,Q6621362,wikidata:Observatório Nacional:-22.89588:-43.22498
Palácio Guanabara,heritage_site,wikidata,-22.9375,-43.18388889,Q3813706,wikidata:Palácio Guanabara:-22.93750:-43.18389
Palácio Tiradentes,heritage_site,wikidata,-22.90387009,-43.173877,Q2048490,wikidata:Palácio Tiradentes:-22.90387:-43.17388
Palácio Universitário UFRJ,heritage_site,wikidata,-22.952333,-43.174504,Q56641177,wikidata:Palácio Universitário UFRJ:-22.95233:-43.17450
Palácio da Conceição,heritage_site,wikidata,-22.89964,-43.182697,Q10343988,wikidata:Palácio da Conceição:-22.89964:-43.18270
Palácio das Laranjeiras,heritage_site,wikidata,-22.93143,-43.183562,Q10343955,wikidata:Palácio das Laranjeiras:-22.93143:-43.18356
Palácio do Itamaraty,heritage_site,wikidata,-22.902925,-43.18795,Q10344051,wikidata:Palácio do Itamaraty:-22.90292:-43.18795
Parque Lage,heritage_site,wikidata,-22.9606,-43.212,Q7139641,wikidata:Parque Lage:-22.96060:-43.21200
Parque Nacional da Tijuca,heritage_site,wikidata,-22.959444444,-43.277777777,Q1974494,wikidata:Parque Nacional da Tijuca:-22.95944:-43.27778
Passeio Público,heritage_site,wikidata,-22.91379722,-43.17598611,Q7142572,wikidata:Passeio Público:-22.91380:-43.17599
Pavilhão Mourisco,heritage_site,wikidata,-22.8749473,-43.2454285,Q84971371,wikidata:Pavilhão Mourisco:-22.87495:-43.24543
Pinturas de Leandro Joaquim,heritage_site,wikidata,-22.917465,-43.184089,Q111923608,wikidata:Pinturas de Leandro Joaquim:-22.91746:-43.18409
Ponte do Guandu,heritage_site,wikidata,-22.8722557,-43.677064,Q10351458,wikidata:Ponte do Guandu:-22.87226:-43.67706
Praça XV de Novembro,heritage_site,wikidata,-22.903,-43.173694444,Q10353359,wikidata:Praça XV de Novembro:-22.90300:-43.17369
Quinta da Boa Vista,heritage_site,wikidata,-22.9058,-43.2244,Q2500590,wikidata:Quinta da Boa Vista:-22.90580:-43.22440
Rua do Catete,heritage_site,wikidata,-22.92592,-43.176251,Q10365024,wikidata:Rua do Catete:-22.92592:-43.17625
Sambódromo da Marquês de Sapucaí,heritage_site,wikidata,-22.911384,-43.196851,Q281521,wikidata:Sambódromo da Marquês de Sapucaí:-22.91138:-43.19685
Santa Casa de Misericórdia do Rio de Janeiro,heritage_site,wikidata,-22.907521,-43.171143,Q10367749,wikidata:Santa Casa de Misericórdia do Rio de Janeiro:-22.90752:-43.17114
Santuário de Santa Rita de Cássia,heritage_site,wikidata,-22.900376,-43.18066,Q10300658,wikidata:Santuário de Santa Rita de Cássia:-22.90038:-43.18066
Solar Grandjean de Montigny,heritage_site,wikidata,-22.979022,-43.233756,Q18485129,wikidata:Solar Grandjean de Montigny:-22.97902:-43.23376
Solar da Imperatriz,heritage_site,wikidata,-22.9678611,-43.2403981,Q64847884,wikidata:Solar da Imperatriz:-22.96786:-43.24040
Solar del Rei,heritage_site,wikidata,-22.759742,-43.109302,Q104907436,wikidata:Solar del Rei:-22.75974:-43.10930
Universidade Federal do Rio de Janeiro,heritage_site,wikidata,-22.8625,-43.223888888,Q586904,wikidata:Universidade Federal do Rio de Janeiro:-22.86250:-43.22389
edifício-sede da Associação Brasileira de Imprensa,heritage_site,wikidata,-22.90915,-43.17484,Q18275922,wikidata:edifício-sede da Associação Brasileira de Imprensa:-22.90915:-43.17484
Casa Histórica de Deodoro,history_museum,overture,-22.90555763244629,-43.190895080566406,,overture:Casa Histórica de Deodoro:-22.90556:-43.19090
Casa Suíça de Nova Friburgo,history_museum,overture,-22.892805099487305,-43.536468505859375,,overture:Casa Suíça de Nova Friburgo:-22.89281:-43.53647
Casarao dos Prazeres,history_museum,overture,-22.92063331604004,-43.184906005859375,,overture:Casarao dos Prazeres:-22.92063:-43.18491
Centro da Memória da Eletricidade no Brasil,history_museum,overture,-22.89855194091797,-43.179073333740234,,overture:Centro da Memória da Eletricidade no Brasil:-22.89855:-43.17907
Complexo de Bondes de Santa Teresa,history_museum,overture,-22.920120239257812,-43.18587112426758,,overture:Complexo de Bondes de Santa Teresa:-22.92012:-43.18587
Espaço Cultural Libanês,history_museum,overture,-22.951520919799805,-43.18903350830078,,overture:Espaço Cultural Libanês:-22.95152:-43.18903
Espaço Cultural Trem do Corcovado,history_museum,overture,-22.939891815185547,-43.2032585144043,,overture:Espaço Cultural Trem do Corcovado:-22.93989:-43.20326
Forte Duque de Caxias,history_museum,overture,-22.961973190307617,-43.1648063659668,,overture:Forte Duque de Caxias:-22.96197:-43.16481
Forte de Copacabana Rio de Janiero,history_museum,overture,-22.983673095703125,-43.211631774902344,,overture:Forte de Copacabana Rio de Janiero:-22.98367:-43.21163
Historico da espanha,history_museum,overture,-22.909835815429688,-43.175785064697266,,overture:Historico da espanha:-22.90984:-43.17579
Igreja Nossa Senhora do Rosário e São Benedito dos Homens Pretos - RJ,history_museum,overture,-22.890295028686523,-43.23451232910156,,overture:Igreja Nossa Senhora do Rosário e São Benedito dos Homens Pretos - RJ:-22.89030:-43.23451
Instituto Histórico e Geográfico Brasileiro,history_museum,overture,-22.914628982543945,-43.176570892333984,,overture:Instituto Histórico e Geográfico Brasileiro:-22.91463:-43.17657
Instituto de Pesquisa e Memória Pretos Novos (IPN),history_museum,overture,-22.89597511291504,-43.192909240722656,,overture:Instituto de Pesquisa e Memória Pretos Novos (IPN):-22.89598:-43.19291
Jardim Histórico do Museu da República,history_museum,overture,-22.873306274414062,-43.31143569946289,,overture:Jardim Histórico do Museu da República:-22.87331:-43.31144
MUHCAB Museu da História e da Cultura Afro-Brasileira,history_museum,overture,-22.89622688293457,-43.19428253173828,,overture:MUHCAB Museu da História e da Cultura Afro-Brasileira:-22.89623:-43.19428
Marechal Rondon,history_museum,overture,-22.858673095703125,-43.38823699951172,,overture:Marechal Rondon:-22.85867:-43.38824
Mast,history_museum,overture,-22.895915985107422,-43.22304153442383,,overture:Mast:-22.89592:-43.22304
Memorial Bernardo Monteverde,history_museum,overture,-22.911237716674805,-43.17793655395508,,overture:Memorial Bernardo Monteverde:-22.91124:-43.17794
Memorial da Humanidade Ipharj,history_museum,overture,-22.81941032409668,-43.39516067504883,,overture:Memorial da Humanidade Ipharj:-22.81941:-43.39516
Military Museum Conde de Linhares,history_museum,overture,-22.904897689819336,-43.21927261352539,,overture:Military Museum Conde de Linhares:-22.90490:-43.21927
Museu Aeroterrestre,history_museum,overture,-22.859264373779297,-43.38923645019531,,overture:Museu Aeroterrestre:-22.85926:-43.38924
Museu Arqueológico e Histórico de Lima,history_museum,overture,-23.028419494628906,-43.47789001464844,,overture:Museu Arqueológico e Histórico de Lima:-23.02842:-43.47789
Museu Cidade Olímpica,history_museum,overture,-22.894573211669922,-43.29444885253906,,overture:Museu Cidade Olímpica:-22.89457:-43.29445
Museu Do Passo Imperial,history_museum,overture,-22.836990356445312,-43.282073974609375,,overture:Museu Do Passo Imperial:-22.83699:-43.28207
Museu Histórico Nacional,history_museum,overture,-22.905832290649414,-43.16965866088867,,overture:Museu Histórico Nacional:-22.90583:-43.16966
Museu Histórico da Cidade RJ,history_museum,overture,-22.898433685302734,-43.34912109375,,overture:Museu Histórico da Cidade RJ:-22.89843:-43.34912
Museu Histórico da Cidade do Rio de Janeiro (MHCRJ),history_museum,overture,-22.98046112060547,-43.24163055419922,,overture:Museu Histórico da Cidade do Rio de Janeiro (MHCRJ):-22.98046:-43.24163
Museu Histórico da Cidade do Rio de Janeiro - Gávea,history_museum,overture,-22.97868537902832,-43.244747161865234,,overture:Museu Histórico da Cidade do Rio de Janeiro - Gávea:-22.97869:-43.24475
Museu Histórico do Exército,history_museum,overture,-22.98578453063965,-43.186668395996094,,overture:Museu Histórico do Exército:-22.98578:-43.18667
Museu Histórico e Diplomático,history_museum,overture,-22.90346908569336,-43.18833541870117,,overture:Museu Histórico e Diplomático:-22.90347:-43.18834
Museu Mac Ibirapuera- São Paulo,history_museum,overture,-22.924373626708984,-43.256221771240234,,overture:Museu Mac Ibirapuera- São Paulo:-22.92437:-43.25622
Museu Mar Praça Mauá,history_museum,overture,-22.999235153198242,-43.247535705566406,,overture:Museu Mar Praça Mauá:-22.99924:-43.24754
Museu da Imigracao da Ilha das Flores,history_museum,overture,-22.845125198364258,-43.10105895996094,,overture:Museu da Imigracao da Ilha das Flores:-22.84513:-43.10106
Museu da Justiça de Niterói,history_museum,overture,-22.894020080566406,-43.11774826049805,,overture:Museu da Justiça de Niterói:-22.89402:-43.11775
Museu da República (Palácio do Catete),history_museum,overture,-22.925872802734375,-43.17620849609375,,overture:Museu da República (Palácio do Catete):-22.92587:-43.17621
Museu de Cera,history_museum,overture,-22.893280029296875,-43.192420959472656,,overture:Museu de Cera:-22.89328:-43.19242
Museu de Folclore Edison Carneiro,history_museum,overture,-22.931289672851562,-43.1746711730957,,overture:Museu de Folclore Edison Carneiro:-22.93129:-43.17467
Museu de História dos Bombeiros,history_museum,overture,-22.908803939819336,-43.18765640258789,,overture:Museu de História dos Bombeiros:-22.90880:-43.18766
Museu de Sitio Arqueologico da Antiga Se,history_museum,overture,-22.903898239135742,-43.17581558227539,,overture:Museu de Sitio Arqueologico da Antiga Se:-22.90390:-43.17582
Museu do Corpo de Bombeiros,history_museum,overture,-22.909271240234375,-43.18696975708008,,overture:Museu do Corpo de Bombeiros:-22.90927:-43.18697
Museu do Corpo de Fuzileiros Navais,history_museum,overture,-22.892683029174805,-43.6012077331543,,overture:Museu do Corpo de Fuzileiros Navais:-22.89268:-43.60121
Museu do Cárcere,history_museum,overture,-23.02817153930664,-43.46785354614258,,overture:Museu do Cárcere:-23.02817:-43.46785
Museu do Horto,history_museum,overture,-22.967267990112305,-43.22857666015625,,overture:Museu do Horto:-22.96727:-43.22858
Museu do Negro,history_museum,overture,-22.90431022644043,-43.18052291870117,,overture:Museu do Negro:-22.90431:-43.18052
Museu do Primeiro Reinado,history_museum,overture,-22.90460968017578,-43.216976165771484,,overture:Museu do Primeiro Reinado:-22.90461:-43.21698
Museu do Trem,history_museum,overture,-22.895246505737305,-43.291805267333984,,overture:Museu do Trem:-22.89525:-43.29181
Museu do Índio,history_museum,overture,-22.95186424255371,-43.191062927246094,,overture:Museu do Índio:-22.95186:-43.19106
Museu e Centro Cultural da Casa da Moeda do Brasil,history_museum,overture,-22.90767478942871,-43.186737060546875,,overture:Museu e Centro Cultural da Casa da Moeda do Brasil:-22.90767:-43.18674
Palácio das Águias - Museu da República,history_museum,overture,-22.93321990966797,-43.1754035949707,,overture:Palácio das Águias - Museu da República:-22.93322:-43.17540
Palácio do Catete,history_museum,overture,-22.925893783569336,-43.17620086669922,,overture:Palácio do Catete:-22.92589:-43.17620
Sala Histórica do HCA,history_museum,overture,-22.918197631835938,-43.212181091308594,,overture:Sala Histórica do HCA:-22.91820:-43.21218
Submarino-Museu Riachuelo S-22,history_museum,overture,-22.900468826293945,-43.174644470214844,,overture:Submarino-Museu Riachuelo S-22:-22.90047:-43.17464
Sítio Arqueológico Casa dos Pilões,history_museum,overture,-22.967981338500977,-43.22710037231445,,overture:Sítio Arqueológico Casa dos Pilões:-22.96798:-43.22710
Turismo Cultural no Bairro Imperial de São Cristóvão,history_museum,overture,-22.905258178710938,-43.223350524902344,,overture:Turismo Cultural no Bairro Imperial de São Cristóvão:-22.90526:-43.22335
(Village Palmeiras),landmark_and_historical_building,overture,-22.923282623291016,-43.60556411743164,,overture:(Village Palmeiras):-22.92328:-43.60556
200 (Cresa),landmark_and_historical_building,overture,-22.922740936279297,-43.183841705322266,,overture:200 (Cresa):-22.92274:-43.18384
360 On The Park,landmark_and_historical_building,overture,-22.987184524536133,-43.35572052001953,,overture:360 On The Park:-22.98718:-43.35572
786 Prudente,landmark_and_historical_building,overture,-22.985191345214844,-43.20414352416992,,overture:786 Prudente:-22.98519:-43.20414
A Griff Do Bolo,landmark_and_historical_building,overture,-22.848777770996094,-43.46574783325195,,overture:A Griff Do Bolo:-22.84878:-43.46575
ASM Martins soluções LTDA,landmark_and_historical_building,overture,-22.94080352783203,-43.5627326965332,,overture:ASM Martins soluções LTDA:-22.94080:-43.56273
Acquabella,landmark_and_historical_building,overture,-23.010690689086914,-43.33005905151367,,overture:Acquabella:-23.01069:-43.33006
Acueducto Carioca,landmark_and_historical_building,overture,-22.91259765625,-43.17985153198242,,overture:Acueducto Carioca:-22.91260:-43.17985
Adorable Tijuca,landmark_and_historical_building,overture,-22.939529418945312,-43.249935150146484,,overture:Adorable Tijuca:-22.93953:-43.24994
Alameda colibris,landmark_and_historical_building,overture,-22.816503524780273,-43.353981018066406,,overture:Alameda colibris:-22.81650:-43.35398
Alaska,landmark_and_historical_building,overture,-22.98219871520996,-43.23752212524414,,overture:Alaska:-22.98220:-43.23752
Albany,landmark_and_historical_building,overture,-22.964492797851562,-43.17756271362305,,overture:Albany:-22.96449:-43.17756
Alcóolicos Anônimos,landmark_and_historical_building,overture,-22.92462730407715,-43.243473052978516,,overture:Alcóolicos Anônimos:-22.92463:-43.24347
Alfa Barra I,landmark_and_historical_building,overture,-23.009784698486328,-43.36476135253906,,overture:Alfa Barra I:-23.00978:-43.36476
Alfa Barra Resort & Services,landmark_and_historical_building,overture,-23.009693145751953,-43.36878967285156,,overture:Alfa Barra Resort & Services:-23.00969:-43.36879
Alfabarra II,landmark_and_historical_building,overture,-23.00982666015625,-43.367374420166016,,overture:Alfabarra II:-23.00983:-43.36737
All Jardim Oceânico,landmark_and_historical_building,overture,-23.0059871673584,-43.31239700317383,,overture:All Jardim Oceânico:-23.00599:-43.31240
Almirante Calheiros Da Graca,landmark_and_historical_building,overture,-22.898296356201172,-43.284236907958984,,overture:Almirante Calheiros Da Graca:-22.89830:-43.28424
Almirante Guinlem,landmark_and_historical_building,overture,-22.98589324951172,-43.21848678588867,,overture:Almirante Guinlem:-22.98589:-43.21849
Alphaville,landmark_and_historical_building,overture,-22.99169158935547,-43.395328521728516,,overture:Alphaville:-22.99169:-43.39533
Alphaville Barra da Tijuca,landmark_and_historical_building,overture,-23.01190757751465,-43.30857849121094,,overture:Alphaville Barra da Tijuca:-23.01191:-43.30858
"Alto Do Corcovado, Rio De Janeiro - RJ",landmark_and_historical_building,overture,-22.953022003173828,-43.21060562133789,,"overture:Alto Do Corcovado, Rio De Janeiro - RJ:-22.95302:-43.21061"
Alto Grajau,landmark_and_historical_building,overture,-22.919618606567383,-43.26421356201172,,overture:Alto Grajau:-22.91962:-43.26421
Alvorada da Barra,landmark_and_historical_building,overture,-23.00312614440918,-43.435691833496094,,overture:Alvorada da Barra:-23.00313:-43.43569
Amarelinho,landmark_and_historical_building,overture,-22.82423210144043,-43.33831787109375,,overture:Amarelinho:-22.82423:-43.33832
Amcrag Guillobel,landmark_and_historical_building,overture,-22.905210494995117,-43.54246139526367,,overture:Amcrag Guillobel:-22.90521:-43.54246
America Club Condominium,landmark_and_historical_building,overture,-22.876605987548828,-43.26613998413086,,overture:America Club Condominium:-22.87661:-43.26614
American Village,landmark_and_historical_building,overture,-23.00572967529297,-43.48115539550781,,overture:American Village:-23.00573:-43.48116
Amigos do Ocean Drive -,landmark_and_historical_building,overture,-23.010087966918945,-43.36895751953125,,overture:Amigos do Ocean Drive -:-23.01009:-43.36896
Amo Cristo Redentor - I Love Christ The Redeemer,landmark_and_historical_building,overture,-22.961605072021484,-43.273094177246094,,overture:Amo Cristo Redentor - I Love Christ The Redeemer:-22.96161:-43.27309
Amznwarehouses US,landmark_and_historical_building,overture,-22.93769645690918,-43.33492660522461,,overture:Amznwarehouses US:-22.93770:-43.33493
Amália/Baleares (Urubuzinho),landmark_and_historical_building,overture,-22.875762939453125,-43.31108856201172,,overture:Amália/Baleares (Urubuzinho):-22.87576:-43.31109
Ananab Co-Living,landmark_and_historical_building,overture,-22.93522834777832,-43.19366455078125,,overture:Ananab Co-Living:-22.93523:-43.19366
Anil Jacarepaguá,landmark_and_historical_building,overture,-22.957748413085938,-43.336082458496094,,overture:Anil Jacarepaguá:-22.95775:-43.33608
Antiga Casa do Sitio do Picapau Amarelo,landmark_and_historical_building,overture,-23.045921325683594,-43.55409622192383,,overture:Antiga Casa do Sitio do Picapau Amarelo:-23.04592:-43.55410
Antonio Salema,landmark_and_historical_building,overture,-22.92294692993164,-43.24062728881836,,overture:Antonio Salema:-22.92295:-43.24063
Ap de Bangu,landmark_and_historical_building,overture,-22.86931037902832,-43.46147537231445,,overture:Ap de Bangu:-22.86931:-43.46148
Ap-Cdd,landmark_and_historical_building,overture,-22.951133728027344,-43.355377197265625,,overture:Ap-Cdd:-22.95113:-43.35538
Ape Nay e Lipe,landmark_and_historical_building,overture,-22.810379028320312,-43.32754135131836,,overture:Ape Nay e Lipe:-22.81038:-43.32754
Aperana,landmark_and_historical_building,overture,-22.98797035217285,-43.229331970214844,,overture:Aperana:-22.98797:-43.22933
Apogeu Barra,landmark_and_historical_building,overture,-22.97899055480957,-43.4189567565918,,overture:Apogeu Barra:-22.97899:-43.41896
Apolo,landmark_and_historical_building,overture,-22.941661834716797,-43.17631149291992,,overture:Apolo:-22.94166:-43.17631
Apoteose,landmark_and_historical_building,overture,-22.913070678710938,-43.19578170776367,,overture:Apoteose:-22.91307:-43.19578
Apê,landmark_and_historical_building,overture,-22.98369789123535,-43.2071533203125,,overture:Apê:-22.98370:-43.20715
Apê do Ribery,landmark_and_historical_building,overture,-22.8978214263916,-43.26363754272461,,overture:Apê do Ribery:-22.89782:-43.26364
AquaMarina,landmark_and_historical_building,overture,-22.760581970214844,-43.4533576965332,,overture:AquaMarina:-22.76058:-43.45336
Aqueduct Taquara,landmark_and_historical_building,overture,-22.936246871948242,-43.39985275268555,,overture:Aqueduct Taquara:-22.93625:-43.39985
Aqueduto da Carioca,landmark_and_historical_building,overture,-22.91259765625,-43.17985153198242,,overture:Aqueduto da Carioca:-22.91260:-43.17985
Arco do Teles,landmark_and_historical_building,overture,-22.863719940185547,-43.37260055541992,,overture:Arco do Teles:-22.86372:-43.37260
Arcos Da Lapa - Vida Boemia Do Rio De Janeiro,landmark_and_historical_building,overture,-22.912952423095703,-43.18324661254883,,overture:Arcos Da Lapa - Vida Boemia Do Rio De Janeiro:-22.91295:-43.18325
Arcos da Lapa,landmark_and_historical_building,overture,-22.912853240966797,-43.179779052734375,,overture:Arcos da Lapa:-22.91285:-43.17978
Areia Branca / São Benedito,landmark_and_historical_building,overture,-22.93767547607422,-43.683082580566406,,overture:Areia Branca / São Benedito:-22.93768:-43.68308
Arena Camaragibe,landmark_and_historical_building,overture,-22.926307678222656,-43.23405075073242,,overture:Arena Camaragibe:-22.92631:-43.23405
Argentão,landmark_and_historical_building,overture,-22.978803634643555,-43.226898193359375,,overture:Argentão:-22.97880:-43.22690
Ari-Leão,landmark_and_historical_building,overture,-22.851118087768555,-43.2467041015625,,overture:Ari-Leão:-22.85112:-43.24670
Armazem da Utopia,landmark_and_historical_building,overture,-22.894193649291992,-43.19882583618164,,overture:Armazem da Utopia:-22.89419:-43.19883
Arnaldo Eugênio,landmark_and_historical_building,overture,-22.909942626953125,-43.53205490112305,,overture:Arnaldo Eugênio:-22.90994:-43.53205
"Arroio Fundo (vattendrag i Brasilien, Rio de Janeiro)",landmark_and_historical_building,overture,-22.97760009765625,-43.34803009033203,,"overture:Arroio Fundo (vattendrag i Brasilien, Rio de Janeiro):-22.97760:-43.34803"
Arroio Tindiba,landmark_and_historical_building,overture,-22.9326229095459,-43.36539077758789,,overture:Arroio Tindiba:-22.93262:-43.36539
Arte Studios,landmark_and_historical_building,overture,-22.96433448791504,-43.402130126953125,,overture:Arte Studios:-22.96433:-43.40213
Arvrão,landmark_and_historical_building,overture,-22.965280532836914,-43.276371002197266,,overture:Arvrão:-22.96528:-43.27637
Associacao Condominios e Moradores R Maestro Vila Lobos,landmark_and_historical_building,overture,-22.92144012451172,-43.21681594848633,,overture:Associacao Condominios e Moradores R Maestro Vila Lobos:-22.92144:-43.21682
Associação de moradores Village Pavuna,landmark_and_historical_building,overture,-22.821443557739258,-43.37910079956055,,overture:Associação de moradores Village Pavuna:-22.82144:-43.37910
Associação dos moradores : Alto Bela Vista,landmark_and_historical_building,overture,-22.929800033569336,-43.38775634765625,,overture:Associação dos moradores : Alto Bela Vista:-22.92980:-43.38776
Asé Carmelita,landmark_and_historical_building,overture,-22.87306785583496,-43.576419830322266,,overture:Asé Carmelita:-22.87307:-43.57642
Atmosfera Condominium Park,landmark_and_historical_building,overture,-22.914648056030273,-43.22023010253906,,overture:Atmosfera Condominium Park:-22.91465:-43.22023
Ausente arrumando a casa face aberto,landmark_and_historical_building,overture,-22.86168670654297,-43.454254150390625,,overture:Ausente arrumando a casa face aberto:-22.86169:-43.45425
"Av Nossa Senhora De Copacabana, 99",landmark_and_historical_building,overture,-22.96463394165039,-43.17523193359375,,"overture:Av Nossa Senhora De Copacabana, 99:-22.96463:-43.17523"
Av.Pastor Martin Luther King Jr n3.275 - Engenho da Rainha,landmark_and_historical_building,overture,-22.86830711364746,-43.296905517578125,,overture:Av.Pastor Martin Luther King Jr n3.275 - Engenho da Rainha:-22.86831:-43.29691
Avant Garde,landmark_and_historical_building,overture,-22.936391830444336,-43.3348274230957,,overture:Avant Garde:-22.93639:-43.33483
Avenida Atlantica,landmark_and_historical_building,overture,-22.96855354309082,-43.17997741699219,,overture:Avenida Atlantica:-22.96855:-43.17998
Avenida Brasil - Passarela 12,landmark_and_historical_building,overture,-22.839073181152344,-43.29248046875,,overture:Avenida Brasil - Passarela 12:-22.83907:-43.29248
Avenida Lineu Paula Machado 1006,landmark_and_historical_building,overture,-22.96629524230957,-43.218448638916016,,overture:Avenida Lineu Paula Machado 1006:-22.96630:-43.21845
Avenida Lúcio Costa,landmark_and_historical_building,overture,-23.008474349975586,-43.32720947265625,,overture:Avenida Lúcio Costa:-23.00847:-43.32721
Avenida Maracanã,landmark_and_historical_building,overture,-22.927078247070312,-43.238426208496094,,overture:Avenida Maracanã:-22.92708:-43.23843
Avenida Mergulhao,landmark_and_historical_building,overture,-22.882204055786133,-43.549560546875,,overture:Avenida Mergulhao:-22.88220:-43.54956
Avenida Sete de Setembro,landmark_and_historical_building,overture,-22.903461456298828,-43.10078048706055,,overture:Avenida Sete de Setembro:-22.90346:-43.10078
Avenida das Américas,landmark_and_historical_building,overture,-23.002174377441406,-43.4228630065918,,overture:Avenida das Américas:-23.00217:-43.42286
Avenida epitacio pessoa 2180,landmark_and_historical_building,overture,-22.97869873046875,-43.19917678833008,,overture:Avenida epitacio pessoa 2180:-22.97870:-43.19918
Avenida paranapuã,landmark_and_historical_building,overture,-22.795576095581055,-43.180641174316406,,overture:Avenida paranapuã:-22.79558:-43.18064
Avignon e Nimes,landmark_and_historical_building,overture,-22.897680282592773,-43.29737854003906,,overture:Avignon e Nimes:-22.89768:-43.29738
Azul Da Cor Do Mar,landmark_and_historical_building,overture,-23.019521713256836,-43.46739959716797,,overture:Azul Da Cor Do Mar:-23.01952:-43.46740
Azul do Mar,landmark_and_historical_building,overture,-22.887981414794922,-43.362300872802734,,overture:Azul do Mar:-22.88798:-43.36230
BXD CRUEL,landmark_and_historical_building,overture,-22.784887313842773,-43.379005432128906,,overture:BXD CRUEL:-22.78489:-43.37901
Baianas da Estação Primeira de Mangueira,landmark_and_historical_building,overture,-22.903520584106445,-43.240596771240234,,overture:Baianas da Estação Primeira de Mangueira:-22.90352:-43.24060
Bairro Carioca,landmark_and_historical_building,overture,-22.8920955657959,-43.248653411865234,,overture:Bairro Carioca:-22.89210:-43.24865
Bairro Carioca Triagem,landmark_and_historical_building,overture,-22.894638061523438,-43.24666976928711,,overture:Bairro Carioca Triagem:-22.89464:-43.24667
Bairro Da Luz,landmark_and_historical_building,overture,-22.758853912353516,-43.469810485839844,,overture:Bairro Da Luz:-22.75885:-43.46981
Bairro Higienópolis - RJ,landmark_and_historical_building,overture,-22.87757110595703,-43.25907897949219,,overture:Bairro Higienópolis - RJ:-22.87757:-43.25908
Bairro Lins,landmark_and_historical_building,overture,-22.909671783447266,-43.27128219604492,,overture:Bairro Lins:-22.90967:-43.27128
Bairro das Laranjeiras - RJ,landmark_and_historical_building,overture,-22.931121826171875,-43.17851638793945,,overture:Bairro das Laranjeiras - RJ:-22.93112:-43.17852
Bairro de Inhaúma,landmark_and_historical_building,overture,-22.877458572387695,-43.28556442260742,,overture:Bairro de Inhaúma:-22.87746:-43.28556
Bairro de Jacarépaguá,landmark_and_historical_building,overture,-22.931198120117188,-43.35783767700195,,overture:Bairro de Jacarépaguá:-22.93120:-43.35784
Bairro de Realengo,landmark_and_historical_building,overture,-22.880836486816406,-43.4375,,overture:Bairro de Realengo:-22.88084:-43.43750
Bairro de cascadura,landmark_and_historical_building,overture,-22.8786678314209,-43.32252883911133,,overture:Bairro de cascadura:-22.87867:-43.32253
Baixada Fluminense,landmark_and_historical_building,overture,-22.759458541870117,-43.442596435546875,,overture:Baixada Fluminense:-22.75946:-43.44260
Balança Mas Não Cai,landmark_and_historical_building,overture,-22.907072067260742,-43.19411849975586,,overture:Balança Mas Não Cai:-22.90707:-43.19412
Bancários Barao 207,landmark_and_historical_building,overture,-22.903615951538086,-43.34808349609375,,overture:Bancários Barao 207:-22.90362:-43.34808
Bancários de Cavalcanti,landmark_and_historical_building,overture,-22.873849868774414,-43.31065368652344,,overture:Bancários de Cavalcanti:-22.87385:-43.31065
Bangu,landmark_and_historical_building,overture,-22.843887329101562,-43.46941375732422,,overture:Bangu:-22.84389:-43.46941
Bangu,landmark_and_historical_building,overture,-22.87127113342285,-43.46128463745117,,overture:Bangu:-22.87127:-43.46128
Barata,landmark_and_historical_building,overture,-22.894737243652344,-43.44096374511719,,overture:Barata:-22.89474:-43.44096
Barra Acrópole,landmark_and_historical_building,overture,-22.9714412689209,-43.391902923583984,,overture:Barra Acrópole:-22.97144:-43.39190
Barra Bali Apple,landmark_and_historical_building,overture,-23.009075164794922,-43.43660354614258,,overture:Barra Bali Apple:-23.00908:-43.43660
Barra Da Tijuca Itanhangá,landmark_and_historical_building,overture,-22.976694107055664,-43.32863235473633,,overture:Barra Da Tijuca Itanhangá:-22.97669:-43.32863
Barra Da Tijuca Posto Três,landmark_and_historical_building,overture,-22.942649841308594,-43.339317321777344,,overture:Barra Da Tijuca Posto Três:-22.94265:-43.33932
Barra Sol,landmark_and_historical_building,overture,-23.005172729492188,-43.325923919677734,,overture:Barra Sol:-23.00517:-43.32592
Barra Verde,landmark_and_historical_building,overture,-22.967451095581055,-43.391937255859375,,overture:Barra Verde:-22.96745:-43.39194
Barra Village House e Life,landmark_and_historical_building,overture,-23.001657485961914,-43.43705368041992,,overture:Barra Village House e Life:-23.00166:-43.43705
Barra Village Lakes,landmark_and_historical_building,overture,-23.007598876953125,-43.46260070800781,,overture:Barra Village Lakes:-23.00760:-43.46260
Barra da Tijuca,landmark_and_historical_building,overture,-23.00991439819336,-43.43806838989258,,overture:Barra da Tijuca:-23.00991:-43.43807
Barra da Tijuca - Rio de Janeiro,landmark_and_historical_building,overture,-23.0107421875,-43.30816650390625,,overture:Barra da Tijuca - Rio de Janeiro:-23.01074:-43.30817
Barreira Do Vasco Complexo Da Pedreira,landmark_and_historical_building,overture,-22.822187423706055,-43.35489273071289,,overture:Barreira Do Vasco Complexo Da Pedreira:-22.82219:-43.35489
Bartcaverna,landmark_and_historical_building,overture,-22.90309715270996,-43.248783111572266,,overture:Bartcaverna:-22.90310:-43.24878
Base do Tk,landmark_and_historical_building,overture,-22.80474281311035,-43.40622329711914,,overture:Base do Tk:-22.80474:-43.40622
Bazar 4 de Dezembro,landmark_and_historical_building,overture,-22.885272979736328,-43.3627815246582,,overture:Bazar 4 de Dezembro:-22.88527:-43.36278
Beach condo Plus,landmark_and_historical_building,overture,-22.96438980102539,-43.397823333740234,,overture:Beach condo Plus:-22.96439:-43.39782
Beco Do Constâncio,landmark_and_historical_building,overture,-22.951696395874023,-43.68178176879883,,overture:Beco Do Constâncio:-22.95170:-43.68178
Beco da Pantera,landmark_and_historical_building,overture,-22.915220260620117,-43.176902770996094,,overture:Beco da Pantera:-22.91522:-43.17690
Beco da bomba,landmark_and_historical_building,overture,-22.79555320739746,-43.38025665283203,,overture:Beco da bomba:-22.79555:-43.38026
Beco do Juca Futebol Resenha,landmark_and_historical_building,overture,-22.846900939941406,-43.35260009765625,,overture:Beco do Juca Futebol Resenha:-22.84690:-43.35260
Bela Vida Campo Grande,landmark_and_historical_building,overture,-22.898948669433594,-43.574981689453125,,overture:Bela Vida Campo Grande:-22.89895:-43.57498
Bela Vista Nova Iguaçu,landmark_and_historical_building,overture,-22.75944709777832,-43.48945236206055,,overture:Bela Vista Nova Iguaçu:-22.75945:-43.48945
Bella Carolina,landmark_and_historical_building,overture,-22.90575408935547,-43.286224365234375,,overture:Bella Carolina:-22.90575:-43.28622
Belle Vie,landmark_and_historical_building,overture,-22.93595314025879,-43.332054138183594,,overture:Belle Vie:-22.93595:-43.33205
Belle Ville Botafogo,landmark_and_historical_building,overture,-22.95827865600586,-43.194278717041016,,overture:Belle Ville Botafogo:-22.95828:-43.19428
Bem vindo Fumacê,landmark_and_historical_building,overture,-22.867368698120117,-43.42314147949219,,overture:Bem vindo Fumacê:-22.86737:-43.42314
Bento Lisboa Catete,landmark_and_historical_building,overture,-22.92626190185547,-43.179443359375,,overture:Bento Lisboa Catete:-22.92626:-43.17944
Bento Ribeiro,landmark_and_historical_building,overture,-22.87188148498535,-43.35722732543945,,overture:Bento Ribeiro:-22.87188:-43.35723
Big Brother Brasil,landmark_and_historical_building,overture,-22.956666946411133,-43.40888977050781,,overture:Big Brother Brasil:-22.95667:-43.40889
Blend Life and Business,landmark_and_historical_building,overture,-22.932992935180664,-43.352867126464844,,overture:Blend Life and Business:-22.93299:-43.35287
Bloco 1,landmark_and_historical_building,overture,-22.87474822998047,-43.27362823486328,,overture:Bloco 1:-22.87475:-43.27363
Bloco 23,landmark_and_historical_building,overture,-22.85067367553711,-43.379600524902344,,overture:Bloco 23:-22.85067:-43.37960
Bloco Cordão do Prata Preta,landmark_and_historical_building,overture,-22.88067054748535,-43.230186462402344,,overture:Bloco Cordão do Prata Preta:-22.88067:-43.23019
Bloco Perereca do Grajaú,landmark_and_historical_building,overture,-22.921968460083008,-43.26282501220703,,overture:Bloco Perereca do Grajaú:-22.92197:-43.26283
Bloco Seu Kuka,landmark_and_historical_building,overture,-22.920442581176758,-43.25975036621094,,overture:Bloco Seu Kuka:-22.92044:-43.25975
Bloco Vira-lata,landmark_and_historical_building,overture,-22.998672485351562,-43.25944900512695,,overture:Bloco Vira-lata:-22.99867:-43.25945
Blue Bali,landmark_and_historical_building,overture,-23.0100040435791,-43.440120697021484,,overture:Blue Bali:-23.01000:-43.44012
Blue Bay,landmark_and_historical_building,overture,-22.88567543029785,-43.12317657470703,,overture:Blue Bay:-22.88568:-43.12318
Bolt House,landmark_and_historical_building,overture,-22.94816780090332,-43.1826286315918,,overture:Bolt House:-22.94817:-43.18263
Bon Vivaggi,landmark_and_historical_building,overture,-22.943140029907227,-43.33669662475586,,overture:Bon Vivaggi:-22.94314:-43.33670
Bora Bora Hills Town,landmark_and_historical_building,overture,-22.932228088378906,-43.33403015136719,,overture:Bora Bora Hills Town:-22.93223:-43.33403
Bora Bora Tijuca,landmark_and_historical_building,overture,-22.927114486694336,-43.2402229309082,,overture:Bora Bora Tijuca:-22.92711:-43.24022
Bosque Dos Esquilos,landmark_and_historical_building,overture,-22.962066650390625,-43.334747314453125,,overture:Bosque Dos Esquilos:-22.96207:-43.33475
Bosque da Boiúna,landmark_and_historical_building,overture,-22.914167404174805,-43.39582061767578,,overture:Bosque da Boiúna:-22.91417:-43.39582
Bosque dos Bandeirantes,landmark_and_historical_building,overture,-23.005096435546875,-43.50886535644531,,overture:Bosque dos Bandeirantes:-23.00510:-43.50887
Bosque dos Buritis,landmark_and_historical_building,overture,-22.937353134155273,-43.24648666381836,,overture:Bosque dos Buritis:-22.93735:-43.24649
Botafogo,landmark_and_historical_building,overture,-22.950000762939453,-43.184173583984375,,overture:Botafogo:-22.95000:-43.18417
Botequim da Cidade do Samba,landmark_and_historical_building,overture,-22.894920349121094,-43.19671630859375,,overture:Botequim da Cidade do Samba:-22.89492:-43.19672
Bougainville Blanc and Rouge,landmark_and_historical_building,overture,-22.90629005432129,-43.101112365722656,,overture:Bougainville Blanc and Rouge:-22.90629:-43.10111
Boulevard Carioca,landmark_and_historical_building,overture,-22.90825080871582,-43.58162307739258,,overture:Boulevard Carioca:-22.90825:-43.58162
Brisa Leblon Mozak,landmark_and_historical_building,overture,-22.986927032470703,-43.229705810546875,,overture:Brisa Leblon Mozak:-22.98693:-43.22971
Brito Corretagem,landmark_and_historical_building,overture,-23.01020622253418,-43.44859313964844,,overture:Brito Corretagem:-23.01021:-43.44859
Bronze drika,landmark_and_historical_building,overture,-22.809473037719727,-43.324710845947266,,overture:Bronze drika:-22.80947:-43.32471
Brow,landmark_and_historical_building,overture,-22.93565559387207,-43.17707443237305,,overture:Brow:-22.93566:-43.17707
Buenos Aires Corporate,landmark_and_historical_building,overture,-22.902000427246094,-43.176727294921875,,overture:Buenos Aires Corporate:-22.90200:-43.17673
Building Grand Valley,landmark_and_historical_building,overture,-22.94412612915039,-43.338623046875,,overture:Building Grand Valley:-22.94413:-43.33862
Building Lucca Della Robbia,landmark_and_historical_building,overture,-23.004297256469727,-43.382476806640625,,overture:Building Lucca Della Robbia:-23.00430:-43.38248
Building Mare Vita,landmark_and_historical_building,overture,-23.00307273864746,-43.39419174194336,,overture:Building Mare Vita:-23.00307:-43.39419
Building Park Ritz,landmark_and_historical_building,overture,-22.86402130126953,-43.54240798950195,,overture:Building Park Ritz:-22.86402:-43.54241
Building Promenade St. Clement,landmark_and_historical_building,overture,-22.9497127532959,-43.1912841796875,,overture:Building Promenade St. Clement:-22.94971:-43.19128
Building Royal Barravai,landmark_and_historical_building,overture,-23.00606346130371,-43.32160949707031,,overture:Building Royal Barravai:-23.00606:-43.32161
Building Summer Time,landmark_and_historical_building,overture,-23.023475646972656,-43.453094482421875,,overture:Building Summer Time:-23.02348:-43.45309
Building Vila Real Condo,landmark_and_historical_building,overture,-22.849651336669922,-43.313663482666016,,overture:Building Vila Real Condo:-22.84965:-43.31366
Building Villanova Fontes,landmark_and_historical_building,overture,-22.936025619506836,-43.24494934082031,,overture:Building Villanova Fontes:-22.93603:-43.24495
Building Viva Lapa,landmark_and_historical_building,overture,-22.911785125732422,-43.183536529541016,,overture:Building Viva Lapa:-22.91179:-43.18354
Buraco do Lume,landmark_and_historical_building,overture,-22.906118392944336,-43.176204681396484,,overture:Buraco do Lume:-22.90612:-43.17620
C.P.D.L,landmark_and_historical_building,overture,-22.900081634521484,-43.28995895385742,,overture:C.P.D.L:-22.90008:-43.28996
CDD Vila Norma,landmark_and_historical_building,overture,-22.7829532623291,-43.405208587646484,,overture:CDD Vila Norma:-22.78295:-43.40521
CMS Píndaro de Carvalho Rodrigues,landmark_and_historical_building,overture,-22.979677200317383,-43.229522705078125,,overture:CMS Píndaro de Carvalho Rodrigues:-22.97968:-43.22952
CP Shope,landmark_and_historical_building,overture,-22.906497955322266,-43.19415283203125,,overture:CP Shope:-22.90650:-43.19415
Cabuçu,landmark_and_historical_building,overture,-22.789823532104492,-43.42101287841797,,overture:Cabuçu:-22.78982:-43.42101
Cachambi,landmark_and_historical_building,overture,-22.89278793334961,-43.26698303222656,,overture:Cachambi:-22.89279:-43.26698
"Cachoeira Anil,rj",landmark_and_historical_building,overture,-22.881404876708984,-43.43754959106445,,"overture:Cachoeira Anil,rj:-22.88140:-43.43755"
Cachoeira Da Mazomba,landmark_and_historical_building,overture,-22.84524917602539,-43.7604866027832,,overture:Cachoeira Da Mazomba:-22.84525:-43.76049
Cachoeira Indiana Jones,landmark_and_historical_building,overture,-23.016630172729492,-43.46807098388672,,overture:Cachoeira Indiana Jones:-23.01663:-43.46807
"Cachoeira Véu de Noiva, Vila de Maringa, Itatiaia, RJ",landmark_and_historical_building,overture,-22.927860260009766,-43.35539627075195,,"overture:Cachoeira Véu de Noiva, Vila de Maringa, Itatiaia, RJ:-22.92786:-43.35540"
Cachoeira das Fadas-Minas Gerais,landmark_and_historical_building,overture,-22.956796646118164,-43.177276611328125,,overture:Cachoeira das Fadas-Minas Gerais:-22.95680:-43.17728
Cacuia,landmark_and_historical_building,overture,-22.821945190429688,-43.183895111083984,,overture:Cacuia:-22.82195:-43.18390
Cais do Valongo,landmark_and_historical_building,overture,-22.896648406982422,-43.187171936035156,,overture:Cais do Valongo:-22.89665:-43.18717
Caju (cidade do Rio de Janeiro),landmark_and_historical_building,overture,-22.880002975463867,-43.22056198120117,,overture:Caju (cidade do Rio de Janeiro):-22.88000:-43.22056
Calle Due,landmark_and_historical_building,overture,-22.90562629699707,-43.105567932128906,,overture:Calle Due:-22.90563:-43.10557
Calle Uno,landmark_and_historical_building,overture,-22.90534210205078,-43.105228424072266,,overture:Calle Uno:-22.90534:-43.10523
Calçadão Itaguaí,landmark_and_historical_building,overture,-22.8714542388916,-43.77791213989258,,overture:Calçadão Itaguaí:-22.87145:-43.77791
Caminho dos Pescadores,landmark_and_historical_building,overture,-22.963476181030273,-43.164676666259766,,overture:Caminho dos Pescadores:-22.96348:-43.16468
Caminhos da Barra,landmark_and_historical_building,overture,-22.95616912841797,-43.34952926635742,,overture:Caminhos da Barra:-22.95617:-43.34953
Caminhos do Rio,landmark_and_historical_building,overture,-22.784385681152344,-43.41299819946289,,overture:Caminhos do Rio:-22.78439:-43.41300
Campo 7 Praça Seca,landmark_and_historical_building,overture,-22.88962745666504,-43.34402847290039,,overture:Campo 7 Praça Seca:-22.88963:-43.34403
Campo de Sao Joao,landmark_and_historical_building,overture,-23.048616409301758,-43.5583381652832,,overture:Campo de Sao Joao:-23.04862:-43.55834
Campo grande,landmark_and_historical_building,overture,-22.89962387084961,-43.56221008300781,,overture:Campo grande:-22.89962:-43.56221
Campo grande,landmark_and_historical_building,overture,-22.8709659576416,-43.552978515625,,overture:Campo grande:-22.87097:-43.55298
Campo grande,landmark_and_historical_building,overture,-22.886375427246094,-43.5845832824707,,overture:Campo grande:-22.88638:-43.58458
Campão Irajá,landmark_and_historical_building,overture,-22.82538414001465,-43.32784652709961,,overture:Campão Irajá:-22.82538:-43.32785
Campão da Rio Grande,landmark_and_historical_building,overture,-22.917583465576172,-43.4034309387207,,overture:Campão da Rio Grande:-22.91758:-43.40343
Canal Cação Vermelho,landmark_and_historical_building,overture,-22.902223587036133,-43.69191360473633,,overture:Canal Cação Vermelho:-22.90222:-43.69191
Canal Faria-Timbó,landmark_and_historical_building,overture,-22.878803253173828,-43.25071334838867,,overture:Canal Faria-Timbó:-22.87880:-43.25071
Canal Gruçai,landmark_and_historical_building,overture,-22.836570739746094,-43.27370071411133,,overture:Canal Gruçai:-22.83657:-43.27370
Canal Marapendi,landmark_and_historical_building,overture,-23.0,-43.316673278808594,,overture:Canal Marapendi:-23.00000:-43.31667
Canal São Fernando,landmark_and_historical_building,overture,-22.928720474243164,-43.77055358886719,,overture:Canal São Fernando:-22.92872:-43.77055
Canal da Ceasa,landmark_and_historical_building,overture,-22.83863067626953,-43.33675003051758,,overture:Canal da Ceasa:-22.83863:-43.33675
Canal da Visconde de Albuquerque,landmark_and_historical_building,overture,-22.979000091552734,-43.2276611328125,,overture:Canal da Visconde de Albuquerque:-22.97900:-43.22766
Canal das Taxas,landmark_and_historical_building,overture,-23.02071189880371,-43.491851806640625,,overture:Canal das Taxas:-23.02071:-43.49185
Canal de Santo Agostinho,landmark_and_historical_building,overture,-22.91079330444336,-43.78764343261719,,overture:Canal de Santo Agostinho:-22.91079:-43.78764
Canal de Sarapuí,landmark_and_historical_building,overture,-22.827503204345703,-43.452781677246094,,overture:Canal de Sarapuí:-22.82750:-43.45278
Canal de Sernambetiba,landmark_and_historical_building,overture,-23.035560607910156,-43.49333572387695,,overture:Canal de Sernambetiba:-23.03556:-43.49334
Canal do Bacalhau,landmark_and_historical_building,overture,-23.057710647583008,-43.563270568847656,,overture:Canal do Bacalhau:-23.05771:-43.56327
Canal do Cascalho,landmark_and_historical_building,overture,-23.003232955932617,-43.49403381347656,,overture:Canal do Cascalho:-23.00323:-43.49403
Canal do Guandu,landmark_and_historical_building,overture,-22.866670608520508,-43.68333053588867,,overture:Canal do Guandu:-22.86667:-43.68333
Canal do Mangue,landmark_and_historical_building,overture,-22.897323608398438,-43.21064376831055,,overture:Canal do Mangue:-22.89732:-43.21064
Cantinho de Paz!,landmark_and_historical_building,overture,-22.91100311279297,-43.3981819152832,,overture:Cantinho de Paz!:-22.91100:-43.39818
Canto do Recreio - RJ,landmark_and_historical_building,overture,-23.012300491333008,-43.38496017456055,,overture:Canto do Recreio - RJ:-23.01230:-43.38496
Capela de Santa Bárbara,landmark_and_historical_building,overture,-22.93828582763672,-43.131649017333984,,overture:Capela de Santa Bárbara:-22.93829:-43.13165
Cardeal Musa Apart,landmark_and_historical_building,overture,-22.91692352294922,-43.18882751464844,,overture:Cardeal Musa Apart:-22.91692:-43.18883
Carolina,landmark_and_historical_building,overture,-22.749298095703125,-43.433746337890625,,overture:Carolina:-22.74930:-43.43375
Casa,landmark_and_historical_building,overture,-22.983726501464844,-43.20764923095703,,overture:Casa:-22.98373:-43.20765
Casa De Festa Em Realengo,landmark_and_historical_building,overture,-22.875802993774414,-43.444976806640625,,overture:Casa De Festa Em Realengo:-22.87580:-43.44498
Casa Golden Garden,landmark_and_historical_building,overture,-22.917936325073242,-43.549625396728516,,overture:Casa Golden Garden:-22.91794:-43.54963
Casa Meu Amor,landmark_and_historical_building,overture,-22.899444580078125,-43.12261962890625,,overture:Casa Meu Amor:-22.89944:-43.12262
Casa Parc des Palmier,landmark_and_historical_building,overture,-23.00354766845703,-43.43986892700195,,overture:Casa Parc des Palmier:-23.00355:-43.43987
Casa Própria Laiane Zidório,landmark_and_historical_building,overture,-22.904312133789062,-43.565757751464844,,overture:Casa Própria Laiane Zidório:-22.90431:-43.56576
Casa Rio,landmark_and_historical_building,overture,-22.880260467529297,-43.44235610961914,,overture:Casa Rio:-22.88026:-43.44236
Casa da Camila,landmark_and_historical_building,overture,-22.975446701049805,-43.18834686279297,,overture:Casa da Camila:-22.97545:-43.18835
Casa da Colina,landmark_and_historical_building,overture,-22.92055320739746,-43.182106018066406,,overture:Casa da Colina:-22.92055:-43.18211
Casa da Dani,landmark_and_historical_building,overture,-22.995826721191406,-43.238922119140625,,overture:Casa da Dani:-22.99583:-43.23892
Casa da Montanha,landmark_and_historical_building,overture,-22.763429641723633,-43.470069885253906,,overture:Casa da Montanha:-22.76343:-43.47007
Casa da Neusa- São Pedro da Aldeia,landmark_and_historical_building,overture,-22.819171905517578,-43.26957702636719,,overture:Casa da Neusa- São Pedro da Aldeia:-22.81917:-43.26958
Casa da Palma,landmark_and_historical_building,overture,-22.94445037841797,-43.204315185546875,,overture:Casa da Palma:-22.94445:-43.20432
Casa da Praia,landmark_and_historical_building,overture,-23.014375686645508,-43.30580139160156,,overture:Casa da Praia:-23.01438:-43.30580
Casa da Sofia,landmark_and_historical_building,overture,-22.884042739868164,-43.2883415222168,,overture:Casa da Sofia:-22.88404:-43.28834
Casa da Tia Paulinha,landmark_and_historical_building,overture,-22.930503845214844,-43.34123611450195,,overture:Casa da Tia Paulinha:-22.93050:-43.34124
Casa da Vovó Alzira,landmark_and_historical_building,overture,-22.929033279418945,-43.56045150756836,,overture:Casa da Vovó Alzira:-22.92903:-43.56045
Casa da sereia,landmark_and_historical_building,overture,-22.868959426879883,-43.45392990112305,,overture:Casa da sereia:-22.86896:-43.45393
Casa da tia,landmark_and_historical_building,overture,-22.784488677978516,-43.4278564453125,,overture:Casa da tia:-22.78449:-43.42786
Casa da tia juju,landmark_and_historical_building,overture,-22.968547821044922,-43.186424255371094,,overture:Casa da tia juju:-22.96855:-43.18642
Casa do Claudio Cyrillo,landmark_and_historical_building,overture,-22.97929573059082,-43.219329833984375,,overture:Casa do Claudio Cyrillo:-22.97930:-43.21933
Casa do Jorge miguel,landmark_and_historical_building,overture,-22.89543342590332,-43.71506881713867,,overture:Casa do Jorge miguel:-22.89543:-43.71507
Casa do Juanzin,landmark_and_historical_building,overture,-22.816320419311523,-43.37755584716797,,overture:Casa do Juanzin:-22.81632:-43.37756
Casa do Mozão,landmark_and_historical_building,overture,-22.828563690185547,-43.409873962402344,,overture:Casa do Mozão:-22.82856:-43.40987
Casa do Oleiro,landmark_and_historical_building,overture,-22.762134552001953,-43.42940139770508,,overture:Casa do Oleiro:-22.76213:-43.42940
Casa do Rio,landmark_and_historical_building,overture,-22.82788848876953,-43.322879791259766,,overture:Casa do Rio:-22.82789:-43.32288
Casa do Xandro,landmark_and_historical_building,overture,-22.972610473632812,-43.59062576293945,,overture:Casa do Xandro:-22.97261:-43.59063
Casa do meu tio,landmark_and_historical_building,overture,-22.846403121948242,-43.339473724365234,,overture:Casa do meu tio:-22.84640:-43.33947
Casa dos pais,landmark_and_historical_building,overture,-23.0013427734375,-43.341590881347656,,overture:Casa dos pais:-23.00134:-43.34159
Casa mãe,landmark_and_historical_building,overture,-22.913860321044922,-43.272090911865234,,overture:Casa mãe:-22.91386:-43.27209
Casa silvestre,landmark_and_historical_building,overture,-22.86907386779785,-43.54745101928711,,overture:Casa silvestre:-22.86907:-43.54745
Casaredo,landmark_and_historical_building,overture,-22.92909049987793,-43.37737274169922,,overture:Casaredo:-22.92909:-43.37737
Casarão Cultural dos Arcos,landmark_and_historical_building,overture,-22.913434982299805,-43.18073272705078,,overture:Casarão Cultural dos Arcos:-22.91343:-43.18073
Casas Bahia,landmark_and_historical_building,overture,-22.977981567382812,-43.33823776245117,,overture:Casas Bahia:-22.97798:-43.33824
Cascadura,landmark_and_historical_building,overture,-22.882204055786133,-43.32648468017578,,overture:Cascadura:-22.88220:-43.32648
Cascatinha Taunay,landmark_and_historical_building,overture,-22.95877456665039,-43.27725601196289,,overture:Cascatinha Taunay:-22.95877:-43.27726
Cass,landmark_and_historical_building,overture,-22.900054931640625,-43.10279083251953,,overture:Cass:-22.90005:-43.10279
Castel Sant'Angelo,landmark_and_historical_building,overture,-22.95370864868164,-43.18838882446289,,overture:Castel Sant'Angelo:-22.95371:-43.18839
Castelo Do Rei,landmark_and_historical_building,overture,-22.9897518157959,-43.24993896484375,,overture:Castelo Do Rei:-22.98975:-43.24994
Castelo Mourisco,landmark_and_historical_building,overture,-22.87491226196289,-43.24536895751953,,overture:Castelo Mourisco:-22.87491:-43.24537
Castelo da Família Real de Portunha,landmark_and_historical_building,overture,-22.966121673583984,-43.187965393066406,,overture:Castelo da Família Real de Portunha:-22.96612:-43.18797
Catete Palace,landmark_and_historical_building,overture,-22.925878524780273,-43.17620086669922,,overture:Catete Palace:-22.92588:-43.17620
Caxias,landmark_and_historical_building,overture,-23.00982093811035,-43.35793685913086,,overture:Caxias:-23.00982:-43.35794
Ccju,landmark_and_historical_building,overture,-22.947471618652344,-43.33686828613281,,overture:Ccju:-22.94747:-43.33687
Cdm Vivendas da Baroneza,landmark_and_historical_building,overture,-22.784311294555664,-43.427433013916016,,overture:Cdm Vivendas da Baroneza:-22.78431:-43.42743
Cena Carioca,landmark_and_historical_building,overture,-22.910865783691406,-43.176116943359375,,overture:Cena Carioca:-22.91087:-43.17612
Central Park Riviera 1,landmark_and_historical_building,overture,-22.766403198242188,-43.27959442138672,,overture:Central Park Riviera 1:-22.76640:-43.27959
Centro (Rio de Janeiro),landmark_and_historical_building,overture,-22.908103942871094,-43.176361083984375,,overture:Centro (Rio de Janeiro):-22.90810:-43.17636
Centro Empresarial Leonardo da Vinci,landmark_and_historical_building,overture,-22.920822143554688,-43.21820068359375,,overture:Centro Empresarial Leonardo da Vinci:-22.92082:-43.21820
Centro de Tradições Nordestinas Luiz Gonzaga,landmark_and_historical_building,overture,-22.897462844848633,-43.220375061035156,,overture:Centro de Tradições Nordestinas Luiz Gonzaga:-22.89746:-43.22038
Cenário Laranjeiras,landmark_and_historical_building,overture,-22.93170738220215,-43.18659973144531,,overture:Cenário Laranjeiras:-22.93171:-43.18660
Chafariz do Mestre Valentim,landmark_and_historical_building,overture,-22.902713775634766,-43.17392349243164,,overture:Chafariz do Mestre Valentim:-22.90271:-43.17392
Chalé do Alto,landmark_and_historical_building,overture,-22.96402359008789,-43.27631378173828,,overture:Chalé do Alto:-22.96402:-43.27631
Chalé do Sal,landmark_and_historical_building,overture,-22.930503845214844,-43.189964294433594,,overture:Chalé do Sal:-22.93050:-43.18996
Charme de Copa,landmark_and_historical_building,overture,-22.96340560913086,-43.17475891113281,,overture:Charme de Copa:-22.96341:-43.17476
Chateau de Cheverny,landmark_and_historical_building,overture,-22.965242385864258,-43.191864013671875,,overture:Chateau de Cheverny:-22.96524:-43.19186
Chatuba Penha RJ,landmark_and_historical_building,overture,-22.845884323120117,-43.2927360534668,,overture:Chatuba Penha RJ:-22.84588:-43.29274
Chatuba de Mesquita - Lar Doce Lar,landmark_and_historical_building,overture,-22.800569534301758,-43.440765380859375,,overture:Chatuba de Mesquita - Lar Doce Lar:-22.80057:-43.44077
Choice,landmark_and_historical_building,overture,-23.021974563598633,-43.49062728881836,,overture:Choice:-23.02197:-43.49063
Churrasco Da Praça,landmark_and_historical_building,overture,-22.842330932617188,-43.24859619140625,,overture:Churrasco Da Praça:-22.84233:-43.24860
Chácara Froes,landmark_and_historical_building,overture,-22.91351318359375,-43.10960006713867,,overture:Chácara Froes:-22.91351:-43.10960
Chácara da Freguesia,landmark_and_historical_building,overture,-22.944339752197266,-43.33444595336914,,overture:Chácara da Freguesia:-22.94434:-43.33445
Chácara do Abaeté,landmark_and_historical_building,overture,-22.902502059936523,-43.11543273925781,,overture:Chácara do Abaeté:-22.90250:-43.11543
Chácara do Itaguaí,landmark_and_historical_building,overture,-22.896732330322266,-43.10253143310547,,overture:Chácara do Itaguaí:-22.89673:-43.10253
Cidade Alta,landmark_and_historical_building,overture,-22.819570541381836,-43.29438400268555,,overture:Cidade Alta:-22.81957:-43.29438
Cidade Jardim,landmark_and_historical_building,overture,-22.988590240478516,-43.36514663696289,,overture:Cidade Jardim:-22.98859:-43.36515
Cidade Jardim - Barra,landmark_and_historical_building,overture,-23.014270782470703,-43.52638626098633,,overture:Cidade Jardim - Barra:-23.01427:-43.52639
Cidade Jardim Barra da Tijuca,landmark_and_historical_building,overture,-22.966243743896484,-43.3849983215332,,overture:Cidade Jardim Barra da Tijuca:-22.96624:-43.38500
Cidade Universitária da UFRJ,landmark_and_historical_building,overture,-22.853055953979492,-43.225833892822266,,overture:Cidade Universitária da UFRJ:-22.85306:-43.22583
Cimento Lins,landmark_and_historical_building,overture,-22.774574279785156,-43.4101448059082,,overture:Cimento Lins:-22.77457:-43.41014
Claris Casa & Clube,landmark_and_historical_building,overture,-23.013916015625,-43.440582275390625,,overture:Claris Casa & Clube:-23.01392:-43.44058
Claudia,landmark_and_historical_building,overture,-22.972055435180664,-43.190006256103516,,overture:Claudia:-22.97206:-43.19001
Climao,landmark_and_historical_building,overture,-22.965700149536133,-43.21923065185547,,overture:Climao:-22.96570:-43.21923
Clube Militar,landmark_and_historical_building,overture,-22.95632553100586,-43.16476058959961,,overture:Clube Militar:-22.95633:-43.16476
Clube Naval,landmark_and_historical_building,overture,-22.908180236816406,-43.176673889160156,,overture:Clube Naval:-22.90818:-43.17667
Clube dos marambaias,landmark_and_historical_building,overture,-23.059200286865234,-43.561004638671875,,overture:Clube dos marambaias:-23.05920:-43.56100
Coabe,landmark_and_historical_building,overture,-22.85675048828125,-43.25425338745117,,overture:Coabe:-22.85675:-43.25425
Cobertura do Gui,landmark_and_historical_building,overture,-22.98677635192871,-43.25354766845703,,overture:Cobertura do Gui:-22.98678:-43.25355
Cocobongo,landmark_and_historical_building,overture,-22.871644973754883,-43.34321975708008,,overture:Cocobongo:-22.87164:-43.34322
Cocotá - Ilha Do Governador,landmark_and_historical_building,overture,-22.802688598632812,-43.18228530883789,,overture:Cocotá - Ilha Do Governador:-22.80269:-43.18229
Cohab De Bonsucesso,landmark_and_historical_building,overture,-22.8564395904541,-43.25362777709961,,overture:Cohab De Bonsucesso:-22.85644:-43.25363
Cohab Jacarezinho,landmark_and_historical_building,overture,-22.886138916015625,-43.253074645996094,,overture:Cohab Jacarezinho:-22.88614:-43.25307
Colinas Do Itanhangá,landmark_and_historical_building,overture,-22.979843139648438,-43.325103759765625,,overture:Colinas Do Itanhangá:-22.97984:-43.32510
Colinas de Campo Grande,landmark_and_historical_building,overture,-22.889039993286133,-43.52928924560547,,overture:Colinas de Campo Grande:-22.88904:-43.52929
Colinas do Retiro,landmark_and_historical_building,overture,-22.865671157836914,-43.47866439819336,,overture:Colinas do Retiro:-22.86567:-43.47866
Colonia de Férias RJ,landmark_and_historical_building,overture,-22.95808219909668,-43.35148239135742,,overture:Colonia de Férias RJ:-22.95808:-43.35148
Colors,landmark_and_historical_building,overture,-22.940959930419922,-43.33461380004883,,overture:Colors:-22.94096:-43.33461
Colégio,landmark_and_historical_building,overture,-22.846149444580078,-43.34247970581055,,overture:Colégio:-22.84615:-43.34248
Colégio Estadual Barão de Tefé,landmark_and_historical_building,overture,-22.764375686645508,-43.68589782714844,,overture:Colégio Estadual Barão de Tefé:-22.76438:-43.68590
Comari - Campo Grande - Rj,landmark_and_historical_building,overture,-22.916589736938477,-43.5543327331543,,overture:Comari - Campo Grande - Rj:-22.91659:-43.55433
Comdomínio Colinas Do Magarça,landmark_and_historical_building,overture,-22.9417724609375,-43.587162017822266,,overture:Comdomínio Colinas Do Magarça:-22.94177:-43.58716
Comendador Siqueira,landmark_and_historical_building,overture,-22.928150177001953,-43.34779357910156,,overture:Comendador Siqueira:-22.92815:-43.34779
Companhia Siderúrgica do Atlântico,landmark_and_historical_building,overture,-22.898929595947266,-43.733333587646484,,overture:Companhia Siderúrgica do Atlântico:-22.89893:-43.73333
Completo Piedade,landmark_and_historical_building,overture,-22.89055824279785,-43.311607360839844,,overture:Completo Piedade:-22.89056:-43.31161
Complexo  ZP,landmark_and_historical_building,overture,-22.850614547729492,-43.28404998779297,,overture:Complexo  ZP:-22.85061:-43.28405
Complexo Da Barreira.,landmark_and_historical_building,overture,-22.908824920654297,-43.58688735961914,,overture:Complexo Da Barreira.:-22.90882:-43.58689
Complexo Das Casinha,landmark_and_historical_building,overture,-22.79607582092285,-43.42145919799805,,overture:Complexo Das Casinha:-22.79608:-43.42146
Complexo Do LINS,landmark_and_historical_building,overture,-22.912551879882812,-43.27568054199219,,overture:Complexo Do LINS:-22.91255:-43.27568
Complexo da João Teles,landmark_and_historical_building,overture,-22.788602828979492,-43.17933654785156,,overture:Complexo da João Teles:-22.78860:-43.17934
Complexo da Penha,landmark_and_historical_building,overture,-22.846515655517578,-43.28971862792969,,overture:Complexo da Penha:-22.84652:-43.28972
Complexo da R.D,landmark_and_historical_building,overture,-22.804969787597656,-43.40591049194336,,overture:Complexo da R.D:-22.80497:-43.40591
"Complexo do Alemão, Rio de Janeiro",landmark_and_historical_building,overture,-22.86055564880371,-43.27361297607422,,"overture:Complexo do Alemão, Rio de Janeiro:-22.86056:-43.27361"
Complexo do chapadao,landmark_and_historical_building,overture,-22.818960189819336,-43.3753662109375,,overture:Complexo do chapadao:-22.81896:-43.37537
Comunidade do Jacarezinho-RJ,landmark_and_historical_building,overture,-22.94476318359375,-43.34285354614258,,overture:Comunidade do Jacarezinho-RJ:-22.94476:-43.34285
Comunidade do Vidigal,landmark_and_historical_building,overture,-22.912322998046875,-43.183380126953125,,overture:Comunidade do Vidigal:-22.91232:-43.18338
Comunidade saibreira,landmark_and_historical_building,overture,-22.883514404296875,-43.48014450073242,,overture:Comunidade saibreira:-22.88351:-43.48014
Conceito California,landmark_and_historical_building,overture,-22.761140823364258,-43.425750732421875,,overture:Conceito California:-22.76114:-43.42575
Conceição 179,landmark_and_historical_building,overture,-22.8997802734375,-43.1845588684082,,overture:Conceição 179:-22.89978:-43.18456
Concetto Nero,landmark_and_historical_building,overture,-23.009002685546875,-43.473331451416016,,overture:Concetto Nero:-23.00900:-43.47333
Cond Bosque da Freguesia,landmark_and_historical_building,overture,-22.95310401916504,-43.347225189208984,,overture:Cond Bosque da Freguesia:-22.95310:-43.34723
Cond Clube Vida Boa I e II,landmark_and_historical_building,overture,-22.94295310974121,-43.5832405090332,,overture:Cond Clube Vida Boa I e II:-22.94295:-43.58324
Cond Grand Village,landmark_and_historical_building,overture,-22.970693588256836,-43.38974380493164,,overture:Cond Grand Village:-22.97069:-43.38974
Cond Solar do grajaú,landmark_and_historical_building,overture,-22.919422149658203,-43.25674819946289,,overture:Cond Solar do grajaú:-22.91942:-43.25675
Cond vila Heloisa 1220,landmark_and_historical_building,overture,-22.956205368041992,-43.34683609008789,,overture:Cond vila Heloisa 1220:-22.95621:-43.34684
Cond. Crystal Lake,landmark_and_historical_building,overture,-23.01310920715332,-43.434356689453125,,overture:Cond. Crystal Lake:-23.01311:-43.43436
Cond. Gávea Garden,landmark_and_historical_building,overture,-22.977638244628906,-43.22989273071289,,overture:Cond. Gávea Garden:-22.97764:-43.22989
Cond. Laura Garcia,landmark_and_historical_building,overture,-22.924190521240234,-43.24970626831055,,overture:Cond. Laura Garcia:-22.92419:-43.24971
Cond. Pq. Encantado,landmark_and_historical_building,overture,-22.895938873291016,-43.308101654052734,,overture:Cond. Pq. Encantado:-22.89594:-43.30810
Cond. Prainha da Ilha,landmark_and_historical_building,overture,-22.8238468170166,-43.16786193847656,,overture:Cond. Prainha da Ilha:-22.82385:-43.16786
Cond. Solaris da Torre,landmark_and_historical_building,overture,-22.92292594909668,-43.25261688232422,,overture:Cond. Solaris da Torre:-22.92293:-43.25262
Cond. Sulacap Green,landmark_and_historical_building,overture,-22.891733169555664,-43.39824676513672,,overture:Cond. Sulacap Green:-22.89173:-43.39825
Cond. Varandas do Méier,landmark_and_historical_building,overture,-22.89848518371582,-43.28897476196289,,overture:Cond. Varandas do Méier:-22.89849:-43.28897
Cond. Village Bouganvilles,landmark_and_historical_building,overture,-22.90548324584961,-43.566139221191406,,overture:Cond. Village Bouganvilles:-22.90548:-43.56614
Cond. Village do Tingui,landmark_and_historical_building,overture,-22.883764266967773,-43.56650161743164,,overture:Cond. Village do Tingui:-22.88376:-43.56650
Cond. vale dos bem te vis,landmark_and_historical_building,overture,-22.952869415283203,-43.3428840637207,,overture:Cond. vale dos bem te vis:-22.95287:-43.34288
Cond.Vale Das Palmeiras,landmark_and_historical_building,overture,-22.86421012878418,-43.55933380126953,,overture:Cond.Vale Das Palmeiras:-22.86421:-43.55933
Condado Luz do Sol II,landmark_and_historical_building,overture,-22.92546272277832,-43.375648498535156,,overture:Condado Luz do Sol II:-22.92546:-43.37565
Condado de Palmares,landmark_and_historical_building,overture,-22.917234420776367,-43.22087860107422,,overture:Condado de Palmares:-22.91723:-43.22088
Conde das Palmeiras,landmark_and_historical_building,overture,-22.90158462524414,-43.25103759765625,,overture:Conde das Palmeiras:-22.90158:-43.25104
Conde de Cascais,landmark_and_historical_building,overture,-22.987314224243164,-43.2266960144043,,overture:Conde de Cascais:-22.98731:-43.22670
Condo All Blue,landmark_and_historical_building,overture,-22.849315643310547,-43.31924819946289,,overture:Condo All Blue:-22.84932:-43.31925
Condo Aluizio de Azevedo,landmark_and_historical_building,overture,-22.933435440063477,-43.187103271484375,,overture:Condo Aluizio de Azevedo:-22.93344:-43.18710
Condo Bella Vitta Jacarepagua,landmark_and_historical_building,overture,-22.941804885864258,-43.36747360229492,,overture:Condo Bella Vitta Jacarepagua:-22.94180:-43.36747
Condo Belle Ville,landmark_and_historical_building,overture,-22.89277458190918,-43.39637756347656,,overture:Condo Belle Ville:-22.89277:-43.39638
Condo Blue One,landmark_and_historical_building,overture,-23.00243377685547,-43.42515563964844,,overture:Condo Blue One:-23.00243:-43.42516
Condo Building Ghirlandaio,landmark_and_historical_building,overture,-23.003040313720703,-43.3823356628418,,overture:Condo Building Ghirlandaio:-23.00304:-43.38234
Condo Building Jerusalem,landmark_and_historical_building,overture,-22.881956100463867,-43.491451263427734,,overture:Condo Building Jerusalem:-22.88196:-43.49145
Condo Building Verdes Mares,landmark_and_historical_building,overture,-23.00986671447754,-43.420467376708984,,overture:Condo Building Verdes Mares:-23.00987:-43.42047
Condo Cove Park,landmark_and_historical_building,overture,-22.884624481201172,-43.119571685791016,,overture:Condo Cove Park:-22.88462:-43.11957
Condo Darcy Vargas,landmark_and_historical_building,overture,-22.851638793945312,-43.2501335144043,,overture:Condo Darcy Vargas:-22.85164:-43.25013
Condo Eldorado Green,landmark_and_historical_building,overture,-22.930936813354492,-43.347694396972656,,overture:Condo Eldorado Green:-22.93094:-43.34769
Condo Gardens London,landmark_and_historical_building,overture,-22.92818832397461,-43.338314056396484,,overture:Condo Gardens London:-22.92819:-43.33831
Condo Grove Mirataia,landmark_and_historical_building,overture,-22.936260223388672,-43.36266326904297,,overture:Condo Grove Mirataia:-22.93626:-43.36266
Condo Horacio Camargo,landmark_and_historical_building,overture,-22.924701690673828,-43.52793502807617,,overture:Condo Horacio Camargo:-22.92470:-43.52794
Condo Itaúna Gold,landmark_and_historical_building,overture,-23.01053237915039,-43.42089080810547,,overture:Condo Itaúna Gold:-23.01053:-43.42089
Condo Longbeach and Casablanca,landmark_and_historical_building,overture,-23.003376007080078,-43.351402282714844,,overture:Condo Longbeach and Casablanca:-23.00338:-43.35140
Condo Park Royal,landmark_and_historical_building,overture,-22.882863998413086,-43.6302490234375,,overture:Condo Park Royal:-22.88286:-43.63025
Condo Peninsula Way,landmark_and_historical_building,overture,-22.98711585998535,-43.35757064819336,,overture:Condo Peninsula Way:-22.98712:-43.35757
Condo Piacenza Life,landmark_and_historical_building,overture,-22.875185012817383,-43.53435134887695,,overture:Condo Piacenza Life:-22.87519:-43.53435
Condo Retreat of the Roses,landmark_and_historical_building,overture,-22.81869125366211,-43.3045539855957,,overture:Condo Retreat of the Roses:-22.81869:-43.30455
Condo Royal Green,landmark_and_historical_building,overture,-22.989885330200195,-43.35418701171875,,overture:Condo Royal Green:-22.98989:-43.35419
Condo Saint Lucia,landmark_and_historical_building,overture,-23.00507926940918,-43.33229446411133,,overture:Condo Saint Lucia:-23.00508:-43.33229
Condo San Fil Building,landmark_and_historical_building,overture,-23.00581169128418,-43.32951354980469,,overture:Condo San Fil Building:-23.00581:-43.32951
Condo San Francesco,landmark_and_historical_building,overture,-22.762409210205078,-43.396942138671875,,overture:Condo San Francesco:-22.76241:-43.39694
Condo San Remo,landmark_and_historical_building,overture,-22.882211685180664,-43.54956817626953,,overture:Condo San Remo:-22.88221:-43.54957
Condo Sol Marapendi,landmark_and_historical_building,overture,-23.006980895996094,-43.325050354003906,,overture:Condo Sol Marapendi:-23.00698:-43.32505
Condo Soul Garden Icaraí,landmark_and_historical_building,overture,-22.900869369506836,-43.10206985473633,,overture:Condo Soul Garden Icaraí:-22.90087:-43.10207
Condo Tijuca Solar Building,landmark_and_historical_building,overture,-22.916791915893555,-43.23441696166992,,overture:Condo Tijuca Solar Building:-22.91679:-43.23442
Condo Van Erven,landmark_and_historical_building,overture,-22.917526245117188,-43.197837829589844,,overture:Condo Van Erven:-22.91753:-43.19784
Condo Villa Angela,landmark_and_historical_building,overture,-22.76423454284668,-43.48989486694336,,overture:Condo Villa Angela:-22.76423:-43.48989
Condo Villa Borghese,landmark_and_historical_building,overture,-22.88241195678711,-43.55095672607422,,overture:Condo Villa Borghese:-22.88241:-43.55096
Condo Villa Carioca,landmark_and_historical_building,overture,-22.9266300201416,-43.246788024902344,,overture:Condo Villa Carioca:-22.92663:-43.24679
Condo Villa Espanã,landmark_and_historical_building,overture,-22.971364974975586,-43.390419006347656,,overture:Condo Villa Espanã:-22.97136:-43.39042
Condo Villaggio Dei Fiori,landmark_and_historical_building,overture,-22.89528465270996,-43.10018539428711,,overture:Condo Villaggio Dei Fiori:-22.89528:-43.10019
Condo Villas Castle,landmark_and_historical_building,overture,-22.928483963012695,-43.35939407348633,,overture:Condo Villas Castle:-22.92848:-43.35939
Condo Villas Of Almond,landmark_and_historical_building,overture,-22.916959762573242,-43.615440368652344,,overture:Condo Villas Of Almond:-22.91696:-43.61544
Condomi'nio Caminhos do Rio 1,landmark_and_historical_building,overture,-22.784486770629883,-43.40919494628906,,overture:Condomi'nio Caminhos do Rio 1:-22.78449:-43.40919
Condomi'nio Ilha de Cozumel,landmark_and_historical_building,overture,-23.008455276489258,-43.32904052734375,,overture:Condomi'nio Ilha de Cozumel:-23.00846:-43.32904
Condomi'nio Oswaldo Lussac,landmark_and_historical_building,overture,-22.9395694732666,-43.36278533935547,,overture:Condomi'nio Oswaldo Lussac:-22.93957:-43.36279
Condomi'nio Quinta do Morgado,landmark_and_historical_building,overture,-22.976438522338867,-43.50006866455078,,overture:Condomi'nio Quinta do Morgado:-22.97644:-43.50007
Condomi'nio Recanto das Andorinhas,landmark_and_historical_building,overture,-22.843210220336914,-43.362213134765625,,overture:Condomi'nio Recanto das Andorinhas:-22.84321:-43.36221
Condomi'nio San Martin,landmark_and_historical_building,overture,-22.92382049560547,-43.36064147949219,,overture:Condomi'nio San Martin:-22.92382:-43.36064
Condomi'nio Sesquicentenario,landmark_and_historical_building,overture,-22.82299041748047,-43.30890655517578,,overture:Condomi'nio Sesquicentenario:-22.82299:-43.30891
Condomi'nio Village dos Oitis,landmark_and_historical_building,overture,-22.991422653198242,-43.48050308227539,,overture:Condomi'nio Village dos Oitis:-22.99142:-43.48050
Condomi'nio Vivendas das Cotovias,landmark_and_historical_building,overture,-22.88468360900879,-43.62765884399414,,overture:Condomi'nio Vivendas das Cotovias:-22.88468:-43.62766
Condomi'nio Vivendas das Oliveiras,landmark_and_historical_building,overture,-22.91160774230957,-43.58198547363281,,overture:Condomi'nio Vivendas das Oliveiras:-22.91161:-43.58199
Condomi'nio do Edifi'cio Inconfide ncia,landmark_and_historical_building,overture,-22.900821685791016,-43.125282287597656,,overture:Condomi'nio do Edifi'cio Inconfide ncia:-22.90082:-43.12528
Condomi'nio do Edifi'cio Michelangelo,landmark_and_historical_building,overture,-22.90631103515625,-43.113067626953125,,overture:Condomi'nio do Edifi'cio Michelangelo:-22.90631:-43.11307
Condomini,landmark_and_historical_building,overture,-22.926050186157227,-43.55168533325195,,overture:Condomini:-22.92605:-43.55169
Condominium Art Life,landmark_and_historical_building,overture,-23.01734161376953,-43.49263000488281,,overture:Condominium Art Life:-23.01734:-43.49263
Condominium Chácara Rio Building,landmark_and_historical_building,overture,-22.92983055114746,-43.20927047729492,,overture:Condominium Chácara Rio Building:-22.92983:-43.20927
Condominium Fazenda Passaredo,landmark_and_historical_building,overture,-22.92171859741211,-43.41337585449219,,overture:Condominium Fazenda Passaredo:-22.92172:-43.41338
Condominium GREEN LIVING,landmark_and_historical_building,overture,-22.75077247619629,-43.69166946411133,,overture:Condominium GREEN LIVING:-22.75077:-43.69167
Condominium Garden of Acacias,landmark_and_historical_building,overture,-22.935312271118164,-43.557376861572266,,overture:Condominium Garden of Acacias:-22.93531:-43.55738
Condominium Garden of Ipe,landmark_and_historical_building,overture,-22.86372947692871,-43.269161224365234,,overture:Condominium Garden of Ipe:-22.86373:-43.26916
Condominium Park Renovare,landmark_and_historical_building,overture,-22.879005432128906,-43.550411224365234,,overture:Condominium Park Renovare:-22.87901:-43.55041
Condominium Park Silvestre,landmark_and_historical_building,overture,-22.871389389038086,-43.54833221435547,,overture:Condominium Park Silvestre:-22.87139:-43.54833
Condominium Quinta da Lagoa,landmark_and_historical_building,overture,-22.97757339477539,-43.1982307434082,,overture:Condominium Quinta da Lagoa:-22.97757:-43.19823
Condominium Via Bella,landmark_and_historical_building,overture,-22.987791061401367,-43.3572883605957,,overture:Condominium Via Bella:-22.98779:-43.35729
Condominium Via Corcovado,landmark_and_historical_building,overture,-22.884037017822266,-43.31455993652344,,overture:Condominium Via Corcovado:-22.88404:-43.31456
Condominium Village of Ipês,landmark_and_historical_building,overture,-22.833261489868164,-43.71310806274414,,overture:Condominium Village of Ipês:-22.83326:-43.71311
Condominium Villagio Del Mare,landmark_and_historical_building,overture,-23.02753448486328,-43.47614288330078,,overture:Condominium Villagio Del Mare:-23.02753:-43.47614
Condominium park of Hortências,landmark_and_historical_building,overture,-22.91396141052246,-43.54823684692383,,overture:Condominium park of Hortências:-22.91396:-43.54824
Condomino delos,landmark_and_historical_building,overture,-22.90752410888672,-43.695133209228516,,overture:Condomino delos:-22.90752:-43.69513
Condominío Bairro Carioca,landmark_and_historical_building,overture,-22.892858505249023,-43.24832534790039,,overture:Condominío Bairro Carioca:-22.89286:-43.24833
Condominío Beira Alta,landmark_and_historical_building,overture,-22.825607299804688,-43.31540298461914,,overture:Condominío Beira Alta:-22.82561:-43.31540
Condomínioparquedolazer18-19,landmark_and_historical_building,overture,-22.925003051757812,-43.36617660522461,,overture:Condomínioparquedolazer18-19:-22.92500:-43.36618
Condomínios Alfataurus,landmark_and_historical_building,overture,-23.008317947387695,-43.365745544433594,,overture:Condomínios Alfataurus:-23.00832:-43.36575
Condomíno La Plage,landmark_and_historical_building,overture,-23.031055450439453,-43.48023223876953,,overture:Condomíno La Plage:-23.03106:-43.48023
Confeitaria Colombo,landmark_and_historical_building,manual_curation,-22.9068,-43.1786,,manual:Confeitaria Colombo
Conflorvegan,landmark_and_historical_building,overture,-22.919200897216797,-43.25758361816406,,overture:Conflorvegan:-22.91920:-43.25758
Conjunto 61,landmark_and_historical_building,overture,-22.894437789916992,-43.715816497802734,,overture:Conjunto 61:-22.89444:-43.71582
Conjunto Boa Esperança,landmark_and_historical_building,overture,-22.813308715820312,-43.59084701538086,,overture:Conjunto Boa Esperança:-22.81331:-43.59085
Conjunto Cesarão - Santa Cruz,landmark_and_historical_building,overture,-22.935440063476562,-43.66527557373047,,overture:Conjunto Cesarão - Santa Cruz:-22.93544:-43.66528
Conjunto Cesarão Sitio,landmark_and_historical_building,overture,-22.933549880981445,-43.65120315551758,,overture:Conjunto Cesarão Sitio:-22.93355:-43.65120
Conjunto Coronel Vieira,landmark_and_historical_building,overture,-22.848888397216797,-43.31989669799805,,overture:Conjunto Coronel Vieira:-22.84889:-43.31990
Conjunto César maia,landmark_and_historical_building,overture,-22.98977279663086,-43.43174362182617,,overture:Conjunto César maia:-22.98977:-43.43174
Conjunto Da Pmerj Olaria Rj,landmark_and_historical_building,overture,-22.850650787353516,-43.27508544921875,,overture:Conjunto Da Pmerj Olaria Rj:-22.85065:-43.27509
Conjunto Do Desipe - Bangu,landmark_and_historical_building,overture,-22.845867156982422,-43.485591888427734,,overture:Conjunto Do Desipe - Bangu:-22.84587:-43.48559
Conjunto Dom Bosco,landmark_and_historical_building,overture,-22.803752899169922,-43.586402893066406,,overture:Conjunto Dom Bosco:-22.80375:-43.58640
Conjunto Dos Ferroviários Dr. Roberto Silveira,landmark_and_historical_building,overture,-22.787330627441406,-43.316898345947266,,overture:Conjunto Dos Ferroviários Dr. Roberto Silveira:-22.78733:-43.31690
Conjunto Guandu 2,landmark_and_historical_building,overture,-22.90460777282715,-43.70819091796875,,overture:Conjunto Guandu 2:-22.90461:-43.70819
Conjunto Habitacional Prefeito Sá lessa,landmark_and_historical_building,overture,-22.825178146362305,-43.35614776611328,,overture:Conjunto Habitacional Prefeito Sá lessa:-22.82518:-43.35615
Conjunto Habitacional Presidente Getúlio Vargas,landmark_and_historical_building,overture,-22.849519729614258,-43.38079071044922,,overture:Conjunto Habitacional Presidente Getúlio Vargas:-22.84952:-43.38079
Conjunto Habitacional São Sebastião,landmark_and_historical_building,overture,-22.944400787353516,-43.342037200927734,,overture:Conjunto Habitacional São Sebastião:-22.94440:-43.34204
Conjunto Liberdade,landmark_and_historical_building,overture,-22.901315689086914,-43.70948791503906,,overture:Conjunto Liberdade:-22.90132:-43.70949
Conjunto Ubaldo de Oliveira,landmark_and_historical_building,overture,-22.863134384155273,-43.47187805175781,,overture:Conjunto Ubaldo de Oliveira:-22.86313:-43.47188
Conjunto da Joaquim Ribeiro,landmark_and_historical_building,overture,-22.877729415893555,-43.28617477416992,,overture:Conjunto da Joaquim Ribeiro:-22.87773:-43.28617
Conjunto da Marinha,landmark_and_historical_building,overture,-22.75180435180664,-43.491676330566406,,overture:Conjunto da Marinha:-22.75180:-43.49168
Conjunto dos Ferroviários,landmark_and_historical_building,overture,-22.886329650878906,-43.293270111083984,,overture:Conjunto dos Ferroviários:-22.88633:-43.29327
Conjunto dos Mouras,landmark_and_historical_building,overture,-22.937055587768555,-43.633087158203125,,overture:Conjunto dos Mouras:-22.93706:-43.63309
Conjunto nova sepetiba,landmark_and_historical_building,overture,-22.959871292114258,-43.685543060302734,,overture:Conjunto nova sepetiba:-22.95987:-43.68554
Connect Icarai,landmark_and_historical_building,overture,-22.907581329345703,-43.10273742675781,,overture:Connect Icarai:-22.90758:-43.10274
Connect Life Work Trade,landmark_and_historical_building,overture,-22.918224334716797,-43.379127502441406,,overture:Connect Life Work Trade:-22.91822:-43.37913
Conquista Campo Grande,landmark_and_historical_building,overture,-22.872623443603516,-43.526302337646484,,overture:Conquista Campo Grande:-22.87262:-43.52630
Conquista Jardim Guadalupe,landmark_and_historical_building,overture,-22.84442901611328,-43.37486267089844,,overture:Conquista Jardim Guadalupe:-22.84443:-43.37486
Conquista Mendanha,landmark_and_historical_building,overture,-22.86824607849121,-43.55197525024414,,overture:Conquista Mendanha:-22.86825:-43.55198
Consultor Imobiliário Jorge Rondão,landmark_and_historical_building,overture,-22.867420196533203,-43.553321838378906,,overture:Consultor Imobiliário Jorge Rondão:-22.86742:-43.55332
Contemporâneo Design Resort,landmark_and_historical_building,overture,-22.947513580322266,-43.56160354614258,,overture:Contemporâneo Design Resort:-22.94751:-43.56160
Copa do Rei,landmark_and_historical_building,overture,-22.85650062561035,-43.35307693481445,,overture:Copa do Rei:-22.85650:-43.35308
Copacabana,landmark_and_historical_building,overture,-22.96845817565918,-43.18859100341797,,overture:Copacabana:-22.96846:-43.18859
Copacabana Bela Vista,landmark_and_historical_building,overture,-22.963953018188477,-43.172550201416016,,overture:Copacabana Bela Vista:-22.96395:-43.17255
Copacabana-Rio-AluguelForTemporada-VistaParaoMar,landmark_and_historical_building,overture,-22.963808059692383,-43.17192077636719,,overture:Copacabana-Rio-AluguelForTemporada-VistaParaoMar:-22.96381:-43.17192
Coqueirinho,landmark_and_historical_building,overture,-22.777864456176758,-43.32940673828125,,overture:Coqueirinho:-22.77786:-43.32941
Coqueirão,landmark_and_historical_building,overture,-22.987085342407227,-43.20627212524414,,overture:Coqueirão:-22.98709:-43.20627
Coreto de Sepetiba Rj,landmark_and_historical_building,overture,-22.97089385986328,-43.70962905883789,,overture:Coreto de Sepetiba Rj:-22.97089:-43.70963
Corporate Tijuca,landmark_and_historical_building,overture,-22.921607971191406,-43.23469543457031,,overture:Corporate Tijuca:-22.92161:-43.23470
Corretor Alex Dantas CAC,landmark_and_historical_building,overture,-22.751543045043945,-43.4553108215332,,overture:Corretor Alex Dantas CAC:-22.75154:-43.45531
Corretor Ary Teixeira,landmark_and_historical_building,overture,-22.841421127319336,-43.369659423828125,,overture:Corretor Ary Teixeira:-22.84142:-43.36966
Corretor Lucas Mendes,landmark_and_historical_building,overture,-22.941970825195312,-43.3415412902832,,overture:Corretor Lucas Mendes:-22.94197:-43.34154
Cosmos,landmark_and_historical_building,overture,-22.90591049194336,-43.60982131958008,,overture:Cosmos:-22.90591:-43.60982
Cosmos City,landmark_and_historical_building,overture,-22.916927337646484,-43.614559173583984,,overture:Cosmos City:-22.91693:-43.61456
Costa Blanca,landmark_and_historical_building,overture,-23.006338119506836,-43.326637268066406,,overture:Costa Blanca:-23.00634:-43.32664
Costa Del Sol,landmark_and_historical_building,overture,-23.010282516479492,-43.332672119140625,,overture:Costa Del Sol:-23.01028:-43.33267
Costa barros,landmark_and_historical_building,overture,-22.82122802734375,-43.356197357177734,,overture:Costa barros:-22.82123:-43.35620
Costa do Atlântico,landmark_and_historical_building,overture,-22.986637115478516,-43.19785690307617,,overture:Costa do Atlântico:-22.98664:-43.19786
Costão do Grumari,landmark_and_historical_building,overture,-23.054950714111328,-43.53920364379883,,overture:Costão do Grumari:-23.05495:-43.53920
Covanca,landmark_and_historical_building,overture,-22.915786743164062,-43.3447151184082,,overture:Covanca:-22.91579:-43.34472
Cozinha da Nutri Daiana Queiroz,landmark_and_historical_building,overture,-22.871034622192383,-43.766998291015625,,overture:Cozinha da Nutri Daiana Queiroz:-22.87103:-43.76700
Cremtei,landmark_and_historical_building,overture,-22.824060440063477,-43.32884216308594,,overture:Cremtei:-22.82406:-43.32884
Cristo Redentor - RJ,landmark_and_historical_building,overture,-22.910680770874023,-43.6578369140625,,overture:Cristo Redentor - RJ:-22.91068:-43.65784
Cruzada de são Sebastião,landmark_and_historical_building,overture,-22.981840133666992,-43.216190338134766,,overture:Cruzada de são Sebastião:-22.98184:-43.21619
Cruzeiro do Sul (Mesquita),landmark_and_historical_building,overture,-22.778553009033203,-43.428627014160156,,overture:Cruzeiro do Sul (Mesquita):-22.77855:-43.42863
Cukrová homole (hora),landmark_and_historical_building,overture,-22.9486141204834,-43.157222747802734,,overture:Cukrová homole (hora):-22.94861:-43.15722
Cupim City .,landmark_and_historical_building,overture,-22.753400802612305,-43.462589263916016,,overture:Cupim City .:-22.75340:-43.46259
Cury Nova Iguaçu,landmark_and_historical_building,overture,-22.761070251464844,-43.419647216796875,,overture:Cury Nova Iguaçu:-22.76107:-43.41965
Cury Ramos,landmark_and_historical_building,overture,-22.861495971679688,-43.25511169433594,,overture:Cury Ramos:-22.86150:-43.25511
D&A Areia de Quartzo,landmark_and_historical_building,overture,-22.913684844970703,-43.54753112792969,,overture:D&A Areia de Quartzo:-22.91368:-43.54753
DIAS soluções A GÁS,landmark_and_historical_building,overture,-22.770553588867188,-43.527591705322266,,overture:DIAS soluções A GÁS:-22.77055:-43.52759
DNA HOMER,landmark_and_historical_building,overture,-22.90721321105957,-43.56602096557617,,overture:DNA HOMER:-22.90721:-43.56602
Da Prata,landmark_and_historical_building,overture,-22.761125564575195,-43.419166564941406,,overture:Da Prata:-22.76113:-43.41917
Deck Aterro Flamengo,landmark_and_historical_building,overture,-22.935739517211914,-43.17002487182617,,overture:Deck Aterro Flamengo:-22.93574:-43.17002
Del Bosco,landmark_and_historical_building,overture,-22.941490173339844,-43.33827590942383,,overture:Del Bosco:-22.94149:-43.33828
Dez Rocha Miranda,landmark_and_historical_building,overture,-22.851364135742188,-43.345314025878906,,overture:Dez Rocha Miranda:-22.85136:-43.34531
Dez Zona Norte,landmark_and_historical_building,overture,-22.82969856262207,-43.32246780395508,,overture:Dez Zona Norte:-22.82970:-43.32247
Dias Ferreira Leblon Studios,landmark_and_historical_building,overture,-22.982200622558594,-43.22462463378906,,overture:Dias Ferreira Leblon Studios:-22.98220:-43.22462
Disegno Casas Boutique,landmark_and_historical_building,overture,-23.009878158569336,-43.42600631713867,,overture:Disegno Casas Boutique:-23.00988:-43.42601
Drop Vertical - Escola de Surf e Kitesurf,landmark_and_historical_building,overture,-23.009166717529297,-43.34249496459961,,overture:Drop Vertical - Escola de Surf e Kitesurf:-23.00917:-43.34249
Duque de Epson,landmark_and_historical_building,overture,-22.973512649536133,-43.18653869628906,,overture:Duque de Epson:-22.97351:-43.18654
Dúvidas sobre sexo,landmark_and_historical_building,overture,-23.011520385742188,-43.44580078125,,overture:Dúvidas sobre sexo:-23.01152:-43.44580
EXATO  Estrada do Rio Grande Taquara,landmark_and_historical_building,overture,-22.91903305053711,-43.39349365234375,,overture:EXATO  Estrada do Rio Grande Taquara:-22.91903:-43.39349
East Side Méier,landmark_and_historical_building,overture,-22.896438598632812,-43.28291320800781,,overture:East Side Méier:-22.89644:-43.28291
Ed Argelia,landmark_and_historical_building,overture,-22.968582153320312,-43.182498931884766,,overture:Ed Argelia:-22.96858:-43.18250
Ed Celestial,landmark_and_historical_building,overture,-22.93393898010254,-43.17738342285156,,overture:Ed Celestial:-22.93394:-43.17738
Ed Faestal,landmark_and_historical_building,overture,-22.87135124206543,-43.77780532836914,,overture:Ed Faestal:-22.87135:-43.77781
Ed Fidalgo/ Ed Las Palmas,landmark_and_historical_building,overture,-22.761301040649414,-43.451385498046875,,overture:Ed Fidalgo/ Ed Las Palmas:-22.76130:-43.45139
Ed Maria Quiteria,landmark_and_historical_building,overture,-22.97290802001953,-43.19234848022461,,overture:Ed Maria Quiteria:-22.97291:-43.19235
Ed Space VII and VIII,landmark_and_historical_building,overture,-22.904239654541016,-43.11837387084961,,overture:Ed Space VII and VIII:-22.90424:-43.11837
Ed Torre Charles Degaulle,landmark_and_historical_building,overture,-23.00225257873535,-43.32795333862305,,overture:Ed Torre Charles Degaulle:-23.00225:-43.32795
Ed Verbenas,landmark_and_historical_building,overture,-22.8781681060791,-43.36735534667969,,overture:Ed Verbenas:-22.87817:-43.36736
Ed. Alita,landmark_and_historical_building,overture,-22.89542579650879,-43.35401916503906,,overture:Ed. Alita:-22.89543:-43.35402
Ed. Allegro,landmark_and_historical_building,overture,-22.811431884765625,-43.19606018066406,,overture:Ed. Allegro:-22.81143:-43.19606
Ed. Canopus,landmark_and_historical_building,overture,-22.979516983032227,-43.220462799072266,,overture:Ed. Canopus:-22.97952:-43.22046
Ed. Chinguar,landmark_and_historical_building,overture,-22.757295608520508,-43.4596061706543,,overture:Ed. Chinguar:-22.75730:-43.45961
Ed. Conquest,landmark_and_historical_building,overture,-22.759193420410156,-43.45874786376953,,overture:Ed. Conquest:-22.75919:-43.45875
Ed. Elias F. Pariz,landmark_and_historical_building,overture,-22.789066314697266,-43.307472229003906,,overture:Ed. Elias F. Pariz:-22.78907:-43.30747
Ed. Gandhi,landmark_and_historical_building,overture,-22.95525550842285,-43.175106048583984,,overture:Ed. Gandhi:-22.95526:-43.17511
Ed. Gois Monteiro 155,landmark_and_historical_building,overture,-22.955623626708984,-43.178863525390625,,overture:Ed. Gois Monteiro 155:-22.95562:-43.17886
Ed. Ingá Beira Mar,landmark_and_historical_building,overture,-22.903486251831055,-43.126258850097656,,overture:Ed. Ingá Beira Mar:-22.90349:-43.12626
Ed. Jardim das Tulipas,landmark_and_historical_building,overture,-22.884666442871094,-43.365779876708984,,overture:Ed. Jardim das Tulipas:-22.88467:-43.36578
Ed. Jursan,landmark_and_historical_building,overture,-22.90972328186035,-43.19169616699219,,overture:Ed. Jursan:-22.90972:-43.19170
Ed. Lucie Danon,landmark_and_historical_building,overture,-22.969070434570312,-43.186729431152344,,overture:Ed. Lucie Danon:-22.96907:-43.18673
Ed. Luiz de Camões,landmark_and_historical_building,overture,-22.971256256103516,-43.184654235839844,,overture:Ed. Luiz de Camões:-22.97126:-43.18465
Ed. Mar do Norte,landmark_and_historical_building,overture,-22.872509002685547,-43.342437744140625,,overture:Ed. Mar do Norte:-22.87251:-43.34244
Ed. Marcedo VIII,landmark_and_historical_building,overture,-22.879104614257812,-43.36042785644531,,overture:Ed. Marcedo VIII:-22.87910:-43.36043
Ed. Marcílio Dias,landmark_and_historical_building,overture,-22.885400772094727,-43.12527847290039,,overture:Ed. Marcílio Dias:-22.88540:-43.12528
Ed. Mário Scapin,landmark_and_historical_building,overture,-22.75830841064453,-43.450225830078125,,overture:Ed. Mário Scapin:-22.75831:-43.45023
Ed. Nicias,landmark_and_historical_building,overture,-22.985687255859375,-43.196319580078125,,overture:Ed. Nicias:-22.98569:-43.19632
Ed. Parreiras,landmark_and_historical_building,overture,-22.983882904052734,-43.19538879394531,,overture:Ed. Parreiras:-22.98388:-43.19539
Ed. Pasteur Palace,landmark_and_historical_building,overture,-22.952682495117188,-43.17715072631836,,overture:Ed. Pasteur Palace:-22.95268:-43.17715
Ed. Pena Safira,landmark_and_historical_building,overture,-22.967361450195312,-43.19102096557617,,overture:Ed. Pena Safira:-22.96736:-43.19102
Ed. Pina,landmark_and_historical_building,overture,-22.970901489257812,-43.18960189819336,,overture:Ed. Pina:-22.97090:-43.18960
Ed. Porto Brisa V,landmark_and_historical_building,overture,-22.879079818725586,-43.371009826660156,,overture:Ed. Porto Brisa V:-22.87908:-43.37101
Ed. Porto Seguro,landmark_and_historical_building,overture,-22.95191764831543,-43.186283111572266,,overture:Ed. Porto Seguro:-22.95192:-43.18628
Ed. Reserva Marapendi,landmark_and_historical_building,overture,-23.012359619140625,-43.443233489990234,,overture:Ed. Reserva Marapendi:-23.01236:-43.44323
Ed. Rose Blanche,landmark_and_historical_building,overture,-22.91010284423828,-43.291717529296875,,overture:Ed. Rose Blanche:-22.91010:-43.29172
Ed. San Diego,landmark_and_historical_building,overture,-22.968761444091797,-43.18607711791992,,overture:Ed. San Diego:-22.96876:-43.18608
Ed. Solar Do Marques,landmark_and_historical_building,overture,-22.89253044128418,-43.113468170166016,,overture:Ed. Solar Do Marques:-22.89253:-43.11347
Ed. Solar do Valqueire,landmark_and_historical_building,overture,-22.878278732299805,-43.36952590942383,,overture:Ed. Solar do Valqueire:-22.87828:-43.36953
Ed. Sta Mônica,landmark_and_historical_building,overture,-22.874435424804688,-43.27263641357422,,overture:Ed. Sta Mônica:-22.87444:-43.27264
Ed. Taquara,landmark_and_historical_building,overture,-22.96964454650879,-43.187538146972656,,overture:Ed. Taquara:-22.96964:-43.18754
Ed. Tirante,landmark_and_historical_building,overture,-22.893291473388672,-43.119625091552734,,overture:Ed. Tirante:-22.89329:-43.11963
Ed. Varandas do Recreio,landmark_and_historical_building,overture,-23.01108169555664,-43.44865417480469,,overture:Ed. Varandas do Recreio:-23.01108:-43.44865
Ed. Vila Normanda,landmark_and_historical_building,overture,-22.971120834350586,-43.18439865112305,,overture:Ed. Vila Normanda:-22.97112:-43.18440
Ed.Del Valle,landmark_and_historical_building,overture,-22.90981674194336,-43.19343185424805,,overture:Ed.Del Valle:-22.90982:-43.19343
Edf. Chopin,landmark_and_historical_building,overture,-22.967702865600586,-43.17952346801758,,overture:Edf. Chopin:-22.96770:-43.17952
Edf. Marrocos,landmark_and_historical_building,overture,-22.96849822998047,-43.182674407958984,,overture:Edf. Marrocos:-22.96850:-43.18267
Edf. Vendome,landmark_and_historical_building,overture,-22.96910858154297,-43.20497512817383,,overture:Edf. Vendome:-22.96911:-43.20498
Edficio Curupaiti,landmark_and_historical_building,overture,-22.899566650390625,-43.291229248046875,,overture:Edficio Curupaiti:-22.89957:-43.29123
Edificio 3 de Outubro,landmark_and_historical_building,overture,-22.89752960205078,-43.185970306396484,,overture:Edificio 3 de Outubro:-22.89753:-43.18597
Edificio Acapulco,landmark_and_historical_building,overture,-22.90719985961914,-43.10905838012695,,overture:Edificio Acapulco:-22.90720:-43.10906
Edificio Antonini,landmark_and_historical_building,overture,-22.91183853149414,-43.19306564331055,,overture:Edificio Antonini:-22.91184:-43.19307
Edificio Atina Mirza,landmark_and_historical_building,overture,-22.801679611206055,-43.371517181396484,,overture:Edificio Atina Mirza:-22.80168:-43.37152
Edificio Bella Vita,landmark_and_historical_building,overture,-23.002792358398438,-43.39190673828125,,overture:Edificio Bella Vita:-23.00279:-43.39191
Edificio Boa Esperança,landmark_and_historical_building,overture,-22.981765747070312,-43.19406509399414,,overture:Edificio Boa Esperança:-22.98177:-43.19407
Edificio Bruno,landmark_and_historical_building,overture,-22.869836807250977,-43.34282302856445,,overture:Edificio Bruno:-22.86984:-43.34282
Edificio Clarissac,landmark_and_historical_building,overture,-22.89735221862793,-43.18296432495117,,overture:Edificio Clarissac:-22.89735:-43.18296
Edificio Colatina,landmark_and_historical_building,overture,-22.98358917236328,-43.19062805175781,,overture:Edificio Colatina:-22.98359:-43.19063
Edificio Comercial Jardim Guanabara,landmark_and_historical_building,overture,-22.805665969848633,-43.20922088623047,,overture:Edificio Comercial Jardim Guanabara:-22.80567:-43.20922
Edificio Conde Pereira Carneiro,landmark_and_historical_building,overture,-22.904272079467773,-43.17811584472656,,overture:Edificio Conde Pereira Carneiro:-22.90427:-43.17812
Edificio Cortina d'ampezzo,landmark_and_historical_building,overture,-22.900434494018555,-43.285892486572266,,overture:Edificio Cortina d'ampezzo:-22.90043:-43.28589
Edificio Costabella,landmark_and_historical_building,overture,-23.007606506347656,-43.32294464111328,,overture:Edificio Costabella:-23.00761:-43.32294
Edificio El Salvador,landmark_and_historical_building,overture,-22.88420867919922,-43.429840087890625,,overture:Edificio El Salvador:-22.88421:-43.42984
Edificio Feliciano Sodré,landmark_and_historical_building,overture,-22.894023895263672,-43.11964797973633,,overture:Edificio Feliciano Sodré:-22.89402:-43.11965
Edificio Formidable,landmark_and_historical_building,overture,-22.930782318115234,-43.188743591308594,,overture:Edificio Formidable:-22.93078:-43.18874
Edificio Guignard,landmark_and_historical_building,overture,-22.75927734375,-43.459022521972656,,overture:Edificio Guignard:-22.75928:-43.45902
Edificio Harry Franco,landmark_and_historical_building,overture,-22.931594848632812,-43.241615295410156,,overture:Edificio Harry Franco:-22.93159:-43.24162
Edificio Independencia,landmark_and_historical_building,overture,-22.904468536376953,-43.17668151855469,,overture:Edificio Independencia:-22.90447:-43.17668
Edificio Itu,landmark_and_historical_building,overture,-22.908641815185547,-43.17771911621094,,overture:Edificio Itu:-22.90864:-43.17772
Edificio Joia 160,landmark_and_historical_building,overture,-22.916492462158203,-43.379798889160156,,overture:Edificio Joia 160:-22.91649:-43.37980
Edificio Joseph Gire,landmark_and_historical_building,overture,-22.897262573242188,-43.181034088134766,,overture:Edificio Joseph Gire:-22.89726:-43.18103
Edificio Key West,landmark_and_historical_building,overture,-22.96184539794922,-43.174922943115234,,overture:Edificio Key West:-22.96185:-43.17492
Edificio Leblon,landmark_and_historical_building,overture,-22.9842472076416,-43.22341537475586,,overture:Edificio Leblon:-22.98425:-43.22342
Edificio Lemar,landmark_and_historical_building,overture,-22.96278190612793,-43.16991424560547,,overture:Edificio Lemar:-22.96278:-43.16991
Edificio Maggio,landmark_and_historical_building,overture,-22.901538848876953,-43.125728607177734,,overture:Edificio Maggio:-22.90154:-43.12573
Edificio Malága,landmark_and_historical_building,overture,-22.96906852722168,-43.387596130371094,,overture:Edificio Malága:-22.96907:-43.38760
Edificio Mar Del Zur,landmark_and_historical_building,overture,-22.89828872680664,-43.28137969970703,,overture:Edificio Mar Del Zur:-22.89829:-43.28138
Edificio Mar de Ipanema Vip Center,landmark_and_historical_building,overture,-22.9842529296875,-43.201629638671875,,overture:Edificio Mar de Ipanema Vip Center:-22.98425:-43.20163
"Edificio Maracaí, Tijuca, Rio De Janeiro",landmark_and_historical_building,overture,-22.941028594970703,-43.252235412597656,,"overture:Edificio Maracaí, Tijuca, Rio De Janeiro:-22.94103:-43.25224"
Edificio Marapé,landmark_and_historical_building,overture,-22.975461959838867,-43.18906784057617,,overture:Edificio Marapé:-22.97546:-43.18907
Edificio Maria Regina,landmark_and_historical_building,overture,-22.958749771118164,-43.199222564697266,,overture:Edificio Maria Regina:-22.95875:-43.19922
Edificio Mucajai,landmark_and_historical_building,overture,-22.986122131347656,-43.191009521484375,,overture:Edificio Mucajai:-22.98612:-43.19101
Edificio Nilo Peçanha,landmark_and_historical_building,overture,-22.90376091003418,-43.12374496459961,,overture:Edificio Nilo Peçanha:-22.90376:-43.12374
Edificio Parque Nossa Senhora Lourdes,landmark_and_historical_building,overture,-22.90309715270996,-43.28271484375,,overture:Edificio Parque Nossa Senhora Lourdes:-22.90310:-43.28271
Edificio Pinhotiba,landmark_and_historical_building,overture,-22.758359909057617,-43.44860076904297,,overture:Edificio Pinhotiba:-22.75836:-43.44860
Edificio Polux,landmark_and_historical_building,overture,-22.977798461914062,-43.193572998046875,,overture:Edificio Polux:-22.97780:-43.19357
Edificio Praça dos Estudantes,landmark_and_historical_building,overture,-22.903064727783203,-43.5675163269043,,overture:Edificio Praça dos Estudantes:-22.90306:-43.56752
Edificio Primavera,landmark_and_historical_building,overture,-22.843671798706055,-43.26542663574219,,overture:Edificio Primavera:-22.84367:-43.26543
Edificio Queen Christina,landmark_and_historical_building,overture,-23.009132385253906,-43.36674118041992,,overture:Edificio Queen Christina:-23.00913:-43.36674
Edificio Reno,landmark_and_historical_building,overture,-22.966787338256836,-43.385746002197266,,overture:Edificio Reno:-22.96679:-43.38575
Edificio Rua Macedo Sobrinho,landmark_and_historical_building,overture,-22.95917320251465,-43.19852066040039,,overture:Edificio Rua Macedo Sobrinho:-22.95917:-43.19852
Edificio Rubilite,landmark_and_historical_building,overture,-22.96968650817871,-43.185157775878906,,overture:Edificio Rubilite:-22.96969:-43.18516
Edificio Samurai,landmark_and_historical_building,overture,-22.921247482299805,-43.238059997558594,,overture:Edificio Samurai:-22.92125:-43.23806
Edificio Satélite,landmark_and_historical_building,overture,-22.983545303344727,-43.19133377075195,,overture:Edificio Satélite:-22.98355:-43.19133
Edificio Serraazul,landmark_and_historical_building,overture,-22.946067810058594,-43.33658981323242,,overture:Edificio Serraazul:-22.94607:-43.33659
Edificio Solar da Quinta,landmark_and_historical_building,overture,-22.90300941467285,-43.220401763916016,,overture:Edificio Solar da Quinta:-22.90301:-43.22040
Edificio São Pedro,landmark_and_historical_building,overture,-22.872591018676758,-43.342838287353516,,overture:Edificio São Pedro:-22.87259:-43.34284
Edificio Varandas de Sao Clemente,landmark_and_historical_building,overture,-22.94931411743164,-43.18619155883789,,overture:Edificio Varandas de Sao Clemente:-22.94931:-43.18619
Edificio Villa Dei Fiori,landmark_and_historical_building,overture,-22.89903450012207,-43.27715301513672,,overture:Edificio Villa Dei Fiori:-22.89903:-43.27715
Edificio Viva Vila,landmark_and_historical_building,overture,-22.92112922668457,-43.247039794921875,,overture:Edificio Viva Vila:-22.92113:-43.24704
Edificio Zattar,landmark_and_historical_building,overture,-22.916812896728516,-43.221683502197266,,overture:Edificio Zattar:-22.91681:-43.22168
Edificio Âncora,landmark_and_historical_building,overture,-22.815061569213867,-43.4265022277832,,overture:Edificio Âncora:-22.81506:-43.42650
EdifÍCio Enzo,landmark_and_historical_building,overture,-22.986560821533203,-43.3222770690918,,overture:EdifÍCio Enzo:-22.98656:-43.32228
Edifício 13 De Janeiro,landmark_and_historical_building,overture,-22.87860679626465,-43.49220275878906,,overture:Edifício 13 De Janeiro:-22.87861:-43.49220
Edifício Alaska,landmark_and_historical_building,overture,-22.92934226989746,-43.17848587036133,,overture:Edifício Alaska:-22.92934:-43.17849
Edifício Aldebaran,landmark_and_historical_building,overture,-22.920433044433594,-43.253448486328125,,overture:Edifício Aldebaran:-22.92043:-43.25345
Edifício Aldeia Branca,landmark_and_historical_building,overture,-23.025285720825195,-43.46541213989258,,overture:Edifício Aldeia Branca:-23.02529:-43.46541
Edifício Alessandra,landmark_and_historical_building,overture,-22.923791885375977,-43.218971252441406,,overture:Edifício Alessandra:-22.92379:-43.21897
Edifício Alfa Classic,landmark_and_historical_building,overture,-23.009552001953125,-43.367881774902344,,overture:Edifício Alfa Classic:-23.00955:-43.36788
Edifício Alfa Ritz,landmark_and_historical_building,overture,-22.99492073059082,-43.36540603637695,,overture:Edifício Alfa Ritz:-22.99492:-43.36541
Edifício Amaury Louzada,landmark_and_historical_building,overture,-22.91876220703125,-43.19501495361328,,overture:Edifício Amaury Louzada:-22.91876:-43.19501
Edifício Aquários,landmark_and_historical_building,overture,-22.980865478515625,-43.2208137512207,,overture:Edifício Aquários:-22.98087:-43.22081
Edifício Armando Christóvão,landmark_and_historical_building,overture,-22.786109924316406,-43.3096809387207,,overture:Edifício Armando Christóvão:-22.78611:-43.30968
Edifício Avanti,landmark_and_historical_building,overture,-22.88917350769043,-43.280921936035156,,overture:Edifício Avanti:-22.88917:-43.28092
Edifício Azevedo Mattos,landmark_and_historical_building,overture,-22.922189712524414,-43.67979431152344,,overture:Edifício Azevedo Mattos:-22.92219:-43.67979
Edifício Bachur,landmark_and_historical_building,overture,-22.918813705444336,-43.252769470214844,,overture:Edifício Bachur:-22.91881:-43.25277
Edifício Bahia,landmark_and_historical_building,overture,-22.88028907775879,-43.49332809448242,,overture:Edifício Bahia:-22.88029:-43.49333
Edifício Baião,landmark_and_historical_building,overture,-22.886646270751953,-43.30192184448242,,overture:Edifício Baião:-22.88665:-43.30192
Edifício Bandeirante José Dias,landmark_and_historical_building,overture,-23.01169204711914,-43.32101058959961,,overture:Edifício Bandeirante José Dias:-23.01169:-43.32101
Edifício Bandeirantes,landmark_and_historical_building,overture,-23.025747299194336,-43.464637756347656,,overture:Edifício Bandeirantes:-23.02575:-43.46464
Edifício Barão de Pirassinunga,landmark_and_historical_building,overture,-22.927963256835938,-43.232322692871094,,overture:Edifício Barão de Pirassinunga:-22.92796:-43.23232
Edifício Barão do Ingá,landmark_and_historical_building,overture,-22.901302337646484,-43.12446975708008,,overture:Edifício Barão do Ingá:-22.90130:-43.12447
Edifício Beethoven,landmark_and_historical_building,overture,-22.902240753173828,-43.1240119934082,,overture:Edifício Beethoven:-22.90224:-43.12401
Edifício Bellino Esperança,landmark_and_historical_building,overture,-22.978580474853516,-43.227664947509766,,overture:Edifício Bellino Esperança:-22.97858:-43.22766
Edifício Belém,landmark_and_historical_building,overture,-22.931163787841797,-43.1755256652832,,overture:Edifício Belém:-22.93116:-43.17553
Edifício Berlin,landmark_and_historical_building,overture,-23.003732681274414,-43.3571662902832,,overture:Edifício Berlin:-23.00373:-43.35717
Edifício Beton,landmark_and_historical_building,overture,-22.904829025268555,-43.17628479003906,,overture:Edifício Beton:-22.90483:-43.17628
Edifício Bosque das Camélias,landmark_and_historical_building,overture,-22.89543914794922,-43.27672576904297,,overture:Edifício Bosque das Camélias:-22.89544:-43.27673
Edifício Cabo da Roca IV,landmark_and_historical_building,overture,-23.020662307739258,-43.47843933105469,,overture:Edifício Cabo da Roca IV:-23.02066:-43.47844
Edifício Calle Fenice,landmark_and_historical_building,overture,-22.902318954467773,-43.1013298034668,,overture:Edifício Calle Fenice:-22.90232:-43.10133
Edifício Calle Nóbrega,landmark_and_historical_building,overture,-22.903329849243164,-43.103370666503906,,overture:Edifício Calle Nóbrega:-22.90333:-43.10337
Edifício Campilho,landmark_and_historical_building,overture,-22.877540588378906,-43.34015655517578,,overture:Edifício Campilho:-22.87754:-43.34016
Edifício Canning,landmark_and_historical_building,overture,-22.985210418701172,-43.19504165649414,,overture:Edifício Canning:-22.98521:-43.19504
Edifício Capemi Gemini,landmark_and_historical_building,overture,-22.91212272644043,-43.23974609375,,overture:Edifício Capemi Gemini:-22.91212:-43.23975
Edifício Caravelas,landmark_and_historical_building,overture,-22.89426040649414,-43.269561767578125,,overture:Edifício Caravelas:-22.89426:-43.26956
Edifício Cardeal Arco Verde,landmark_and_historical_building,overture,-22.905960083007812,-43.17677307128906,,overture:Edifício Cardeal Arco Verde:-22.90596:-43.17677
Edifício Caribe,landmark_and_historical_building,overture,-22.93354034423828,-43.35947799682617,,overture:Edifício Caribe:-22.93354:-43.35948
Edifício Castelão,landmark_and_historical_building,overture,-22.807466506958008,-43.42819595336914,,overture:Edifício Castelão:-22.80747:-43.42820
Edifício Caxias,landmark_and_historical_building,overture,-22.964405059814453,-43.17815399169922,,overture:Edifício Caxias:-22.96441:-43.17815
Edifício Centro Rio Belo,landmark_and_historical_building,overture,-22.9130802154541,-43.19084548950195,,overture:Edifício Centro Rio Belo:-22.91308:-43.19085
Edifício Chalita,landmark_and_historical_building,overture,-22.908863067626953,-43.18603515625,,overture:Edifício Chalita:-22.90886:-43.18604
Edifício Chaves Pinheiro,landmark_and_historical_building,overture,-22.886539459228516,-43.277984619140625,,overture:Edifício Chaves Pinheiro:-22.88654:-43.27798
Edifício Chopin,landmark_and_historical_building,overture,-22.89873695373535,-43.28255844116211,,overture:Edifício Chopin:-22.89874:-43.28256
Edifício Cintia,landmark_and_historical_building,overture,-22.92162322998047,-43.24612045288086,,overture:Edifício Cintia:-22.92162:-43.24612
Edifício Civitas B,landmark_and_historical_building,overture,-22.911771774291992,-43.174278259277344,,overture:Edifício Civitas B:-22.91177:-43.17428
Edifício Commander,landmark_and_historical_building,overture,-22.966400146484375,-43.18706130981445,,overture:Edifício Commander:-22.96640:-43.18706
Edifício Conde Du Lac,landmark_and_historical_building,overture,-22.97995376586914,-43.20316696166992,,overture:Edifício Conde Du Lac:-22.97995:-43.20317
Edifício Conde de Lorena,landmark_and_historical_building,overture,-22.909748077392578,-43.287349700927734,,overture:Edifício Conde de Lorena:-22.90975:-43.28735
Edifício Conde de Resende,landmark_and_historical_building,overture,-22.914173126220703,-43.18931579589844,,overture:Edifício Conde de Resende:-22.91417:-43.18932
Edifício Congonhas do Campo,landmark_and_historical_building,overture,-22.946359634399414,-43.188392639160156,,overture:Edifício Congonhas do Campo:-22.94636:-43.18839
Edifício Cosentino,landmark_and_historical_building,overture,-22.963354110717773,-43.17783737182617,,overture:Edifício Cosentino:-22.96335:-43.17784
Edifício Costa Allegra,landmark_and_historical_building,overture,-22.97126007080078,-43.39589309692383,,overture:Edifício Costa Allegra:-22.97126:-43.39589
Edifício Cristina,landmark_and_historical_building,overture,-22.760784149169922,-43.453121185302734,,overture:Edifício Cristina:-22.76078:-43.45312
Edifício Cruz Alta,landmark_and_historical_building,overture,-22.935400009155273,-43.17726135253906,,overture:Edifício Cruz Alta:-22.93540:-43.17726
Edifício Céu Mar,landmark_and_historical_building,overture,-22.967607498168945,-43.1843147277832,,overture:Edifício Céu Mar:-22.96761:-43.18431
Edifício Dakar,landmark_and_historical_building,overture,-22.985231399536133,-43.19595718383789,,overture:Edifício Dakar:-22.98523:-43.19596
Edifício Darlington,landmark_and_historical_building,overture,-22.975648880004883,-43.19170379638672,,overture:Edifício Darlington:-22.97565:-43.19170
Edifício Del Verdun,landmark_and_historical_building,overture,-22.923646926879883,-43.257572174072266,,overture:Edifício Del Verdun:-22.92365:-43.25757
Edifício Diamante Verde,landmark_and_historical_building,overture,-22.894775390625,-43.27413558959961,,overture:Edifício Diamante Verde:-22.89478:-43.27414
Edifício Dom Diogo,landmark_and_historical_building,overture,-22.940349578857422,-43.177268981933594,,overture:Edifício Dom Diogo:-22.94035:-43.17727
Edifício Dom Fernando,landmark_and_historical_building,overture,-22.937393188476562,-43.36996078491211,,overture:Edifício Dom Fernando:-22.93739:-43.36996
Edifício Dom João Cordeiro,landmark_and_historical_building,overture,-22.78696060180664,-43.3068962097168,,overture:Edifício Dom João Cordeiro:-22.78696:-43.30690
Edifício Donatelo,landmark_and_historical_building,overture,-22.931074142456055,-43.23396682739258,,overture:Edifício Donatelo:-22.93107:-43.23397
Edifício Dr. Demócrito Linhares,landmark_and_historical_building,overture,-22.915098190307617,-43.24354553222656,,overture:Edifício Dr. Demócrito Linhares:-22.91510:-43.24355
Edifício Duas Marias,landmark_and_historical_building,overture,-22.918811798095703,-43.26045608520508,,overture:Edifício Duas Marias:-22.91881:-43.26046
Edifício Dulce Ortiz,landmark_and_historical_building,overture,-22.9766902923584,-43.19239807128906,,overture:Edifício Dulce Ortiz:-22.97669:-43.19240
Edifício Duo Prime,landmark_and_historical_building,overture,-22.95649528503418,-43.1907844543457,,overture:Edifício Duo Prime:-22.95650:-43.19078
Edifício Duque De Oxford,landmark_and_historical_building,overture,-22.965253829956055,-43.17533493041992,,overture:Edifício Duque De Oxford:-22.96525:-43.17533
Edifício Edison,landmark_and_historical_building,overture,-22.979618072509766,-43.19126892089844,,overture:Edifício Edison:-22.97962:-43.19127
Edifício Edson Jones Santana,landmark_and_historical_building,overture,-22.89659309387207,-43.107852935791016,,overture:Edifício Edson Jones Santana:-22.89659:-43.10785
Edifício Eduardo Magalhães,landmark_and_historical_building,overture,-22.902751922607422,-43.17782211303711,,overture:Edifício Eduardo Magalhães:-22.90275:-43.17782
Edifício Ernesto e Lúcia,landmark_and_historical_building,overture,-22.869123458862305,-43.3496208190918,,overture:Edifício Ernesto e Lúcia:-22.86912:-43.34962
Edifício Escuna,landmark_and_historical_building,overture,-23.024341583251953,-43.4605598449707,,overture:Edifício Escuna:-23.02434:-43.46056
Edifício Essenzia,landmark_and_historical_building,overture,-22.92754554748535,-43.2335205078125,,overture:Edifício Essenzia:-22.92755:-43.23352
Edifício Estrela da Tarde,landmark_and_historical_building,overture,-22.979856491088867,-43.19047927856445,,overture:Edifício Estrela da Tarde:-22.97986:-43.19048
Edifício Evelyn,landmark_and_historical_building,overture,-22.98310089111328,-43.21329879760742,,overture:Edifício Evelyn:-22.98310:-43.21330
Edifício Fontana Di Trevi,landmark_and_historical_building,overture,-22.969356536865234,-43.38813400268555,,overture:Edifício Fontana Di Trevi:-22.96936:-43.38813
Edifício Francilia,landmark_and_historical_building,overture,-22.982940673828125,-43.19167709350586,,overture:Edifício Francilia:-22.98294:-43.19168
Edifício Gabino,landmark_and_historical_building,overture,-22.976266860961914,-43.18910598754883,,overture:Edifício Gabino:-22.97627:-43.18911
Edifício Galileu Galilei,landmark_and_historical_building,overture,-22.93377113342285,-43.3353385925293,,overture:Edifício Galileu Galilei:-22.93377:-43.33534
Edifício General Ayrosa,landmark_and_historical_building,overture,-22.927860260009766,-43.25741195678711,,overture:Edifício General Ayrosa:-22.92786:-43.25741
Edifício Gold River,landmark_and_historical_building,overture,-22.914066314697266,-43.224727630615234,,overture:Edifício Gold River:-22.91407:-43.22473
Edifício Gramado,landmark_and_historical_building,overture,-22.983457565307617,-43.196815490722656,,overture:Edifício Gramado:-22.98346:-43.19682
Edifício Grenoble,landmark_and_historical_building,overture,-22.963911056518555,-43.177608489990234,,overture:Edifício Grenoble:-22.96391:-43.17761
Edifício Guanabara,landmark_and_historical_building,overture,-22.8796329498291,-43.493160247802734,,overture:Edifício Guanabara:-22.87963:-43.49316
Edifício Guimarães,landmark_and_historical_building,overture,-22.964679718017578,-43.175594329833984,,overture:Edifício Guimarães:-22.96468:-43.17559
Edifício Gustave Eiffel,landmark_and_historical_building,overture,-22.950340270996094,-43.19120407104492,,overture:Edifício Gustave Eiffel:-22.95034:-43.19120
Edifício Habitat Urca Gold,landmark_and_historical_building,overture,-22.955646514892578,-43.17392349243164,,overture:Edifício Habitat Urca Gold:-22.95565:-43.17392
Edifício Hecio Affonso Bloco 1,landmark_and_historical_building,overture,-22.912281036376953,-43.26743698120117,,overture:Edifício Hecio Affonso Bloco 1:-22.91228:-43.26744
Edifício Henriette Curi,landmark_and_historical_building,overture,-22.909542083740234,-43.10145568847656,,overture:Edifício Henriette Curi:-22.90954:-43.10146
Edifício Hércules,landmark_and_historical_building,overture,-22.944007873535156,-43.182220458984375,,overture:Edifício Hércules:-22.94401:-43.18222
Edifício Iasa I,landmark_and_historical_building,overture,-22.9841365814209,-43.204490661621094,,overture:Edifício Iasa I:-22.98414:-43.20449
Edifício Ipiranga,landmark_and_historical_building,overture,-22.91472816467285,-43.27201461791992,,overture:Edifício Ipiranga:-22.91473:-43.27201
Edifício Itapuã,landmark_and_historical_building,overture,-22.900482177734375,-43.1032829284668,,overture:Edifício Itapuã:-22.90048:-43.10328
Edifício Jacques Cousteau,landmark_and_historical_building,overture,-22.896684646606445,-43.100914001464844,,overture:Edifício Jacques Cousteau:-22.89668:-43.10091
Edifício Jalisco,landmark_and_historical_building,overture,-22.979930877685547,-43.220550537109375,,overture:Edifício Jalisco:-22.97993:-43.22055
Edifício Jaqueline,landmark_and_historical_building,overture,-22.89997100830078,-43.1288948059082,,overture:Edifício Jaqueline:-22.89997:-43.12889
Edifício Jardim Palmares,landmark_and_historical_building,overture,-22.766525268554688,-43.50852966308594,,overture:Edifício Jardim Palmares:-22.76653:-43.50853
Edifício Jiquiba,landmark_and_historical_building,overture,-22.910934448242188,-43.22114181518555,,overture:Edifício Jiquiba:-22.91093:-43.22114
Edifício Jomar,landmark_and_historical_building,overture,-22.917428970336914,-43.218353271484375,,overture:Edifício Jomar:-22.91743:-43.21835
Edifício Julia,landmark_and_historical_building,overture,-22.922170639038086,-43.240150451660156,,overture:Edifício Julia:-22.92217:-43.24015
Edifício Justus Wallerstein,landmark_and_historical_building,overture,-22.983776092529297,-43.19020462036133,,overture:Edifício Justus Wallerstein:-22.98378:-43.19020
Edifício Kauai,landmark_and_historical_building,overture,-22.94277000427246,-43.337669372558594,,overture:Edifício Kauai:-22.94277:-43.33767
Edifício Kenya,landmark_and_historical_building,overture,-22.981273651123047,-43.191036224365234,,overture:Edifício Kenya:-22.98127:-43.19104
Edifício Key Biscayne,landmark_and_historical_building,overture,-23.005420684814453,-43.330345153808594,,overture:Edifício Key Biscayne:-23.00542:-43.33035
Edifício Kings Bay,landmark_and_historical_building,overture,-22.955791473388672,-43.178829193115234,,overture:Edifício Kings Bay:-22.95579:-43.17883
Edifício Lacê,landmark_and_historical_building,overture,-22.855270385742188,-43.26170349121094,,overture:Edifício Lacê:-22.85527:-43.26170
Edifício Lavoisier,landmark_and_historical_building,overture,-22.983945846557617,-43.21384811401367,,overture:Edifício Lavoisier:-22.98395:-43.21385
Edifício Lemos Cunha,landmark_and_historical_building,overture,-22.906944274902344,-43.10464859008789,,overture:Edifício Lemos Cunha:-22.90694:-43.10465
Edifício Les Palais,landmark_and_historical_building,overture,-22.943496704101562,-43.186073303222656,,overture:Edifício Les Palais:-22.94350:-43.18607
Edifício Locanda Apeninos,landmark_and_historical_building,overture,-22.964509963989258,-43.18342208862305,,overture:Edifício Locanda Apeninos:-22.96451:-43.18342
Edifício Luciana,landmark_and_historical_building,overture,-23.02520751953125,-43.46503448486328,,overture:Edifício Luciana:-23.02521:-43.46503
Edifício Lux,landmark_and_historical_building,overture,-22.982040405273438,-43.195438385009766,,overture:Edifício Lux:-22.98204:-43.19544
Edifício Lydia,landmark_and_historical_building,overture,-22.952646255493164,-43.18207931518555,,overture:Edifício Lydia:-22.95265:-43.18208
Edifício Madre Teresa de Calcutá,landmark_and_historical_building,overture,-22.930662155151367,-43.23343276977539,,overture:Edifício Madre Teresa de Calcutá:-22.93066:-43.23343
Edifício Maimbu,landmark_and_historical_building,overture,-22.97201919555664,-43.186885833740234,,overture:Edifício Maimbu:-22.97202:-43.18689
Edifício Maisons Leblon,landmark_and_historical_building,overture,-22.982694625854492,-43.21986770629883,,overture:Edifício Maisons Leblon:-22.98269:-43.21987
Edifício Manaus,landmark_and_historical_building,overture,-22.923851013183594,-43.22907257080078,,overture:Edifício Manaus:-22.92385:-43.22907
Edifício Manoel Luiz Vieira,landmark_and_historical_building,overture,-22.902820587158203,-43.102821350097656,,overture:Edifício Manoel Luiz Vieira:-22.90282:-43.10282
Edifício Mansão Daumier,landmark_and_historical_building,overture,-22.951873779296875,-43.187835693359375,,overture:Edifício Mansão Daumier:-22.95187:-43.18784
Edifício Mar Azul,landmark_and_historical_building,overture,-22.973039627075195,-43.19215393066406,,overture:Edifício Mar Azul:-22.97304:-43.19215
Edifício Marechal Pradel,landmark_and_historical_building,overture,-22.886730194091797,-43.35499954223633,,overture:Edifício Marechal Pradel:-22.88673:-43.35500
Edifício Maria Idalina,landmark_and_historical_building,overture,-22.896894454956055,-43.35715866088867,,overture:Edifício Maria Idalina:-22.89689:-43.35716
Edifício Marlua,landmark_and_historical_building,overture,-22.91690444946289,-43.38300323486328,,overture:Edifício Marlua:-22.91690:-43.38300
Edifício Martinho da Vila,landmark_and_historical_building,overture,-22.91790008544922,-43.252960205078125,,overture:Edifício Martinho da Vila:-22.91790:-43.25296
Edifício Master,landmark_and_historical_building,overture,-22.972923278808594,-43.1868896484375,,overture:Edifício Master:-22.97292:-43.18689
Edifício Mathilde Peçanha,landmark_and_historical_building,overture,-22.901962280273438,-43.10154724121094,,overture:Edifício Mathilde Peçanha:-22.90196:-43.10155
Edifício Mirante do Méier,landmark_and_historical_building,overture,-22.900426864624023,-43.27212142944336,,overture:Edifício Mirante do Méier:-22.90043:-43.27212
Edifício Moana I,landmark_and_historical_building,overture,-22.934541702270508,-43.351051330566406,,overture:Edifício Moana I:-22.93454:-43.35105
Edifício Mongeral XIII,landmark_and_historical_building,overture,-22.946876525878906,-43.255924224853516,,overture:Edifício Mongeral XIII:-22.94688:-43.25592
Edifício Monteiro Lobato,landmark_and_historical_building,overture,-22.918933868408203,-43.19539260864258,,overture:Edifício Monteiro Lobato:-22.91893:-43.19539
Edifício Montes Claros,landmark_and_historical_building,overture,-22.963788986206055,-43.17853927612305,,overture:Edifício Montes Claros:-22.96379:-43.17854
Edifício Morada Paradiso,landmark_and_historical_building,overture,-22.7880916595459,-43.3039436340332,,overture:Edifício Morada Paradiso:-22.78809:-43.30394
Edifício Máxime,landmark_and_historical_building,overture,-22.90210723876953,-43.184452056884766,,overture:Edifício Máxime:-22.90211:-43.18445
Edifício Natan,landmark_and_historical_building,overture,-22.93505859375,-43.3332633972168,,overture:Edifício Natan:-22.93506:-43.33326
Edifício Noblesse,landmark_and_historical_building,overture,-22.965723037719727,-43.18804168701172,,overture:Edifício Noblesse:-22.96572:-43.18804
Edifício Nobre da Passagem,landmark_and_historical_building,overture,-22.95451545715332,-43.18157196044922,,overture:Edifício Nobre da Passagem:-22.95452:-43.18157
Edifício Nove De Julho,landmark_and_historical_building,overture,-22.94237518310547,-43.180973052978516,,overture:Edifício Nove De Julho:-22.94238:-43.18097
Edifício Opera Di Milano,landmark_and_historical_building,overture,-22.955171585083008,-43.183349609375,,overture:Edifício Opera Di Milano:-22.95517:-43.18335
Edifício Otávio Kelly,landmark_and_historical_building,overture,-22.932857513427734,-43.24155044555664,,overture:Edifício Otávio Kelly:-22.93286:-43.24155
Edifício Pajussara,landmark_and_historical_building,overture,-22.899438858032227,-43.55882263183594,,overture:Edifício Pajussara:-22.89944:-43.55882
Edifício Palazzo Di Ravena,landmark_and_historical_building,overture,-22.923450469970703,-43.26243209838867,,overture:Edifício Palazzo Di Ravena:-22.92345:-43.26243
Edifício Pallazo Di Reggio,landmark_and_historical_building,overture,-22.93913459777832,-43.19600296020508,,overture:Edifício Pallazo Di Reggio:-22.93913:-43.19600
Edifício Palmeiras de Icaraí,landmark_and_historical_building,overture,-22.90203094482422,-43.11410903930664,,overture:Edifício Palmeiras de Icaraí:-22.90203:-43.11411
Edifício Panorama,landmark_and_historical_building,overture,-22.98515510559082,-43.21072006225586,,overture:Edifício Panorama:-22.98516:-43.21072
Edifício Park Place,landmark_and_historical_building,overture,-22.903789520263672,-43.1036376953125,,overture:Edifício Park Place:-22.90379:-43.10364
Edifício Pasmado,landmark_and_historical_building,overture,-22.95576286315918,-43.17856979370117,,overture:Edifício Pasmado:-22.95576:-43.17857
Edifício Paulo da Câmara,landmark_and_historical_building,overture,-22.93035316467285,-43.23798751831055,,overture:Edifício Paulo da Câmara:-22.93035:-43.23799
Edifício Península Fit,landmark_and_historical_building,overture,-22.9383487701416,-43.35813903808594,,overture:Edifício Península Fit:-22.93835:-43.35814
Edifício Petrônio,landmark_and_historical_building,overture,-22.965511322021484,-43.176719665527344,,overture:Edifício Petrônio:-22.96551:-43.17672
Edifício Petúnia,landmark_and_historical_building,overture,-23.00196647644043,-43.339447021484375,,overture:Edifício Petúnia:-23.00197:-43.33945
Edifício Piranhão,landmark_and_historical_building,overture,-22.9111385345459,-43.205665588378906,,overture:Edifício Piranhão:-22.91114:-43.20567
Edifício Piratininga - Bloco 7,landmark_and_historical_building,overture,-22.914268493652344,-43.3799934387207,,overture:Edifício Piratininga - Bloco 7:-22.91427:-43.37999
Edifício Pomar das Laranjeiras,landmark_and_historical_building,overture,-22.936569213867188,-43.18791961669922,,overture:Edifício Pomar das Laranjeiras:-22.93657:-43.18792
Edifício Pontal Beach Green,landmark_and_historical_building,overture,-23.02992057800293,-43.48338317871094,,overture:Edifício Pontal Beach Green:-23.02992:-43.48338
Edifício Port Saint Maxime,landmark_and_historical_building,overture,-22.99530029296875,-43.257423400878906,,overture:Edifício Port Saint Maxime:-22.99530:-43.25742
Edifício Portal da Urca,landmark_and_historical_building,overture,-22.951988220214844,-43.17594528198242,,overture:Edifício Portal da Urca:-22.95199:-43.17595
Edifício Porto Bonança I,landmark_and_historical_building,overture,-22.889244079589844,-43.28230285644531,,overture:Edifício Porto Bonança I:-22.88924:-43.28230
Edifício Portofelice,landmark_and_historical_building,overture,-23.003406524658203,-43.34132766723633,,overture:Edifício Portofelice:-23.00341:-43.34133
Edifício Praia,landmark_and_historical_building,overture,-22.97657585144043,-43.18874740600586,,overture:Edifício Praia:-22.97658:-43.18875
Edifício Praia de Grumari,landmark_and_historical_building,overture,-23.020614624023438,-43.47421646118164,,overture:Edifício Praia de Grumari:-23.02061:-43.47422
Edifício Praia de Guarujá,landmark_and_historical_building,overture,-23.010133743286133,-43.33945083618164,,overture:Edifício Praia de Guarujá:-23.01013:-43.33945
Edifício Praia do Leme,landmark_and_historical_building,overture,-22.961965560913086,-43.16520309448242,,overture:Edifício Praia do Leme:-22.96197:-43.16520
Edifício Presidente Rodrigues Alves,landmark_and_historical_building,overture,-22.937841415405273,-43.176387786865234,,overture:Edifício Presidente Rodrigues Alves:-22.93784:-43.17639
Edifício Prestige,landmark_and_historical_building,overture,-23.0228328704834,-43.45008850097656,,overture:Edifício Prestige:-23.02283:-43.45009
Edifício Previlége,landmark_and_historical_building,overture,-23.008411407470703,-43.30755615234375,,overture:Edifício Previlége:-23.00841:-43.30756
Edifício Previnal,landmark_and_historical_building,overture,-22.971506118774414,-43.18605422973633,,overture:Edifício Previnal:-22.97151:-43.18605
Edifício Prince d'Orange,landmark_and_historical_building,overture,-22.92426300048828,-43.1786003112793,,overture:Edifício Prince d'Orange:-22.92426:-43.17860
Edifício Quality,landmark_and_historical_building,overture,-23.007949829101562,-43.30754470825195,,overture:Edifício Quality:-23.00795:-43.30754
Edifício Queen Victoria,landmark_and_historical_building,overture,-22.8879451751709,-43.36681365966797,,overture:Edifício Queen Victoria:-22.88795:-43.36681
Edifício Queenstown,landmark_and_historical_building,overture,-22.92845344543457,-43.232723236083984,,overture:Edifício Queenstown:-22.92845:-43.23272
Edifício Rainha Raquel,landmark_and_historical_building,overture,-22.90587615966797,-43.29920196533203,,overture:Edifício Rainha Raquel:-22.90588:-43.29920
Edifício Realeza,landmark_and_historical_building,overture,-22.959264755249023,-43.19137954711914,,overture:Edifício Realeza:-22.95926:-43.19138
Edifício Regina Behar,landmark_and_historical_building,overture,-22.96662712097168,-43.179954528808594,,overture:Edifício Regina Behar:-22.96663:-43.17995
Edifício Regina Célia,landmark_and_historical_building,overture,-22.895288467407227,-43.25019454956055,,overture:Edifício Regina Célia:-22.89529:-43.25019
Edifício Reserva Estampadores,landmark_and_historical_building,overture,-22.879680633544922,-43.4708366394043,,overture:Edifício Reserva Estampadores:-22.87968:-43.47084
Edifício Rhapsody,landmark_and_historical_building,overture,-22.97440528869629,-43.19918441772461,,overture:Edifício Rhapsody:-22.97441:-43.19918
Edifício Rio Verde,landmark_and_historical_building,overture,-22.907976150512695,-43.17550277709961,,overture:Edifício Rio Verde:-22.90798:-43.17550
Edifício River,landmark_and_historical_building,overture,-22.791912078857422,-43.309329986572266,,overture:Edifício River:-22.79191:-43.30933
Edifício Saint George,landmark_and_historical_building,overture,-23.004024505615234,-43.327857971191406,,overture:Edifício Saint George:-23.00402:-43.32786
Edifício Saint Louis,landmark_and_historical_building,overture,-22.972490310668945,-43.35835266113281,,overture:Edifício Saint Louis:-22.97249:-43.35835
Edifício Saint Marcel,landmark_and_historical_building,overture,-22.95648956298828,-43.181148529052734,,overture:Edifício Saint Marcel:-22.95649:-43.18115
Edifício Saint Paul,landmark_and_historical_building,overture,-23.008438110351562,-43.3167839050293,,overture:Edifício Saint Paul:-23.00844:-43.31678
Edifício Salvador Dalí,landmark_and_historical_building,overture,-22.76020622253418,-43.45781707763672,,overture:Edifício Salvador Dalí:-22.76021:-43.45782
Edifício Salzburg,landmark_and_historical_building,overture,-22.903196334838867,-43.10898208618164,,overture:Edifício Salzburg:-22.90320:-43.10898
Edifício San Giovanni,landmark_and_historical_building,overture,-22.954788208007812,-43.17470932006836,,overture:Edifício San Giovanni:-22.95479:-43.17471
Edifício Santa Cecília,landmark_and_historical_building,overture,-22.881305694580078,-43.465354919433594,,overture:Edifício Santa Cecília:-22.88131:-43.46535
Edifício Santa Edwiges,landmark_and_historical_building,overture,-22.965206146240234,-43.180362701416016,,overture:Edifício Santa Edwiges:-22.96521:-43.18036
Edifício Serro Azul,landmark_and_historical_building,overture,-22.927379608154297,-43.17939758300781,,overture:Edifício Serro Azul:-22.92738:-43.17940
Edifício Shoshana,landmark_and_historical_building,overture,-22.915576934814453,-43.23207473754883,,overture:Edifício Shoshana:-22.91558:-43.23207
Edifício Silva Mourao,landmark_and_historical_building,overture,-22.88843536376953,-43.279441833496094,,overture:Edifício Silva Mourao:-22.88844:-43.27944
Edifício Solano,landmark_and_historical_building,overture,-22.964866638183594,-43.17641067504883,,overture:Edifício Solano:-22.96487:-43.17641
Edifício Solar Aroazes,landmark_and_historical_building,overture,-22.971511840820312,-43.3967399597168,,overture:Edifício Solar Aroazes:-22.97151:-43.39674
Edifício Solar Lúcio de Mendonça,landmark_and_historical_building,overture,-22.915790557861328,-43.22391128540039,,overture:Edifício Solar Lúcio de Mendonça:-22.91579:-43.22391
Edifício Solar Pinhoville,landmark_and_historical_building,overture,-22.754175186157227,-43.447208404541016,,overture:Edifício Solar Pinhoville:-22.75418:-43.44721
Edifício Solar Real,landmark_and_historical_building,overture,-22.93770980834961,-43.33539581298828,,overture:Edifício Solar Real:-22.93771:-43.33540
Edifício Solar Visconde Figueiredo,landmark_and_historical_building,overture,-22.937379837036133,-43.176090240478516,,overture:Edifício Solar Visconde Figueiredo:-22.93738:-43.17609
Edifício Solar da Praia,landmark_and_historical_building,overture,-22.987110137939453,-43.192420959472656,,overture:Edifício Solar da Praia:-22.98711:-43.19242
Edifício Solar das Mangueiras,landmark_and_historical_building,overture,-22.758371353149414,-43.40165710449219,,overture:Edifício Solar das Mangueiras:-22.75837:-43.40166
Edifício Solar de Belém,landmark_and_historical_building,overture,-22.91172218322754,-43.217918395996094,,overture:Edifício Solar de Belém:-22.91172:-43.21792
Edifício Solar de Guapeni,landmark_and_historical_building,overture,-22.92490577697754,-43.22983932495117,,overture:Edifício Solar de Guapeni:-22.92491:-43.22984
Edifício Solarium,landmark_and_historical_building,overture,-22.9822940826416,-43.19906997680664,,overture:Edifício Solarium:-22.98229:-43.19907
Edifício Sousa Franco,landmark_and_historical_building,overture,-22.913223266601562,-43.24654006958008,,overture:Edifício Sousa Franco:-22.91322:-43.24654
Edifício Spazio Redentore,landmark_and_historical_building,overture,-22.919374465942383,-43.21040344238281,,overture:Edifício Spazio Redentore:-22.91937:-43.21040
Edifício Stela Angelorum,landmark_and_historical_building,overture,-22.919767379760742,-43.177085876464844,,overture:Edifício Stela Angelorum:-22.91977:-43.17709
Edifício Strelitzia Biancha,landmark_and_historical_building,overture,-22.90334129333496,-43.101932525634766,,overture:Edifício Strelitzia Biancha:-22.90334:-43.10193
Edifício Sulmar,landmark_and_historical_building,overture,-22.964704513549805,-43.190433502197266,,overture:Edifício Sulmar:-22.96470:-43.19043
Edifício Sunshine,landmark_and_historical_building,overture,-23.00210952758789,-43.39009094238281,,overture:Edifício Sunshine:-23.00211:-43.39009
Edifício Surubi,landmark_and_historical_building,overture,-22.977651596069336,-43.19063949584961,,overture:Edifício Surubi:-22.97765:-43.19064
Edifício São Clemente,landmark_and_historical_building,overture,-22.949249267578125,-43.18548583984375,,overture:Edifício São Clemente:-22.94925:-43.18549
Edifício São Francisco de Assis,landmark_and_historical_building,overture,-22.75959587097168,-43.451927185058594,,overture:Edifício São Francisco de Assis:-22.75960:-43.45193
Edifício São George,landmark_and_historical_building,overture,-22.88517189025879,-43.37557601928711,,overture:Edifício São George:-22.88517:-43.37558
Edifício São José 40,landmark_and_historical_building,overture,-22.905132293701172,-43.17542266845703,,overture:Edifício São José 40:-22.90513:-43.17542
Edifício São Maurício,landmark_and_historical_building,overture,-22.86682891845703,-43.29180145263672,,overture:Edifício São Maurício:-22.86683:-43.29180
Edifício São Paulo,landmark_and_historical_building,overture,-22.986560821533203,-43.19099044799805,,overture:Edifício São Paulo:-22.98656:-43.19099
Edifício São Sebastião,landmark_and_historical_building,overture,-22.900068283081055,-43.12254333496094,,overture:Edifício São Sebastião:-22.90007:-43.12254
Edifício Sílvia e Carolina,landmark_and_historical_building,overture,-22.90056610107422,-43.10124206542969,,overture:Edifício Sílvia e Carolina:-22.90057:-43.10124
Edifício Tapajós,landmark_and_historical_building,overture,-22.92982292175293,-43.37553405761719,,overture:Edifício Tapajós:-22.92982:-43.37553
Edifício Teca Barão,landmark_and_historical_building,overture,-22.923128128051758,-43.2500114440918,,overture:Edifício Teca Barão:-22.92313:-43.25001
Edifício Thasos,landmark_and_historical_building,overture,-22.878524780273438,-43.33736038208008,,overture:Edifício Thasos:-22.87852:-43.33736
Edifício Tome de Souza,landmark_and_historical_building,overture,-22.91131019592285,-43.210514068603516,,overture:Edifício Tome de Souza:-22.91131:-43.21051
Edifício Torre Central,landmark_and_historical_building,overture,-22.91266441345215,-43.190589904785156,,overture:Edifício Torre Central:-22.91266:-43.19059
Edifício Torres Sobrinho,landmark_and_historical_building,overture,-22.897666931152344,-43.272769927978516,,overture:Edifício Torres Sobrinho:-22.89767:-43.27277
Edifício Tour de Bordeaux,landmark_and_historical_building,overture,-22.899871826171875,-43.10258483886719,,overture:Edifício Tour de Bordeaux:-22.89987:-43.10258
Edifício Treze de Janeiro,landmark_and_historical_building,overture,-22.945932388305664,-43.183433532714844,,overture:Edifício Treze de Janeiro:-22.94593:-43.18343
Edifício Tupinambás,landmark_and_historical_building,overture,-22.893413543701172,-43.123023986816406,,overture:Edifício Tupinambás:-22.89341:-43.12302
Edifício Van Conde Lage,landmark_and_historical_building,overture,-22.91762351989746,-43.17787170410156,,overture:Edifício Van Conde Lage:-22.91762:-43.17787
Edifício Van Santa Clara,landmark_and_historical_building,overture,-22.965219497680664,-43.19278335571289,,overture:Edifício Van Santa Clara:-22.96522:-43.19278
Edifício Varandas Tijuca,landmark_and_historical_building,overture,-22.922561645507812,-43.21307373046875,,overture:Edifício Varandas Tijuca:-22.92256:-43.21307
Edifício Verônica XIII,landmark_and_historical_building,overture,-23.02277946472168,-43.474693298339844,,overture:Edifício Verônica XIII:-23.02278:-43.47469
Edifício Via Cancun,landmark_and_historical_building,overture,-23.007150650024414,-43.32456970214844,,overture:Edifício Via Cancun:-23.00715:-43.32457
Edifício Vicenza,landmark_and_historical_building,overture,-22.98145866394043,-43.219974517822266,,overture:Edifício Vicenza:-22.98146:-43.21997
Edifício Villa D'Este,landmark_and_historical_building,overture,-22.903045654296875,-43.10227584838867,,overture:Edifício Villa D'Este:-22.90305:-43.10228
Edifício Villa Del Quar,landmark_and_historical_building,overture,-22.902498245239258,-43.106178283691406,,overture:Edifício Villa Del Quar:-22.90250:-43.10618
Edifício Visconde de Maua,landmark_and_historical_building,overture,-22.896835327148438,-43.12131118774414,,overture:Edifício Visconde de Maua:-22.89684:-43.12131
Edifício Vitória,landmark_and_historical_building,overture,-22.788789749145508,-43.31265640258789,,overture:Edifício Vitória:-22.78879:-43.31266
Edifício Vivenda Verde,landmark_and_historical_building,overture,-22.913360595703125,-43.26820755004883,,overture:Edifício Vivenda Verde:-22.91336:-43.26821
Edifício Vivenda das Laranjeiras,landmark_and_historical_building,overture,-22.942148208618164,-43.193031311035156,,overture:Edifício Vivenda das Laranjeiras:-22.94215:-43.19303
Edifício Vivendas Do Sol,landmark_and_historical_building,overture,-22.901565551757812,-43.3547248840332,,overture:Edifício Vivendas Do Sol:-22.90157:-43.35472
Edifício Vivendas do Sul,landmark_and_historical_building,overture,-22.945892333984375,-43.33673858642578,,overture:Edifício Vivendas do Sul:-22.94589:-43.33674
Edifício Viúva Lacerda,landmark_and_historical_building,overture,-22.956039428710938,-43.19996643066406,,overture:Edifício Viúva Lacerda:-22.95604:-43.19997
Edifício Wall Street,landmark_and_historical_building,overture,-22.899696350097656,-43.17880630493164,,overture:Edifício Wall Street:-22.89970:-43.17881
Edifício Yette,landmark_and_historical_building,overture,-23.018138885498047,-43.465675354003906,,overture:Edifício Yette:-23.01814:-43.46568
Edifício York Place,landmark_and_historical_building,overture,-22.911590576171875,-43.10605239868164,,overture:Edifício York Place:-22.91159:-43.10605
Edifício casa amarela,landmark_and_historical_building,overture,-22.905733108520508,-43.29808044433594,,overture:Edifício casa amarela:-22.90573:-43.29808
Edifício das Azaleias,landmark_and_historical_building,overture,-22.96438217163086,-43.38463592529297,,overture:Edifício das Azaleias:-22.96438:-43.38464
Edifício palacete São Jorge,landmark_and_historical_building,overture,-22.936342239379883,-43.17570877075195,,overture:Edifício palacete São Jorge:-22.93634:-43.17571
Edifício senador paula,landmark_and_historical_building,overture,-22.980915069580078,-43.198936462402344,,overture:Edifício senador paula:-22.98092:-43.19894
Edifício Âncora,landmark_and_historical_building,overture,-22.942052841186523,-43.18065643310547,,overture:Edifício Âncora:-22.94205:-43.18066
Edifício Érika,landmark_and_historical_building,overture,-22.93958854675293,-43.179805755615234,,overture:Edifício Érika:-22.93959:-43.17981
Edna Germana Corretora,landmark_and_historical_building,overture,-22.89641761779785,-43.604061126708984,,overture:Edna Germana Corretora:-22.89642:-43.60406
Elevato Bonsucesso,landmark_and_historical_building,overture,-22.86727523803711,-43.271732330322266,,overture:Elevato Bonsucesso:-22.86728:-43.27173
Em Bangu,landmark_and_historical_building,overture,-22.87270736694336,-43.48126983642578,,overture:Em Bangu:-22.87271:-43.48127
Em fim:  Lar doce Lar,landmark_and_historical_building,overture,-22.884103775024414,-43.31666564941406,,overture:Em fim:  Lar doce Lar:-22.88410:-43.31667
Empreendimento Del Monte Club and Houses,landmark_and_historical_building,overture,-22.92800521850586,-43.3363151550293,,overture:Empreendimento Del Monte Club and Houses:-22.92801:-43.33632
Empreendimento Rossi Libertá Resort,landmark_and_historical_building,overture,-22.999683380126953,-43.41684341430664,,overture:Empreendimento Rossi Libertá Resort:-22.99968:-43.41684
Engenho Da Rainha,landmark_and_historical_building,overture,-22.8723201751709,-43.29606628417969,,overture:Engenho Da Rainha:-22.87232:-43.29607
Engenho Novo,landmark_and_historical_building,overture,-22.908029556274414,-43.26885986328125,,overture:Engenho Novo:-22.90803:-43.26886
Enjoy,landmark_and_historical_building,overture,-23.01075553894043,-43.471431732177734,,overture:Enjoy:-23.01076:-43.47143
Equipe Leandro Galvão,landmark_and_historical_building,overture,-23.03112030029297,-43.4720573425293,,overture:Equipe Leandro Galvão:-23.03112:-43.47206
Escada de Acesso ao Morro da Conceicao,landmark_and_historical_building,overture,-22.897470474243164,-43.18117141723633,,overture:Escada de Acesso ao Morro da Conceicao:-22.89747:-43.18117
Escadaria da Marechal Mascarenhas de Morais,landmark_and_historical_building,overture,-22.964126586914062,-43.1833610534668,,overture:Escadaria da Marechal Mascarenhas de Morais:-22.96413:-43.18336
Espacio Laguna,landmark_and_historical_building,overture,-22.984416961669922,-43.38486862182617,,overture:Espacio Laguna:-22.98442:-43.38487
Espaço Gourmet da Família Gato,landmark_and_historical_building,overture,-22.777860641479492,-43.350730895996094,,overture:Espaço Gourmet da Família Gato:-22.77786:-43.35073
Espaço São Clemente,landmark_and_historical_building,overture,-22.94971466064453,-43.18829345703125,,overture:Espaço São Clemente:-22.94971:-43.18829
Especialista Imobiliário,landmark_and_historical_building,overture,-22.8022518157959,-43.35767364501953,,overture:Especialista Imobiliário:-22.80225:-43.35767
Espigao do Méier,landmark_and_historical_building,overture,-22.903104782104492,-43.28281021118164,,overture:Espigao do Méier:-22.90310:-43.28281
Esqueleto Hotel Panorama,landmark_and_historical_building,overture,-22.854660034179688,-43.39013671875,,overture:Esqueleto Hotel Panorama:-22.85466:-43.39014
Esquina com Raul Pompeia,landmark_and_historical_building,overture,-22.982086181640625,-43.19226837158203,,overture:Esquina com Raul Pompeia:-22.98209:-43.19227
Essence Condominium,landmark_and_historical_building,overture,-22.976167678833008,-43.373870849609375,,overture:Essence Condominium:-22.97617:-43.37387
Estatua Equestre de D. Pedro I,landmark_and_historical_building,overture,-22.906986236572266,-43.18304443359375,,overture:Estatua Equestre de D. Pedro I:-22.90699:-43.18304
Estação Flamengo,landmark_and_historical_building,overture,-22.934093475341797,-43.17604064941406,,overture:Estação Flamengo:-22.93409:-43.17604
Estação Jardim de Alah,landmark_and_historical_building,overture,-22.99250030517578,-43.2549934387207,,overture:Estação Jardim de Alah:-22.99250:-43.25499
Estação Teleférica,landmark_and_historical_building,overture,-22.867412567138672,-43.255157470703125,,overture:Estação Teleférica:-22.86741:-43.25516
Estação Zona Norte Londres,landmark_and_historical_building,overture,-22.811904907226562,-43.367435455322266,,overture:Estação Zona Norte Londres:-22.81190:-43.36744
Estr. Do Morgado - Vargem Grande,landmark_and_historical_building,overture,-22.992481231689453,-43.509273529052734,,overture:Estr. Do Morgado - Vargem Grande:-22.99248:-43.50927
Estrada Santa Maria,landmark_and_historical_building,overture,-22.880563735961914,-43.5805549621582,,overture:Estrada Santa Maria:-22.88056:-43.58055
"Estrada do Tijuaçu, Alto da Boa Vista",landmark_and_historical_building,overture,-22.971281051635742,-43.28492736816406,,"overture:Estrada do Tijuaçu, Alto da Boa Vista:-22.97128:-43.28493"
Estrada do capenha 1130,landmark_and_historical_building,overture,-22.932893753051758,-43.34952163696289,,overture:Estrada do capenha 1130:-22.93289:-43.34952
Estrada do colégio 77,landmark_and_historical_building,overture,-22.838634490966797,-43.334693908691406,,overture:Estrada do colégio 77:-22.83863:-43.33469
Estrada do rio grande,landmark_and_historical_building,overture,-22.923093795776367,-43.37437057495117,,overture:Estrada do rio grande:-22.92309:-43.37437
Estrelas Full Condominium,landmark_and_historical_building,overture,-22.96902084350586,-43.391849517822266,,overture:Estrelas Full Condominium:-22.96902:-43.39185
Estátua de João Cândido,landmark_and_historical_building,overture,-22.902158737182617,-43.173397064208984,,overture:Estátua de João Cândido:-22.90216:-43.17340
Euzébio Flamengo,landmark_and_historical_building,overture,-22.937339782714844,-43.175289154052734,,overture:Euzébio Flamengo:-22.93734:-43.17529
Evidence Península,landmark_and_historical_building,overture,-22.991003036499023,-43.35050582885742,,overture:Evidence Península:-22.99100:-43.35051
Ex-Combatentes,landmark_and_historical_building,overture,-22.88534164428711,-43.25185012817383,,overture:Ex-Combatentes:-22.88534:-43.25185
Exclusive Noronha,landmark_and_historical_building,overture,-22.894025802612305,-43.0997200012207,,overture:Exclusive Noronha:-22.89403:-43.09972
Explana Barra Bali,landmark_and_historical_building,overture,-23.009323120117188,-43.43726348876953,,overture:Explana Barra Bali:-23.00932:-43.43726
Fabux's House,landmark_and_historical_building,overture,-22.916006088256836,-43.227378845214844,,overture:Fabux's House:-22.91601:-43.22738
Facile,landmark_and_historical_building,overture,-22.93682861328125,-43.371681213378906,,overture:Facile:-22.93683:-43.37168
Favela da Barão,landmark_and_historical_building,overture,-22.899763107299805,-43.351341247558594,,overture:Favela da Barão:-22.89976:-43.35134
Favela da Rocinha,landmark_and_historical_building,overture,-22.983417510986328,-43.29302215576172,,overture:Favela da Rocinha:-22.98342:-43.29302
Favelão,landmark_and_historical_building,overture,-22.979900360107422,-43.219181060791016,,overture:Favelão:-22.97990:-43.21918
Fazenda Atlântica,landmark_and_historical_building,overture,-22.895477294921875,-43.57758712768555,,overture:Fazenda Atlântica:-22.89548:-43.57759
Fazenda Imperial de Santa Cruz,landmark_and_historical_building,overture,-22.910003662109375,-43.685306549072266,,overture:Fazenda Imperial de Santa Cruz:-22.91000:-43.68531
Fazenda do Viegas,landmark_and_historical_building,overture,-22.88597297668457,-43.48427963256836,,overture:Fazenda do Viegas:-22.88597:-43.48428
Filomena nunes,landmark_and_historical_building,overture,-22.840803146362305,-43.26329803466797,,overture:Filomena nunes:-22.84080:-43.26330
Fiori Residências,landmark_and_historical_building,overture,-22.87502670288086,-43.56970977783203,,overture:Fiori Residências:-22.87503:-43.56971
First Humaitá,landmark_and_historical_building,overture,-22.953147888183594,-43.19634246826172,,overture:First Humaitá:-22.95315:-43.19634
Five Lagoa,landmark_and_historical_building,overture,-22.96561050415039,-43.20211410522461,,overture:Five Lagoa:-22.96561:-43.20211
Floratta di Carmem,landmark_and_historical_building,overture,-22.905128479003906,-43.105186462402344,,overture:Floratta di Carmem:-22.90513:-43.10519
Flyinguru,landmark_and_historical_building,overture,-22.99047088623047,-43.25215148925781,,overture:Flyinguru:-22.99047:-43.25215
Focus Tijuca,landmark_and_historical_building,overture,-22.91657066345215,-43.22100830078125,,overture:Focus Tijuca:-22.91657:-43.22101
Font Vieille,landmark_and_historical_building,overture,-22.989416122436523,-43.352882385253906,,overture:Font Vieille:-22.98942:-43.35288
Fonte Wallace,landmark_and_historical_building,overture,-22.969919204711914,-43.22438049316406,,overture:Fonte Wallace:-22.96992:-43.22438
Fort Copacabana,landmark_and_historical_building,overture,-22.986177444458008,-43.1865348815918,,overture:Fort Copacabana:-22.98618:-43.18653
"Fortaleza De Sao João, Urca",landmark_and_historical_building,overture,-22.833791732788086,-43.314659118652344,,"overture:Fortaleza De Sao João, Urca:-22.83379:-43.31466"
Forte Do Leme,landmark_and_historical_building,overture,-22.88124656677246,-43.35559844970703,,overture:Forte Do Leme:-22.88125:-43.35560
Forte de Boa Viagem,landmark_and_historical_building,overture,-22.909330368041992,-43.130531311035156,,overture:Forte de Boa Viagem:-22.90933:-43.13053
Foz do iguassu,landmark_and_historical_building,overture,-22.97758674621582,-43.188350677490234,,overture:Foz do iguassu:-22.97759:-43.18835
Fra Angelico,landmark_and_historical_building,overture,-22.902172088623047,-43.11371612548828,,overture:Fra Angelico:-22.90217:-43.11372
Francico Otaviano,landmark_and_historical_building,overture,-22.986614227294922,-43.189945220947266,,overture:Francico Otaviano:-22.98661:-43.18995
Freedom - Barra da Tijuca,landmark_and_historical_building,overture,-22.967905044555664,-43.393714904785156,,overture:Freedom - Barra da Tijuca:-22.96791:-43.39371
Freedom freguesia,landmark_and_historical_building,overture,-22.936630249023438,-43.32676696777344,,overture:Freedom freguesia:-22.93663:-43.32677
Freguesia Tower,landmark_and_historical_building,overture,-22.944156646728516,-43.33576583862305,,overture:Freguesia Tower:-22.94416:-43.33577
"Frei Luiz Alevato, 356",landmark_and_historical_building,overture,-22.93550682067871,-43.368011474609375,,"overture:Frei Luiz Alevato, 356:-22.93551:-43.36801"
Frequesia,landmark_and_historical_building,overture,-22.934324264526367,-43.3359375,,overture:Frequesia:-22.93432:-43.33594
Front Park,landmark_and_historical_building,overture,-22.935951232910156,-43.57048797607422,,overture:Front Park:-22.93595:-43.57049
FrontLake Barra,landmark_and_historical_building,overture,-22.97269058227539,-43.38174057006836,,overture:FrontLake Barra:-22.97269:-43.38174
Furnas da Tijuca,landmark_and_historical_building,overture,-22.974552154541016,-43.28664779663086,,overture:Furnas da Tijuca:-22.97455:-43.28665
"Furquim Mendes, Noroeste City",landmark_and_historical_building,overture,-22.80587387084961,-43.315452575683594,,"overture:Furquim Mendes, Noroeste City:-22.80587:-43.31545"
Fábrica Bhering,landmark_and_historical_building,overture,-22.90106201171875,-43.2033805847168,,overture:Fábrica Bhering:-22.90106:-43.20338
Fênix Administração de Condomínios,landmark_and_historical_building,overture,-22.894174575805664,-43.121055603027344,,overture:Fênix Administração de Condomínios:-22.89417:-43.12106
G.S.A - Guerreiros da Selva Airsoft,landmark_and_historical_building,overture,-22.948213577270508,-43.258670806884766,,overture:G.S.A - Guerreiros da Selva Airsoft:-22.94821:-43.25867
GMA Consultoria e Assessoria de Condominios,landmark_and_historical_building,overture,-23.01787757873535,-43.458885192871094,,overture:GMA Consultoria e Assessoria de Condominios:-23.01788:-43.45889
GOD of WAR,landmark_and_historical_building,overture,-22.867990493774414,-43.36494064331055,,overture:GOD of WAR:-22.86799:-43.36494
GRAN Reserva Metropolitano,landmark_and_historical_building,overture,-22.950620651245117,-43.38103485107422,,overture:GRAN Reserva Metropolitano:-22.95062:-43.38103
Gabinete Real,landmark_and_historical_building,overture,-22.9052734375,-43.17251205444336,,overture:Gabinete Real:-22.90527:-43.17251
Galeria San James,landmark_and_historical_building,overture,-22.965105056762695,-43.180198669433594,,overture:Galeria San James:-22.96511:-43.18020
Galeão,landmark_and_historical_building,overture,-22.811660766601562,-43.22782516479492,,overture:Galeão:-22.81166:-43.22783
Garden Park,landmark_and_historical_building,overture,-22.926841735839844,-43.25742721557617,,overture:Garden Park:-22.92684:-43.25743
Garden Party,landmark_and_historical_building,overture,-22.908491134643555,-43.37860870361328,,overture:Garden Party:-22.90849:-43.37861
Gardênia Azul,landmark_and_historical_building,overture,-22.944473266601562,-43.361183166503906,,overture:Gardênia Azul:-22.94447:-43.36118
Garganta do Grumari,landmark_and_historical_building,overture,-23.04844093322754,-43.549896240234375,,overture:Garganta do Grumari:-23.04844:-43.54990
Gauguin,landmark_and_historical_building,overture,-22.989959716796875,-43.350990295410156,,overture:Gauguin:-22.98996:-43.35099
Gavea,landmark_and_historical_building,overture,-22.984390258789062,-43.23966979980469,,overture:Gavea:-22.98439:-43.23967
Gellegöç Tarihi Mekan,landmark_and_historical_building,overture,-22.924562454223633,-43.23196029663086,,overture:Gellegöç Tarihi Mekan:-22.92456:-43.23196
General José de San Martín,landmark_and_historical_building,overture,-22.97542953491211,-43.19789123535156,,overture:General José de San Martín:-22.97543:-43.19789
Giardini Di Milano,landmark_and_historical_building,overture,-23.011137008666992,-43.47327423095703,,overture:Giardini Di Milano:-23.01114:-43.47327
Glaucia,landmark_and_historical_building,overture,-22.757110595703125,-43.35485076904297,,overture:Glaucia:-22.75711:-43.35485
Global Park,landmark_and_historical_building,overture,-22.963756561279297,-43.40176010131836,,overture:Global Park:-22.96376:-43.40176
Gokano,landmark_and_historical_building,overture,-22.91425323486328,-43.42098617553711,,overture:Gokano:-22.91425:-43.42099
Golden Garden,landmark_and_historical_building,overture,-22.948307037353516,-43.189666748046875,,overture:Golden Garden:-22.94831:-43.18967
Gragoatá Bay,landmark_and_historical_building,overture,-22.901065826416016,-43.13302230834961,,overture:Gragoatá Bay:-22.90107:-43.13302
Grand Araguaia,landmark_and_historical_building,overture,-22.934507369995117,-43.335121154785156,,overture:Grand Araguaia:-22.93451:-43.33512
Grand Life Icaraí,landmark_and_historical_building,overture,-22.896759033203125,-43.112003326416016,,overture:Grand Life Icaraí:-22.89676:-43.11200
Grand Reserva - Campo Grande,landmark_and_historical_building,overture,-22.883453369140625,-43.60942077636719,,overture:Grand Reserva - Campo Grande:-22.88345:-43.60942
Grand Village Freguesia,landmark_and_historical_building,overture,-22.94483184814453,-43.33506393432617,,overture:Grand Village Freguesia:-22.94483:-43.33506
Grande Miquelon,landmark_and_historical_building,overture,-22.858013153076172,-43.487396240234375,,overture:Grande Miquelon:-22.85801:-43.48740
Gravata,landmark_and_historical_building,overture,-22.86728858947754,-43.373043060302734,,overture:Gravata:-22.86729:-43.37304
Green Life - Niterói - GF Consultoria,landmark_and_historical_building,overture,-22.884702682495117,-43.11801528930664,,overture:Green Life - Niterói - GF Consultoria:-22.88470:-43.11802
Green Ocean,landmark_and_historical_building,overture,-22.98487663269043,-43.218482971191406,,overture:Green Ocean:-22.98488:-43.21848
Green Tijuca,landmark_and_historical_building,overture,-22.926013946533203,-43.24156188964844,,overture:Green Tijuca:-22.92601:-43.24156
Gruta Karl Glasl,landmark_and_historical_building,overture,-22.968788146972656,-43.22527313232422,,overture:Gruta Karl Glasl:-22.96879:-43.22527
HO 200,landmark_and_historical_building,overture,-22.964540481567383,-43.193023681640625,,overture:HO 200:-22.96454:-43.19302
Hadock Lobo esquina com Matoso,landmark_and_historical_building,overture,-22.915613174438477,-43.208396911621094,,overture:Hadock Lobo esquina com Matoso:-22.91561:-43.20840
Helô Mozak,landmark_and_historical_building,overture,-22.982357025146484,-43.206573486328125,,overture:Helô Mozak:-22.98236:-43.20657
Henri Matisse,landmark_and_historical_building,overture,-23.018508911132812,-43.46314239501953,,overture:Henri Matisse:-23.01851:-43.46314
Hilton Fly Rio,landmark_and_historical_building,overture,-22.999156951904297,-43.26191711425781,,overture:Hilton Fly Rio:-22.99916:-43.26192
Hipermercado Extra Vila da Penha,landmark_and_historical_building,overture,-22.884180068969727,-43.28102111816406,,overture:Hipermercado Extra Vila da Penha:-22.88418:-43.28102
Home Rio,landmark_and_historical_building,overture,-22.982933044433594,-43.21678924560547,,overture:Home Rio:-22.98293:-43.21679
Home Sweet Home,landmark_and_historical_building,overture,-22.931459426879883,-43.635196685791016,,overture:Home Sweet Home:-22.93146:-43.63520
Honório gurgel,landmark_and_historical_building,overture,-22.84951400756836,-43.35722351074219,,overture:Honório gurgel:-22.84951:-43.35722
Hub Co-Living,landmark_and_historical_building,overture,-22.912662506103516,-43.17766571044922,,overture:Hub Co-Living:-22.91266:-43.17767
Humaitá Garden Lagoinha,landmark_and_historical_building,overture,-22.81716537475586,-43.612342834472656,,overture:Humaitá Garden Lagoinha:-22.81717:-43.61234
Hydra Clube de Morar,landmark_and_historical_building,overture,-22.915618896484375,-43.22289276123047,,overture:Hydra Clube de Morar:-22.91562:-43.22289
IAPC de Irajá,landmark_and_historical_building,overture,-22.823604583740234,-43.33290481567383,,overture:IAPC de Irajá:-22.82360:-43.33290
IAPI de Del Castilho,landmark_and_historical_building,overture,-22.876136779785156,-43.27033996582031,,overture:IAPI de Del Castilho:-22.87614:-43.27034
INPS,landmark_and_historical_building,overture,-22.78862190246582,-43.18529510498047,,overture:INPS:-22.78862:-43.18530
Ibrahim Sued Statue,landmark_and_historical_building,overture,-22.968812942504883,-43.1802864074707,,overture:Ibrahim Sued Statue:-22.96881:-43.18029
Icarai' Golden Style,landmark_and_historical_building,overture,-22.90644073486328,-43.10330581665039,,overture:Icarai' Golden Style:-22.90644:-43.10331
Icaraí Privillege,landmark_and_historical_building,overture,-22.90791130065918,-43.103309631347656,,overture:Icaraí Privillege:-22.90791:-43.10331
Ideal Village Condominium Rossi Guandu Sape,landmark_and_historical_building,overture,-22.87750816345215,-43.56141662597656,,overture:Ideal Village Condominium Rossi Guandu Sape:-22.87751:-43.56142
Igarapava 53,landmark_and_historical_building,overture,-22.986888885498047,-43.23111343383789,,overture:Igarapava 53:-22.98689:-43.23111
Ilha Da Trindade,landmark_and_historical_building,overture,-22.864534378051758,-43.302345275878906,,overture:Ilha Da Trindade:-22.86453:-43.30235
"Ilha Das Flores - São Gonçalo, RJ",landmark_and_historical_building,overture,-22.85003089904785,-43.102046966552734,,"overture:Ilha Das Flores - São Gonçalo, RJ:-22.85003:-43.10205"
Ilha Pura,landmark_and_historical_building,overture,-22.982933044433594,-43.411842346191406,,overture:Ilha Pura:-22.98293:-43.41184
Ilha Pura Barra da Tijuca,landmark_and_historical_building,overture,-22.98309898376465,-43.409950256347656,,overture:Ilha Pura Barra da Tijuca:-22.98310:-43.40995
Ilha Terceira,landmark_and_historical_building,overture,-22.761016845703125,-43.4567985534668,,overture:Ilha Terceira:-22.76102:-43.45680
"Ilha das Palmas (ö i Brasilien, Rio de Janeiro, lat -23,06, long -43,51)",landmark_and_historical_building,overture,-23.062843322753906,-43.511531829833984,,"overture:Ilha das Palmas (ö i Brasilien, Rio de Janeiro, lat -23,06, long -43,51):-23.06284:-43.51153"
Iluminato Botafogo,landmark_and_historical_building,overture,-22.946502685546875,-43.18903350830078,,overture:Iluminato Botafogo:-22.94650:-43.18903
In Rio Das Pedras Jacarepaguá-RJ,landmark_and_historical_building,overture,-22.973873138427734,-43.33502197265625,,overture:In Rio Das Pedras Jacarepaguá-RJ:-22.97387:-43.33502
Ingá Offices,landmark_and_historical_building,overture,-22.903057098388672,-43.12400436401367,,overture:Ingá Offices:-22.90306:-43.12400
Inhauma Prev,landmark_and_historical_building,overture,-22.86480712890625,-43.301414489746094,,overture:Inhauma Prev:-22.86481:-43.30141
Injoy Lofts Ipanema,landmark_and_historical_building,overture,-22.980749130249023,-43.204837799072266,,overture:Injoy Lofts Ipanema:-22.98075:-43.20484
Inovar Predial,landmark_and_historical_building,overture,-22.893342971801758,-43.12107467651367,,overture:Inovar Predial:-22.89334:-43.12107
Instituto vida real,landmark_and_historical_building,overture,-22.85596466064453,-43.246726989746094,,overture:Instituto vida real:-22.85596:-43.24673
Interlagos Quality,landmark_and_historical_building,overture,-22.997228622436523,-43.4193229675293,,overture:Interlagos Quality:-22.99723:-43.41932
Ipa Studios Design,landmark_and_historical_building,overture,-22.985389709472656,-43.20760726928711,,overture:Ipa Studios Design:-22.98539:-43.20761
Ipanema,landmark_and_historical_building,overture,-22.981689453125,-43.19908142089844,,overture:Ipanema:-22.98169:-43.19908
Ipanema Copa Posto 6,landmark_and_historical_building,overture,-22.98403549194336,-43.19390106201172,,overture:Ipanema Copa Posto 6:-22.98404:-43.19390
Ipanema Tower,landmark_and_historical_building,overture,-22.985071182250977,-43.206233978271484,,overture:Ipanema Tower:-22.98507:-43.20623
Ipiranga,landmark_and_historical_building,overture,-22.806116104125977,-43.56367874145508,,overture:Ipiranga:-22.80612:-43.56368
Iraja 1158,landmark_and_historical_building,overture,-22.832069396972656,-43.32780456542969,,overture:Iraja 1158:-22.83207:-43.32780
Irajá,landmark_and_historical_building,overture,-22.8431339263916,-43.32292556762695,,overture:Irajá:-22.84313:-43.32293
Irajá,landmark_and_historical_building,overture,-22.82303810119629,-43.32791519165039,,overture:Irajá:-22.82304:-43.32792
Irajá,landmark_and_historical_building,overture,-22.772930145263672,-43.35126495361328,,overture:Irajá:-22.77293:-43.35126
Irajá (Rio de Janeiro),landmark_and_historical_building,overture,-22.834447860717773,-43.32722854614258,,overture:Irajá (Rio de Janeiro):-22.83445:-43.32723
Irmandade do Corte,landmark_and_historical_building,overture,-22.78434181213379,-43.37456130981445,,overture:Irmandade do Corte:-22.78434:-43.37456
Island Personal Office,landmark_and_historical_building,overture,-23.002700805664062,-43.33815383911133,,overture:Island Personal Office:-23.00270:-43.33815
Itabirito (Urubu),landmark_and_historical_building,overture,-22.88047218322754,-43.304317474365234,,overture:Itabirito (Urubu):-22.88047:-43.30432
Itanhaga,landmark_and_historical_building,overture,-22.986461639404297,-43.309993743896484,,overture:Itanhaga:-22.98646:-43.30999
Itaperu,landmark_and_historical_building,overture,-22.922426223754883,-43.19655990600586,,overture:Itaperu:-22.92243:-43.19656
J W festa e eventos,landmark_and_historical_building,overture,-22.886795043945312,-43.59443283081055,,overture:J W festa e eventos:-22.88680:-43.59443
Jacare na Praça da Concórdia,landmark_and_historical_building,overture,-22.884605407714844,-43.25656509399414,,overture:Jacare na Praça da Concórdia:-22.88461:-43.25657
"Jacarezinho, Largo dos Tubas, RJ",landmark_and_historical_building,overture,-22.88459587097168,-43.256343841552734,,"overture:Jacarezinho, Largo dos Tubas, RJ:-22.88460:-43.25634"
Jagoroaba,landmark_and_historical_building,overture,-22.878950119018555,-43.37102508544922,,overture:Jagoroaba:-22.87895:-43.37103
Jamaica City,landmark_and_historical_building,overture,-22.908618927001953,-43.299591064453125,,overture:Jamaica City:-22.90862:-43.29959
Jambalaya Resort Beach,landmark_and_historical_building,overture,-22.831697463989258,-43.3502311706543,,overture:Jambalaya Resort Beach:-22.83170:-43.35023
Jardim América - RJ,landmark_and_historical_building,overture,-22.813003540039062,-43.32284164428711,,overture:Jardim América - RJ:-22.81300:-43.32284
Jardim Garrido,landmark_and_historical_building,overture,-22.986560821533203,-43.63270950317383,,overture:Jardim Garrido:-22.98656:-43.63271
Jardim Icaraí,landmark_and_historical_building,overture,-22.90350341796875,-43.10184097290039,,overture:Jardim Icaraí:-22.90350:-43.10184
Jardim Meriti,landmark_and_historical_building,overture,-22.77754020690918,-43.37281036376953,,overture:Jardim Meriti:-22.77754:-43.37281
Jardim Paris,landmark_and_historical_building,overture,-22.913516998291016,-43.10089874267578,,overture:Jardim Paris:-22.91352:-43.10090
Jardim Sao Joao,landmark_and_historical_building,overture,-22.891550064086914,-43.12144088745117,,overture:Jardim Sao Joao:-22.89155:-43.12144
Jardim bangu,landmark_and_historical_building,overture,-22.84579086303711,-43.46562576293945,,overture:Jardim bangu:-22.84579:-43.46563
Jardim carioca,landmark_and_historical_building,overture,-22.80219078063965,-43.19761276245117,,overture:Jardim carioca:-22.80219:-43.19761
Jardim de Alah,landmark_and_historical_building,overture,-22.98354721069336,-43.21623611450195,,overture:Jardim de Alah:-22.98355:-43.21624
Jardim do Alto Estilo e Serviços,landmark_and_historical_building,overture,-23.022207260131836,-43.48677444458008,,overture:Jardim do Alto Estilo e Serviços:-23.02221:-43.48677
Jardim do Itanhanga,landmark_and_historical_building,overture,-22.99436378479004,-43.30128860473633,,overture:Jardim do Itanhanga:-22.99436:-43.30129
Jardim do Méier,landmark_and_historical_building,overture,-22.900136947631836,-43.27857208251953,,overture:Jardim do Méier:-22.90014:-43.27857
Jardim dos Lírios I,landmark_and_historical_building,overture,-22.950603485107422,-43.64236068725586,,overture:Jardim dos Lírios I:-22.95060:-43.64236
Jardins de Maria,landmark_and_historical_building,overture,-23.004337310791016,-43.4432373046875,,overture:Jardins de Maria:-23.00434:-43.44324
Jequitiba 1,landmark_and_historical_building,overture,-22.973745346069336,-43.23091125488281,,overture:Jequitiba 1:-22.97375:-43.23091
Jhessy Unhas,landmark_and_historical_building,overture,-22.80072021484375,-43.397605895996094,,overture:Jhessy Unhas:-22.80072:-43.39761
Jn Marcenaria/ moves planejados,landmark_and_historical_building,overture,-22.911314010620117,-43.27783203125,,overture:Jn Marcenaria/ moves planejados:-22.91131:-43.27783
Jorginhos Rooftop,landmark_and_historical_building,overture,-22.794689178466797,-43.292396545410156,,overture:Jorginhos Rooftop:-22.79469:-43.29240
José Vicente,landmark_and_historical_building,overture,-22.919559478759766,-43.25729751586914,,overture:José Vicente:-22.91956:-43.25730
Julho de castilho lote 1,landmark_and_historical_building,overture,-22.784238815307617,-43.39558029174805,,overture:Julho de castilho lote 1:-22.78424:-43.39558
Junqueira freire,landmark_and_historical_building,overture,-22.894956588745117,-43.286949157714844,,overture:Junqueira freire:-22.89496:-43.28695
Jóia do Campo,landmark_and_historical_building,overture,-22.913665771484375,-43.547542572021484,,overture:Jóia do Campo:-22.91367:-43.54754
Ki Delícia,landmark_and_historical_building,overture,-22.83664321899414,-43.410484313964844,,overture:Ki Delícia:-22.83664:-43.41048
Kitnet Mobiliada,landmark_and_historical_building,overture,-22.95296287536621,-43.38085174560547,,overture:Kitnet Mobiliada:-22.95296:-43.38085
Kitnets Nova Iguaçu,landmark_and_historical_building,overture,-22.770618438720703,-43.44253158569336,,overture:Kitnets Nova Iguaçu:-22.77062:-43.44253
L'unité Araguaia,landmark_and_historical_building,overture,-22.934463500976562,-43.33447265625,,overture:L'unité Araguaia:-22.93446:-43.33447
L_O_V_E,landmark_and_historical_building,overture,-22.913984298706055,-43.27253341674805,,overture:L_O_V_E:-22.91398:-43.27253
La Plagne,landmark_and_historical_building,overture,-22.986818313598633,-43.225440979003906,,overture:La Plagne:-22.98682:-43.22544
Lac Premier,landmark_and_historical_building,overture,-23.005313873291016,-43.37181854248047,,overture:Lac Premier:-23.00531:-43.37182
Ladeira Dos Tabajaras,landmark_and_historical_building,overture,-22.965179443359375,-43.188899993896484,,overture:Ladeira Dos Tabajaras:-22.96518:-43.18890
Ladeira do Castro,landmark_and_historical_building,overture,-22.918798446655273,-43.18596267700195,,overture:Ladeira do Castro:-22.91880:-43.18596
Lagoa Bella,landmark_and_historical_building,overture,-22.97754669189453,-43.197288513183594,,overture:Lagoa Bella:-22.97755:-43.19729
Laguna di Mare,landmark_and_historical_building,overture,-22.983253479003906,-43.382328033447266,,overture:Laguna di Mare:-22.98325:-43.38233
Laje dos Balbinot,landmark_and_historical_building,overture,-22.938608169555664,-43.335628509521484,,overture:Laje dos Balbinot:-22.93861:-43.33563
Lajão,landmark_and_historical_building,overture,-22.93304443359375,-43.334537506103516,,overture:Lajão:-22.93304:-43.33454
Lake Buena Vista condo,landmark_and_historical_building,overture,-23.007362365722656,-43.3223876953125,,overture:Lake Buena Vista condo:-23.00736:-43.32239
Lanna Kingdom,landmark_and_historical_building,overture,-22.972421646118164,-43.20816421508789,,overture:Lanna Kingdom:-22.97242:-43.20816
Lapa de Irajá,landmark_and_historical_building,overture,-22.818267822265625,-43.33324432373047,,overture:Lapa de Irajá:-22.81827:-43.33324
Lar,landmark_and_historical_building,overture,-22.97661781311035,-43.19198226928711,,overture:Lar:-22.97662:-43.19198
Lar Cida,landmark_and_historical_building,overture,-23.022733688354492,-43.488346099853516,,overture:Lar Cida:-23.02273:-43.48835
Lar Doce Lar,landmark_and_historical_building,overture,-22.97549057006836,-43.1899528503418,,overture:Lar Doce Lar:-22.97549:-43.18995
Lar de David Farias,landmark_and_historical_building,overture,-22.761335372924805,-43.45888900756836,,overture:Lar de David Farias:-22.76134:-43.45889
Lar doce lar,landmark_and_historical_building,overture,-22.939453125,-43.36819076538086,,overture:Lar doce lar:-22.93945:-43.36819
Lar doce lar,landmark_and_historical_building,overture,-22.85139274597168,-43.349998474121094,,overture:Lar doce lar:-22.85139:-43.35000
Lar doce lar,landmark_and_historical_building,overture,-22.97162628173828,-43.189083099365234,,overture:Lar doce lar:-22.97163:-43.18908
Lar doce lar Cury,landmark_and_historical_building,overture,-22.887880325317383,-43.124881744384766,,overture:Lar doce lar Cury:-22.88788:-43.12488
Laranjeiras,landmark_and_historical_building,overture,-22.938533782958984,-43.188941955566406,,overture:Laranjeiras:-22.93853:-43.18894
Largo Alexandre Herculano,landmark_and_historical_building,overture,-22.90581512451172,-43.18209457397461,,overture:Largo Alexandre Herculano:-22.90582:-43.18209
Largo Da Capela 601,landmark_and_historical_building,overture,-22.916439056396484,-43.41497039794922,,overture:Largo Da Capela 601:-22.91644:-43.41497
Largo Do Remi,landmark_and_historical_building,overture,-22.92876434326172,-43.3928108215332,,overture:Largo Do Remi:-22.92876:-43.39281
Largo Grimmauld n12,landmark_and_historical_building,overture,-22.82691764831543,-43.33213424682617,,overture:Largo Grimmauld n12:-22.82692:-43.33213
Largo de Itararé,landmark_and_historical_building,overture,-22.856515884399414,-43.26670837402344,,overture:Largo de Itararé:-22.85652:-43.26671
Largo do Guimaraes,landmark_and_historical_building,overture,-22.921405792236328,-43.185977935791016,,overture:Largo do Guimaraes:-22.92141:-43.18598
Largo do Machado Station,landmark_and_historical_building,overture,-22.93090057373047,-43.178306579589844,,overture:Largo do Machado Station:-22.93090:-43.17831
Largo dos Palácios,landmark_and_historical_building,overture,-22.951242446899414,-43.193965911865234,,overture:Largo dos Palácios:-22.95124:-43.19397
Lazuli Niterói,landmark_and_historical_building,overture,-22.907617568969727,-43.12971496582031,,overture:Lazuli Niterói:-22.90762:-43.12971
Le Grand Miguel Couto,landmark_and_historical_building,overture,-22.90064811706543,-43.10343933105469,,overture:Le Grand Miguel Couto:-22.90065:-43.10344
Leblon,landmark_and_historical_building,overture,-22.98445701599121,-43.2307014465332,,overture:Leblon:-22.98446:-43.23070
Leblon InFoco,landmark_and_historical_building,overture,-22.985605239868164,-43.218021392822266,,overture:Leblon InFoco:-22.98561:-43.21802
Leme,landmark_and_historical_building,overture,-22.96346664428711,-43.17352294921875,,overture:Leme:-22.96347:-43.17352
Lenda,landmark_and_historical_building,overture,-22.901906967163086,-43.126041412353516,,overture:Lenda:-22.90191:-43.12604
Leopoldina Minas Gerais,landmark_and_historical_building,overture,-22.881160736083984,-43.47553634643555,,overture:Leopoldina Minas Gerais:-22.88116:-43.47554
Lesboland,landmark_and_historical_building,overture,-22.93107032775879,-43.238590240478516,,overture:Lesboland:-22.93107:-43.23859
Liberty House Residências,landmark_and_historical_building,overture,-23.005624771118164,-43.3389892578125,,overture:Liberty House Residências:-23.00562:-43.33899
Liberty Personnalité Résidences,landmark_and_historical_building,overture,-22.889633178710938,-43.27812957763672,,overture:Liberty Personnalité Résidences:-22.88963:-43.27813
Life Resort Club Campo Grande,landmark_and_historical_building,overture,-22.92543601989746,-43.55203628540039,,overture:Life Resort Club Campo Grande:-22.92544:-43.55204
Like Barra da Tijuca,landmark_and_historical_building,overture,-22.963266372680664,-43.39149475097656,,overture:Like Barra da Tijuca:-22.96327:-43.39149
Living Wish Norte,landmark_and_historical_building,overture,-22.887704849243164,-43.28106689453125,,overture:Living Wish Norte:-22.88770:-43.28107
Lobie Vilares,landmark_and_historical_building,overture,-22.96494483947754,-43.19118118286133,,overture:Lobie Vilares:-22.96494:-43.19118
Loft Premium,landmark_and_historical_building,overture,-22.91121482849121,-43.10530090332031,,overture:Loft Premium:-22.91121:-43.10530
Loompalândia,landmark_and_historical_building,overture,-22.85296058654785,-43.390907287597656,,overture:Loompalândia:-22.85296:-43.39091
Lopes House,landmark_and_historical_building,overture,-22.932809829711914,-43.352684020996094,,overture:Lopes House:-22.93281:-43.35268
Lote 7,landmark_and_historical_building,overture,-22.817140579223633,-43.376625061035156,,overture:Lote 7:-22.81714:-43.37663
Loteamento Belford Roxo,landmark_and_historical_building,overture,-22.755273818969727,-43.399810791015625,,overture:Loteamento Belford Roxo:-22.75527:-43.39981
Loteamento Monte Líbano,landmark_and_historical_building,overture,-22.879207611083984,-43.59512710571289,,overture:Loteamento Monte Líbano:-22.87921:-43.59513
Luar do Pontal,landmark_and_historical_building,overture,-23.023250579833984,-43.512939453125,,overture:Luar do Pontal:-23.02325:-43.51294
Luau do Recreio,landmark_and_historical_building,overture,-23.022499084472656,-43.49000549316406,,overture:Luau do Recreio:-23.02250:-43.49001
Luggo Mauá,landmark_and_historical_building,overture,-22.898725509643555,-43.1811637878418,,overture:Luggo Mauá:-22.89873:-43.18116
Lumina Rio,landmark_and_historical_building,overture,-22.895238876342773,-43.187740325927734,,overture:Lumina Rio:-22.89524:-43.18774
Luperce Miranda Vista Alegre,landmark_and_historical_building,overture,-22.826719284057617,-43.32290267944336,,overture:Luperce Miranda Vista Alegre:-22.82672:-43.32290
Léo Oliveira Corretor,landmark_and_historical_building,overture,-22.876789093017578,-43.41794204711914,,overture:Léo Oliveira Corretor:-22.87679:-43.41794
MRV Riviera Tropical,landmark_and_historical_building,overture,-22.884658813476562,-43.62513732910156,,overture:MRV Riviera Tropical:-22.88466:-43.62514
Maayan - Barra Da Tijuca,landmark_and_historical_building,overture,-22.966991424560547,-43.38652801513672,,overture:Maayan - Barra Da Tijuca:-22.96699:-43.38653
Madureira rj,landmark_and_historical_building,overture,-22.87848663330078,-43.339080810546875,,overture:Madureira rj:-22.87849:-43.33908
Maggiore Residenziale - Sacisa,landmark_and_historical_building,overture,-22.894285202026367,-43.274169921875,,overture:Maggiore Residenziale - Sacisa:-22.89429:-43.27417
Mais + Recanto da Taquara - ROSSI,landmark_and_historical_building,overture,-22.919132232666016,-43.3646354675293,,overture:Mais + Recanto da Taquara - ROSSI:-22.91913:-43.36464
Maison Merlot,landmark_and_historical_building,overture,-22.93152618408203,-43.36215591430664,,overture:Maison Merlot:-22.93153:-43.36216
Maison Paradis,landmark_and_historical_building,overture,-23.025087356567383,-43.48919677734375,,overture:Maison Paradis:-23.02509:-43.48920
Maison Saint Marcelin,landmark_and_historical_building,overture,-22.959564208984375,-43.20194625854492,,overture:Maison Saint Marcelin:-22.95956:-43.20195
Maison du Soleil,landmark_and_historical_building,overture,-22.904775619506836,-43.28212356567383,,overture:Maison du Soleil:-22.90478:-43.28212
Majestic Cyrela,landmark_and_historical_building,overture,-22.965084075927734,-43.386436462402344,,overture:Majestic Cyrela:-22.96508:-43.38644
Majesty,landmark_and_historical_building,overture,-22.931724548339844,-43.333473205566406,,overture:Majesty:-22.93172:-43.33347
Maluco 22,landmark_and_historical_building,overture,-22.988651275634766,-43.24904251098633,,overture:Maluco 22:-22.98865:-43.24904
Mandarim Península Barra,landmark_and_historical_building,overture,-22.990510940551758,-43.35167694091797,,overture:Mandarim Península Barra:-22.99051:-43.35168
Mangueira (cidade do Rio de Janeiro),landmark_and_historical_building,overture,-22.903892517089844,-43.23694610595703,,overture:Mangueira (cidade do Rio de Janeiro):-22.90389:-43.23695
Mangueiral,landmark_and_historical_building,overture,-22.866737365722656,-43.480220794677734,,overture:Mangueiral:-22.86674:-43.48022
Manoel Leitao,landmark_and_historical_building,overture,-22.918943405151367,-43.215396881103516,,overture:Manoel Leitao:-22.91894:-43.21540
Mansão Bitcoin,landmark_and_historical_building,overture,-23.03400993347168,-43.48860549926758,,overture:Mansão Bitcoin:-23.03401:-43.48861
Mansão Boa Vista,landmark_and_historical_building,overture,-22.960054397583008,-43.271236419677734,,overture:Mansão Boa Vista:-22.96005:-43.27124
Mansão Marins,landmark_and_historical_building,overture,-22.81729507446289,-43.316959381103516,,overture:Mansão Marins:-22.81730:-43.31696
Mansão Ross,landmark_and_historical_building,overture,-22.974294662475586,-43.333099365234375,,overture:Mansão Ross:-22.97429:-43.33310
Mansão de Pedra Guedes,landmark_and_historical_building,overture,-22.836389541625977,-43.319828033447266,,overture:Mansão de Pedra Guedes:-22.83639:-43.31983
Mansão dos Cordeiros,landmark_and_historical_building,overture,-22.853050231933594,-43.46698760986328,,overture:Mansão dos Cordeiros:-22.85305:-43.46699
Mansão dos Dantas,landmark_and_historical_building,overture,-22.919395446777344,-43.35192108154297,,overture:Mansão dos Dantas:-22.91940:-43.35192
Mansão dos Fernandes,landmark_and_historical_building,overture,-22.810644149780273,-43.31493377685547,,overture:Mansão dos Fernandes:-22.81064:-43.31493
Mansão dos Kaulino's,landmark_and_historical_building,overture,-22.812040328979492,-43.206268310546875,,overture:Mansão dos Kaulino's:-22.81204:-43.20627
Mansões da Prata,landmark_and_historical_building,overture,-22.914871215820312,-43.518436431884766,,overture:Mansões da Prata:-22.91487:-43.51844
Mar de Ibiza,landmark_and_historical_building,overture,-22.901613235473633,-43.10190200805664,,overture:Mar de Ibiza:-22.90161:-43.10190
Maramar,landmark_and_historical_building,overture,-23.032779693603516,-43.49314498901367,,overture:Maramar:-23.03278:-43.49314
Maraville  Rio Grande,landmark_and_historical_building,overture,-22.918594360351562,-43.38925552368164,,overture:Maraville  Rio Grande:-22.91859:-43.38926
Marcão Comunidade Novo Rio,landmark_and_historical_building,overture,-22.961856842041016,-43.34775924682617,,overture:Marcão Comunidade Novo Rio:-22.96186:-43.34776
Mare Pontal Oceanico,landmark_and_historical_building,overture,-23.02125358581543,-43.50575637817383,,overture:Mare Pontal Oceanico:-23.02125:-43.50576
Marechal Hermes,landmark_and_historical_building,overture,-22.85624122619629,-43.37373733520508,,overture:Marechal Hermes:-22.85624:-43.37374
"Marechal Hermes, Rio de Janeiro",landmark_and_historical_building,overture,-22.861948013305664,-43.37083435058594,,"overture:Marechal Hermes, Rio de Janeiro:-22.86195:-43.37083"
Maria,landmark_and_historical_building,overture,-22.86834716796875,-43.79301071166992,,overture:Maria:-22.86835:-43.79301
Marquês de valença,landmark_and_historical_building,overture,-22.921175003051758,-43.225738525390625,,overture:Marquês de valença:-22.92118:-43.22574
Martins Pena_ Vila São Luiz,landmark_and_historical_building,overture,-22.7782039642334,-43.29086685180664,,overture:Martins Pena_ Vila São Luiz:-22.77820:-43.29087
Matinho,landmark_and_historical_building,overture,-22.890165328979492,-43.34782409667969,,overture:Matinho:-22.89017:-43.34782
Matizes Icarai Niteroi,landmark_and_historical_building,overture,-22.904720306396484,-43.1116828918457,,overture:Matizes Icarai Niteroi:-22.90472:-43.11168
Mazzetti,landmark_and_historical_building,overture,-22.862520217895508,-43.30517578125,,overture:Mazzetti:-22.86252:-43.30518
Mc Nego do Borel,landmark_and_historical_building,overture,-23.067123413085938,-43.56571578979492,,overture:Mc Nego do Borel:-23.06712:-43.56572
Meier,landmark_and_historical_building,overture,-22.89370346069336,-43.2813720703125,,overture:Meier:-22.89370:-43.28137
Mendanha,landmark_and_historical_building,overture,-22.854156494140625,-43.53953170776367,,overture:Mendanha:-22.85416:-43.53953
Meringuava 1396,landmark_and_historical_building,overture,-22.91545295715332,-43.387901306152344,,overture:Meringuava 1396:-22.91545:-43.38790
Mesa do Imperado,landmark_and_historical_building,overture,-22.968505859375,-43.25685119628906,,overture:Mesa do Imperado:-22.96851:-43.25685
Mesquita,landmark_and_historical_building,overture,-22.792428970336914,-43.42738723754883,,overture:Mesquita:-22.79243:-43.42739
Mesquita rj,landmark_and_historical_building,overture,-22.79667854309082,-43.44058609008789,,overture:Mesquita rj:-22.79668:-43.44059
Meu lar,landmark_and_historical_building,overture,-22.953487396240234,-43.33952713012695,,overture:Meu lar:-22.95349:-43.33953
Minha,landmark_and_historical_building,overture,-22.86237907409668,-43.782806396484375,,overture:Minha:-22.86238:-43.78281
Minha Casa Minha Vida,landmark_and_historical_building,overture,-22.90293312072754,-43.5610466003418,,overture:Minha Casa Minha Vida:-22.90293:-43.56105
Minha Humilde Residência,landmark_and_historical_building,overture,-22.89911460876465,-43.2349853515625,,overture:Minha Humilde Residência:-22.89911:-43.23499
Minha Praia Cond. Clube,landmark_and_historical_building,overture,-22.96761131286621,-43.39702224731445,,overture:Minha Praia Cond. Clube:-22.96761:-43.39702
Minha cass,landmark_and_historical_building,overture,-22.884056091308594,-43.43049621582031,,overture:Minha cass:-22.88406:-43.43050
Mirante 4,landmark_and_historical_building,overture,-22.988224029541016,-43.231781005859375,,overture:Mirante 4:-22.98822:-43.23178
Mirante Do Ttk,landmark_and_historical_building,overture,-22.924293518066406,-43.18169021606445,,overture:Mirante Do Ttk:-22.92429:-43.18169
Mirante Dona Marta,landmark_and_historical_building,overture,-22.944995880126953,-43.19641876220703,,overture:Mirante Dona Marta:-22.94500:-43.19642
Mirante JW Marriott,landmark_and_historical_building,overture,-22.972257614135742,-43.18560028076172,,overture:Mirante JW Marriott:-22.97226:-43.18560
Mirante Jackson de Figueiredo,landmark_and_historical_building,overture,-23.008647918701172,-43.287872314453125,,overture:Mirante Jackson de Figueiredo:-23.00865:-43.28787
Mirante Livingstone Rezende,landmark_and_historical_building,overture,-22.81879234313965,-43.205589294433594,,overture:Mirante Livingstone Rezende:-22.81879:-43.20559
Mirante Sétimo Céu,landmark_and_historical_building,overture,-22.989154815673828,-43.22904968261719,,overture:Mirante Sétimo Céu:-22.98915:-43.22905
Mirante da Imprensa,landmark_and_historical_building,overture,-22.969038009643555,-43.225128173828125,,overture:Mirante da Imprensa:-22.96904:-43.22513
Mirante da Paz,landmark_and_historical_building,overture,-22.98332977294922,-43.19846725463867,,overture:Mirante da Paz:-22.98333:-43.19847
Mirante da Praia Vermelha,landmark_and_historical_building,overture,-22.957441329956055,-43.16515350341797,,overture:Mirante da Praia Vermelha:-22.95744:-43.16515
Mirante da Praia da Joatinga,landmark_and_historical_building,overture,-23.014928817749023,-43.28839874267578,,overture:Mirante da Praia da Joatinga:-23.01493:-43.28840
Mirante da bt,landmark_and_historical_building,overture,-22.83555793762207,-43.28727722167969,,overture:Mirante da bt:-22.83556:-43.28728
Mirante das Canoas,landmark_and_historical_building,overture,-22.9885196685791,-43.26909637451172,,overture:Mirante das Canoas:-22.98852:-43.26910
Mirante de Boa Viagem,landmark_and_historical_building,overture,-22.907506942749023,-43.12651824951172,,overture:Mirante de Boa Viagem:-22.90751:-43.12652
Mirante do Caete,landmark_and_historical_building,overture,-22.984851837158203,-43.27873611450195,,overture:Mirante do Caete:-22.98485:-43.27874
Mirante do Excelsior,landmark_and_historical_building,overture,-22.942432403564453,-43.27275085449219,,overture:Mirante do Excelsior:-22.94243:-43.27275
Mirante do Joá,landmark_and_historical_building,overture,-23.00860023498535,-43.287353515625,,overture:Mirante do Joá:-23.00860:-43.28735
Mirante do Leblon,landmark_and_historical_building,overture,-22.989673614501953,-43.22739791870117,,overture:Mirante do Leblon:-22.98967:-43.22740
Mirante do Leme,landmark_and_historical_building,overture,-22.962566375732422,-43.165794372558594,,overture:Mirante do Leme:-22.96257:-43.16579
Mirante do Morro da Cruz,landmark_and_historical_building,overture,-22.767791748046875,-43.11370086669922,,overture:Mirante do Morro da Cruz:-22.76779:-43.11370
Mirante do Pavão,landmark_and_historical_building,overture,-22.979291915893555,-43.1931266784668,,overture:Mirante do Pavão:-22.97929:-43.19313
Mirante do Pontal,landmark_and_historical_building,overture,-23.034191131591797,-43.491432189941406,,overture:Mirante do Pontal:-23.03419:-43.49143
Mirante do Pão de Açúcar,landmark_and_historical_building,overture,-22.9495906829834,-43.1566276550293,,overture:Mirante do Pão de Açúcar:-22.94959:-43.15663
Mirante do Rato Molhado,landmark_and_historical_building,overture,-22.92378807067871,-43.18670654296875,,overture:Mirante do Rato Molhado:-22.92379:-43.18671
Mirante do Rio Grande,landmark_and_historical_building,overture,-22.920230865478516,-43.398563385009766,,overture:Mirante do Rio Grande:-22.92023:-43.39856
Mirante do Roncador,landmark_and_historical_building,overture,-23.037874221801758,-43.499488830566406,,overture:Mirante do Roncador:-23.03787:-43.49949
Mirante do Valongo,landmark_and_historical_building,overture,-22.898914337158203,-43.187049865722656,,overture:Mirante do Valongo:-22.89891:-43.18705
Moinho Fluminense,landmark_and_historical_building,overture,-22.896270751953125,-43.191436767578125,,overture:Moinho Fluminense:-22.89627:-43.19144
Monte Horebe em Mesquita RJ,landmark_and_historical_building,overture,-22.848548889160156,-43.320823669433594,,overture:Monte Horebe em Mesquita RJ:-22.84855:-43.32082
Monumental Okara,landmark_and_historical_building,overture,-22.886926651000977,-43.112483978271484,,overture:Monumental Okara:-22.88693:-43.11248
Mood Lapa,landmark_and_historical_building,overture,-22.91408920288086,-43.18891906738281,,overture:Mood Lapa:-22.91409:-43.18892
Morada Delas,landmark_and_historical_building,overture,-22.975324630737305,-43.326805114746094,,overture:Morada Delas:-22.97532:-43.32681
Morada do Sol - Bloco D,landmark_and_historical_building,overture,-22.956501007080078,-43.17863464355469,,overture:Morada do Sol - Bloco D:-22.95650:-43.17863
Morada dos Colibris - JPA,landmark_and_historical_building,overture,-22.926977157592773,-43.388145446777344,,overture:Morada dos Colibris - JPA:-22.92698:-43.38815
Moradas Do Itanhangá Condominium,landmark_and_historical_building,overture,-22.97563934326172,-43.3276481628418,,overture:Moradas Do Itanhangá Condominium:-22.97564:-43.32765
Moradas Santa Clara,landmark_and_historical_building,overture,-22.75130844116211,-43.42268371582031,,overture:Moradas Santa Clara:-22.75131:-43.42268
Moradas do Itanhangá,landmark_and_historical_building,overture,-22.97698974609375,-43.32949447631836,,overture:Moradas do Itanhangá:-22.97699:-43.32949
"Morro Boa Vista (berg i Brasilien, Rio de Janeiro, Rio de Janeiro)",landmark_and_historical_building,overture,-22.964130401611328,-43.2635612487793,,"overture:Morro Boa Vista (berg i Brasilien, Rio de Janeiro, Rio de Janeiro):-22.96413:-43.26356"
Morro Cara de Cão,landmark_and_historical_building,overture,-22.940275192260742,-43.15362548828125,,overture:Morro Cara de Cão:-22.94028:-43.15363
Morro Do Embaixador,landmark_and_historical_building,overture,-22.775184631347656,-43.338035583496094,,overture:Morro Do Embaixador:-22.77518:-43.33804
Morro Do Familia,landmark_and_historical_building,overture,-22.906911849975586,-43.30569076538086,,overture:Morro Do Familia:-22.90691:-43.30569
Morro Do Joá - Rio De Janeiro,landmark_and_historical_building,overture,-22.961380004882812,-43.207191467285156,,overture:Morro Do Joá - Rio De Janeiro:-22.96138:-43.20719
Morro Pau da Bandeira,landmark_and_historical_building,overture,-22.914161682128906,-43.257781982421875,,overture:Morro Pau da Bandeira:-22.91416:-43.25778
Morro Santo Amaro,landmark_and_historical_building,overture,-22.92361068725586,-43.180564880371094,,overture:Morro Santo Amaro:-22.92361:-43.18056
Morro da Bica,landmark_and_historical_building,overture,-22.888885498046875,-43.33944320678711,,overture:Morro da Bica:-22.88889:-43.33944
"Morro da Bica (kulle i Brasilien, lat -22,81, long -43,19)",landmark_and_historical_building,overture,-22.814388275146484,-43.19375228881836,,"overture:Morro da Bica (kulle i Brasilien, lat -22,81, long -43,19):-22.81439:-43.19375"
Morro da Boa Vista São Lourenço Niterói,landmark_and_historical_building,overture,-22.886947631835938,-43.11088943481445,,overture:Morro da Boa Vista São Lourenço Niterói:-22.88695:-43.11089
Morro da Cachoeirinha,landmark_and_historical_building,overture,-22.919723510742188,-43.27777862548828,,overture:Morro da Cachoeirinha:-22.91972:-43.27778
Morro da Caixa D'Água (berg),landmark_and_historical_building,overture,-22.902603149414062,-43.39375686645508,,overture:Morro da Caixa D'Água (berg):-22.90260:-43.39376
Morro da Conceicao,landmark_and_historical_building,overture,-22.88028335571289,-43.677581787109375,,overture:Morro da Conceicao:-22.88028:-43.67758
"Morro da Conceição (kulle i Brasilien, lat -22,82, long -43,35)",landmark_and_historical_building,overture,-22.815813064575195,-43.353546142578125,,"overture:Morro da Conceição (kulle i Brasilien, lat -22,82, long -43,35):-22.81581:-43.35355"
Morro da Eno,landmark_and_historical_building,overture,-22.823598861694336,-43.311378479003906,,overture:Morro da Eno:-22.82360:-43.31138
"Morro da Formiga (kulle i Brasilien, Rio de Janeiro, Rio de Janeiro, lat -22,86, long -43,52)",landmark_and_historical_building,overture,-22.856853485107422,-43.52488708496094,,"overture:Morro da Formiga (kulle i Brasilien, Rio de Janeiro, Rio de Janeiro, lat -22,86, long -43,52):-22.85685:-43.52489"
Morro da Mangueira,landmark_and_historical_building,overture,-22.903892517089844,-43.23694610595703,,overture:Morro da Mangueira:-22.90389:-43.23695
Morro da Quinta do Caju,landmark_and_historical_building,overture,-22.874366760253906,-43.2120475769043,,overture:Morro da Quinta do Caju:-22.87437:-43.21205
"Morro da Tapera (kulle i Brasilien, Rio de Janeiro)",landmark_and_historical_building,overture,-22.812232971191406,-43.17902374267578,,"overture:Morro da Tapera (kulle i Brasilien, Rio de Janeiro):-22.81223:-43.17902"
Morro da Urca,landmark_and_historical_building,overture,-22.950889587402344,-43.16376876831055,,overture:Morro da Urca:-22.95089:-43.16377
"Morro das Araras (kulle i Brasilien, Rio de Janeiro)",landmark_and_historical_building,overture,-22.786840438842773,-43.177303314208984,,"overture:Morro das Araras (kulle i Brasilien, Rio de Janeiro):-22.78684:-43.17730"
Morro de São Lourenço,landmark_and_historical_building,overture,-22.887466430664062,-43.11008071899414,,overture:Morro de São Lourenço:-22.88747:-43.11008
Morro do Alemão,landmark_and_historical_building,overture,-22.86055564880371,-43.27361297607422,,overture:Morro do Alemão:-22.86056:-43.27361
Morro do Castelo,landmark_and_historical_building,overture,-22.75250244140625,-43.103336334228516,,overture:Morro do Castelo:-22.75250:-43.10334
Morro do Inglês,landmark_and_historical_building,overture,-22.942228317260742,-43.203338623046875,,overture:Morro do Inglês:-22.94223:-43.20334
Morro do Outeiro,landmark_and_historical_building,overture,-22.96949005126953,-43.40370178222656,,overture:Morro do Outeiro:-22.96949:-43.40370
Morro do Pica Pau,landmark_and_historical_building,overture,-22.98366355895996,-43.31216049194336,,overture:Morro do Pica Pau:-22.98366:-43.31216
Morro do Pico,landmark_and_historical_building,overture,-22.931299209594727,-43.123390197753906,,overture:Morro do Pico:-22.93130:-43.12339
Morro do Pontal de Sernambetiba,landmark_and_historical_building,overture,-23.034170150756836,-43.470096588134766,,overture:Morro do Pontal de Sernambetiba:-23.03417:-43.47010
Morro do Vintém,landmark_and_historical_building,overture,-22.898338317871094,-43.266395568847656,,overture:Morro do Vintém:-22.89834:-43.26640
Morro dos Caboclos,landmark_and_historical_building,overture,-22.951669692993164,-43.51750946044922,,overture:Morro dos Caboclos:-22.95167:-43.51751
"Morro dos Macacos (kulle i Brasilien, Rio de Janeiro, Rio de Janeiro, lat -22,89, long -43,43)",landmark_and_historical_building,overture,-22.893163681030273,-43.42504119873047,,"overture:Morro dos Macacos (kulle i Brasilien, Rio de Janeiro, Rio de Janeiro, lat -22,89, long -43,43):-22.89316:-43.42504"
Moto Táxi Village,landmark_and_historical_building,overture,-22.81503677368164,-43.38102340698242,,overture:Moto Táxi Village:-22.81504:-43.38102
Mudrá Full Living,landmark_and_historical_building,overture,-22.999061584472656,-43.40622329711914,,overture:Mudrá Full Living:-22.99906:-43.40622
Murals in the Lapa district,landmark_and_historical_building,overture,-22.915111541748047,-43.17902755737305,,overture:Murals in the Lapa district:-22.91511:-43.17903
Murdock House,landmark_and_historical_building,overture,-22.892929077148438,-43.566917419433594,,overture:Murdock House:-22.89293:-43.56692
Murinho da Urca,landmark_and_historical_building,overture,-22.93523406982422,-43.175193786621094,,overture:Murinho da Urca:-22.93523:-43.17519
Musal,landmark_and_historical_building,overture,-22.881122589111328,-43.387413024902344,,overture:Musal:-22.88112:-43.38741
Muzema,landmark_and_historical_building,overture,-22.990123748779297,-43.32046127319336,,overture:Muzema:-22.99012:-43.32046
Márcio Alto Aratanha,landmark_and_historical_building,overture,-22.91245460510254,-43.56863021850586,,overture:Márcio Alto Aratanha:-22.91245:-43.56863
Mário Carpenter,landmark_and_historical_building,overture,-22.884601593017578,-43.29246139526367,,overture:Mário Carpenter:-22.88460:-43.29246
Méier,landmark_and_historical_building,overture,-22.906984329223633,-43.291961669921875,,overture:Méier:-22.90698:-43.29196
Mérito Jacarepaguá,landmark_and_historical_building,overture,-22.957992553710938,-43.342376708984375,,overture:Mérito Jacarepaguá:-22.95799:-43.34238
NOVO CCHCS,landmark_and_historical_building,overture,-22.8372802734375,-43.328426361083984,,overture:NOVO CCHCS:-22.83728:-43.32843
Nascimento Silva,landmark_and_historical_building,overture,-22.98179817199707,-43.20895767211914,,overture:Nascimento Silva:-22.98180:-43.20896
Nau da Barra,landmark_and_historical_building,overture,-22.99764633178711,-43.37818908691406,,overture:Nau da Barra:-22.99765:-43.37819
Nau dos Descobrimentos,landmark_and_historical_building,overture,-22.905017852783203,-43.16987228393555,,overture:Nau dos Descobrimentos:-22.90502:-43.16987
Ninho dos Accioly,landmark_and_historical_building,overture,-22.938188552856445,-43.34104537963867,,overture:Ninho dos Accioly:-22.93819:-43.34105
Niteroi,landmark_and_historical_building,overture,-22.903738021850586,-43.10845947265625,,overture:Niteroi:-22.90374:-43.10846
Niterói,landmark_and_historical_building,overture,-22.907489776611328,-43.17649841308594,,overture:Niterói:-22.90749:-43.17650
Niterói Working Center,landmark_and_historical_building,overture,-22.89398956298828,-43.11954879760742,,overture:Niterói Working Center:-22.89399:-43.11955
No Morro da Caixa d' Água,landmark_and_historical_building,overture,-22.913894653320312,-43.35692596435547,,overture:No Morro da Caixa d' Água:-22.91389:-43.35693
No Quintal do Gica,landmark_and_historical_building,overture,-22.8262996673584,-43.39866256713867,,overture:No Quintal do Gica:-22.82630:-43.39866
Nobrega UM,landmark_and_historical_building,overture,-22.901287078857422,-43.10554885864258,,overture:Nobrega UM:-22.90129:-43.10555
Norte Dreams,landmark_and_historical_building,overture,-22.890756607055664,-43.26959991455078,,overture:Norte Dreams:-22.89076:-43.26960
Norte Premium,landmark_and_historical_building,overture,-22.88907814025879,-43.28715133666992,,overture:Norte Premium:-22.88908:-43.28715
Nova CCPL,landmark_and_historical_building,overture,-22.891263961791992,-43.247459411621094,,overture:Nova CCPL:-22.89126:-43.24746
Novo Horizonte,landmark_and_historical_building,overture,-22.956300735473633,-43.33353805541992,,overture:Novo Horizonte:-22.95630:-43.33354
O`Sullivan House,landmark_and_historical_building,overture,-22.87352752685547,-43.41301345825195,,overture:O`Sullivan House:-22.87353:-43.41301
Obelisco da Avenida Rio Branco,landmark_and_historical_building,overture,-22.9127140045166,-43.1747932434082,,overture:Obelisco da Avenida Rio Branco:-22.91271:-43.17479
Ocean Breeze,landmark_and_historical_building,overture,-23.017518997192383,-43.48177719116211,,overture:Ocean Breeze:-23.01752:-43.48178
Ocean Star,landmark_and_historical_building,overture,-23.010059356689453,-43.352054595947266,,overture:Ocean Star:-23.01006:-43.35205
Oceana Golf - Absolute Design,landmark_and_historical_building,overture,-23.000577926635742,-43.40427780151367,,overture:Oceana Golf - Absolute Design:-23.00058:-43.40428
Oceana Golf Barra da Tijuca,landmark_and_historical_building,overture,-23.001249313354492,-43.40754699707031,,overture:Oceana Golf Barra da Tijuca:-23.00125:-43.40755
Oceana Waterfront,landmark_and_historical_building,overture,-23.026506423950195,-43.46271896362305,,overture:Oceana Waterfront:-23.02651:-43.46272
Oceanside Recreio - Emccamp,landmark_and_historical_building,overture,-23.01871681213379,-43.485591888427734,,overture:Oceanside Recreio - Emccamp:-23.01872:-43.48559
On Botafogo Voluntarios da Patria Cyrela,landmark_and_historical_building,overture,-22.95149803161621,-43.18541717529297,,overture:On Botafogo Voluntarios da Patria Cyrela:-22.95150:-43.18542
On The Sea Arpoador,landmark_and_historical_building,overture,-22.98727035522461,-43.190582275390625,,overture:On The Sea Arpoador:-22.98727:-43.19058
Only by Living,landmark_and_historical_building,overture,-22.88636016845703,-43.28003692626953,,overture:Only by Living:-22.88636:-43.28004
Opera di Milano Residenza,landmark_and_historical_building,overture,-22.902982711791992,-43.104515075683594,,overture:Opera di Milano Residenza:-22.90298:-43.10452
Orange Village Condo,landmark_and_historical_building,overture,-22.872657775878906,-43.53068542480469,,overture:Orange Village Condo:-22.87266:-43.53069
Oreo Clapp,landmark_and_historical_building,overture,-22.880409240722656,-43.30785369873047,,overture:Oreo Clapp:-22.88041:-43.30785
Oriente-se,landmark_and_historical_building,overture,-22.908655166625977,-43.23434066772461,,overture:Oriente-se:-22.90866:-43.23434
Osvaldo Cruz (bairro do Rio de Janeiro),landmark_and_historical_building,overture,-22.870555877685547,-43.350006103515625,,overture:Osvaldo Cruz (bairro do Rio de Janeiro):-22.87056:-43.35001
PEDRA De Guaratba,landmark_and_historical_building,overture,-22.99120330810547,-43.62716293334961,,overture:PEDRA De Guaratba:-22.99120:-43.62716
PNR1 ESAO,landmark_and_historical_building,overture,-22.861722946166992,-43.39311981201172,,overture:PNR1 ESAO:-22.86172:-43.39312
Paciência,landmark_and_historical_building,overture,-22.876020431518555,-43.62932586669922,,overture:Paciência:-22.87602:-43.62933
Padre miguel,landmark_and_historical_building,overture,-22.86308479309082,-43.453514099121094,,overture:Padre miguel:-22.86308:-43.45351
Painel Etnias,landmark_and_historical_building,overture,-22.895132064819336,-43.184879302978516,,overture:Painel Etnias:-22.89513:-43.18488
Pala'cio - Parque Lage,landmark_and_historical_building,overture,-22.96018409729004,-43.21217346191406,,overture:Pala'cio - Parque Lage:-22.96018:-43.21217
Palace II,landmark_and_historical_building,overture,-23.00615882873535,-43.322265625,,overture:Palace II:-23.00616:-43.32227
Palacete Laguna,landmark_and_historical_building,overture,-22.91157341003418,-43.222938537597656,,overture:Palacete Laguna:-22.91157:-43.22294
Palacete Princesa Isabel,landmark_and_historical_building,overture,-22.92320442199707,-43.69315719604492,,overture:Palacete Princesa Isabel:-22.92320:-43.69316
Palacio da Ilha Fiscal,landmark_and_historical_building,overture,-22.812936782836914,-43.4066276550293,,overture:Palacio da Ilha Fiscal:-22.81294:-43.40663
Palacio de Buckingham,landmark_and_historical_building,overture,-22.98465347290039,-43.2000617980957,,overture:Palacio de Buckingham:-22.98465:-43.20006
Palacio de Edimburgo,landmark_and_historical_building,overture,-22.93369483947754,-43.200225830078125,,overture:Palacio de Edimburgo:-22.93369:-43.20023
Palazzo Botafogo,landmark_and_historical_building,overture,-22.956811904907227,-43.184410095214844,,overture:Palazzo Botafogo:-22.95681:-43.18441
Palazzo Di Shangri La,landmark_and_historical_building,overture,-22.954099655151367,-43.18137741088867,,overture:Palazzo Di Shangri La:-22.95410:-43.18138
Palhaçada Real,landmark_and_historical_building,overture,-23.024023056030273,-43.491275787353516,,overture:Palhaçada Real:-23.02402:-43.49128
"Palmas, Ilha Grande",landmark_and_historical_building,overture,-22.971773147583008,-43.1901969909668,,"overture:Palmas, Ilha Grande:-22.97177:-43.19020"
Palmeira Imperial,landmark_and_historical_building,overture,-22.96954917907715,-43.22468566894531,,overture:Palmeira Imperial:-22.96955:-43.22469
Palmeiras da Penha,landmark_and_historical_building,overture,-22.837886810302734,-43.276424407958984,,overture:Palmeiras da Penha:-22.83789:-43.27642
Palácio Arariboia,landmark_and_historical_building,overture,-22.894485473632812,-43.121253967285156,,overture:Palácio Arariboia:-22.89449:-43.12125
Palácio De La Potrinyh - Malvinas,landmark_and_historical_building,overture,-22.860286712646484,-43.481868743896484,,overture:Palácio De La Potrinyh - Malvinas:-22.86029:-43.48187
Palácio Pedro Ernesto,landmark_and_historical_building,overture,-22.909854888916016,-43.17664337158203,,overture:Palácio Pedro Ernesto:-22.90985:-43.17664
Palácio Vigia,landmark_and_historical_building,overture,-22.90126609802246,-43.17641830444336,,overture:Palácio Vigia:-22.90127:-43.17642
Palácio de são cristóvão,landmark_and_historical_building,overture,-22.905834197998047,-43.22444534301758,,overture:Palácio de são cristóvão:-22.90583:-43.22445
Pan De Azucar,landmark_and_historical_building,overture,-22.95456314086914,-43.16706085205078,,overture:Pan De Azucar:-22.95456:-43.16706
Paradigma,landmark_and_historical_building,overture,-22.89703941345215,-43.121761322021484,,overture:Paradigma:-22.89704:-43.12176
Parcão Tijuca,landmark_and_historical_building,overture,-22.931522369384766,-43.24375534057617,,overture:Parcão Tijuca:-22.93152:-43.24376
Park Rossette,landmark_and_historical_building,overture,-22.913951873779297,-43.605735778808594,,overture:Park Rossette:-22.91395:-43.60574
Park View Barra Bonita,landmark_and_historical_building,overture,-23.023237228393555,-43.486942291259766,,overture:Park View Barra Bonita:-23.02324:-43.48694
Park condominium Onix,landmark_and_historical_building,overture,-22.907081604003906,-43.67153549194336,,overture:Park condominium Onix:-22.90708:-43.67154
Park condominium Reality,landmark_and_historical_building,overture,-22.880151748657227,-43.55083084106445,,overture:Park condominium Reality:-22.88015:-43.55083
Parque Anchieta,landmark_and_historical_building,overture,-22.83029556274414,-43.41767120361328,,overture:Parque Anchieta:-22.83030:-43.41767
Parque Bondinho,landmark_and_historical_building,overture,-22.955530166625977,-43.16700744628906,,overture:Parque Bondinho:-22.95553:-43.16701
Parque Coqueiros,landmark_and_historical_building,overture,-22.97472381591797,-43.4984016418457,,overture:Parque Coqueiros:-22.97472:-43.49840
Parque Natural Municipal do Gericinó,landmark_and_historical_building,overture,-22.812705993652344,-43.41615676879883,,overture:Parque Natural Municipal do Gericinó:-22.81271:-43.41616
Parque Roma,landmark_and_historical_building,overture,-22.914140701293945,-43.5568733215332,,overture:Parque Roma:-22.91414:-43.55687
Parque São Pedro,landmark_and_historical_building,overture,-22.864713668823242,-43.46309280395508,,overture:Parque São Pedro:-22.86471:-43.46309
Parque das Ruínas,landmark_and_historical_building,overture,-22.917797088623047,-43.182315826416016,,overture:Parque das Ruínas:-22.91780:-43.18232
Parque dos Sonhos,landmark_and_historical_building,overture,-22.76287078857422,-43.48894500732422,,overture:Parque dos Sonhos:-22.76287:-43.48895
Passarela Do 314,landmark_and_historical_building,overture,-22.997663497924805,-43.239471435546875,,overture:Passarela Do 314:-22.99766:-43.23947
Passarela GAGa,landmark_and_historical_building,overture,-22.967920303344727,-43.179019927978516,,overture:Passarela GAGa:-22.96792:-43.17902
Patrimovel Jardins do Valqueire,landmark_and_historical_building,overture,-22.882265090942383,-43.358097076416016,,overture:Patrimovel Jardins do Valqueire:-22.88227:-43.35810
Patrimovel Scena Laguna,landmark_and_historical_building,overture,-22.98373794555664,-43.38142776489258,,overture:Patrimovel Scena Laguna:-22.98374:-43.38143
Pau Grande,landmark_and_historical_building,overture,-22.835691452026367,-43.285125732421875,,overture:Pau Grande:-22.83569:-43.28513
Pau-brasil,landmark_and_historical_building,overture,-22.9697265625,-43.22516632080078,,overture:Pau-brasil:-22.96973:-43.22517
Paulo Prado 63,landmark_and_historical_building,overture,-22.87877655029297,-43.353782653808594,,overture:Paulo Prado 63:-22.87878:-43.35378
Pavuna,landmark_and_historical_building,overture,-22.819225311279297,-43.358680725097656,,overture:Pavuna:-22.81923:-43.35868
"Pavuna, Rio de Janeiro",landmark_and_historical_building,overture,-22.815214157104492,-43.37281799316406,,"overture:Pavuna, Rio de Janeiro:-22.81521:-43.37282"
Paço Real,landmark_and_historical_building,overture,-22.903932571411133,-43.22130584716797,,overture:Paço Real:-22.90393:-43.22131
Paço de São Cristóvão,landmark_and_historical_building,overture,-22.905723571777344,-43.22689437866211,,overture:Paço de São Cristóvão:-22.90572:-43.22689
Peach Bali,landmark_and_historical_building,overture,-23.009090423583984,-43.43728256225586,,overture:Peach Bali:-23.00909:-43.43728
Pedra Aguda,landmark_and_historical_building,overture,-22.984630584716797,-43.27684020996094,,overture:Pedra Aguda:-22.98463:-43.27684
Pedra Do Telégrafo,landmark_and_historical_building,overture,-23.03350067138672,-43.56239700317383,,overture:Pedra Do Telégrafo:-23.03350:-43.56240
Pedra Dois Irmãos,landmark_and_historical_building,overture,-22.99000358581543,-43.23972702026367,,overture:Pedra Dois Irmãos:-22.99000:-43.23973
Pedra Negra,landmark_and_historical_building,overture,-22.958881378173828,-43.41416549682617,,overture:Pedra Negra:-22.95888:-43.41417
Pedra da Babilônia,landmark_and_historical_building,overture,-22.919166564941406,-43.228057861328125,,overture:Pedra da Babilônia:-22.91917:-43.22806
Pedra da Gávea - Rio de Janeiro,landmark_and_historical_building,overture,-22.90637969970703,-43.60930633544922,,overture:Pedra da Gávea - Rio de Janeiro:-22.90638:-43.60931
Pedra da Macumba,landmark_and_historical_building,overture,-23.032020568847656,-43.48051834106445,,overture:Pedra da Macumba:-23.03202:-43.48052
Pedra da Onça,landmark_and_historical_building,overture,-22.78923225402832,-43.16149139404297,,overture:Pedra da Onça:-22.78923:-43.16149
Pedra da Proa,landmark_and_historical_building,overture,-22.964099884033203,-43.25651931762695,,overture:Pedra da Proa:-22.96410:-43.25652
Pedra da Tartaruga,landmark_and_historical_building,overture,-23.073312759399414,-43.5512580871582,,overture:Pedra da Tartaruga:-23.07331:-43.55126
Pedra de Itapuca,landmark_and_historical_building,overture,-22.90513801574707,-43.120155334472656,,overture:Pedra de Itapuca:-22.90514:-43.12016
Pedra de Itapuã,landmark_and_historical_building,overture,-23.032230377197266,-43.48084259033203,,overture:Pedra de Itapuã:-23.03223:-43.48084
Pedra de São Francisco,landmark_and_historical_building,overture,-22.942502975463867,-43.3186149597168,,overture:Pedra de São Francisco:-22.94250:-43.31861
Pedra do Índio,landmark_and_historical_building,overture,-22.905027389526367,-43.118324279785156,,overture:Pedra do Índio:-22.90503:-43.11832
Pena Turquesa,landmark_and_historical_building,overture,-22.95144271850586,-43.19172668457031,,overture:Pena Turquesa:-22.95144:-43.19173
Penhasco 2 irmãos,landmark_and_historical_building,overture,-22.98866844177246,-43.231727600097656,,overture:Penhasco 2 irmãos:-22.98867:-43.23173
Peninsula,landmark_and_historical_building,overture,-22.988842010498047,-43.35319900512695,,overture:Peninsula:-22.98884:-43.35320
Península - Barra Da Tijuca,landmark_and_historical_building,overture,-22.87166976928711,-43.24186706542969,,overture:Península - Barra Da Tijuca:-22.87167:-43.24187
Península - Barra da Tijuca,landmark_and_historical_building,overture,-22.988998413085938,-43.35490798950195,,overture:Península - Barra da Tijuca:-22.98900:-43.35491
Península Condominium Bernini,landmark_and_historical_building,overture,-22.99308967590332,-43.35109329223633,,overture:Península Condominium Bernini:-22.99309:-43.35109
Península Office,landmark_and_historical_building,overture,-22.9870662689209,-43.3585319519043,,overture:Península Office:-22.98707:-43.35853
Península Style,landmark_and_historical_building,overture,-22.99066734313965,-43.35089111328125,,overture:Península Style:-22.99067:-43.35089
Pereira pinto,landmark_and_historical_building,overture,-22.86435317993164,-43.299285888671875,,overture:Pereira pinto:-22.86435:-43.29929
Perrottão,landmark_and_historical_building,overture,-22.900230407714844,-43.56180953979492,,overture:Perrottão:-22.90023:-43.56181
Personnalise,landmark_and_historical_building,overture,-22.970653533935547,-43.394569396972656,,overture:Personnalise:-22.97065:-43.39457
Personnalité Luxury Apartments,landmark_and_historical_building,overture,-22.934101104736328,-43.33406448364258,,overture:Personnalité Luxury Apartments:-22.93410:-43.33406
Piazza Del Sole,landmark_and_historical_building,overture,-22.96452522277832,-43.21931838989258,,overture:Piazza Del Sole:-22.96453:-43.21932
Pico da Pedra Branca,landmark_and_historical_building,overture,-22.9320011138916,-43.47306823730469,,overture:Pico da Pedra Branca:-22.93200:-43.47307
Piedade,landmark_and_historical_building,overture,-22.88608741760254,-43.30585861206055,,overture:Piedade:-22.88609:-43.30586
Pier Residências,landmark_and_historical_building,overture,-23.009963989257812,-43.299747467041016,,overture:Pier Residências:-23.00996:-43.29975
Pier da barra,landmark_and_historical_building,overture,-23.013099670410156,-43.29637145996094,,overture:Pier da barra:-23.01310:-43.29637
Pilares,landmark_and_historical_building,overture,-22.884166717529297,-43.291725158691406,,overture:Pilares:-22.88417:-43.29173
Planalto - Anchieta Rj,landmark_and_historical_building,overture,-22.825063705444336,-43.400203704833984,,overture:Planalto - Anchieta Rj:-22.82506:-43.40020
Planet Icarai,landmark_and_historical_building,overture,-22.90229034423828,-43.10896682739258,,overture:Planet Icarai:-22.90229:-43.10897
Point do Encontro,landmark_and_historical_building,overture,-22.914287567138672,-43.2985725402832,,overture:Point do Encontro:-22.91429:-43.29857
Polo Novo Rio Antigo,landmark_and_historical_building,overture,-22.90826416015625,-43.18393325805664,,overture:Polo Novo Rio Antigo:-22.90826:-43.18393
Pombal,landmark_and_historical_building,overture,-22.77981948852539,-43.38465881347656,,overture:Pombal:-22.77982:-43.38466
Pombal - Niterói,landmark_and_historical_building,overture,-22.874120712280273,-43.10708999633789,,overture:Pombal - Niterói:-22.87412:-43.10709
Pombal Da Prata,landmark_and_historical_building,overture,-22.76302719116211,-43.41161346435547,,overture:Pombal Da Prata:-22.76303:-43.41161
Pombal De Marechal Hermes,landmark_and_historical_building,overture,-22.864389419555664,-43.36879348754883,,overture:Pombal De Marechal Hermes:-22.86439:-43.36879
Pombal De Santa Eugênia,landmark_and_historical_building,overture,-22.750810623168945,-43.457115173339844,,overture:Pombal De Santa Eugênia:-22.75081:-43.45712
Pombal Vila Isabel,landmark_and_historical_building,overture,-22.910160064697266,-43.24478530883789,,overture:Pombal Vila Isabel:-22.91016:-43.24479
Pombal do ibc,landmark_and_historical_building,overture,-22.750301361083984,-43.444129943847656,,overture:Pombal do ibc:-22.75030:-43.44413
Ponta Zé Mundongo,landmark_and_historical_building,overture,-22.950000762939453,-43.116676330566406,,overture:Ponta Zé Mundongo:-22.95000:-43.11668
Ponta da Joatinga,landmark_and_historical_building,overture,-23.016475677490234,-43.29595947265625,,overture:Ponta da Joatinga:-23.01648:-43.29596
Ponta da Mãe Maria,landmark_and_historical_building,overture,-22.816673278808594,-43.26667022705078,,overture:Ponta da Mãe Maria:-22.81667:-43.26667
Ponta da Restinga (udde i Brasilien),landmark_and_historical_building,overture,-22.800003051757812,-43.233333587646484,,overture:Ponta da Restinga (udde i Brasilien):-22.80000:-43.23333
Ponta de Irajá,landmark_and_historical_building,overture,-22.816673278808594,-43.2833366394043,,overture:Ponta de Irajá:-22.81667:-43.28334
Ponta de Santa Cruz,landmark_and_historical_building,overture,-22.93779182434082,-43.13524627685547,,overture:Ponta de Santa Cruz:-22.93779:-43.13525
Ponta de Tubiacanga,landmark_and_historical_building,overture,-22.784393310546875,-43.22998046875,,overture:Ponta de Tubiacanga:-22.78439:-43.22998
Ponta do Catalão,landmark_and_historical_building,overture,-22.848590850830078,-43.22183609008789,,overture:Ponta do Catalão:-22.84859:-43.22184
Ponta do Tiro,landmark_and_historical_building,overture,-22.81106948852539,-43.17662048339844,,overture:Ponta do Tiro:-22.81107:-43.17662
Portal da Antiga Academia de Belas Artes,landmark_and_historical_building,overture,-22.966007232666016,-43.22651672363281,,overture:Portal da Antiga Academia de Belas Artes:-22.96601:-43.22652
Portao Historico da Fortaleza de Sao Joao,landmark_and_historical_building,overture,-22.943544387817383,-43.157020568847656,,overture:Portao Historico da Fortaleza de Sao Joao:-22.94354:-43.15702
Porto Carioca,landmark_and_historical_building,overture,-22.90052032470703,-43.20773696899414,,overture:Porto Carioca:-22.90052:-43.20774
Porto Maravilha,landmark_and_historical_building,overture,-22.897151947021484,-43.2027702331543,,overture:Porto Maravilha:-22.89715:-43.20277
Porto Olímpico,landmark_and_historical_building,overture,-22.856557846069336,-43.3835334777832,,overture:Porto Olímpico:-22.85656:-43.38353
Porto dos Cabritos numero 1000,landmark_and_historical_building,overture,-23.00229263305664,-43.3252067565918,,overture:Porto dos Cabritos numero 1000:-23.00229:-43.32521
Portoalegre,landmark_and_historical_building,overture,-22.957225799560547,-43.18456268310547,,overture:Portoalegre:-22.95723:-43.18456
Portofino,landmark_and_historical_building,overture,-23.003881454467773,-43.341548919677734,,overture:Portofino:-23.00388:-43.34155
Posto 1,landmark_and_historical_building,overture,-23.014244079589844,-43.29899215698242,,overture:Posto 1:-23.01424:-43.29899
"Posto 13, Prata, Nova Iguaçu",landmark_and_historical_building,overture,-22.760303497314453,-43.41536331176758,,"overture:Posto 13, Prata, Nova Iguaçu:-22.76030:-43.41536"
Posto 4 Copacabana,landmark_and_historical_building,overture,-22.973451614379883,-43.18986892700195,,overture:Posto 4 Copacabana:-22.97345:-43.18987
Poça do Ville Prime,landmark_and_historical_building,overture,-22.921043395996094,-43.247867584228516,,overture:Poça do Ville Prime:-22.92104:-43.24787
"Praca Da Bandeira, Vila São Luiz, Duque De Caxias Rj",landmark_and_historical_building,overture,-22.77317237854004,-43.29743194580078,,"overture:Praca Da Bandeira, Vila São Luiz, Duque De Caxias Rj:-22.77317:-43.29743"
Praca Espanha,landmark_and_historical_building,overture,-22.98360824584961,-43.21342468261719,,overture:Praca Espanha:-22.98361:-43.21342
Praca Luiz La Saigne,landmark_and_historical_building,overture,-22.921268463134766,-43.23530197143555,,overture:Praca Luiz La Saigne:-22.92127:-43.23530
Praia Park Sol,landmark_and_historical_building,overture,-22.986509323120117,-43.46849822998047,,overture:Praia Park Sol:-22.98651:-43.46850
Praia da Macumba,landmark_and_historical_building,overture,-23.03227424621582,-43.48467254638672,,overture:Praia da Macumba:-23.03227:-43.48467
Praia do Recreio,landmark_and_historical_building,overture,-23.015560150146484,-43.412506103515625,,overture:Praia do Recreio:-23.01556:-43.41251
Praça Antônio Amado,landmark_and_historical_building,overture,-22.846113204956055,-43.364383697509766,,overture:Praça Antônio Amado:-22.84611:-43.36438
Praça Barra Bonita - Recreio,landmark_and_historical_building,overture,-22.886240005493164,-43.3700065612793,,overture:Praça Barra Bonita - Recreio:-22.88624:-43.37001
Praça Chale,landmark_and_historical_building,overture,-22.966550827026367,-43.414730072021484,,overture:Praça Chale:-22.96655:-43.41473
Praça Compositor Ismael Silva,landmark_and_historical_building,overture,-22.913087844848633,-43.20256423950195,,overture:Praça Compositor Ismael Silva:-22.91309:-43.20256
"Praça Da Apoteose, Vila São Luiz",landmark_and_historical_building,overture,-22.77728843688965,-43.292991638183594,,"overture:Praça Da Apoteose, Vila São Luiz:-22.77729:-43.29299"
Praça Da Rodo,landmark_and_historical_building,overture,-22.89694595336914,-43.36941909790039,,overture:Praça Da Rodo:-22.89695:-43.36942
Praça Doutor Roberto Em Morro da Mibeira Catumbi,landmark_and_historical_building,overture,-22.918001174926758,-43.200050354003906,,overture:Praça Doutor Roberto Em Morro da Mibeira Catumbi:-22.91800:-43.20005
Praça Jardim Vista Alegre,landmark_and_historical_building,overture,-22.831085205078125,-43.313812255859375,,overture:Praça Jardim Vista Alegre:-22.83109:-43.31381
Praça Marechal Âncora,landmark_and_historical_building,overture,-23.003143310546875,-43.393341064453125,,overture:Praça Marechal Âncora:-23.00314:-43.39334
Praça Olavo Bilac,landmark_and_historical_building,overture,-22.90347671508789,-43.179935455322266,,overture:Praça Olavo Bilac:-22.90348:-43.17994
"Praça Parada Modelo, Guapimirim",landmark_and_historical_building,overture,-22.908660888671875,-43.16961669921875,,"overture:Praça Parada Modelo, Guapimirim:-22.90866:-43.16962"
Praça Quincas Borba,landmark_and_historical_building,overture,-22.890283584594727,-43.3856201171875,,overture:Praça Quincas Borba:-22.89028:-43.38562
Praça Sans Penã Tijuca,landmark_and_historical_building,overture,-22.904743194580078,-43.301876068115234,,overture:Praça Sans Penã Tijuca:-22.90474:-43.30188
Praça São Salvador,landmark_and_historical_building,overture,-22.936595916748047,-43.177433013916016,,overture:Praça São Salvador:-22.93660:-43.17743
Praça Vista Chinesa,landmark_and_historical_building,overture,-22.926984786987305,-43.37602996826172,,overture:Praça Vista Chinesa:-22.92698:-43.37603
Praça da Bandeira,landmark_and_historical_building,overture,-22.911245346069336,-43.214595794677734,,overture:Praça da Bandeira:-22.91125:-43.21460
Praça da Boa Vista Santa Cruz,landmark_and_historical_building,overture,-22.921825408935547,-43.69108963012695,,overture:Praça da Boa Vista Santa Cruz:-22.92183:-43.69109
Praça da Telemar,landmark_and_historical_building,overture,-22.782894134521484,-43.42776870727539,,overture:Praça da Telemar:-22.78289:-43.42777
Praça da Vila Sāo Luiz,landmark_and_historical_building,overture,-22.774404525756836,-43.2962646484375,,overture:Praça da Vila Sāo Luiz:-22.77440:-43.29626
Praça do Bnh,landmark_and_historical_building,overture,-22.912151336669922,-43.541568756103516,,overture:Praça do Bnh:-22.91215:-43.54157
Praça do Brizolinha,landmark_and_historical_building,overture,-22.94445037841797,-43.38547897338867,,overture:Praça do Brizolinha:-22.94445:-43.38548
Praça do Country,landmark_and_historical_building,overture,-22.82648277282715,-43.28629684448242,,overture:Praça do Country:-22.82648:-43.28630
Praça do Coutry - Brás de Pina,landmark_and_historical_building,overture,-22.82366180419922,-43.28691101074219,,overture:Praça do Coutry - Brás de Pina:-22.82366:-43.28691
Praça do Eucalipto,landmark_and_historical_building,overture,-22.828453063964844,-43.286006927490234,,overture:Praça do Eucalipto:-22.82845:-43.28601
Praça do Skate - 77,landmark_and_historical_building,overture,-22.889400482177734,-43.444480895996094,,overture:Praça do Skate - 77:-22.88940:-43.44448
Praça do Skate Rocinha,landmark_and_historical_building,overture,-22.990222930908203,-43.2519416809082,,overture:Praça do Skate Rocinha:-22.99022:-43.25194
Praça dos Expedicionários,landmark_and_historical_building,overture,-22.905221939086914,-43.171424865722656,,overture:Praça dos Expedicionários:-22.90522:-43.17142
Praça seca,landmark_and_historical_building,overture,-22.89506721496582,-43.350189208984375,,overture:Praça seca:-22.89507:-43.35019
Prima Classe,landmark_and_historical_building,overture,-22.93889045715332,-43.337039947509766,,overture:Prima Classe:-22.93889:-43.33704
Proj Vilaisabel,landmark_and_historical_building,overture,-22.914880752563477,-43.246150970458984,,overture:Proj Vilaisabel:-22.91488:-43.24615
Projeto Semeando,landmark_and_historical_building,overture,-22.81739044189453,-43.3473014831543,,overture:Projeto Semeando:-22.81739:-43.34730
Prologis Dutra RJ I,landmark_and_historical_building,overture,-22.79901695251465,-43.34902572631836,,overture:Prologis Dutra RJ I:-22.79902:-43.34903
Promenade Rio Stay,landmark_and_historical_building,overture,-22.975135803222656,-43.414527893066406,,overture:Promenade Rio Stay:-22.97514:-43.41453
Providencia e Tudoo Doois,landmark_and_historical_building,overture,-22.899824142456055,-43.19699478149414,,overture:Providencia e Tudoo Doois:-22.89982:-43.19699
Prédio,landmark_and_historical_building,overture,-22.9167537689209,-43.229103088378906,,overture:Prédio:-22.91675:-43.22910
Prédio Brisa do Mar,landmark_and_historical_building,overture,-23.030088424682617,-43.47254943847656,,overture:Prédio Brisa do Mar:-23.03009:-43.47255
Prédio Michelozzo,landmark_and_historical_building,overture,-23.003555297851562,-43.38289260864258,,overture:Prédio Michelozzo:-23.00356:-43.38289
Prédio hermes,landmark_and_historical_building,overture,-23.02533721923828,-43.46513748168945,,overture:Prédio hermes:-23.02534:-43.46514
Prédio onde morou Renato Russo,landmark_and_historical_building,overture,-22.981792449951172,-43.20838928222656,,overture:Prédio onde morou Renato Russo:-22.98179:-43.20839
Puerto Madero,landmark_and_historical_building,overture,-23.022727966308594,-43.487972259521484,,overture:Puerto Madero:-23.02273:-43.48797
Pulse Offices,landmark_and_historical_building,overture,-22.964860916137695,-43.21787643432617,,overture:Pulse Offices:-22.96486:-43.21788
Pão de açúcar,landmark_and_historical_building,overture,-22.949453353881836,-43.156349182128906,,overture:Pão de açúcar:-22.94945:-43.15635
Píer da Pedra de Guaratiba,landmark_and_historical_building,overture,-23.001893997192383,-43.6422119140625,,overture:Píer da Pedra de Guaratiba:-23.00189:-43.64221
Qg Malhão,landmark_and_historical_building,overture,-22.854568481445312,-43.24456024169922,,overture:Qg Malhão:-22.85457:-43.24456
Quality Green,landmark_and_historical_building,overture,-22.97073745727539,-43.367645263671875,,overture:Quality Green:-22.97074:-43.36765
Quartier Carioca,landmark_and_historical_building,overture,-22.92841339111328,-43.17964172363281,,overture:Quartier Carioca:-22.92841:-43.17964
Quattro Pinheiro Guimaraes Botafogo,landmark_and_historical_building,overture,-22.958290100097656,-43.19344711303711,,overture:Quattro Pinheiro Guimaraes Botafogo:-22.95829:-43.19345
Quebra-Coco,landmark_and_historical_building,overture,-22.813568115234375,-43.20930862426758,,overture:Quebra-Coco:-22.81357:-43.20931
Queen Victoria Building condo,landmark_and_historical_building,overture,-23.009075164794922,-43.367835998535156,,overture:Queen Victoria Building condo:-23.00908:-43.36784
Querovoar.net,landmark_and_historical_building,overture,-22.96718978881836,-43.18189239501953,,overture:Querovoar.net:-22.96719:-43.18189
Quintal do Normando,landmark_and_historical_building,overture,-22.89396858215332,-43.274696350097656,,overture:Quintal do Normando:-22.89397:-43.27470
Quintal do Well,landmark_and_historical_building,overture,-22.84386444091797,-43.3245964050293,,overture:Quintal do Well:-22.84386:-43.32460
Quintas de Icaraí,landmark_and_historical_building,overture,-22.90728759765625,-43.10344314575195,,overture:Quintas de Icaraí:-22.90729:-43.10344
Quintas do Pontal Recreio dos Bandeirantes,landmark_and_historical_building,overture,-23.025787353515625,-43.50464630126953,,overture:Quintas do Pontal Recreio dos Bandeirantes:-23.02579:-43.50465
Quintas do Rio,landmark_and_historical_building,overture,-22.98480987548828,-43.5018424987793,,overture:Quintas do Rio:-22.98481:-43.50184
RG33,landmark_and_historical_building,overture,-22.951858520507812,-43.19382858276367,,overture:RG33:-22.95186:-43.19383
"RIO Cidade Maravilhosa""",landmark_and_historical_building,overture,-22.883560180664062,-43.274871826171875,,"overture:RIO Cidade Maravilhosa"":-22.88356:-43.27487"
RS Personal Trainer,landmark_and_historical_building,overture,-22.836437225341797,-43.4027214050293,,overture:RS Personal Trainer:-22.83644:-43.40272
RUA UÇÁ,landmark_and_historical_building,overture,-22.817033767700195,-43.20164489746094,,overture:RUA UÇÁ:-22.81703:-43.20164
Rampa Pedra Bonita,landmark_and_historical_building,overture,-22.999162673950195,-43.261924743652344,,overture:Rampa Pedra Bonita:-22.99916:-43.26192
Rancho PAIOL,landmark_and_historical_building,overture,-22.978988647460938,-43.68959426879883,,overture:Rancho PAIOL:-22.97899:-43.68959
Raro Palacete Art Déco,landmark_and_historical_building,overture,-22.9462947845459,-43.185123443603516,,overture:Raro Palacete Art Déco:-22.94629:-43.18512
Ravana,landmark_and_historical_building,overture,-22.923091888427734,-43.250064849853516,,overture:Ravana:-22.92309:-43.25006
Realengo,landmark_and_historical_building,overture,-22.89190101623535,-43.4443473815918,,overture:Realengo:-22.89190:-43.44435
Realengo.,landmark_and_historical_building,overture,-22.886672973632812,-43.4248161315918,,overture:Realengo.:-22.88667:-43.42482
Recanto Do Grajaú,landmark_and_historical_building,overture,-22.919538497924805,-43.2691535949707,,overture:Recanto Do Grajaú:-22.91954:-43.26915
Recanto Do Pontal - Tenda,landmark_and_historical_building,overture,-22.93317985534668,-43.35260009765625,,overture:Recanto Do Pontal - Tenda:-22.93318:-43.35260
Recanto do Pontal,landmark_and_historical_building,overture,-23.01998519897461,-43.51258087158203,,overture:Recanto do Pontal:-23.01999:-43.51258
Recreio dos Anciãos,landmark_and_historical_building,overture,-22.940570831298828,-43.251216888427734,,overture:Recreio dos Anciãos:-22.94057:-43.25122
Recreio dos Bandeirantes posto 12,landmark_and_historical_building,overture,-23.028682708740234,-43.47203063964844,,overture:Recreio dos Bandeirantes posto 12:-23.02868:-43.47203
Regina reis,landmark_and_historical_building,overture,-22.893573760986328,-43.317405700683594,,overture:Regina reis:-22.89357:-43.31741
Região Amazônica,landmark_and_historical_building,overture,-22.96623420715332,-43.21831512451172,,overture:Região Amazônica:-22.96623:-43.21832
Região Oceânica de Niterói,landmark_and_historical_building,overture,-22.900075912475586,-43.117733001708984,,overture:Região Oceânica de Niterói:-22.90008:-43.11773
Reino do Brasil,landmark_and_historical_building,overture,-22.90000343322754,-43.233333587646484,,overture:Reino do Brasil:-22.90000:-43.23333
Relógio de Sol,landmark_and_historical_building,overture,-22.970399856567383,-43.224510192871094,,overture:Relógio de Sol:-22.97040:-43.22451
Relógio do Cacuia,landmark_and_historical_building,overture,-22.812061309814453,-43.19178771972656,,overture:Relógio do Cacuia:-22.81206:-43.19179
Represa do Ciganos,landmark_and_historical_building,overture,-22.9283504486084,-43.299285888671875,,overture:Represa do Ciganos:-22.92835:-43.29929
República Alvorada,landmark_and_historical_building,overture,-22.788362503051758,-43.1771354675293,,overture:República Alvorada:-22.78836:-43.17714
República MonasLisas,landmark_and_historical_building,overture,-22.748065948486328,-43.70591354370117,,overture:República MonasLisas:-22.74807:-43.70591
República Morada Jardim,landmark_and_historical_building,overture,-22.868629455566406,-43.21885299682617,,overture:República Morada Jardim:-22.86863:-43.21885
Res. Paineiras,landmark_and_historical_building,overture,-22.91158676147461,-43.5634880065918,,overture:Res. Paineiras:-22.91159:-43.56349
Reserva Carioca,landmark_and_historical_building,overture,-22.969743728637695,-43.39356231689453,,overture:Reserva Carioca:-22.96974:-43.39356
Reserva Do Pontal,landmark_and_historical_building,overture,-22.92795181274414,-43.373451232910156,,overture:Reserva Do Pontal:-22.92795:-43.37345
Reserva Marapendi,landmark_and_historical_building,overture,-23.020572662353516,-43.46424102783203,,overture:Reserva Marapendi:-23.02057:-43.46424
Reserva Mirataia,landmark_and_historical_building,overture,-22.93734359741211,-43.36237335205078,,overture:Reserva Mirataia:-22.93734:-43.36237
Reserva Natura Camorim,landmark_and_historical_building,overture,-22.96956443786621,-43.41856384277344,,overture:Reserva Natura Camorim:-22.96956:-43.41856
Reserva da Freguesia,landmark_and_historical_building,overture,-22.93151092529297,-43.332984924316406,,overture:Reserva da Freguesia:-22.93151:-43.33298
Reserva do Duque,landmark_and_historical_building,overture,-22.757444381713867,-43.31122970581055,,overture:Reserva do Duque:-22.75744:-43.31123
Reserva dos Pássaros,landmark_and_historical_building,overture,-22.942535400390625,-43.33285903930664,,overture:Reserva dos Pássaros:-22.94254:-43.33286
Reservatorio do Morro do Ingles,landmark_and_historical_building,overture,-22.944381713867188,-43.20243453979492,,overture:Reservatorio do Morro do Ingles:-22.94438:-43.20243
Residencia D&J,landmark_and_historical_building,overture,-22.785829544067383,-43.436363220214844,,overture:Residencia D&J:-22.78583:-43.43636
Residencias Golf Club,landmark_and_historical_building,overture,-22.999631881713867,-43.26694107055664,,overture:Residencias Golf Club:-22.99963:-43.26694
Residência,landmark_and_historical_building,overture,-22.984058380126953,-43.696781158447266,,overture:Residência:-22.98406:-43.69678
Residência Alex,landmark_and_historical_building,overture,-22.84415626525879,-43.46853256225586,,overture:Residência Alex:-22.84416:-43.46853
Residência de Oliveira Argentino,landmark_and_historical_building,overture,-22.916179656982422,-43.227386474609375,,overture:Residência de Oliveira Argentino:-22.91618:-43.22739
Residência oficial do Lucival,landmark_and_historical_building,overture,-22.91448211669922,-43.184051513671875,,overture:Residência oficial do Lucival:-22.91448:-43.18405
Residêncial Estação da Luz,landmark_and_historical_building,overture,-22.786352157592773,-43.412933349609375,,overture:Residêncial Estação da Luz:-22.78635:-43.41293
Residências Castel del Monte,landmark_and_historical_building,overture,-22.76348114013672,-43.449520111083984,,overture:Residências Castel del Monte:-22.76348:-43.44952
Residências da Floresta,landmark_and_historical_building,overture,-22.763721466064453,-43.44874572753906,,overture:Residências da Floresta:-22.76372:-43.44875
Restinga de Maricá,landmark_and_historical_building,overture,-22.9127197265625,-43.20646286010742,,overture:Restinga de Maricá:-22.91272:-43.20646
Retiro da Serra,landmark_and_historical_building,overture,-22.817323684692383,-43.30549621582031,,overture:Retiro da Serra:-22.81732:-43.30550
Revista dos Condomínios,landmark_and_historical_building,overture,-22.904151916503906,-43.10947036743164,,overture:Revista dos Condomínios:-22.90415:-43.10947
Rio 40,landmark_and_historical_building,overture,-22.939722061157227,-43.17827224731445,,overture:Rio 40:-22.93972:-43.17827
Rio Andaraí,landmark_and_historical_building,overture,-22.928020477294922,-43.253536224365234,,overture:Rio Andaraí:-22.92802:-43.25354
Rio Apart,landmark_and_historical_building,overture,-22.97692108154297,-43.19141387939453,,overture:Rio Apart:-22.97692:-43.19141
Rio Apartments,landmark_and_historical_building,overture,-22.965023040771484,-43.175540924072266,,overture:Rio Apartments:-22.96502:-43.17554
Rio Bota-Soho,landmark_and_historical_building,overture,-22.95330810546875,-43.18987274169922,,overture:Rio Bota-Soho:-22.95331:-43.18987
Rio By Yoo,landmark_and_historical_building,overture,-22.93870735168457,-43.171226501464844,,overture:Rio By Yoo:-22.93871:-43.17123
Rio Cabuçu Mirim,landmark_and_historical_building,overture,-22.915340423583984,-43.55038070678711,,overture:Rio Cabuçu Mirim:-22.91534:-43.55038
Rio Cantagalo,landmark_and_historical_building,overture,-22.936710357666016,-43.64215087890625,,overture:Rio Cantagalo:-22.93671:-43.64215
Rio De Janeiro Tijuca,landmark_and_historical_building,overture,-22.912982940673828,-43.21750259399414,,overture:Rio De Janeiro Tijuca:-22.91298:-43.21750
Rio Energy,landmark_and_historical_building,overture,-22.898189544677734,-43.20492172241211,,overture:Rio Energy:-22.89819:-43.20492
"Rio Engenho Novo (vattendrag i Brasilien, lat -22,94, long -43,38)",landmark_and_historical_building,overture,-22.935043334960938,-43.38311004638672,,"overture:Rio Engenho Novo (vattendrag i Brasilien, lat -22,94, long -43,38):-22.93504:-43.38311"
Rio Fortaleza,landmark_and_historical_building,overture,-22.92473030090332,-43.3026237487793,,overture:Rio Fortaleza:-22.92473:-43.30262
"Rio Ipiranga (vattendrag i Brasilien, Rio de Janeiro)",landmark_and_historical_building,overture,-22.80210304260254,-43.62389373779297,,"overture:Rio Ipiranga (vattendrag i Brasilien, Rio de Janeiro):-22.80210:-43.62389"
Rio Itapuca,landmark_and_historical_building,overture,-23.036640167236328,-43.55787658691406,,overture:Rio Itapuca:-23.03664:-43.55788
"Rio Jordão (vattendrag i Brasilien, Rio de Janeiro)",landmark_and_historical_building,overture,-22.915903091430664,-43.373573303222656,,"overture:Rio Jordão (vattendrag i Brasilien, Rio de Janeiro):-22.91590:-43.37357"
Rio Lucas,landmark_and_historical_building,overture,-22.810321807861328,-43.2901611328125,,overture:Rio Lucas:-22.81032:-43.29016
Rio Méier (vattendrag i Brasilien),landmark_and_historical_building,overture,-22.88134002685547,-43.28671646118164,,overture:Rio Méier (vattendrag i Brasilien):-22.88134:-43.28672
Rio Nunes,landmark_and_historical_building,overture,-22.849153518676758,-43.27156066894531,,overture:Rio Nunes:-22.84915:-43.27156
Rio Oceane,landmark_and_historical_building,overture,-22.86723518371582,-43.5614128112793,,overture:Rio Oceane:-22.86724:-43.56141
"Rio Pequeno (vattendrag i Brasilien, Rio de Janeiro)",landmark_and_historical_building,overture,-22.91567039489746,-43.40953063964844,,"overture:Rio Pequeno (vattendrag i Brasilien, Rio de Janeiro):-22.91567:-43.40953"
"Rio Perdido (vattendrag i Brasilien, Rio de Janeiro)",landmark_and_historical_building,overture,-22.9289608001709,-43.266231536865234,,"overture:Rio Perdido (vattendrag i Brasilien, Rio de Janeiro):-22.92896:-43.26623"
Rio Sanatório,landmark_and_historical_building,overture,-22.853530883789062,-43.35234069824219,,overture:Rio Sanatório:-22.85353:-43.35234
Rio Star,landmark_and_historical_building,overture,-22.893043518066406,-43.19422912597656,,overture:Rio Star:-22.89304:-43.19423
Rio São Gonçalo (vattendrag),landmark_and_historical_building,overture,-22.969343185424805,-43.424781799316406,,overture:Rio São Gonçalo (vattendrag):-22.96934:-43.42478
Rio São João de Meriti,landmark_and_historical_building,overture,-22.801551818847656,-43.27390670776367,,overture:Rio São João de Meriti:-22.80155:-43.27391
"Rio Taquara (vattendrag i Brasilien, Rio de Janeiro)",landmark_and_historical_building,overture,-22.9805908203125,-43.30785369873047,,"overture:Rio Taquara (vattendrag i Brasilien, Rio de Janeiro):-22.98059:-43.30785"
"Rio Tingui (vattendrag i Brasilien, Rio de Janeiro)",landmark_and_historical_building,overture,-22.848880767822266,-43.371761322021484,,"overture:Rio Tingui (vattendrag i Brasilien, Rio de Janeiro):-22.84888:-43.37176"
Rio da Toca,landmark_and_historical_building,overture,-22.974750518798828,-43.495723724365234,,overture:Rio da Toca:-22.97475:-43.49572
"Rio das Pedras (vattendrag i Brasilien, Rio de Janeiro, lat -22,98, long -43,33)",landmark_and_historical_building,overture,-22.97666358947754,-43.334381103515625,,"overture:Rio das Pedras (vattendrag i Brasilien, Rio de Janeiro, lat -22,98, long -43,33):-22.97666:-43.33438"
Rio de Janeiro,landmark_and_historical_building,overture,-22.905189514160156,-43.29093933105469,,overture:Rio de Janeiro:-22.90519:-43.29094
Rio do Açude,landmark_and_historical_building,overture,-22.969663619995117,-43.28371047973633,,overture:Rio do Açude:-22.96966:-43.28371
Rio do Portinho,landmark_and_historical_building,overture,-23.04287338256836,-43.576541900634766,,overture:Rio do Portinho:-23.04287:-43.57654
Rio do ”A”,landmark_and_historical_building,overture,-22.883750915527344,-43.59432601928711,,overture:Rio do ”A”:-22.88375:-43.59433
"Rio dos Cachorros (vattendrag i Brasilien, Rio de Janeiro, lat -22,80, long -43,33)",landmark_and_historical_building,overture,-22.802440643310547,-43.32672119140625,,"overture:Rio dos Cachorros (vattendrag i Brasilien, Rio de Janeiro, lat -22,80, long -43,33):-22.80244:-43.32672"
"Rio Água Fria (vattendrag i Brasilien, Rio de Janeiro)",landmark_and_historical_building,overture,-22.952070236206055,-43.48862075805664,,"overture:Rio Água Fria (vattendrag i Brasilien, Rio de Janeiro):-22.95207:-43.48862"
Riomar VII,landmark_and_historical_building,overture,-23.000137329101562,-43.404335021972656,,overture:Riomar VII:-23.00014:-43.40434
Ritz,landmark_and_historical_building,overture,-22.906944274902344,-43.10086441040039,,overture:Ritz:-22.90694:-43.10086
Riviera Carioca,landmark_and_historical_building,overture,-22.89862632751465,-43.314613342285156,,overture:Riviera Carioca:-22.89863:-43.31461
Riviera Dei Fiori,landmark_and_historical_building,overture,-23.005695343017578,-43.33983612060547,,overture:Riviera Dei Fiori:-23.00570:-43.33984
Riviera Del Sol,landmark_and_historical_building,overture,-23.013439178466797,-43.49278259277344,,overture:Riviera Del Sol:-23.01344:-43.49278
Rivieras De Florenca,landmark_and_historical_building,overture,-22.944011688232422,-43.33381652832031,,overture:Rivieras De Florenca:-22.94401:-43.33382
Rocha Miranda,landmark_and_historical_building,overture,-22.85047721862793,-43.34483337402344,,overture:Rocha Miranda:-22.85048:-43.34483
"Rocinha, Rio de Janeiro",landmark_and_historical_building,overture,-22.988611221313477,-43.24833679199219,,"overture:Rocinha, Rio de Janeiro:-22.98861:-43.24834"
Rodo City,landmark_and_historical_building,overture,-22.925613403320312,-43.669715881347656,,overture:Rodo City:-22.92561:-43.66972
Rodoviária novo rio,landmark_and_historical_building,overture,-22.898693084716797,-43.208274841308594,,overture:Rodoviária novo rio:-22.89869:-43.20827
Rooftop 603,landmark_and_historical_building,overture,-22.89415740966797,-43.28115463256836,,overture:Rooftop 603:-22.89416:-43.28115
Rooftop Vieira Souto,landmark_and_historical_building,overture,-22.986040115356445,-43.20876693725586,,overture:Rooftop Vieira Souto:-22.98604:-43.20877
Roselien II,landmark_and_historical_building,overture,-22.900846481323242,-43.29079055786133,,overture:Roselien II:-22.90085:-43.29079
Rossi Ideal Vila Guaratiba,landmark_and_historical_building,overture,-22.9967041015625,-43.628318786621094,,overture:Rossi Ideal Vila Guaratiba:-22.99670:-43.62832
Rosário Fusco,landmark_and_historical_building,overture,-22.83444595336914,-43.28805923461914,,overture:Rosário Fusco:-22.83445:-43.28806
Royal Blue,landmark_and_historical_building,overture,-23.0019474029541,-43.42323303222656,,overture:Royal Blue:-23.00195:-43.42323
Rua Aguiar,landmark_and_historical_building,overture,-22.923728942871094,-43.22101974487305,,overture:Rua Aguiar:-22.92373:-43.22102
Rua Alfredo Bastos,landmark_and_historical_building,overture,-22.886621475219727,-43.427486419677734,,overture:Rua Alfredo Bastos:-22.88662:-43.42749
Rua Alvaro Albuquerque,landmark_and_historical_building,overture,-22.83085823059082,-43.400848388671875,,overture:Rua Alvaro Albuquerque:-22.83086:-43.40085
Rua Barão 51,landmark_and_historical_building,overture,-22.89968490600586,-43.351158142089844,,overture:Rua Barão 51:-22.89968:-43.35116
Rua Barão de Macaúbas,landmark_and_historical_building,overture,-22.949464797973633,-43.192718505859375,,overture:Rua Barão de Macaúbas:-22.94946:-43.19272
Rua Beira rio,landmark_and_historical_building,overture,-22.820148468017578,-43.41028594970703,,overture:Rua Beira rio:-22.82015:-43.41029
Rua Bento Lisboa 36,landmark_and_historical_building,overture,-22.92608642578125,-43.1795654296875,,overture:Rua Bento Lisboa 36:-22.92609:-43.17957
"Rua Candido Mendes, 240, Gloria",landmark_and_historical_building,overture,-22.919719696044922,-43.18032455444336,,"overture:Rua Candido Mendes, 240, Gloria:-22.91972:-43.18032"
Rua Cisplatina Irajá.,landmark_and_historical_building,overture,-22.845794677734375,-43.32524871826172,,overture:Rua Cisplatina Irajá.:-22.84579:-43.32525
Rua Domingos Ferreira,landmark_and_historical_building,overture,-22.97426986694336,-43.18800354003906,,overture:Rua Domingos Ferreira:-22.97427:-43.18800
Rua Dulce,landmark_and_historical_building,overture,-22.91847801208496,-43.22639846801758,,overture:Rua Dulce:-22.91848:-43.22640
Rua Farme de amoedo,landmark_and_historical_building,overture,-22.9844970703125,-43.19766616821289,,overture:Rua Farme de amoedo:-22.98450:-43.19767
Rua Figueiredo Pímentel,landmark_and_historical_building,overture,-22.883617401123047,-43.30712890625,,overture:Rua Figueiredo Pímentel:-22.88362:-43.30713
Rua Francisco Mota 174,landmark_and_historical_building,overture,-22.906574249267578,-43.54376220703125,,overture:Rua Francisco Mota 174:-22.90657:-43.54376
Rua Groairas,landmark_and_historical_building,overture,-22.91460609436035,-43.26729202270508,,overture:Rua Groairas:-22.91461:-43.26729
Rua Gustavo Sampaio,landmark_and_historical_building,overture,-22.982471466064453,-43.1922607421875,,overture:Rua Gustavo Sampaio:-22.98247:-43.19226
Rua Igarapé Jardim Olavo Bilac Duque De Caxias,landmark_and_historical_building,overture,-22.779346466064453,-43.32687759399414,,overture:Rua Igarapé Jardim Olavo Bilac Duque De Caxias:-22.77935:-43.32688
Rua Irineu Marinho,landmark_and_historical_building,overture,-22.90946388244629,-43.19391632080078,,overture:Rua Irineu Marinho:-22.90946:-43.19392
Rua Japurá,landmark_and_historical_building,overture,-22.900426864624023,-43.34894943237305,,overture:Rua Japurá:-22.90043:-43.34895
Rua Jornalista Pierre Plancher,landmark_and_historical_building,overture,-23.00857162475586,-43.33901596069336,,overture:Rua Jornalista Pierre Plancher:-23.00857:-43.33902
Rua João Adil de Oliveira,landmark_and_historical_building,overture,-22.823591232299805,-43.32682418823242,,overture:Rua João Adil de Oliveira:-22.82359:-43.32682
Rua João Pereira,landmark_and_historical_building,overture,-22.875221252441406,-43.33295822143555,,overture:Rua João Pereira:-22.87522:-43.33296
Rua Lancastre,landmark_and_historical_building,overture,-22.891645431518555,-43.33515167236328,,overture:Rua Lancastre:-22.89165:-43.33515
Rua Leocádio Figueiredo,landmark_and_historical_building,overture,-22.844980239868164,-43.368202209472656,,overture:Rua Leocádio Figueiredo:-22.84498:-43.36820
"Rua Mangueiral N11, Campo Grande/ Rj.",landmark_and_historical_building,overture,-22.919586181640625,-43.554840087890625,,"overture:Rua Mangueiral N11, Campo Grande/ Rj.:-22.91959:-43.55484"
Rua Maria Antonia,landmark_and_historical_building,overture,-22.907968521118164,-43.271568298339844,,overture:Rua Maria Antonia:-22.90797:-43.27157
Rua Mercúrio,landmark_and_historical_building,overture,-22.821666717529297,-43.34055709838867,,overture:Rua Mercúrio:-22.82167:-43.34056
Rua Nazário,landmark_and_historical_building,overture,-22.904541015625,-43.24645233154297,,overture:Rua Nazário:-22.90454:-43.24645
Rua Newton Fontoura Reis,landmark_and_historical_building,overture,-23.026412963867188,-43.465980529785156,,overture:Rua Newton Fontoura Reis:-23.02641:-43.46598
Rua Nova Canaã Morro,landmark_and_historical_building,overture,-22.861190795898438,-43.24300765991211,,overture:Rua Nova Canaã Morro:-22.86119:-43.24301
Rua Oliveira,landmark_and_historical_building,overture,-22.903291702270508,-43.281105041503906,,overture:Rua Oliveira:-22.90329:-43.28111
Rua Pajuçara- Ilha do Governador,landmark_and_historical_building,overture,-22.827150344848633,-43.40547180175781,,overture:Rua Pajuçara- Ilha do Governador:-22.82715:-43.40547
Rua Pedro Guedes são cristovao,landmark_and_historical_building,overture,-22.911266326904297,-43.21955108642578,,overture:Rua Pedro Guedes são cristovao:-22.91127:-43.21955
Rua Professor Nehemias Gueiros,landmark_and_historical_building,overture,-23.018375396728516,-43.45341110229492,,overture:Rua Professor Nehemias Gueiros:-23.01838:-43.45341
Rua Quatro (Cj Guandu Velho),landmark_and_historical_building,overture,-22.901397705078125,-43.70309066772461,,overture:Rua Quatro (Cj Guandu Velho):-22.90140:-43.70309
Rua Sandra Freitas,landmark_and_historical_building,overture,-22.825763702392578,-43.38764953613281,,overture:Rua Sandra Freitas:-22.82576:-43.38765
Rua São Sebastião,landmark_and_historical_building,overture,-22.85750961303711,-43.26932907104492,,overture:Rua São Sebastião:-22.85751:-43.26933
Rua arquiteto,landmark_and_historical_building,overture,-23.025802612304688,-43.485103607177734,,overture:Rua arquiteto:-23.02580:-43.48510
Rua cabo herculano,landmark_and_historical_building,overture,-22.8331298828125,-43.30785369873047,,overture:Rua cabo herculano:-22.83313:-43.30785
Rua castelo branco,landmark_and_historical_building,overture,-22.823575973510742,-43.2807731628418,,overture:Rua castelo branco:-22.82358:-43.28077
Rua citeria Irajá rj,landmark_and_historical_building,overture,-22.828569412231445,-43.3243408203125,,overture:Rua citeria Irajá rj:-22.82857:-43.32434
Rua da matriz,landmark_and_historical_building,overture,-22.86008071899414,-43.27571105957031,,overture:Rua da matriz:-22.86008:-43.27571
Rua das Amendoeira,landmark_and_historical_building,overture,-22.920177459716797,-43.615623474121094,,overture:Rua das Amendoeira:-22.92018:-43.61562
Rua mar grande,landmark_and_historical_building,overture,-22.81640625,-43.290855407714844,,overture:Rua mar grande:-22.81641:-43.29086
Rua timboacu,landmark_and_historical_building,overture,-22.93602752685547,-43.32036209106445,,overture:Rua timboacu:-22.93603:-43.32036
Rua três corações,landmark_and_historical_building,overture,-22.890180587768555,-43.419986724853516,,overture:Rua três corações:-22.89018:-43.41999
Rua ubirata,landmark_and_historical_building,overture,-22.874347686767578,-43.26259231567383,,overture:Rua ubirata:-22.87435:-43.26259
Rua Álvares de Azevedo 245,landmark_and_historical_building,overture,-22.900766372680664,-43.11029815673828,,overture:Rua Álvares de Azevedo 245:-22.90077:-43.11030
Rua Érico Coelho,landmark_and_historical_building,overture,-22.797758102416992,-43.18458938598633,,overture:Rua Érico Coelho:-22.79776:-43.18459
Ruas do Rio,landmark_and_historical_building,overture,-22.887849807739258,-43.29909896850586,,overture:Ruas do Rio:-22.88785:-43.29910
Saint Germain,landmark_and_historical_building,overture,-23.003459930419922,-43.327579498291016,,overture:Saint Germain:-23.00346:-43.32758
Saint Martin,landmark_and_historical_building,overture,-22.985294342041016,-43.35954284667969,,overture:Saint Martin:-22.98529:-43.35954
Sala da Justiça,landmark_and_historical_building,overture,-22.90335464477539,-43.3501091003418,,overture:Sala da Justiça:-22.90335:-43.35011
Salão de Festa Mangueira 1,landmark_and_historical_building,overture,-22.90806007385254,-43.23441696166992,,overture:Salão de Festa Mangueira 1:-22.90806:-43.23442
Sambódromo,landmark_and_historical_building,overture,-22.964191436767578,-43.173606872558594,,overture:Sambódromo:-22.96419:-43.17361
Sambódromo Setor 10-11-12-13,landmark_and_historical_building,overture,-22.91203498840332,-43.19681167602539,,overture:Sambódromo Setor 10-11-12-13:-22.91203:-43.19681
San Remo - Rio2,landmark_and_historical_building,overture,-22.971759796142578,-43.38466262817383,,overture:San Remo - Rio2:-22.97176:-43.38466
Sanduba De RUA,landmark_and_historical_building,overture,-22.920963287353516,-43.25044631958008,,overture:Sanduba De RUA:-22.92096:-43.25045
Santa Cruz,landmark_and_historical_building,overture,-22.913223266601562,-43.68636703491211,,overture:Santa Cruz:-22.91322:-43.68637
Santa Monica Classic Houses,landmark_and_historical_building,overture,-22.997535705566406,-43.394710540771484,,overture:Santa Monica Classic Houses:-22.99754:-43.39471
Santa Tereza Rj,landmark_and_historical_building,overture,-22.92681121826172,-43.193634033203125,,overture:Santa Tereza Rj:-22.92681:-43.19363
Santa cruz,landmark_and_historical_building,overture,-22.919591903686523,-43.68437194824219,,overture:Santa cruz:-22.91959:-43.68437
Santo Antônio da Prata,landmark_and_historical_building,overture,-22.760112762451172,-43.40804672241211,,overture:Santo Antônio da Prata:-22.76011:-43.40805
Santo Cristo_ M.P,landmark_and_historical_building,overture,-22.90491485595703,-43.202362060546875,,overture:Santo Cristo_ M.P:-22.90491:-43.20236
Santorini,landmark_and_historical_building,overture,-23.007314682006836,-43.319393157958984,,overture:Santorini:-23.00731:-43.31939
Santos Apóstolos,landmark_and_historical_building,overture,-22.90354347229004,-43.11598587036133,,overture:Santos Apóstolos:-22.90354:-43.11599
Sapo de Camará,landmark_and_historical_building,overture,-22.884366989135742,-43.487239837646484,,overture:Sapo de Camará:-22.88437:-43.48724
Sapucaia,landmark_and_historical_building,overture,-22.90454864501953,-43.19891357421875,,overture:Sapucaia:-22.90455:-43.19891
Saraiva,landmark_and_historical_building,overture,-22.966022491455078,-43.1915283203125,,overture:Saraiva:-22.96602:-43.19153
Sea Coast Apartments,landmark_and_historical_building,overture,-23.007213592529297,-43.44126892089844,,overture:Sea Coast Apartments:-23.00721:-43.44127
Selaron Steps,landmark_and_historical_building,overture,-22.9155330657959,-43.179656982421875,,overture:Selaron Steps:-22.91553:-43.17966
Selarón Apartments,landmark_and_historical_building,overture,-22.91644859313965,-43.17938232421875,,overture:Selarón Apartments:-22.91645:-43.17938
Selfie,landmark_and_historical_building,overture,-22.964555740356445,-43.19301986694336,,overture:Selfie:-22.96456:-43.19302
Selva de Pedra,landmark_and_historical_building,overture,-22.980314254760742,-43.21967697143555,,overture:Selva de Pedra:-22.98031:-43.21968
Selvinha Bangu,landmark_and_historical_building,overture,-22.86322593688965,-43.457977294921875,,overture:Selvinha Bangu:-22.86323:-43.45798
Send Cooliving,landmark_and_historical_building,overture,-22.909509658813477,-43.17780685424805,,overture:Send Cooliving:-22.90951:-43.17781
Sepetiba,landmark_and_historical_building,overture,-22.958721160888672,-43.702903747558594,,overture:Sepetiba:-22.95872:-43.70290
Serra Grande-Santa Cruz Rj,landmark_and_historical_building,overture,-22.940536499023438,-43.68299102783203,,overture:Serra Grande-Santa Cruz Rj:-22.94054:-43.68299
"Serra da Carioca (bergskedja i Brasilien, Rio de Janeiro, lat -22,95, long -43,22)",landmark_and_historical_building,overture,-22.948331832885742,-43.22157669067383,,"overture:Serra da Carioca (bergskedja i Brasilien, Rio de Janeiro, lat -22,95, long -43,22):-22.94833:-43.22158"
Serra do Grumari,landmark_and_historical_building,overture,-23.0334529876709,-43.5356559753418,,overture:Serra do Grumari:-23.03345:-43.53566
Serra do Macaco (berg),landmark_and_historical_building,overture,-22.961341857910156,-43.426273345947266,,overture:Serra do Macaco (berg):-22.96134:-43.42627
Serra do Marapicu,landmark_and_historical_building,overture,-22.832460403442383,-43.579063415527344,,overture:Serra do Marapicu:-22.83246:-43.57906
"Serra do Quilombo (bergskedja i Brasilien, Rio de Janeiro, lat -22,95, long -43,45)",landmark_and_historical_building,overture,-22.946332931518555,-43.44986343383789,,"overture:Serra do Quilombo (bergskedja i Brasilien, Rio de Janeiro, lat -22,95, long -43,45):-22.94633:-43.44986"
Serra do Vulcão / Serra Volcano,landmark_and_historical_building,overture,-22.855937957763672,-43.45192337036133,,overture:Serra do Vulcão / Serra Volcano:-22.85594:-43.45192
Set Tom Jobim,landmark_and_historical_building,overture,-22.85188865661621,-43.47499084472656,,overture:Set Tom Jobim:-22.85189:-43.47499
Setor dos aliados,landmark_and_historical_building,overture,-22.872108459472656,-43.36196517944336,,overture:Setor dos aliados:-22.87211:-43.36197
Siena Residenziale,landmark_and_historical_building,overture,-22.895389556884766,-43.273048400878906,,overture:Siena Residenziale:-22.89539:-43.27305
Silver Bali,landmark_and_historical_building,overture,-23.009193420410156,-43.43610382080078,,overture:Silver Bali:-23.00919:-43.43610
Singular Meier,landmark_and_historical_building,overture,-22.908226013183594,-43.28357696533203,,overture:Singular Meier:-22.90823:-43.28358
Sitio Humayta,landmark_and_historical_building,overture,-22.901487350463867,-43.5308723449707,,overture:Sitio Humayta:-22.90149:-43.53087
Skylux by Tegra,landmark_and_historical_building,overture,-22.899677276611328,-43.17909240722656,,overture:Skylux by Tegra:-22.89968:-43.17909
Smmoficial,landmark_and_historical_building,overture,-22.918020248413086,-43.37907409667969,,overture:Smmoficial:-22.91802:-43.37907
Solar Belmonte,landmark_and_historical_building,overture,-22.95302963256836,-43.1837158203125,,overture:Solar Belmonte:-22.95303:-43.18372
Solar Camabatela,landmark_and_historical_building,overture,-22.924570083618164,-43.37064743041992,,overture:Solar Camabatela:-22.92457:-43.37065
Solar Clovis Bevilaqua,landmark_and_historical_building,overture,-22.929040908813477,-43.23617172241211,,overture:Solar Clovis Bevilaqua:-22.92904:-43.23617
Solar Da Gabela,landmark_and_historical_building,overture,-22.910442352294922,-43.582435607910156,,overture:Solar Da Gabela:-22.91044:-43.58244
Solar Das Hortênsias,landmark_and_historical_building,overture,-22.961254119873047,-43.21339416503906,,overture:Solar Das Hortênsias:-22.96125:-43.21339
Solar Príncipe João,landmark_and_historical_building,overture,-22.983165740966797,-43.207733154296875,,overture:Solar Príncipe João:-22.98317:-43.20773
Solar da Vila,landmark_and_historical_building,overture,-22.917207717895508,-43.244163513183594,,overture:Solar da Vila:-22.91721:-43.24416
Solar das Acácias,landmark_and_historical_building,overture,-22.899124145507812,-43.10768127441406,,overture:Solar das Acácias:-22.89912:-43.10768
Solar das Laranjeiras,landmark_and_historical_building,overture,-22.93522071838379,-43.189125061035156,,overture:Solar das Laranjeiras:-22.93522:-43.18913
Solar de Aveiro,landmark_and_historical_building,overture,-22.899616241455078,-43.11545181274414,,overture:Solar de Aveiro:-22.89962:-43.11545
Solar do Grajau',landmark_and_historical_building,overture,-22.91786003112793,-43.260982513427734,,overture:Solar do Grajau':-22.91786:-43.26098
Solar dos Ingleses condo,landmark_and_historical_building,overture,-22.87981605529785,-43.26124954223633,,overture:Solar dos Ingleses condo:-22.87982:-43.26125
Somep,landmark_and_historical_building,overture,-22.8479061126709,-43.26127243041992,,overture:Somep:-22.84791:-43.26127
Sonho Da Casa Própria,landmark_and_historical_building,overture,-22.878883361816406,-43.271751403808594,,overture:Sonho Da Casa Própria:-22.87888:-43.27175
Soul Península by Canopus,landmark_and_historical_building,overture,-22.989952087402344,-43.34910202026367,,overture:Soul Península by Canopus:-22.98995:-43.34910
Soul Rio - Bairro de Fátima,landmark_and_historical_building,overture,-22.916576385498047,-43.18810272216797,,overture:Soul Rio - Bairro de Fátima:-22.91658:-43.18810
Souto Bistrot Tropical,landmark_and_historical_building,overture,-22.986408233642578,-43.199222564697266,,overture:Souto Bistrot Tropical:-22.98641:-43.19922
Spazio Mário Guimarães,landmark_and_historical_building,overture,-22.757946014404297,-43.4600944519043,,overture:Spazio Mário Guimarães:-22.75795:-43.46009
Spazio Reale,landmark_and_historical_building,overture,-22.936573028564453,-43.35918045043945,,overture:Spazio Reale:-22.93657:-43.35918
Spazio Recoleta,landmark_and_historical_building,overture,-22.83962631225586,-43.317413330078125,,overture:Spazio Recoleta:-22.83963:-43.31741
Spazio Recriart,landmark_and_historical_building,overture,-22.931570053100586,-43.353477478027344,,overture:Spazio Recriart:-22.93157:-43.35348
Spazio Regence,landmark_and_historical_building,overture,-22.927265167236328,-43.365108489990234,,overture:Spazio Regence:-22.92727:-43.36511
Spazio Reserva Imperial,landmark_and_historical_building,overture,-22.92452049255371,-43.38975143432617,,overture:Spazio Reserva Imperial:-22.92452:-43.38975
Spazio Riverside,landmark_and_historical_building,overture,-22.8889217376709,-43.304386138916016,,overture:Spazio Riverside:-22.88892:-43.30439
Spazio Rotterdam,landmark_and_historical_building,overture,-22.9177303314209,-43.371822357177734,,overture:Spazio Rotterdam:-22.91773:-43.37182
Splendore Araguaia,landmark_and_historical_building,overture,-22.935949325561523,-43.33879470825195,,overture:Splendore Araguaia:-22.93595:-43.33879
Stand Jardins Nova Iguaçu,landmark_and_historical_building,overture,-22.758405685424805,-43.45808029174805,,overture:Stand Jardins Nova Iguaçu:-22.75841:-43.45808
Stand Novolar Penha,landmark_and_historical_building,overture,-22.838516235351562,-43.27519226074219,,overture:Stand Novolar Penha:-22.83852:-43.27519
Stand de Vendas,landmark_and_historical_building,overture,-23.014070510864258,-43.467403411865234,,overture:Stand de Vendas:-23.01407:-43.46740
Stardust,landmark_and_historical_building,overture,-22.946760177612305,-43.33684158325195,,overture:Stardust:-22.94676:-43.33684
Start Tijuca,landmark_and_historical_building,overture,-22.925683975219727,-43.226016998291016,,overture:Start Tijuca:-22.92568:-43.22602
Studio Privativo,landmark_and_historical_building,overture,-22.952960968017578,-43.38086700439453,,overture:Studio Privativo:-22.95296:-43.38087
Studios 111,landmark_and_historical_building,overture,-22.919240951538086,-43.22382736206055,,overture:Studios 111:-22.91924:-43.22383
Studios Nogueira Lopes,landmark_and_historical_building,overture,-22.9180965423584,-43.18408203125,,overture:Studios Nogueira Lopes:-22.91810:-43.18408
"Sugar Loaf, Rio de Janeiro",landmark_and_historical_building,overture,-22.93299674987793,-43.183109283447266,,"overture:Sugar Loaf, Rio de Janeiro:-22.93300:-43.18311"
Summer Coast,landmark_and_historical_building,overture,-23.003419876098633,-43.328765869140625,,overture:Summer Coast:-23.00342:-43.32877
SunDeck,landmark_and_historical_building,overture,-23.001203536987305,-43.39118576049805,,overture:SunDeck:-23.00120:-43.39119
SunPlaza,landmark_and_historical_building,overture,-23.001123428344727,-43.39000701904297,,overture:SunPlaza:-23.00112:-43.39001
Sunflower,landmark_and_historical_building,overture,-23.017547607421875,-43.4823112487793,,overture:Sunflower:-23.01755:-43.48231
Sunrise House Garden,landmark_and_historical_building,overture,-23.015352249145508,-43.4815673828125,,overture:Sunrise House Garden:-23.01535:-43.48157
Sunset Icaraí LANÇAMENTO,landmark_and_historical_building,overture,-22.911958694458008,-43.107234954833984,,overture:Sunset Icaraí LANÇAMENTO:-22.91196:-43.10723
Sunshine Drive Resort,landmark_and_historical_building,overture,-23.0102596282959,-43.37023162841797,,overture:Sunshine Drive Resort:-23.01026:-43.37023
Síndico Transparente - Serviços para Condomínios,landmark_and_historical_building,overture,-22.936992645263672,-43.1773567199707,,overture:Síndico Transparente - Serviços para Condomínios:-22.93699:-43.17736
Sítio São Luiz,landmark_and_historical_building,overture,-22.889286041259766,-43.516380310058594,,overture:Sítio São Luiz:-22.88929:-43.51638
Sítio da Chaminé - Itaguaí,landmark_and_historical_building,overture,-22.890913009643555,-43.321006774902344,,overture:Sítio da Chaminé - Itaguaí:-22.89091:-43.32101
Tancredo Martins Costa,landmark_and_historical_building,overture,-22.912872314453125,-43.30023956298828,,overture:Tancredo Martins Costa:-22.91287:-43.30024
Taquara,landmark_and_historical_building,overture,-22.9306583404541,-43.393280029296875,,overture:Taquara:-22.93066:-43.39328
Taquara - Jacarepaguá,landmark_and_historical_building,overture,-22.921550750732422,-43.37098693847656,,overture:Taquara - Jacarepaguá:-22.92155:-43.37099
Tatelise's House,landmark_and_historical_building,overture,-22.968564987182617,-43.18586349487305,,overture:Tatelise's House:-22.96856:-43.18586
Tellos 2,landmark_and_historical_building,overture,-22.89141845703125,-43.27827835083008,,overture:Tellos 2:-22.89142:-43.27828
Terraço Panorâmico,landmark_and_historical_building,overture,-22.914140701293945,-43.167091369628906,,overture:Terraço Panorâmico:-22.91414:-43.16709
The Flower,landmark_and_historical_building,overture,-22.907201766967773,-43.10248947143555,,overture:The Flower:-22.90720:-43.10249
The Place Icarai,landmark_and_historical_building,overture,-22.90848731994629,-43.10312271118164,,overture:The Place Icarai:-22.90849:-43.10312
The Wonderful World of Pink Jana,landmark_and_historical_building,overture,-22.967309951782227,-43.3861198425293,,overture:The Wonderful World of Pink Jana:-22.96731:-43.38612
Thierre Festas,landmark_and_historical_building,overture,-22.8051700592041,-43.361270904541016,,overture:Thierre Festas:-22.80517:-43.36127
Tijolinho,landmark_and_historical_building,overture,-22.921955108642578,-43.25212097167969,,overture:Tijolinho:-22.92196:-43.25212
Tijuca,landmark_and_historical_building,overture,-22.926008224487305,-43.22654342651367,,overture:Tijuca:-22.92601:-43.22654
Tijuca Central Building,landmark_and_historical_building,overture,-22.923574447631836,-43.22915267944336,,overture:Tijuca Central Building:-22.92357:-43.22915
Tijuca Office Center,landmark_and_historical_building,overture,-22.92485809326172,-43.22536087036133,,overture:Tijuca Office Center:-22.92486:-43.22536
Tom Delfim Moreira Leblon,landmark_and_historical_building,overture,-22.986560821533203,-43.221405029296875,,overture:Tom Delfim Moreira Leblon:-22.98656:-43.22141
Top Duplex,landmark_and_historical_building,overture,-23.023069381713867,-43.489097595214844,,overture:Top Duplex:-23.02307:-43.48910
Torre Da Vivo Vila Isabel,landmark_and_historical_building,overture,-22.91250228881836,-43.239723205566406,,overture:Torre Da Vivo Vila Isabel:-22.91250:-43.23972
Torre Niemeyer,landmark_and_historical_building,overture,-23.00208282470703,-43.328269958496094,,overture:Torre Niemeyer:-23.00208:-43.32827
Tour de Nantes,landmark_and_historical_building,overture,-22.98518943786621,-43.20576477050781,,overture:Tour de Nantes:-22.98519:-43.20576
Trakinas House,landmark_and_historical_building,overture,-22.873958587646484,-43.342655181884766,,overture:Trakinas House:-22.87396:-43.34266
Travessa Antônio Pedro 12,landmark_and_historical_building,overture,-22.90912628173828,-43.10982894897461,,overture:Travessa Antônio Pedro 12:-22.90913:-43.10983
Travessa Bernardo,landmark_and_historical_building,overture,-22.90201759338379,-43.30796813964844,,overture:Travessa Bernardo:-22.90202:-43.30797
Travessa Caldeira,landmark_and_historical_building,overture,-22.87063217163086,-43.102783203125,,overture:Travessa Caldeira:-22.87063:-43.10278
Travessa Cordeiro N 55,landmark_and_historical_building,overture,-22.885854721069336,-43.29579544067383,,overture:Travessa Cordeiro N 55:-22.88585:-43.29580
Travessa Cunha Galvão 1137,landmark_and_historical_building,overture,-22.9366397857666,-43.349365234375,,overture:Travessa Cunha Galvão 1137:-22.93664:-43.34937
Travessa Nossa Senhora de Fátima,landmark_and_historical_building,overture,-22.937458038330078,-43.38710403442383,,overture:Travessa Nossa Senhora de Fátima:-22.93746:-43.38710
Travessa Pastor Francisco Soren,landmark_and_historical_building,overture,-22.834667205810547,-43.29758071899414,,overture:Travessa Pastor Francisco Soren:-22.83467:-43.29758
Travessa seis,landmark_and_historical_building,overture,-22.865346908569336,-43.2381477355957,,overture:Travessa seis:-22.86535:-43.23815
Trendy E-Home,landmark_and_historical_building,overture,-22.93229103088379,-43.24739074707031,,overture:Trendy E-Home:-22.93229:-43.24739
Tribunal Regional do Trabalho da 1a Regiao Niteroi,landmark_and_historical_building,overture,-22.893707275390625,-43.12129592895508,,overture:Tribunal Regional do Trabalho da 1a Regiao Niteroi:-22.89371:-43.12130
Trilha Morro da Babilônia -RJ,landmark_and_historical_building,overture,-22.944150924682617,-43.38671112060547,,overture:Trilha Morro da Babilônia -RJ:-22.94415:-43.38671
Trilha da Pedra da Gavea,landmark_and_historical_building,overture,-23.001487731933594,-43.30535888671875,,overture:Trilha da Pedra da Gavea:-23.00149:-43.30536
Triplex Leme,landmark_and_historical_building,overture,-22.96164321899414,-43.16940689086914,,overture:Triplex Leme:-22.96164:-43.16941
Twenty Botafogo,landmark_and_historical_building,overture,-22.95172882080078,-43.19422912597656,,overture:Twenty Botafogo:-22.95173:-43.19423
Type Tijuca,landmark_and_historical_building,overture,-22.912216186523438,-43.21792221069336,,overture:Type Tijuca:-22.91222:-43.21792
Union Square RJ,landmark_and_historical_building,overture,-22.9728946685791,-43.391536712646484,,overture:Union Square RJ:-22.97289:-43.39154
Unique Offices,landmark_and_historical_building,overture,-22.923561096191406,-43.369239807128906,,overture:Unique Offices:-22.92356:-43.36924
Unique Tijuca,landmark_and_historical_building,overture,-22.927255630493164,-43.23698806762695,,overture:Unique Tijuca:-22.92726:-43.23699
Up Barra,landmark_and_historical_building,overture,-22.956798553466797,-43.347877502441406,,overture:Up Barra:-22.95680:-43.34788
Up Barra Mais,landmark_and_historical_building,overture,-22.967199325561523,-43.64199447631836,,overture:Up Barra Mais:-22.96720:-43.64199
Up Life,landmark_and_historical_building,overture,-23.022132873535156,-43.48737716674805,,overture:Up Life:-23.02213:-43.48738
Up Norte,landmark_and_historical_building,overture,-22.99832534790039,-43.3651008605957,,overture:Up Norte:-22.99833:-43.36510
Up Nova Iguaçu,landmark_and_historical_building,overture,-22.756549835205078,-43.448265075683594,,overture:Up Nova Iguaçu:-22.75655:-43.44827
Upa de magalhas bastos,landmark_and_historical_building,overture,-22.88100242614746,-43.45863342285156,,overture:Upa de magalhas bastos:-22.88100:-43.45863
VILA da light,landmark_and_historical_building,overture,-22.901851654052734,-43.348392486572266,,overture:VILA da light:-22.90185:-43.34839
VIVAZ Bandeirantes,landmark_and_historical_building,overture,-22.988773345947266,-43.44082260131836,,overture:VIVAZ Bandeirantes:-22.98877:-43.44082
Vale Dourado,landmark_and_historical_building,overture,-22.94407081604004,-43.330692291259766,,overture:Vale Dourado:-22.94407:-43.33069
Vale das Orquídeas,landmark_and_historical_building,overture,-22.881696701049805,-43.373538970947266,,overture:Vale das Orquídeas:-22.88170:-43.37354
Vale do Stucky,landmark_and_historical_building,overture,-22.830080032348633,-43.39949035644531,,overture:Vale do Stucky:-22.83008:-43.39949
Vale dos Bentivis,landmark_and_historical_building,overture,-22.952348709106445,-43.342628479003906,,overture:Vale dos Bentivis:-22.95235:-43.34263
Varanda das Rosas,landmark_and_historical_building,overture,-23.00212287902832,-43.348487854003906,,overture:Varanda das Rosas:-23.00212:-43.34849
Varanda dos Abreus,landmark_and_historical_building,overture,-23.011096954345703,-43.313072204589844,,overture:Varanda dos Abreus:-23.01110:-43.31307
Varandas de Barra Bonita,landmark_and_historical_building,overture,-23.020828247070312,-43.48691940307617,,overture:Varandas de Barra Bonita:-23.02083:-43.48692
Varandas de Botafogo,landmark_and_historical_building,overture,-22.957334518432617,-43.19316864013672,,overture:Varandas de Botafogo:-22.95733:-43.19317
Vargem Grande,landmark_and_historical_building,overture,-22.97685432434082,-43.493309020996094,,overture:Vargem Grande:-22.97685:-43.49331
Vargem Pequena (bairro),landmark_and_historical_building,overture,-22.98055648803711,-43.4636116027832,,overture:Vargem Pequena (bairro):-22.98056:-43.46361
"Vasco da Gama, Rio de Janeiro",landmark_and_historical_building,overture,-22.891944885253906,-43.22694778442383,,"overture:Vasco da Gama, Rio de Janeiro:-22.89194:-43.22695"
Venda velha,landmark_and_historical_building,overture,-22.788278579711914,-43.351192474365234,,overture:Venda velha:-22.78828:-43.35119
Ventanas Nature,landmark_and_historical_building,overture,-22.998884201049805,-43.41744613647461,,overture:Ventanas Nature:-22.99888:-43.41745
Ventura,landmark_and_historical_building,overture,-22.8920841217041,-43.2811279296875,,overture:Ventura:-22.89208:-43.28113
Verdes Encantos,landmark_and_historical_building,overture,-22.748685836791992,-43.51749801635742,,overture:Verdes Encantos:-22.74869:-43.51750
Verona Casablanca,landmark_and_historical_building,overture,-22.901731491088867,-43.68262481689453,,overture:Verona Casablanca:-22.90173:-43.68262
Via Parque Offices,landmark_and_historical_building,overture,-22.983638763427734,-43.3610954284668,,overture:Via Parque Offices:-22.98364:-43.36110
Via Premiere,landmark_and_historical_building,overture,-22.980527877807617,-43.422664642333984,,overture:Via Premiere:-22.98053:-43.42266
Viaduto Paulo De Frontin,landmark_and_historical_building,overture,-22.915630340576172,-43.2100830078125,,overture:Viaduto Paulo De Frontin:-22.91563:-43.21008
Viaduto de Todos os Santos,landmark_and_historical_building,overture,-22.897159576416016,-43.28591537475586,,overture:Viaduto de Todos os Santos:-22.89716:-43.28592
Victoria Park,landmark_and_historical_building,overture,-22.93734359741211,-43.33268737792969,,overture:Victoria Park:-22.93734:-43.33269
Vila 838,landmark_and_historical_building,overture,-22.943737030029297,-43.33283615112305,,overture:Vila 838:-22.94374:-43.33284
Vila Acorizal,landmark_and_historical_building,overture,-22.868728637695312,-43.27950668334961,,overture:Vila Acorizal:-22.86873:-43.27951
"Vila Aliança, Bangu, Rio de Janeiro - RJ",landmark_and_historical_building,overture,-22.872724533081055,-43.472251892089844,,"overture:Vila Aliança, Bangu, Rio de Janeiro - RJ:-22.87272:-43.47225"
Vila Aurélio - Manoel Machado,landmark_and_historical_building,overture,-22.858009338378906,-43.33119201660156,,overture:Vila Aurélio - Manoel Machado:-22.85801:-43.33119
Vila Avance,landmark_and_historical_building,overture,-23.01658821105957,-43.47797393798828,,overture:Vila Avance:-23.01659:-43.47797
Vila Azul,landmark_and_historical_building,overture,-22.885915756225586,-43.38945007324219,,overture:Vila Azul:-22.88592:-43.38945
Vila Balbina,landmark_and_historical_building,overture,-22.985200881958008,-43.62468338012695,,overture:Vila Balbina:-22.98520:-43.62468
Vila Branca Campo Grande,landmark_and_historical_building,overture,-22.92095375061035,-43.545597076416016,,overture:Vila Branca Campo Grande:-22.92095:-43.54560
Vila Carioca,landmark_and_historical_building,overture,-22.91535186767578,-43.24289321899414,,overture:Vila Carioca:-22.91535:-43.24289
Vila Conquista,landmark_and_historical_building,overture,-22.837993621826172,-43.34876251220703,,overture:Vila Conquista:-22.83799:-43.34876
Vila De Vaz Lobo,landmark_and_historical_building,overture,-22.849220275878906,-43.3033332824707,,overture:Vila De Vaz Lobo:-22.84922:-43.30333
Vila Del Mar,landmark_and_historical_building,overture,-22.970870971679688,-43.395259857177734,,overture:Vila Del Mar:-22.97087:-43.39526
"Vila Dona Julia, Anchieta",landmark_and_historical_building,overture,-22.82562255859375,-43.4061164855957,,"overture:Vila Dona Julia, Anchieta:-22.82562:-43.40612"
Vila Dos Mineiros,landmark_and_historical_building,overture,-22.87588119506836,-43.77155303955078,,overture:Vila Dos Mineiros:-22.87588:-43.77155
Vila Esplendida RJ,landmark_and_historical_building,overture,-22.848955154418945,-43.314727783203125,,overture:Vila Esplendida RJ:-22.84896:-43.31473
Vila Guarapari,landmark_and_historical_building,overture,-22.813627243041992,-43.379669189453125,,overture:Vila Guarapari:-22.81363:-43.37967
Vila Isabel Ed.barao Da Vila,landmark_and_historical_building,overture,-22.916921615600586,-43.25770568847656,,overture:Vila Isabel Ed.barao Da Vila:-22.91692:-43.25771
Vila Julieta Engenho Novo,landmark_and_historical_building,overture,-22.90667152404785,-43.27206802368164,,overture:Vila Julieta Engenho Novo:-22.90667:-43.27207
Vila Matina,landmark_and_historical_building,overture,-22.916614532470703,-43.40372848510742,,overture:Vila Matina:-22.91661:-43.40373
Vila Militar Copacabana - VMC - Exército - Army,landmark_and_historical_building,overture,-22.962512969970703,-43.17918014526367,,overture:Vila Militar Copacabana - VMC - Exército - Army:-22.96251:-43.17918
Vila Militar Dos Afonsos,landmark_and_historical_building,overture,-22.88625717163086,-43.38007736206055,,overture:Vila Militar Dos Afonsos:-22.88626:-43.38008
Vila Militar de Gericinó,landmark_and_historical_building,overture,-22.870643615722656,-43.41908645629883,,overture:Vila Militar de Gericinó:-22.87064:-43.41909
Vila Modelo,landmark_and_historical_building,overture,-22.882070541381836,-43.411563873291016,,overture:Vila Modelo:-22.88207:-43.41156
Vila Nini,landmark_and_historical_building,overture,-22.91759490966797,-43.22490310668945,,overture:Vila Nini:-22.91759:-43.22490
Vila Pan-Americana,landmark_and_historical_building,overture,-22.97303581237793,-43.3580322265625,,overture:Vila Pan-Americana:-22.97304:-43.35803
Vila Porta do Céu,landmark_and_historical_building,overture,-22.866830825805664,-43.46247482299805,,overture:Vila Porta do Céu:-22.86683:-43.46247
Vila Portuária,landmark_and_historical_building,overture,-22.90081214904785,-43.20053482055664,,overture:Vila Portuária:-22.90081:-43.20053
Vila Ritz,landmark_and_historical_building,overture,-22.912328720092773,-43.28579330444336,,overture:Vila Ritz:-22.91233:-43.28579
Vila Rosa Residencias,landmark_and_historical_building,overture,-22.916494369506836,-43.24394226074219,,overture:Vila Rosa Residencias:-22.91649:-43.24394
Vila Rosado,landmark_and_historical_building,overture,-22.92848777770996,-43.38124084472656,,overture:Vila Rosado:-22.92849:-43.38124
Vila Solange,landmark_and_historical_building,overture,-22.870174407958984,-43.34539031982422,,overture:Vila Solange:-22.87017:-43.34539
Vila Souza Cabral,landmark_and_historical_building,overture,-22.90347671508789,-43.21384048461914,,overture:Vila Souza Cabral:-22.90348:-43.21384
Vila São Jorge,landmark_and_historical_building,overture,-22.91286849975586,-43.23908996582031,,overture:Vila São Jorge:-22.91287:-43.23909
Vila Trade Office,landmark_and_historical_building,overture,-22.918392181396484,-43.2507438659668,,overture:Vila Trade Office:-22.91839:-43.25074
Vila Valqueire,landmark_and_historical_building,overture,-22.889633178710938,-43.357173919677734,,overture:Vila Valqueire:-22.88963:-43.35717
Vila cosmos,landmark_and_historical_building,overture,-22.85360336303711,-43.30360794067383,,overture:Vila cosmos:-22.85360:-43.30361
Vila das Fontes RJ,landmark_and_historical_building,overture,-22.85069465637207,-43.31544876098633,,overture:Vila das Fontes RJ:-22.85069:-43.31545
Vila de Cascais,landmark_and_historical_building,overture,-22.90563201904297,-43.09922409057617,,overture:Vila de Cascais:-22.90563:-43.09922
Vila do Arco-íris,landmark_and_historical_building,overture,-22.93772315979004,-43.386653900146484,,overture:Vila do Arco-íris:-22.93772:-43.38665
Vila do Chaves,landmark_and_historical_building,overture,-22.74684715270996,-43.69511032104492,,overture:Vila do Chaves:-22.74685:-43.69511
Vila do Pan,landmark_and_historical_building,overture,-22.97111701965332,-43.358341217041016,,overture:Vila do Pan:-22.97112:-43.35834
Vila do Sossego,landmark_and_historical_building,overture,-22.950185775756836,-43.26119613647461,,overture:Vila do Sossego:-22.95019:-43.26120
Vila dos Comerciários,landmark_and_historical_building,overture,-22.855175018310547,-43.25750732421875,,overture:Vila dos Comerciários:-22.85518:-43.25751
Vila dos Parreiras,landmark_and_historical_building,overture,-22.92401885986328,-43.246761322021484,,overture:Vila dos Parreiras:-22.92402:-43.24676
Vila jesus,landmark_and_historical_building,overture,-22.936418533325195,-43.19270706176758,,overture:Vila jesus:-22.93642:-43.19271
Vila medina,landmark_and_historical_building,overture,-22.9006290435791,-43.21675109863281,,overture:Vila medina:-22.90063:-43.21675
Vila são Luís,landmark_and_historical_building,overture,-22.776639938354492,-43.290504455566406,,overture:Vila são Luís:-22.77664:-43.29050
Vilagio Carioca,landmark_and_historical_building,overture,-22.849103927612305,-43.317970275878906,,overture:Vilagio Carioca:-22.84910:-43.31797
Villa Di Genova,landmark_and_historical_building,overture,-23.00672721862793,-43.3263053894043,,overture:Villa Di Genova:-23.00673:-43.32631
Villa Grajaú,landmark_and_historical_building,overture,-22.919559478759766,-43.25587463378906,,overture:Villa Grajaú:-22.91956:-43.25587
Villa Humaitá,landmark_and_historical_building,overture,-22.9536075592041,-43.198551177978516,,overture:Villa Humaitá:-22.95361:-43.19855
Villa Jardim Itanhangá,landmark_and_historical_building,overture,-22.99728775024414,-43.31345748901367,,overture:Villa Jardim Itanhangá:-22.99729:-43.31346
Villa Luna,landmark_and_historical_building,overture,-22.970407485961914,-43.39406204223633,,overture:Villa Luna:-22.97041:-43.39406
Villa Sole,landmark_and_historical_building,overture,-22.97075843811035,-43.391761779785156,,overture:Villa Sole:-22.97076:-43.39176
Villa Splendore,landmark_and_historical_building,overture,-22.89600372314453,-43.281227111816406,,overture:Villa Splendore:-22.89600:-43.28123
Villa Venturosa,landmark_and_historical_building,overture,-22.92133331298828,-43.17584228515625,,overture:Villa Venturosa:-22.92133:-43.17584
Villa Visconti,landmark_and_historical_building,overture,-22.957477569580078,-43.19382858276367,,overture:Villa Visconti:-22.95748:-43.19383
Villa messina,landmark_and_historical_building,overture,-22.970094680786133,-43.39384078979492,,overture:Villa messina:-22.97009:-43.39384
Village Atlanta,landmark_and_historical_building,overture,-22.90570640563965,-43.69640350341797,,overture:Village Atlanta:-22.90571:-43.69640
Village Boechat I,landmark_and_historical_building,overture,-22.878936767578125,-43.36642837524414,,overture:Village Boechat I:-22.87894:-43.36643
Village Botanique,landmark_and_historical_building,overture,-22.93181037902832,-43.327598571777344,,overture:Village Botanique:-22.93181:-43.32760
Village Caribe I,landmark_and_historical_building,overture,-22.901065826416016,-43.35316467285156,,overture:Village Caribe I:-22.90107:-43.35316
Village Del Riposo,landmark_and_historical_building,overture,-22.927806854248047,-43.38386917114258,,overture:Village Del Riposo:-22.92781:-43.38387
Village Firenze,landmark_and_historical_building,overture,-22.93605613708496,-43.34564971923828,,overture:Village Firenze:-22.93606:-43.34565
Village Florença,landmark_and_historical_building,overture,-22.940210342407227,-43.332069396972656,,overture:Village Florença:-22.94021:-43.33207
Village Freguesia Ilha do Governador,landmark_and_historical_building,overture,-22.788888931274414,-43.17424392700195,,overture:Village Freguesia Ilha do Governador:-22.78889:-43.17424
Village Livorno,landmark_and_historical_building,overture,-22.933181762695312,-43.33446502685547,,overture:Village Livorno:-22.93318:-43.33447
Village Park Itanhangá,landmark_and_historical_building,overture,-22.984949111938477,-43.329627990722656,,overture:Village Park Itanhangá:-22.98495:-43.32963
Village Sao Conrado,landmark_and_historical_building,overture,-22.9953556060791,-43.2563591003418,,overture:Village Sao Conrado:-22.99536:-43.25636
Village São Bento,landmark_and_historical_building,overture,-22.902557373046875,-43.10371398925781,,overture:Village São Bento:-22.90256:-43.10371
Village Vip Jacarepaguá,landmark_and_historical_building,overture,-22.96640968322754,-43.40888214111328,,overture:Village Vip Jacarepaguá:-22.96641:-43.40888
Village de Ibiza,landmark_and_historical_building,overture,-22.902339935302734,-43.352272033691406,,overture:Village de Ibiza:-22.90234:-43.35227
Village do Maciço,landmark_and_historical_building,overture,-22.981565475463867,-43.46297073364258,,overture:Village do Maciço:-22.98157:-43.46297
Village do capenha,landmark_and_historical_building,overture,-22.933618545532227,-43.35005187988281,,overture:Village do capenha:-22.93362:-43.35005
Village du Parc,landmark_and_historical_building,overture,-22.902217864990234,-43.109840393066406,,overture:Village du Parc:-22.90222:-43.10984
Villagio Arboretto,landmark_and_historical_building,overture,-22.923351287841797,-43.551265716552734,,overture:Villagio Arboretto:-22.92335:-43.55127
Villagio Silvestre Condo Club,landmark_and_historical_building,overture,-22.867502212524414,-43.544979095458984,,overture:Villagio Silvestre Condo Club:-22.86750:-43.54498
Villagio do Campo I,landmark_and_historical_building,overture,-22.886205673217773,-43.59779739379883,,overture:Villagio do Campo I:-22.88621:-43.59780
Villas of Patativas,landmark_and_historical_building,overture,-22.883621215820312,-43.626834869384766,,overture:Villas of Patativas:-22.88362:-43.62683
Ville Roma,landmark_and_historical_building,overture,-22.930259704589844,-43.38517379760742,,overture:Ville Roma:-22.93026:-43.38517
Ville Verte Residências,landmark_and_historical_building,overture,-22.982646942138672,-43.496337890625,,overture:Ville Verte Residências:-22.98265:-43.49634
Vinlanda,landmark_and_historical_building,overture,-22.942787170410156,-43.18159484863281,,overture:Vinlanda:-22.94279:-43.18159
Visao do Morro,landmark_and_historical_building,overture,-22.774118423461914,-43.43545150756836,,overture:Visao do Morro:-22.77412:-43.43545
Vista Chinesa,landmark_and_historical_building,overture,-22.9732666015625,-43.249473571777344,,overture:Vista Chinesa:-22.97327:-43.24947
Vista Ipanema,landmark_and_historical_building,overture,-22.985734939575195,-43.19953918457031,,overture:Vista Ipanema:-22.98573:-43.19954
Visto do Museu do Artes Comtemporary,landmark_and_historical_building,overture,-22.903715133666992,-43.11695861816406,,overture:Visto do Museu do Artes Comtemporary:-22.90372:-43.11696
Vitale Flow,landmark_and_historical_building,overture,-22.833879470825195,-43.3271484375,,overture:Vitale Flow:-22.83388:-43.32715
Vitale On 2 quartos Rua Piaui. Perto do Norte Shopping,landmark_and_historical_building,overture,-22.89080047607422,-43.63633346557617,,overture:Vitale On 2 quartos Rua Piaui. Perto do Norte Shopping:-22.89080:-43.63633
Vitta Green,landmark_and_historical_building,overture,-22.940412521362305,-43.556907653808594,,overture:Vitta Green:-22.94041:-43.55691
Viure - Ilha Pura,landmark_and_historical_building,overture,-22.985010147094727,-43.41506576538086,,overture:Viure - Ilha Pura:-22.98501:-43.41507
Viva Mais Engenho Novo,landmark_and_historical_building,overture,-22.897924423217773,-43.263832092285156,,overture:Viva Mais Engenho Novo:-22.89792:-43.26383
Viva Vida Zona Norte,landmark_and_historical_building,overture,-22.81182289123535,-43.35501480102539,,overture:Viva Vida Zona Norte:-22.81182:-43.35501
Viva Vida Zona Oeste,landmark_and_historical_building,overture,-22.940658569335938,-43.662940979003906,,overture:Viva Vida Zona Oeste:-22.94066:-43.66294
Vivaz Andaraí,landmark_and_historical_building,overture,-22.92798614501953,-43.251922607421875,,overture:Vivaz Andaraí:-22.92799:-43.25192
Vivaz Bandeirantes,landmark_and_historical_building,overture,-22.966073989868164,-43.409854888916016,,overture:Vivaz Bandeirantes:-22.96607:-43.40985
Vivaz Prime Zona Norte,landmark_and_historical_building,overture,-22.89080238342285,-43.292842864990234,,overture:Vivaz Prime Zona Norte:-22.89080:-43.29284
Vivaz Ramos,landmark_and_historical_building,overture,-22.853534698486328,-43.25688552856445,,overture:Vivaz Ramos:-22.85353:-43.25689
Vivaz São Cristóvão,landmark_and_historical_building,overture,-22.890073776245117,-43.22602081298828,,overture:Vivaz São Cristóvão:-22.89007:-43.22602
Vivenda das Coleirinhas,landmark_and_historical_building,overture,-22.883481979370117,-43.628448486328125,,overture:Vivenda das Coleirinhas:-22.88348:-43.62845
Vivendas 3200,landmark_and_historical_building,overture,-23.01061248779297,-43.32735824584961,,overture:Vivendas 3200:-23.01061:-43.32736
Vivendas Cassia Furtado,landmark_and_historical_building,overture,-22.7803897857666,-43.40635299682617,,overture:Vivendas Cassia Furtado:-22.78039:-43.40635
Vivendas Da Serra. Freguesia,landmark_and_historical_building,overture,-22.93373680114746,-43.32939529418945,,overture:Vivendas Da Serra. Freguesia:-22.93374:-43.32940
Vivendas Do Bosque,landmark_and_historical_building,overture,-22.997722625732422,-43.37957763671875,,overture:Vivendas Do Bosque:-22.99772:-43.37958
Vivendas Do Paraíso,landmark_and_historical_building,overture,-22.92037010192871,-43.69985580444336,,overture:Vivendas Do Paraíso:-22.92037:-43.69986
Vivendas Luís Felipe,landmark_and_historical_building,overture,-22.819120407104492,-43.426361083984375,,overture:Vivendas Luís Felipe:-22.81912:-43.42636
Vivendas da Colina,landmark_and_historical_building,overture,-22.77440643310547,-43.431785583496094,,overture:Vivendas da Colina:-22.77441:-43.43179
Vivendas da Freguesia,landmark_and_historical_building,overture,-22.942806243896484,-43.333648681640625,,overture:Vivendas da Freguesia:-22.94281:-43.33365
Vivendas de Sagres,landmark_and_historical_building,overture,-22.941404342651367,-43.575775146484375,,overture:Vivendas de Sagres:-22.94140:-43.57578
Vivendas do Imperador,landmark_and_historical_building,overture,-22.812307357788086,-43.42479705810547,,overture:Vivendas do Imperador:-22.81231:-43.42480
Viver Bem RJ,landmark_and_historical_building,overture,-22.896873474121094,-43.203033447265625,,overture:Viver Bem RJ:-22.89687:-43.20303
Viver Mais Campo Grande,landmark_and_historical_building,overture,-22.895612716674805,-43.54952621459961,,overture:Viver Mais Campo Grande:-22.89561:-43.54953
Volp 40,landmark_and_historical_building,overture,-22.950613021850586,-43.18330764770508,,overture:Volp 40:-22.95061:-43.18331
WCA Elétrica,landmark_and_historical_building,overture,-22.81134605407715,-43.364715576171875,,overture:WCA Elétrica:-22.81135:-43.36472
Wave by Yoo,landmark_and_historical_building,overture,-23.01034927368164,-43.33107376098633,,overture:Wave by Yoo:-23.01035:-43.33107
WayCondo,landmark_and_historical_building,overture,-22.903976440429688,-43.175228118896484,,overture:WayCondo:-22.90398:-43.17523
Weekend,landmark_and_historical_building,overture,-23.009199142456055,-43.342464447021484,,overture:Weekend:-23.00920:-43.34246
Wimbledon Park,landmark_and_historical_building,overture,-23.001502990722656,-43.34663391113281,,overture:Wimbledon Park:-23.00150:-43.34663
Xmgpfshop02,landmark_and_historical_building,overture,-22.91167640686035,-43.56014633178711,,overture:Xmgpfshop02:-22.91168:-43.56015
Zoifer,landmark_and_historical_building,overture,-22.997512817382812,-43.34824752807617,,overture:Zoifer:-22.99751:-43.34825
avenida santa cruz,landmark_and_historical_building,overture,-22.882829666137695,-43.488285064697266,,overture:avenida santa cruz:-22.88283:-43.48829
campo grande,landmark_and_historical_building,overture,-22.927143096923828,-43.561466217041016,,overture:campo grande:-22.92714:-43.56147
complexo do orelha,landmark_and_historical_building,overture,-22.90833854675293,-43.28858947753906,,overture:complexo do orelha:-22.90834:-43.28859
condominium of acacias,landmark_and_historical_building,overture,-22.850345611572266,-43.482059478759766,,overture:condominium of acacias:-22.85035:-43.48206
conjunto maravilha,landmark_and_historical_building,overture,-22.923192977905273,-43.54715347290039,,overture:conjunto maravilha:-22.92319:-43.54715
edifício solar barão de minas,landmark_and_historical_building,overture,-22.973358154296875,-43.18704605102539,,overture:edifício solar barão de minas:-22.97336:-43.18705
freguesia,landmark_and_historical_building,overture,-22.78915786743164,-43.16984176635742,,overture:freguesia:-22.78916:-43.16984
jardim palmares,landmark_and_historical_building,overture,-22.886308670043945,-43.63908767700195,,overture:jardim palmares:-22.88631:-43.63909
lar doce lar,landmark_and_historical_building,overture,-22.835529327392578,-43.30170822143555,,overture:lar doce lar:-22.83553:-43.30171
largo do Pelourinho Salvador Bahia,landmark_and_historical_building,overture,-22.78224754333496,-43.31718444824219,,overture:largo do Pelourinho Salvador Bahia:-22.78225:-43.31718
nova holanda,landmark_and_historical_building,overture,-22.8553466796875,-43.24159622192383,,overture:nova holanda:-22.85535:-43.24160
paz de gandhi,landmark_and_historical_building,overture,-22.76870346069336,-43.42829895019531,,overture:paz de gandhi:-22.76870:-43.42830
rua anchieta,landmark_and_historical_building,overture,-22.962570190429688,-43.17033004760742,,overture:rua anchieta:-22.96257:-43.17033
rua hanibal porto,landmark_and_historical_building,overture,-22.822860717773438,-43.32451629638672,,overture:rua hanibal porto:-22.82286:-43.32452
rua maués,landmark_and_historical_building,overture,-22.83698272705078,-43.315277099609375,,overture:rua maués:-22.83698:-43.31528
Álvares de Azevedo,landmark_and_historical_building,overture,-22.9044132232666,-43.10934829711914,,overture:Álvares de Azevedo:-22.90441:-43.10935
Área 5,landmark_and_historical_building,overture,-22.866933822631836,-43.27943801879883,,overture:Área 5:-22.86693:-43.27944
Éden,landmark_and_historical_building,overture,-22.790903091430664,-43.390506744384766,,overture:Éden:-22.79090:-43.39051
Ícono Parque Residências,landmark_and_historical_building,overture,-22.907268524169922,-43.595741271972656,,overture:Ícono Parque Residências:-22.90727:-43.59574
Жардим Ботанико (исторический район Рио-де-Жанейро),landmark_and_historical_building,overture,-22.96666717529297,-43.21666717529297,,overture:Жардим Ботанико (исторический район Рио-де-Жанейро):-22.96667:-43.21667
ซ่องโสเภณี,landmark_and_historical_building,overture,-22.83690071105957,-43.34880065917969,,overture:ซ่องโสเภณี:-22.83690:-43.34880
Casa Roberto Marinho,modern_art_museum,overture,-22.940027236938477,-43.204227447509766,,overture:Casa Roberto Marinho:-22.94003:-43.20423
E-Museu Inclusivo Tocando em Você,modern_art_museum,overture,-22.926780700683594,-43.23027038574219,,overture:E-Museu Inclusivo Tocando em Você:-22.92678:-43.23027
MAC Niterói - Museu de Arte Contemporânea de Niterói,modern_art_museum,overture,-22.907878875732422,-43.125877380371094,,overture:MAC Niterói - Museu de Arte Contemporânea de Niterói:-22.90788:-43.12588
Mam - Museu de Arte Moderna,modern_art_museum,overture,-22.88981056213379,-43.27638626098633,,overture:Mam - Museu de Arte Moderna:-22.88981:-43.27639
Museu de Arte Moderna do Rio de Janeiro,modern_art_museum,overture,-22.913673400878906,-43.1718635559082,,overture:Museu de Arte Moderna do Rio de Janeiro:-22.91367:-43.17186
A Casa dos Budas Ditosos,monument,overture,-22.902650833129883,-43.2819709777832,,overture:A Casa dos Budas Ditosos:-22.90265:-43.28197
Aqueduto - Ilha Grande,monument,overture,-22.93612289428711,-43.24556350708008,,overture:Aqueduto - Ilha Grande:-22.93612:-43.24556
Canhão da Ilha,monument,overture,-22.81095314025879,-43.177215576171875,,overture:Canhão da Ilha:-22.81095:-43.17722
"Capela Dos Escravos, Miguel Pereira",monument,overture,-22.758882522583008,-43.453182220458984,,"overture:Capela Dos Escravos, Miguel Pereira:-22.75888:-43.45318"
Casa Rústica Festas & Eventos,monument,overture,-22.907835006713867,-43.541141510009766,,overture:Casa Rústica Festas & Eventos:-22.90784:-43.54114
Casa da Vo Catarina,monument,overture,-22.886730194091797,-43.41343688964844,,overture:Casa da Vo Catarina:-22.88673:-43.41344
"Celaron's Step, Lapa",monument,overture,-22.911823272705078,-43.18465042114258,,"overture:Celaron's Step, Lapa:-22.91182:-43.18465"
"Christ Redeemer, Rio de Janeiro, Brazil",monument,overture,-22.95165252685547,-43.210838317871094,,"overture:Christ Redeemer, Rio de Janeiro, Brazil:-22.95165:-43.21084"
Colômbia Morro Do Sapo,monument,overture,-22.772754669189453,-43.321556091308594,,overture:Colômbia Morro Do Sapo:-22.77275:-43.32156
Cristo del Corcovado,monument,overture,-22.95138931274414,-43.21083450317383,,overture:Cristo del Corcovado:-22.95139:-43.21083
Ddp Diretoria,monument,overture,-22.97994041442871,-43.22675704956055,,overture:Ddp Diretoria:-22.97994:-43.22676
E & B Festas E Eventos,monument,overture,-22.879390716552734,-43.29750061035156,,overture:E & B Festas E Eventos:-22.87939:-43.29750
Entrada de Belford Roxo,monument,overture,-22.77519989013672,-43.399864196777344,,overture:Entrada de Belford Roxo:-22.77520:-43.39986
Estatua de Araribóia,monument,overture,-22.894001007080078,-43.12396240234375,,overture:Estatua de Araribóia:-22.89400:-43.12396
Estátua Pixinguinha,monument,overture,-22.903671264648438,-43.17757034301758,,overture:Estátua Pixinguinha:-22.90367:-43.17757
Estátua de Carlos Drummond de Andrade,monument,overture,-22.98435401916504,-43.18916702270508,,overture:Estátua de Carlos Drummond de Andrade:-22.98435:-43.18917
Estátua de Ibrahim Sued,monument,overture,-22.967700958251953,-43.1785774230957,,overture:Estátua de Ibrahim Sued:-22.96770:-43.17858
Estátua de José Bonifácio,monument,overture,-22.905115127563477,-43.18083572387695,,overture:Estátua de José Bonifácio:-22.90512:-43.18084
Estátua de Noel Rosa,monument,overture,-22.91355323791504,-43.23522186279297,,overture:Estátua de Noel Rosa:-22.91355:-43.23522
Estátua do Bellini,monument,overture,-22.91346549987793,-43.227783203125,,overture:Estátua do Bellini:-22.91347:-43.22778
Etnias - Mural de Graffiti,monument,overture,-22.894336700439453,-43.18714904785156,,overture:Etnias - Mural de Graffiti:-22.89434:-43.18715
"Grande Méier - Engenho Novo, RJ",monument,overture,-22.904478073120117,-43.269535064697266,,"overture:Grande Méier - Engenho Novo, RJ:-22.90448:-43.26954"
"Júpiter, Quinto Planeta del Sistema Solar.",monument,overture,-22.86302375793457,-43.44258117675781,,"overture:Júpiter, Quinto Planeta del Sistema Solar.:-22.86302:-43.44258"
Laje Michael Jackson,monument,overture,-22.947126388549805,-43.19483947753906,,overture:Laje Michael Jackson:-22.94713:-43.19484
Madureira Pertinho do Divino,monument,overture,-22.863128662109375,-43.33255386352539,,overture:Madureira Pertinho do Divino:-22.86313:-43.33255
Memorial Guido Schäffer,monument,overture,-22.90836524963379,-43.171234130859375,,overture:Memorial Guido Schäffer:-22.90837:-43.17123
Mirante do Cristo. BR 040. Serra de Petropolis,monument,overture,-22.90020179748535,-43.23320007324219,,overture:Mirante do Cristo. BR 040. Serra de Petropolis:-22.90020:-43.23320
Monumento Carlos Drummond de Andrade,monument,overture,-22.968812942504883,-43.1802864074707,,overture:Monumento Carlos Drummond de Andrade:-22.96881:-43.18029
Monumento Das Tintas,monument,overture,-22.9121036529541,-43.21338653564453,,overture:Monumento Das Tintas:-22.91210:-43.21339
Monumento Estácio de Sá,monument,overture,-22.940385818481445,-43.17005920410156,,overture:Monumento Estácio de Sá:-22.94039:-43.17006
Monumento Nacional aos Mortos da Segunda Guerra Mundial,monument,overture,-22.916582107543945,-43.173397064208984,,overture:Monumento Nacional aos Mortos da Segunda Guerra Mundial:-22.91658:-43.17340
Monumento Retirada da Laguna,monument,overture,-22.954940795898438,-43.165870666503906,,overture:Monumento Retirada da Laguna:-22.95494:-43.16587
Monumento Tom Jobim,monument,overture,-22.967519760131836,-43.22404098510742,,overture:Monumento Tom Jobim:-22.96752:-43.22404
Monumento a São Sebastião,monument,overture,-22.921894073486328,-43.1741943359375,,overture:Monumento a São Sebastião:-22.92189:-43.17419
Monumento a Zumbi dos Palmares,monument,overture,-22.906862258911133,-43.19648742675781,,overture:Monumento a Zumbi dos Palmares:-22.90686:-43.19649
Monumento ao Almirante Barroso Barao do Amazonas,monument,overture,-22.91851806640625,-43.1759147644043,,overture:Monumento ao Almirante Barroso Barao do Amazonas:-22.91852:-43.17591
Monumento ao Barão de Mauá,monument,overture,-22.89607048034668,-43.18097686767578,,overture:Monumento ao Barão de Mauá:-22.89607:-43.18098
Monumento ao Senador Pinheiro Machado,monument,overture,-22.984315872192383,-43.20597457885742,,overture:Monumento ao Senador Pinheiro Machado:-22.98432:-43.20597
Monumento aos Pracinhas,monument,overture,-22.916580200195312,-43.17390823364258,,overture:Monumento aos Pracinhas:-22.91658:-43.17391
Monumento do Soldado Desconhecido,monument,overture,-22.91057586669922,-43.17109680175781,,overture:Monumento do Soldado Desconhecido:-22.91058:-43.17110
Monumento à Paz Mundial,monument,overture,-22.910526275634766,-43.16860580444336,,overture:Monumento à Paz Mundial:-22.91053:-43.16861
Monumento à Princesa Isabel,monument,overture,-22.963966369628906,-43.17401885986328,,overture:Monumento à Princesa Isabel:-22.96397:-43.17402
Morro do Sampaio,monument,overture,-22.904783248901367,-43.26142501831055,,overture:Morro do Sampaio:-22.90478:-43.26143
Mural de Eduardo Kobra em homenagem a Ayrton Senna,monument,overture,-22.914173126220703,-43.17902374267578,,overture:Mural de Eduardo Kobra em homenagem a Ayrton Senna:-22.91417:-43.17902
Muretinha,monument,overture,-22.94349479675293,-43.15999984741211,,overture:Muretinha:-22.94349:-43.16000
Nova Cedae,monument,overture,-22.906391143798828,-43.56119155883789,,overture:Nova Cedae:-22.90639:-43.56119
Palácio de Kensington,monument,overture,-22.932954788208008,-43.183284759521484,,overture:Palácio de Kensington:-22.93295:-43.18328
Pedra da Gávea,monument,overture,-22.99786949157715,-43.284732818603516,,overture:Pedra da Gávea:-22.99787:-43.28473
Petropolis - Cidade Imperial,monument,overture,-22.85264015197754,-43.35839080810547,,overture:Petropolis - Cidade Imperial:-22.85264:-43.35839
Pomnik Fryderyka Chopina w Rio de Janeiro,monument,overture,-22.95511245727539,-43.16510009765625,,overture:Pomnik Fryderyka Chopina w Rio de Janeiro:-22.95511:-43.16510
Portão Monumental da Quinta da Boa Vista,monument,overture,-22.904624938964844,-43.220359802246094,,overture:Portão Monumental da Quinta da Boa Vista:-22.90462:-43.22036
"Praça Oito de Maio, Monumento de Homenagem aos Pracinhas.",monument,overture,-22.85422134399414,-43.35187530517578,,"overture:Praça Oito de Maio, Monumento de Homenagem aos Pracinhas.:-22.85422:-43.35188"
Praça Renato Russo,monument,overture,-22.80416488647461,-43.204368591308594,,overture:Praça Renato Russo:-22.80416:-43.20437
Praça da Maria Quitéria,monument,overture,-22.850812911987305,-43.47036361694336,,overture:Praça da Maria Quitéria:-22.85081:-43.47036
Statue General Osorio,monument,overture,-22.90317153930664,-43.174598693847656,,overture:Statue General Osorio:-22.90317:-43.17460
Sugar Loaf Mountain,monument,overture,-22.954519271850586,-43.16741180419922,,overture:Sugar Loaf Mountain:-22.95452:-43.16741
Sugarloaf Mountain,monument,overture,-22.949750900268555,-43.15623474121094,,overture:Sugarloaf Mountain:-22.94975:-43.15623
UTR-Rio Arroio fundo,monument,overture,-22.955286026000977,-43.35807800292969,,overture:UTR-Rio Arroio fundo:-22.95529:-43.35808
Valao de Jardim America,monument,overture,-22.807573318481445,-43.32420349121094,,overture:Valao de Jardim America:-22.80757:-43.32420
Arquivo Geral da Cidade RJ,museum,overture,-22.909242630004883,-43.2047119140625,,overture:Arquivo Geral da Cidade RJ:-22.90924:-43.20471
Arquivo histórico do Banco do Brasil,museum,overture,-22.901046752929688,-43.1765251159668,,overture:Arquivo histórico do Banco do Brasil:-22.90105:-43.17653
AssociaÇÃO Dos Amigos Do Museu Aeroespacial,museum,overture,-22.90239906311035,-43.174095153808594,,overture:AssociaÇÃO Dos Amigos Do Museu Aeroespacial:-22.90240:-43.17410
Associação de Amigos do Museu Aeroespacial,museum,overture,-22.882553100585938,-43.390045166015625,,overture:Associação de Amigos do Museu Aeroespacial:-22.88255:-43.39005
Ateliê Esmero Único,museum,overture,-22.76746368408203,-43.11024475097656,,overture:Ateliê Esmero Único:-22.76746:-43.11024
Biblioteca do Museu Nacional da UFRJ,museum,overture,-22.908361434936523,-43.22606658935547,,overture:Biblioteca do Museu Nacional da UFRJ:-22.90836:-43.22607
Brazilian Cinema Museum,museum,overture,-22.885799407958984,-43.125064849853516,,overture:Brazilian Cinema Museum:-22.88580:-43.12506
Capela Magdalena e Roberto de Regina,museum,overture,-22.978500366210938,-43.58981704711914,,overture:Capela Magdalena e Roberto de Regina:-22.97850:-43.58982
Caravana da Ciência,museum,overture,-22.918703079223633,-43.177146911621094,,overture:Caravana da Ciência:-22.91870:-43.17715
Casa Brasil,museum,overture,-22.90060806274414,-43.17620849609375,,overture:Casa Brasil:-22.90061:-43.17621
Casa Cambaio,museum,overture,-22.892200469970703,-43.5838508605957,,overture:Casa Cambaio:-22.89220:-43.58385
Casa Museu Eva Klabin,museum,overture,-22.976009368896484,-43.19844436645508,,overture:Casa Museu Eva Klabin:-22.97601:-43.19844
Casa Quissama Museum,museum,overture,-22.870529174804688,-43.452735900878906,,overture:Casa Quissama Museum:-22.87053:-43.45274
Casa de Banho de Dom Joao VI,museum,overture,-22.87873649597168,-43.21189880371094,,overture:Casa de Banho de Dom Joao VI:-22.87874:-43.21190
Casa de Oswaldo Cruz - COC | Fiocruz,museum,overture,-22.842090606689453,-43.252296447753906,,overture:Casa de Oswaldo Cruz - COC | Fiocruz:-22.84209:-43.25230
Centro  Brasileiro  De Arqueologia,museum,overture,-22.88913345336914,-43.11558151245117,,overture:Centro  Brasileiro  De Arqueologia:-22.88913:-43.11558
Centro Cultural Goiabeira Coisa & Tal,museum,overture,-23.007640838623047,-43.294891357421875,,overture:Centro Cultural Goiabeira Coisa & Tal:-23.00764:-43.29489
Centro Nacional de Flocore e Cultura Popular,museum,overture,-22.926292419433594,-43.17646408081055,,overture:Centro Nacional de Flocore e Cultura Popular:-22.92629:-43.17646
Centro de Arte Hélio Oiticica,museum,overture,-22.905925750732422,-43.183380126953125,,overture:Centro de Arte Hélio Oiticica:-22.90593:-43.18338
Christ the Redeemer,museum,overture,-22.94046974182129,-43.198490142822266,,overture:Christ the Redeemer:-22.94047:-43.19849
Colônia de Pescadores Z-14,museum,overture,-23.002498626708984,-43.64120864868164,,overture:Colônia de Pescadores Z-14:-23.00250:-43.64121
Cultura Conecta,museum,overture,-22.893342971801758,-43.17909240722656,,overture:Cultura Conecta:-22.89334:-43.17909
Darwin: Origens & Evolução,museum,overture,-22.970470428466797,-43.2232666015625,,overture:Darwin: Origens & Evolução:-22.97047:-43.22327
Diretoria do Patrimônio Histórico e Documentação da Marinha,museum,overture,-22.90392303466797,-43.17326354980469,,overture:Diretoria do Patrimônio Histórico e Documentação da Marinha:-22.90392:-43.17326
Ecomuseu Ilha Grande,museum,overture,-22.8593807220459,-43.49663162231445,,overture:Ecomuseu Ilha Grande:-22.85938:-43.49663
Ecomuseu de Sepetiba,museum,overture,-22.97085189819336,-43.70990753173828,,overture:Ecomuseu de Sepetiba:-22.97085:-43.70991
Espaço Cultural da Marinha,museum,overture,-22.894939422607422,-43.17383575439453,,overture:Espaço Cultural da Marinha:-22.89494:-43.17384
Espaço Sequência,museum,overture,-22.923473358154297,-43.206947326660156,,overture:Espaço Sequência:-22.92347:-43.20695
Estação Vlt - Parada dos Museus,museum,overture,-22.892812728881836,-43.19192123413086,,overture:Estação Vlt - Parada dos Museus:-22.89281:-43.19192
Fio Cruz Museu da Vida,museum,overture,-22.8718204498291,-43.562618255615234,,overture:Fio Cruz Museu da Vida:-22.87182:-43.56262
Fla Memória,museum,overture,-22.97837257385254,-43.218605041503906,,overture:Fla Memória:-22.97837:-43.21861
Fondation Moreira Sales,museum,overture,-22.98186492919922,-43.2393684387207,,overture:Fondation Moreira Sales:-22.98186:-43.23937
Frida Kahlo Imersiva,museum,overture,-22.98578643798828,-43.18632507324219,,overture:Frida Kahlo Imersiva:-22.98579:-43.18633
Fundação Anita Mantuano de Artes do Estado do Rio de Janeiro,museum,overture,-22.906410217285156,-43.17947769165039,,overture:Fundação Anita Mantuano de Artes do Estado do Rio de Janeiro:-22.90641:-43.17948
Fundação Casa de Rui Barbosa,museum,overture,-22.948928833007812,-43.18698501586914,,overture:Fundação Casa de Rui Barbosa:-22.94893:-43.18699
Galaxion,museum,overture,-22.996559143066406,-43.2596321105957,,overture:Galaxion:-22.99656:-43.25963
Havana Carioca rj,museum,overture,-22.912002563476562,-43.181583404541016,,overture:Havana Carioca rj:-22.91200:-43.18158
Ictiologia Museu Nacional,museum,overture,-22.907922744750977,-43.22489929199219,,overture:Ictiologia Museu Nacional:-22.90792:-43.22490
Imagens contam histórias de Niterói,museum,overture,-22.903413772583008,-43.1277961730957,,overture:Imagens contam histórias de Niterói:-22.90341:-43.12780
Incaer - Instituto Histórico-Cultural da Aeronáutica,museum,overture,-22.905460357666016,-43.16859817504883,,overture:Incaer - Instituto Histórico-Cultural da Aeronáutica:-22.90546:-43.16860
Instituto Brasileiro de Museus - Ibram,museum,overture,-22.917451858520508,-43.18289566040039,,overture:Instituto Brasileiro de Museus - Ibram:-22.91745:-43.18290
Instituto Soalthe+,museum,overture,-22.750837326049805,-43.5265007019043,,overture:Instituto Soalthe+:-22.75084:-43.52650
Interser,museum,overture,-22.974117279052734,-43.188541412353516,,overture:Interser:-22.97412:-43.18854
Jardim Botânico - Museu de Tom Jobim,museum,overture,-22.964548110961914,-43.22530746459961,,overture:Jardim Botânico - Museu de Tom Jobim:-22.96455:-43.22531
Joao e Maria Museum,museum,overture,-22.900840759277344,-43.18162155151367,,overture:Joao e Maria Museum:-22.90084:-43.18162
LaDQuim,museum,overture,-22.86524200439453,-43.22917938232422,,overture:LaDQuim:-22.86524:-43.22918
MAC - Museu de Arte Contemporânea de Niterói,museum,overture,-22.906530380249023,-43.131771087646484,,overture:MAC - Museu de Arte Contemporânea de Niterói:-22.90653:-43.13177
MAM Rio,museum,overture,-22.913419723510742,-43.17182922363281,,overture:MAM Rio:-22.91342:-43.17183
MIS / Museu da Imagem e do Som,museum,overture,-22.91408920288086,-43.17859649658203,,overture:MIS / Museu da Imagem e do Som:-22.91409:-43.17860
MIS Museu da Imagem e do Som,museum,overture,-22.978931427001953,-43.18943405151367,,overture:MIS Museu da Imagem e do Som:-22.97893:-43.18943
Memorial Pretos Novos,museum,overture,-22.896039962768555,-43.1929817199707,,overture:Memorial Pretos Novos:-22.89604:-43.19298
Memorial Roberto Silveira,museum,overture,-22.889490127563477,-43.127803802490234,,overture:Memorial Roberto Silveira:-22.88949:-43.12780
Meninas com Ciência - Museu Nacional/UFRJ,museum,overture,-22.905073165893555,-43.22277069091797,,overture:Meninas com Ciência - Museu Nacional/UFRJ:-22.90507:-43.22277
Mirante Do Boa Viagem - Ingá,museum,overture,-22.902204513549805,-43.124717712402344,,overture:Mirante Do Boa Viagem - Ingá:-22.90220:-43.12472
Monumento Natural Estadual Peter Lund,museum,overture,-22.843402862548828,-43.31566619873047,,overture:Monumento Natural Estadual Peter Lund:-22.84340:-43.31567
Mural Babilonia,museum,overture,-22.960342407226562,-43.16975402832031,,overture:Mural Babilonia:-22.96034:-43.16975
Musehum,museum,overture,-22.929960250854492,-43.176513671875,,overture:Musehum:-22.92996:-43.17651
Museo Militar Copacabana,museum,overture,-22.985713958740234,-43.185054779052734,,overture:Museo Militar Copacabana:-22.98571:-43.18505
Museo Naval Rio do Janeiro,museum,overture,-22.90612030029297,-43.17680358886719,,overture:Museo Naval Rio do Janeiro:-22.90612:-43.17680
Museo de Bellas Artes de Rio de Janeiro,museum,overture,-22.987783432006836,-43.19388961791992,,overture:Museo de Bellas Artes de Rio de Janeiro:-22.98778:-43.19389
Museu Aeroespacial,museum,overture,-22.880685806274414,-43.385009765625,,overture:Museu Aeroespacial:-22.88069:-43.38501
Museu Africano Rio de Janeiro,museum,overture,-22.96817398071289,-43.18467712402344,,overture:Museu Africano Rio de Janeiro:-22.96817:-43.18468
Museu Amsterdam Sauer,museum,overture,-22.98337173461914,-43.21253967285156,,overture:Museu Amsterdam Sauer:-22.98337:-43.21254
Museu Botafogo,museum,overture,-22.954944610595703,-43.17790985107422,,overture:Museu Botafogo:-22.95494:-43.17791
Museu CBF Experience,museum,overture,-22.996002197265625,-43.36406707763672,,overture:Museu CBF Experience:-22.99600:-43.36407
Museu Carmen Miranda,museum,overture,-22.941368103027344,-43.17216110229492,,overture:Museu Carmen Miranda:-22.94137:-43.17216
Museu Cartográfico do Seviço Geográfico do Exército,museum,overture,-22.899677276611328,-43.1827278137207,,overture:Museu Cartográfico do Seviço Geográfico do Exército:-22.89968:-43.18273
Museu Casa Bumba Meu Boi,museum,overture,-22.85610008239746,-43.473670959472656,,overture:Museu Casa Bumba Meu Boi:-22.85610:-43.47367
Museu Casa França Brasil,museum,overture,-22.90557289123535,-43.19355392456055,,overture:Museu Casa França Brasil:-22.90557:-43.19355
Museu Casa de Benjamin Constant,museum,overture,-22.92045021057129,-43.18826675415039,,overture:Museu Casa de Benjamin Constant:-22.92045:-43.18827
Museu Casa do Reitor,museum,overture,-22.763694763183594,-43.69206619262695,,overture:Museu Casa do Reitor:-22.76369:-43.69207
Museu Fluminense FC,museum,overture,-22.93624496459961,-43.18465042114258,,overture:Museu Fluminense FC:-22.93624:-43.18465
Museu Fotográfico Mauro Palombo,museum,overture,-22.881872177124023,-43.12480545043945,,overture:Museu Fotográfico Mauro Palombo:-22.88187:-43.12481
Museu Histórico da Cidade do Rio de Janeiro,museum,overture,-22.981197357177734,-43.240379333496094,,overture:Museu Histórico da Cidade do Rio de Janeiro:-22.98120:-43.24038
Museu Histórico de Campos dos Goytacazes,museum,overture,-22.933853149414062,-43.179901123046875,,overture:Museu Histórico de Campos dos Goytacazes:-22.93385:-43.17990
Museu Judaico do Rio de Janeiro,museum,overture,-22.90955924987793,-43.17481231689453,,overture:Museu Judaico do Rio de Janeiro:-22.90956:-43.17481
Museu Light da Energia,museum,overture,-22.90252685546875,-43.187068939208984,,overture:Museu Light da Energia:-22.90253:-43.18707
Museu Marechal Zenóbio da Costa,museum,overture,-22.924285888671875,-43.23784637451172,,overture:Museu Marechal Zenóbio da Costa:-22.92429:-43.23785
Museu Matheus Martani,museum,overture,-22.94014549255371,-43.17823028564453,,overture:Museu Matheus Martani:-22.94015:-43.17823
Museu Nacional,museum,overture,-23.019765853881836,-43.46478271484375,,overture:Museu Nacional:-23.01977:-43.46478
Museu Nacional de Belas Artes,museum,overture,-22.909351348876953,-43.17568588256836,,overture:Museu Nacional de Belas Artes:-22.90935:-43.17569
Museu Nacional dos Povos Indígenas OBS: Apenas os jardins estão abertos!,museum,overture,-22.951879501342773,-43.19114303588867,,overture:Museu Nacional dos Povos Indígenas OBS: Apenas os jardins estão abertos!:-22.95188:-43.19114
Museu Naval,museum,overture,-22.903940200805664,-43.172977447509766,,overture:Museu Naval:-22.90394:-43.17298
Museu Niteroi,museum,overture,-22.907499313354492,-43.12652587890625,,overture:Museu Niteroi:-22.90750:-43.12653
Museu Oi Futuro - Museu das Telecomunisações RJ,museum,overture,-22.919710159301758,-43.17184066772461,,overture:Museu Oi Futuro - Museu das Telecomunisações RJ:-22.91971:-43.17184
Museu Penitenciário,museum,overture,-22.915241241455078,-43.199832916259766,,overture:Museu Penitenciário:-22.91524:-43.19983
Museu Vascaino,museum,overture,-22.89118003845215,-43.22890853881836,,overture:Museu Vascaino:-22.89118:-43.22891
Museu Villa-Lobos,museum,overture,-22.95186424255371,-43.190582275390625,,overture:Museu Villa-Lobos:-22.95186:-43.19058
Museu da Escravidão e da Liberdade,museum,overture,-22.896217346191406,-43.194278717041016,,overture:Museu da Escravidão e da Liberdade:-22.89622:-43.19428
Museu da Feb - Petrópolis - RJ,museum,overture,-22.86811637878418,-43.43610382080078,,overture:Museu da Feb - Petrópolis - RJ:-22.86812:-43.43610
Museu da Força Expedicionária Brasileira,museum,overture,-22.91225242614746,-43.17831039428711,,overture:Museu da Força Expedicionária Brasileira:-22.91225:-43.17831
Museu da Geodiversidade,museum,overture,-22.857337951660156,-43.23231506347656,,overture:Museu da Geodiversidade:-22.85734:-43.23232
Museu da Geodiversidade Ufrj,museum,overture,-22.828550338745117,-43.3173713684082,,overture:Museu da Geodiversidade Ufrj:-22.82855:-43.31737
Museu da Ii Guerra Mundial,museum,overture,-22.916513442993164,-43.174041748046875,,overture:Museu da Ii Guerra Mundial:-22.91651:-43.17404
Museu da Imagem e do Som,museum,overture,-22.913700103759766,-43.17220687866211,,overture:Museu da Imagem e do Som:-22.91370:-43.17221
Museu da Imagem e do Som,museum,overture,-22.905780792236328,-43.170936584472656,,overture:Museu da Imagem e do Som:-22.90578:-43.17094
Museu da Imagem e do Som (MIS),museum,overture,-22.978595733642578,-43.18894958496094,,overture:Museu da Imagem e do Som (MIS):-22.97860:-43.18895
Museu da Imagem e do Som (MIS),museum,overture,-22.91398811340332,-43.178558349609375,,overture:Museu da Imagem e do Som (MIS):-22.91399:-43.17856
Museu da Justiça,museum,overture,-22.904979705810547,-43.17282485961914,,overture:Museu da Justiça:-22.90498:-43.17282
Museu da Limpeza Urbana,museum,overture,-22.878807067871094,-43.21181869506836,,overture:Museu da Limpeza Urbana:-22.87881:-43.21182
Museu da Marinha,museum,overture,-22.900516510009766,-43.174720764160156,,overture:Museu da Marinha:-22.90052:-43.17472
Museu da Pediatria,museum,overture,-22.94082260131836,-43.19725036621094,,overture:Museu da Pediatria:-22.94082:-43.19725
Museu da Pelada,museum,overture,-22.998708724975586,-43.272605895996094,,overture:Museu da Pelada:-22.99871:-43.27261
Museu da República,museum,overture,-22.9258975982666,-43.17634963989258,,overture:Museu da República:-22.92590:-43.17635
Museu de Arte Sacra,museum,overture,-22.973583221435547,-43.207801818847656,,overture:Museu de Arte Sacra:-22.97358:-43.20780
Museu de Bangu,museum,overture,-22.878812789916992,-43.46345901489258,,overture:Museu de Bangu:-22.87881:-43.46346
"Museu de Cera, Foz do Iguazu",museum,overture,-22.877893447875977,-43.099430084228516,,"overture:Museu de Cera, Foz do Iguazu:-22.87789:-43.09943"
Museu de Favela MUF,museum,overture,-22.981935501098633,-43.197540283203125,,overture:Museu de Favela MUF:-22.98194:-43.19754
Museu de Geologia da Urca,museum,overture,-22.954320907592773,-43.167320251464844,,overture:Museu de Geologia da Urca:-22.95432:-43.16732
Museu de História Natural da Quinta da Boavista,museum,overture,-22.95443344116211,-43.181610107421875,,overture:Museu de História Natural da Quinta da Boavista:-22.95443:-43.18161
Museu de Luiz Gonzaga,museum,overture,-22.897497177124023,-43.22040939331055,,overture:Museu de Luiz Gonzaga:-22.89750:-43.22041
Museu de Odontologia Professor Salles Cunha,museum,overture,-22.922924041748047,-43.211814880371094,,overture:Museu de Odontologia Professor Salles Cunha:-22.92292:-43.21181
Museu de Zoologia da UFRRJ,museum,overture,-22.768028259277344,-43.67765426635742,,overture:Museu de Zoologia da UFRRJ:-22.76803:-43.67765
Museu de pedras preciosas,museum,overture,-22.98370361328125,-43.20927429199219,,overture:Museu de pedras preciosas:-22.98370:-43.20927
Museu do Catavento Sao Paulo,museum,overture,-22.91140365600586,-43.107269287109375,,overture:Museu do Catavento Sao Paulo:-22.91140:-43.10727
Museu do Chocolate,museum,overture,-22.901330947875977,-43.203086853027344,,overture:Museu do Chocolate:-22.90133:-43.20309
Museu do Cocuruto,museum,overture,-22.955738067626953,-43.16703796386719,,overture:Museu do Cocuruto:-22.95574:-43.16704
Museu do Esporte do Exercito,museum,overture,-22.945280075073242,-43.16314697265625,,overture:Museu do Esporte do Exercito:-22.94528:-43.16315
Museu do Exercito,museum,overture,-22.912229537963867,-43.2335205078125,,overture:Museu do Exercito:-22.91223:-43.23352
Museu do Futebol,museum,overture,-22.91014862060547,-43.23030471801758,,overture:Museu do Futebol:-22.91015:-43.23030
Museu do Meio Ambiente,museum,overture,-22.97044563293457,-43.22324752807617,,overture:Museu do Meio Ambiente:-22.97045:-43.22325
Museu do Planetário,museum,overture,-22.978300094604492,-43.230281829833984,,overture:Museu do Planetário:-22.97830:-43.23028
Museu do Samba,museum,overture,-22.90155029296875,-43.240806579589844,,overture:Museu do Samba:-22.90155:-43.24081
Museu do Surf - By Rico,museum,overture,-22.897493362426758,-43.195945739746094,,overture:Museu do Surf - By Rico:-22.89749:-43.19595
Museu do amanhã,museum,overture,-22.966554641723633,-43.18284225463867,,overture:Museu do amanhã:-22.96655:-43.18284
Museu do bonde,museum,overture,-22.88930892944336,-43.118690490722656,,overture:Museu do bonde:-22.88931:-43.11869
Museu dos Azulejos,museum,overture,-22.85662269592285,-43.32790756225586,,overture:Museu dos Azulejos:-22.85662:-43.32791
Museum of Contemporary Art,museum,overture,-22.90730857849121,-43.12595748901367,,overture:Museum of Contemporary Art:-22.90731:-43.12596
Museum of Humanity,museum,overture,-22.819459915161133,-43.39517593383789,,overture:Museum of Humanity:-22.81946:-43.39518
Museum of Tiles,museum,overture,-22.885074615478516,-43.27762985229492,,overture:Museum of Tiles:-22.88507:-43.27763
Muzema Cit,museum,overture,-22.990306854248047,-43.32258224487305,,overture:Muzema Cit:-22.99031:-43.32258
National Museum of Brazil,museum,overture,-22.905765533447266,-43.22652816772461,,overture:National Museum of Brazil:-22.90577:-43.22653
Nave do Conhecimento Engenhão - 1ª Arena E-sports Pública do BR,museum,overture,-22.894798278808594,-43.29410171508789,,overture:Nave do Conhecimento Engenhão - 1ª Arena E-sports Pública do BR:-22.89480:-43.29410
Navio Museu Bauru,museum,overture,-23.003124237060547,-43.42890167236328,,overture:Navio Museu Bauru:-23.00312:-43.42890
O Museu da Imigração do Estado de São Paulo,museum,overture,-22.90138053894043,-43.108985900878906,,overture:O Museu da Imigração do Estado de São Paulo:-22.90138:-43.10899
Onde Tudo Começou - OTC,museum,overture,-22.905824661254883,-43.226566314697266,,overture:Onde Tudo Começou - OTC:-22.90582:-43.22657
Palácio Episcopal da Conceição,museum,overture,-22.899534225463867,-43.18285369873047,,overture:Palácio Episcopal da Conceição:-22.89953:-43.18285
Palácio da Justiça,museum,overture,-22.893970489501953,-43.11785888671875,,overture:Palácio da Justiça:-22.89397:-43.11786
Palácio do Grão-Pará,museum,overture,-22.823362350463867,-43.595787048339844,,overture:Palácio do Grão-Pará:-22.82336:-43.59579
Panteão Duque de Caxias,museum,overture,-22.903614044189453,-43.18916702270508,,overture:Panteão Duque de Caxias:-22.90361:-43.18917
Parque das Ruínas / Museu da Chácara do Céu,museum,overture,-22.912790298461914,-43.177146911621094,,overture:Parque das Ruínas / Museu da Chácara do Céu:-22.91279:-43.17715
Quilombo das Neves-Centro de Preservaca o Cultural da Arte Capoeira-CPCAC,museum,overture,-22.91550064086914,-43.190914154052734,,overture:Quilombo das Neves-Centro de Preservaca o Cultural da Arte Capoeira-CPCAC:-22.91550:-43.19091
Quinta da Boa Vista - Museu Nacional,museum,overture,-22.926443099975586,-43.2158317565918,,overture:Quinta da Boa Vista - Museu Nacional:-22.92644:-43.21583
Recanto do Museu,museum,overture,-22.985599517822266,-43.1866569519043,,overture:Recanto do Museu:-22.98560:-43.18666
Rio Illusions | Museu de Ilusões,museum,overture,-22.9545841217041,-43.167335510253906,,overture:Rio Illusions | Museu de Ilusões:-22.95458:-43.16734
Rio Museu Olímpico,museum,overture,-22.975435256958008,-43.39298629760742,,overture:Rio Museu Olímpico:-22.97544:-43.39299
Sala Museal Artes e Idéias,museum,overture,-22.90167236328125,-43.18148422241211,,overture:Sala Museal Artes e Idéias:-22.90167:-43.18148
Sitio Histórico Monte Zumba,museum,overture,-22.98735237121582,-43.27914810180664,,overture:Sitio Histórico Monte Zumba:-22.98735:-43.27915
Solar de Grandjean de Montigny,museum,overture,-22.979021072387695,-43.23373031616211,,overture:Solar de Grandjean de Montigny:-22.97902:-43.23373
Solar do Jambeiro,museum,overture,-22.903234481811523,-43.128047943115234,,overture:Solar do Jambeiro:-22.90323:-43.12805
Solarpucrio,museum,overture,-22.978971481323242,-43.2333869934082,,overture:Solarpucrio:-22.97897:-43.23339
Submarino Museu Riachuelo,museum,overture,-22.90412139892578,-43.17204284667969,,overture:Submarino Museu Riachuelo:-22.90412:-43.17204
TK Souvenir,museum,overture,-22.922090530395508,-43.176246643066406,,overture:TK Souvenir:-22.92209:-43.17625
Turbulências,museum,overture,-22.89689064025879,-43.18194580078125,,overture:Turbulências:-22.89689:-43.18195
Feira de Cidade De Deus (Quarta-Feira),recurring_cultural_event,feiras_registry,-22.9480908,-43.3592755,,feiras_registry:Feira de Cidade De Deus (Quarta-Feira):-22.94809:-43.35928
"Feira de Recreio Dos
Bandeirantes (Sábado)",recurring_cultural_event,feiras_registry,-23.0232945,-43.4855252,,"feiras_registry:Feira de Recreio Dos
Bandeirantes (Sábado):-23.02329:-43.48553"
Feira de Tijuca (Sexta-Feira),recurring_cultural_event,feiras_registry,-22.9206461,-43.2249591,,feiras_registry:Feira de Tijuca (Sexta-Feira):-22.92065:-43.22496
360k Estudio,topic_concert_venue,overture,-22.908809661865234,-43.104209899902344,,overture:360k Estudio:-22.90881:-43.10421
A CASA De Prata,topic_concert_venue,overture,-22.89580726623535,-43.472869873046875,,overture:A CASA De Prata:-22.89581:-43.47287
A Casa Índigo,topic_concert_venue,overture,-22.938180923461914,-43.19796371459961,,overture:A Casa Índigo:-22.93818:-43.19796
A Festa,topic_concert_venue,overture,-22.857250213623047,-43.25740051269531,,overture:A Festa:-22.85725:-43.25740
A boa do Rio,topic_concert_venue,overture,-22.896554946899414,-43.186485290527344,,overture:A boa do Rio:-22.89655:-43.18649
AMAJU Espaço Eventos,topic_concert_venue,overture,-22.84432029724121,-43.32158660888672,,overture:AMAJU Espaço Eventos:-22.84432:-43.32159
AMOR,topic_concert_venue,overture,-22.927616119384766,-43.22967529296875,,overture:AMOR:-22.92762:-43.22968
AO VIVO,topic_concert_venue,overture,-22.811403274536133,-43.433536529541016,,overture:AO VIVO:-22.81140:-43.43354
ARES Casa do Marinheiro,topic_concert_venue,overture,-22.829267501831055,-43.268638610839844,,overture:ARES Casa do Marinheiro:-22.82927:-43.26864
ATO       Paulo Denizot,topic_concert_venue,overture,-22.9177303314209,-43.17817306518555,,overture:ATO       Paulo Denizot:-22.91773:-43.17817
Aabb Campos,topic_concert_venue,overture,-22.887840270996094,-43.46647644042969,,overture:Aabb Campos:-22.88784:-43.46648
Abadá Capoeira Anchieta-Rj,topic_concert_venue,overture,-22.835832595825195,-43.4102897644043,,overture:Abadá Capoeira Anchieta-Rj:-22.83583:-43.41029
Academicos do Engenho da Rainha,topic_concert_venue,overture,-22.87095832824707,-43.29536437988281,,overture:Academicos do Engenho da Rainha:-22.87096:-43.29536
Ae Galera E Pra Todo Mundo Descer Para O Complexo Esportivo Da Rocinha,topic_concert_venue,overture,-22.98082160949707,-43.1973876953125,,overture:Ae Galera E Pra Todo Mundo Descer Para O Complexo Esportivo Da Rocinha:-22.98082:-43.19739
Afoxé Filhos de Gandhi RJ,topic_concert_venue,overture,-22.899267196655273,-43.187747955322266,,overture:Afoxé Filhos de Gandhi RJ:-22.89927:-43.18775
Agape Eventos,topic_concert_venue,overture,-22.884912490844727,-43.54269790649414,,overture:Agape Eventos:-22.88491:-43.54270
Aidê Casa De Festas,topic_concert_venue,overture,-22.836261749267578,-43.35789108276367,,overture:Aidê Casa De Festas:-22.83626:-43.35789
Alameda do recreio,topic_concert_venue,overture,-23.019622802734375,-43.47136688232422,,overture:Alameda do recreio:-23.01962:-43.47137
Alegria Total Espaço Para Eventos,topic_concert_venue,overture,-22.85445785522461,-43.763389587402344,,overture:Alegria Total Espaço Para Eventos:-22.85446:-43.76339
Alegria do Céu - Espaço para festas e eventos,topic_concert_venue,overture,-22.929452896118164,-43.33197021484375,,overture:Alegria do Céu - Espaço para festas e eventos:-22.92945:-43.33197
Alto Jardim,topic_concert_venue,overture,-22.765148162841797,-43.33631134033203,,overture:Alto Jardim:-22.76515:-43.33631
Alto da Colina Festas e Eventos,topic_concert_venue,overture,-22.901840209960938,-43.307350158691406,,overture:Alto da Colina Festas e Eventos:-22.90184:-43.30735
Amigos sobre as ondas,topic_concert_venue,overture,-22.899423599243164,-43.306156158447266,,overture:Amigos sobre as ondas:-22.89942:-43.30616
Amor de Verão Rj,topic_concert_venue,overture,-22.843473434448242,-43.298736572265625,,overture:Amor de Verão Rj:-22.84347:-43.29874
Amor em Dirigir,topic_concert_venue,overture,-22.903352737426758,-43.18329620361328,,overture:Amor em Dirigir:-22.90335:-43.18330
Andrade eventos - Salão de festas,topic_concert_venue,overture,-22.89064598083496,-43.47209548950195,,overture:Andrade eventos - Salão de festas:-22.89065:-43.47210
Anime Nikity Evento,topic_concert_venue,overture,-22.897693634033203,-43.124061584472656,,overture:Anime Nikity Evento:-22.89769:-43.12406
Aprazivel 55,topic_concert_venue,overture,-22.9226131439209,-43.187313079833984,,overture:Aprazivel 55:-22.92261:-43.18731
Aquarela Festas,topic_concert_venue,overture,-22.78561782836914,-43.57173156738281,,overture:Aquarela Festas:-22.78562:-43.57173
Arco-irís Festas e decoração,topic_concert_venue,overture,-22.7589054107666,-43.4036865234375,,overture:Arco-irís Festas e decoração:-22.75891:-43.40369
Arena 10 e meio # Top10,topic_concert_venue,overture,-22.982568740844727,-43.46514892578125,,overture:Arena 10 e meio # Top10:-22.98257:-43.46515
Arena Brahma Copa,topic_concert_venue,overture,-22.96560287475586,-43.1744270324707,,overture:Arena Brahma Copa:-22.96560:-43.17443
Arena Braço Forte,topic_concert_venue,overture,-22.758195877075195,-43.407039642333984,,overture:Arena Braço Forte:-22.75820:-43.40704
Arena Campinho Eventos,topic_concert_venue,overture,-22.881580352783203,-43.617820739746094,,overture:Arena Campinho Eventos:-22.88158:-43.61782
Arena Cantareira,topic_concert_venue,overture,-22.899255752563477,-43.13089370727539,,overture:Arena Cantareira:-22.89926:-43.13089
Arena Cultural Fernando Torres,topic_concert_venue,overture,-22.831148147583008,-43.383872985839844,,overture:Arena Cultural Fernando Torres:-22.83115:-43.38387
Arena Da Bola,topic_concert_venue,overture,-22.818910598754883,-43.31127166748047,,overture:Arena Da Bola:-22.81891:-43.31127
Arena Estudio,topic_concert_venue,overture,-22.956586837768555,-43.18257141113281,,overture:Arena Estudio:-22.95659:-43.18257
Arena Festa F.C.,topic_concert_venue,overture,-22.891860961914062,-43.348270416259766,,overture:Arena Festa F.C.:-22.89186:-43.34827
Arena Gardênia,topic_concert_venue,overture,-22.961442947387695,-43.35100173950195,,overture:Arena Gardênia:-22.96144:-43.35100
Arena Mato Alto,topic_concert_venue,overture,-22.899940490722656,-43.342506408691406,,overture:Arena Mato Alto:-22.89994:-43.34251
Arena Monte Líbano,topic_concert_venue,overture,-22.882505416870117,-43.597259521484375,,overture:Arena Monte Líbano:-22.88251:-43.59726
Arena Music,topic_concert_venue,overture,-23.004222869873047,-43.3136100769043,,overture:Arena Music:-23.00422:-43.31361
Arena Padre Miguel,topic_concert_venue,overture,-22.887481689453125,-43.444583892822266,,overture:Arena Padre Miguel:-22.88748:-43.44458
Arena Park Madureira,topic_concert_venue,overture,-22.870447158813477,-43.44732666015625,,overture:Arena Park Madureira:-22.87045:-43.44733
Arena show de bola,topic_concert_venue,overture,-22.75313377380371,-43.36170959472656,,overture:Arena show de bola:-22.75313:-43.36171
Armazem Paraiba,topic_concert_venue,overture,-23.002973556518555,-43.317344665527344,,overture:Armazem Paraiba:-23.00297:-43.31734
Arraiá D'Ajuda,topic_concert_venue,overture,-22.762422561645508,-43.465267181396484,,overture:Arraiá D'Ajuda:-22.76242:-43.46527
Associação Gardenia Azul,topic_concert_venue,overture,-22.95941925048828,-43.352745056152344,,overture:Associação Gardenia Azul:-22.95942:-43.35275
Associação de Surf da Rocinha - A.S.R,topic_concert_venue,overture,-22.98199462890625,-43.24094009399414,,overture:Associação de Surf da Rocinha - A.S.R:-22.98199:-43.24094
Auditório Gustavo Dutra (Gustavão),topic_concert_venue,overture,-22.766210556030273,-43.64338684082031,,overture:Auditório Gustavo Dutra (Gustavão):-22.76621:-43.64339
Auguri - Casa de Festas,topic_concert_venue,overture,-22.89215087890625,-43.29548645019531,,overture:Auguri - Casa de Festas:-22.89215:-43.29549
BAILE DA VILA Operaria,topic_concert_venue,overture,-22.78737449645996,-43.2950553894043,,overture:BAILE DA VILA Operaria:-22.78737:-43.29506
BAIXO Taquara,topic_concert_venue,overture,-22.935422897338867,-43.37892150878906,,overture:BAIXO Taquara:-22.93542:-43.37892
BLOCO Pirlim-Pim-Pim,topic_concert_venue,overture,-22.791372299194336,-43.3252067565918,,overture:BLOCO Pirlim-Pim-Pim:-22.79137:-43.32521
BOHO a Festa,topic_concert_venue,overture,-22.909780502319336,-43.1999626159668,,overture:BOHO a Festa:-22.90978:-43.19996
Back to 2000,topic_concert_venue,overture,-22.914493560791016,-43.18333053588867,,overture:Back to 2000:-22.91449:-43.18333
Back2Black,topic_concert_venue,overture,-22.907785415649414,-43.21044921875,,overture:Back2Black:-22.90779:-43.21045
Bagunça,topic_concert_venue,overture,-23.011333465576172,-43.32296371459961,,overture:Bagunça:-23.01133:-43.32296
Baile  da  Providencia,topic_concert_venue,overture,-22.89989471435547,-43.19315719604492,,overture:Baile  da  Providencia:-22.89989:-43.19316
Baile Da Provi Centro da Cidade,topic_concert_venue,overture,-22.89933967590332,-43.198020935058594,,overture:Baile Da Provi Centro da Cidade:-22.89934:-43.19802
Baile da Preta,topic_concert_venue,overture,-22.980539321899414,-43.2155876159668,,overture:Baile da Preta:-22.98054:-43.21559
Baile da Santinha,topic_concert_venue,overture,-22.839893341064453,-43.3046760559082,,overture:Baile da Santinha:-22.83989:-43.30468
Baile do Parque União,topic_concert_venue,overture,-22.850811004638672,-43.245174407958984,,overture:Baile do Parque União:-22.85081:-43.24517
Baile do Zé,topic_concert_venue,overture,-22.950998306274414,-43.35445022583008,,overture:Baile do Zé:-22.95100:-43.35445
Bairro Celina,topic_concert_venue,overture,-22.896005630493164,-43.59513473510742,,overture:Bairro Celina:-22.89601:-43.59513
Bairro São Cristóvão - RJ,topic_concert_venue,overture,-22.900772094726562,-43.218345642089844,,overture:Bairro São Cristóvão - RJ:-22.90077:-43.21835
Balada Prime,topic_concert_venue,overture,-22.840473175048828,-43.31355667114258,,overture:Balada Prime:-22.84047:-43.31356
Ballroom Alto,topic_concert_venue,overture,-22.954301834106445,-43.262630462646484,,overture:Ballroom Alto:-22.95430:-43.26263
Banca Do Blues,topic_concert_venue,overture,-22.912155151367188,-43.17500686645508,,overture:Banca Do Blues:-22.91216:-43.17501
Banda Foliões da Saenz Peña,topic_concert_venue,overture,-22.925113677978516,-43.23214340209961,,overture:Banda Foliões da Saenz Peña:-22.92511:-43.23214
Banda da Saens-Peña,topic_concert_venue,overture,-22.92804718017578,-43.23141860961914,,overture:Banda da Saens-Peña:-22.92805:-43.23142
Bar Senarium Lapa,topic_concert_venue,overture,-22.90826416015625,-43.18400573730469,,overture:Bar Senarium Lapa:-22.90826:-43.18401
Bar da Mangueira,topic_concert_venue,overture,-22.83370018005371,-43.405391693115234,,overture:Bar da Mangueira:-22.83370:-43.40539
Barra Azul - Casa de Festas,topic_concert_venue,overture,-22.754310607910156,-43.4099006652832,,overture:Barra Azul - Casa de Festas:-22.75431:-43.40990
Barracao do Pagode,topic_concert_venue,overture,-22.77667808532715,-43.302486419677734,,overture:Barracao do Pagode:-22.77668:-43.30249
Barracão da Unidos do Viradouro,topic_concert_venue,overture,-22.899932861328125,-43.20647048950195,,overture:Barracão da Unidos do Viradouro:-22.89993:-43.20647
Barretos SALAO Festas,topic_concert_venue,overture,-22.74994659423828,-43.30119705200195,,overture:Barretos SALAO Festas:-22.74995:-43.30120
Bartequim,topic_concert_venue,overture,-22.904207229614258,-43.295440673828125,,overture:Bartequim:-22.90421:-43.29544
Batalha Do Pontilhão,topic_concert_venue,overture,-22.925846099853516,-43.368648529052734,,overture:Batalha Do Pontilhão:-22.92585:-43.36865
Batuke De Batom,topic_concert_venue,overture,-22.82588768005371,-43.16940689086914,,overture:Batuke De Batom:-22.82589:-43.16941
Bear Nation,topic_concert_venue,overture,-22.91288185119629,-43.18534469604492,,overture:Bear Nation:-22.91288:-43.18534
Bellart Eventos,topic_concert_venue,overture,-22.892248153686523,-43.321563720703125,,overture:Bellart Eventos:-22.89225:-43.32156
Bemi.eventos,topic_concert_venue,overture,-22.88662338256836,-43.46556091308594,,overture:Bemi.eventos:-22.88662:-43.46556
Bendito Domingo,topic_concert_venue,overture,-22.913660049438477,-43.1723518371582,,overture:Bendito Domingo:-22.91366:-43.17235
BetsFests,topic_concert_venue,overture,-22.844343185424805,-43.298980712890625,,overture:BetsFests:-22.84434:-43.29898
Big Fest Salão de Festas,topic_concert_venue,overture,-22.9285831451416,-43.561790466308594,,overture:Big Fest Salão de Festas:-22.92858:-43.56179
Bilac fest house,topic_concert_venue,overture,-22.76551055908203,-43.327110290527344,,overture:Bilac fest house:-22.76551:-43.32711
Biologic,topic_concert_venue,overture,-22.92439079284668,-43.291221618652344,,overture:Biologic:-22.92439:-43.29122
BisPark,topic_concert_venue,overture,-22.780420303344727,-43.56053161621094,,overture:BisPark:-22.78042:-43.56053
Black House,topic_concert_venue,overture,-22.88489532470703,-43.427391052246094,,overture:Black House:-22.88490:-43.42739
Bloco Banda da Freguesia,topic_concert_venue,overture,-22.938570022583008,-43.339866638183594,,overture:Bloco Banda da Freguesia:-22.93857:-43.33987
Bloco Banda do Pechincha,topic_concert_venue,overture,-22.92836570739746,-43.3544807434082,,overture:Bloco Banda do Pechincha:-22.92837:-43.35448
Bloco Cardosão de Laranjeiras,topic_concert_venue,overture,-22.938058853149414,-43.18865966796875,,overture:Bloco Cardosão de Laranjeiras:-22.93806:-43.18866
Bloco Empolga às 9,topic_concert_venue,overture,-22.984527587890625,-43.189395904541016,,overture:Bloco Empolga às 9:-22.98453:-43.18940
Bloco Esquina Chic de Padre Miguel,topic_concert_venue,overture,-22.871625900268555,-43.452186584472656,,overture:Bloco Esquina Chic de Padre Miguel:-22.87163:-43.45219
Bloco Vizinha Fofoqueira,topic_concert_venue,overture,-22.861530303955078,-43.354312896728516,,overture:Bloco Vizinha Fofoqueira:-22.86153:-43.35431
Bloco da Sá Ferreira,topic_concert_venue,overture,-22.98165512084961,-43.19021224975586,,overture:Bloco da Sá Ferreira:-22.98166:-43.19021
Boate Enigma,topic_concert_venue,overture,-22.78902244567871,-43.31258773803711,,overture:Boate Enigma:-22.78902:-43.31259
Boate do Chico,topic_concert_venue,overture,-22.85919189453125,-43.78017044067383,,overture:Boate do Chico:-22.85919:-43.78017
Bola Show,topic_concert_venue,overture,-22.930233001708984,-43.68015670776367,,overture:Bola Show:-22.93023:-43.68016
Bonifacio Divulgaçoes,topic_concert_venue,overture,-22.98600196838379,-43.329803466796875,,overture:Bonifacio Divulgaçoes:-22.98600:-43.32980
Bosque da Fazenda Eventos RJ,topic_concert_venue,overture,-22.919233322143555,-43.41633605957031,,overture:Bosque da Fazenda Eventos RJ:-22.91923:-43.41634
Boteco Bem Carioca,topic_concert_venue,overture,-22.907190322875977,-43.1838264465332,,overture:Boteco Bem Carioca:-22.90719:-43.18383
Boteco de Panela,topic_concert_venue,overture,-22.938358306884766,-43.19199752807617,,overture:Boteco de Panela:-22.93836:-43.19200
Botequim do Império,topic_concert_venue,overture,-22.87431526184082,-43.33609390258789,,overture:Botequim do Império:-22.87432:-43.33609
Boulevard Olímpico - Porto Maravilha,topic_concert_venue,overture,-22.892841339111328,-43.19195556640625,,overture:Boulevard Olímpico - Porto Maravilha:-22.89284:-43.19196
Braga's Espaço  Festas,topic_concert_venue,overture,-22.77989387512207,-43.36993408203125,,overture:Braga's Espaço  Festas:-22.77989:-43.36993
Braseria Festas e Eventos,topic_concert_venue,overture,-22.818628311157227,-43.200138092041016,,overture:Braseria Festas e Eventos:-22.81863:-43.20014
Brava Arena Jockey,topic_concert_venue,overture,-22.972362518310547,-43.22198486328125,,overture:Brava Arena Jockey:-22.97236:-43.22198
Busão Kids,topic_concert_venue,overture,-22.889657974243164,-43.55992126464844,,overture:Busão Kids:-22.88966:-43.55992
CASA LIRA,topic_concert_venue,overture,-22.93470001220703,-43.19361114501953,,overture:CASA LIRA:-22.93470:-43.19361
CASA VERDE Eventos,topic_concert_venue,overture,-22.902250289916992,-43.306861877441406,,overture:CASA VERDE Eventos:-22.90225:-43.30686
CDD ROCK Baile,topic_concert_venue,overture,-22.950897216796875,-43.35429000854492,,overture:CDD ROCK Baile:-22.95090:-43.35429
CEAFI Escola de Dança,topic_concert_venue,overture,-22.83700942993164,-43.32430648803711,,overture:CEAFI Escola de Dança:-22.83701:-43.32431
CRV Imagem,topic_concert_venue,overture,-23.00493812561035,-43.321197509765625,,overture:CRV Imagem:-23.00494:-43.32120
CT Carioca,topic_concert_venue,overture,-22.908151626586914,-43.191246032714844,,overture:CT Carioca:-22.90815:-43.19125
CT Marcus Moraes,topic_concert_venue,overture,-22.90155029296875,-43.354713439941406,,overture:CT Marcus Moraes:-22.90155:-43.35471
CT Rafael Rexponsa,topic_concert_venue,overture,-22.98676300048828,-43.21335220336914,,overture:CT Rafael Rexponsa:-22.98676:-43.21335
CT Santíssimo de Tênis de Mesa,topic_concert_venue,overture,-22.880033493041992,-43.51340103149414,,overture:CT Santíssimo de Tênis de Mesa:-22.88003:-43.51340
Caboclos Brasil M.C.,topic_concert_venue,overture,-22.91217041015625,-43.56044006347656,,overture:Caboclos Brasil M.C.:-22.91217:-43.56044
Cachopão,topic_concert_venue,overture,-22.987796783447266,-43.25130844116211,,overture:Cachopão:-22.98780:-43.25131
California Sunshine,topic_concert_venue,overture,-22.759233474731445,-43.43165588378906,,overture:California Sunshine:-22.75923:-43.43166
Califórnia Casa de Festas,topic_concert_venue,overture,-22.756484985351562,-43.43347930908203,,overture:Califórnia Casa de Festas:-22.75648:-43.43348
Camarote Liesa,topic_concert_venue,overture,-22.908672332763672,-43.19758987426758,,overture:Camarote Liesa:-22.90867:-43.19759
Caminho do Vento,topic_concert_venue,overture,-22.91083335876465,-43.41504669189453,,overture:Caminho do Vento:-22.91083:-43.41505
Camisa de Estampa,topic_concert_venue,overture,-22.87961196899414,-43.253047943115234,,overture:Camisa de Estampa:-22.87961:-43.25305
Campo De Deodoro - Promorar Ii,topic_concert_venue,overture,-22.852113723754883,-43.39649963378906,,overture:Campo De Deodoro - Promorar Ii:-22.85211:-43.39650
Campo Grande - Santa Cruz,topic_concert_venue,overture,-22.91017723083496,-43.56596374511719,,overture:Campo Grande - Santa Cruz:-22.91018:-43.56596
Canecão | Rio de Janeiro RJ,topic_concert_venue,overture,-22.956003189086914,-43.17757034301758,,overture:Canecão | Rio de Janeiro RJ:-22.95600:-43.17757
Cantareira Niteroi,topic_concert_venue,overture,-22.89914321899414,-43.13038635253906,,overture:Cantareira Niteroi:-22.89914:-43.13039
Cantinho Azul,topic_concert_venue,overture,-22.85274314880371,-43.252811431884766,,overture:Cantinho Azul:-22.85274:-43.25281
Cantinho da Pedra - Eventos,topic_concert_venue,overture,-22.93328094482422,-43.39454650878906,,overture:Cantinho da Pedra - Eventos:-22.93328:-43.39455
Carlini's SITIO,topic_concert_venue,overture,-22.9207706451416,-43.54020690917969,,overture:Carlini's SITIO:-22.92077:-43.54021
Carna Black,topic_concert_venue,overture,-22.909027099609375,-43.17723846435547,,overture:Carna Black:-22.90903:-43.17724
CarnaRio - o site do Carnaval carioca,topic_concert_venue,overture,-22.900753021240234,-43.20473098754883,,overture:CarnaRio - o site do Carnaval carioca:-22.90075:-43.20473
Carnaval,topic_concert_venue,overture,-22.8884334564209,-43.11467361450195,,overture:Carnaval:-22.88843:-43.11467
Carnaval da Intendente Magalhães,topic_concert_venue,overture,-22.846630096435547,-43.28253936767578,,overture:Carnaval da Intendente Magalhães:-22.84663:-43.28254
Carnaval da Rua Nóbrega,topic_concert_venue,overture,-22.903600692749023,-43.10371017456055,,overture:Carnaval da Rua Nóbrega:-22.90360:-43.10371
Carnaval de Rio,topic_concert_venue,overture,-22.97687339782715,-43.19003677368164,,overture:Carnaval de Rio:-22.97687:-43.19004
Casa 402 Ipanema,topic_concert_venue,overture,-22.981050491333008,-43.21254348754883,,overture:Casa 402 Ipanema:-22.98105:-43.21254
Casa Aberta Bazar,topic_concert_venue,overture,-22.826303482055664,-43.40445327758789,,overture:Casa Aberta Bazar:-22.82630:-43.40445
Casa Abreu,topic_concert_venue,overture,-22.925512313842773,-43.337589263916016,,overture:Casa Abreu:-22.92551:-43.33759
Casa Alto Gávea,topic_concert_venue,overture,-22.982173919677734,-43.24592590332031,,overture:Casa Alto Gávea:-22.98217:-43.24593
Casa Amanita,topic_concert_venue,overture,-22.918598175048828,-43.18882369995117,,overture:Casa Amanita:-22.91860:-43.18882
Casa Amarela Festas e Eventos EIRELI,topic_concert_venue,overture,-22.779239654541016,-43.37923049926758,,overture:Casa Amarela Festas e Eventos EIRELI:-22.77924:-43.37923
Casa Azul Festas,topic_concert_venue,overture,-22.846193313598633,-43.35711669921875,,overture:Casa Azul Festas:-22.84619:-43.35712
Casa Bella Eventos,topic_concert_venue,overture,-22.910472869873047,-43.51487731933594,,overture:Casa Bella Eventos:-22.91047:-43.51488
Casa Caminhoá,topic_concert_venue,overture,-22.964445114135742,-43.226905822753906,,overture:Casa Caminhoá:-22.96445:-43.22691
Casa Da Mata,topic_concert_venue,overture,-22.81294059753418,-43.203224182128906,,overture:Casa Da Mata:-22.81294:-43.20322
Casa De Festa Casa Verde,topic_concert_venue,overture,-22.84262466430664,-43.339134216308594,,overture:Casa De Festa Casa Verde:-22.84262:-43.33913
Casa De Rações Letinha E Manolo,topic_concert_venue,overture,-22.78836441040039,-43.54793930053711,,overture:Casa De Rações Letinha E Manolo:-22.78836:-43.54794
Casa Feliz Festas,topic_concert_venue,overture,-22.822961807250977,-43.303646087646484,,overture:Casa Feliz Festas:-22.82296:-43.30365
Casa Jardim Clarice,topic_concert_venue,overture,-22.96211051940918,-43.33574676513672,,overture:Casa Jardim Clarice:-22.96211:-43.33575
Casa Jardim Eventos,topic_concert_venue,overture,-22.76498031616211,-43.312740325927734,,overture:Casa Jardim Eventos:-22.76498:-43.31274
Casa Música & Inovação,topic_concert_venue,overture,-22.921422958374023,-43.181671142578125,,overture:Casa Música & Inovação:-22.92142:-43.18167
Casa Porcini,topic_concert_venue,overture,-22.95338249206543,-43.19529342651367,,overture:Casa Porcini:-22.95338:-43.19529
Casa Real Eventos,topic_concert_venue,overture,-22.950000762939453,-43.55756378173828,,overture:Casa Real Eventos:-22.95000:-43.55756
Casa Rosendo,topic_concert_venue,overture,-22.921340942382812,-43.61113357543945,,overture:Casa Rosendo:-22.92134:-43.61113
Casa Savana,topic_concert_venue,overture,-22.901634216308594,-43.1855583190918,,overture:Casa Savana:-22.90163:-43.18556
Casa Show,topic_concert_venue,overture,-22.805330276489258,-43.21172332763672,,overture:Casa Show:-22.80533:-43.21172
Casa Tropical Festas,topic_concert_venue,overture,-22.822330474853516,-43.188621520996094,,overture:Casa Tropical Festas:-22.82233:-43.18862
Casa Vazia,topic_concert_venue,overture,-22.9101505279541,-43.660003662109375,,overture:Casa Vazia:-22.91015:-43.66000
Casa Verde,topic_concert_venue,overture,-22.840837478637695,-43.31452941894531,,overture:Casa Verde:-22.84084:-43.31453
Casa Verde Salão de Festas,topic_concert_venue,overture,-22.78148651123047,-43.3834228515625,,overture:Casa Verde Salão de Festas:-22.78149:-43.38342
Casa da Gávea,topic_concert_venue,overture,-22.974119186401367,-43.22712326049805,,overture:Casa da Gávea:-22.97412:-43.22712
Casa da Piscina,topic_concert_venue,overture,-22.881019592285156,-43.31010818481445,,overture:Casa da Piscina:-22.88102:-43.31011
Casa de Festa Cristal kids,topic_concert_venue,overture,-22.937183380126953,-43.70003128051758,,overture:Casa de Festa Cristal kids:-22.93718:-43.70003
Casa de Festa Evidence ,topic_concert_venue,overture,-22.87220001220703,-43.46215057373047,,overture:Casa de Festa Evidence :-22.87220:-43.46215
Casa de Festa Mansão Colonial,topic_concert_venue,overture,-22.844331741333008,-43.317562103271484,,overture:Casa de Festa Mansão Colonial:-22.84433:-43.31756
Casa de Festa Terraço da Gávea,topic_concert_venue,overture,-22.97200584411621,-43.28146743774414,,overture:Casa de Festa Terraço da Gávea:-22.97201:-43.28147
Casa de Festa The Place,topic_concert_venue,overture,-23.009471893310547,-43.29651641845703,,overture:Casa de Festa The Place:-23.00947:-43.29652
Casa de Festa Toki-to,topic_concert_venue,overture,-22.819061279296875,-43.36410140991211,,overture:Casa de Festa Toki-to:-22.81906:-43.36410
Casa de Festas Casa Bonita,topic_concert_venue,overture,-22.8071231842041,-43.21097183227539,,overture:Casa de Festas Casa Bonita:-22.80712:-43.21097
Casa de Festas Deise,topic_concert_venue,overture,-22.836994171142578,-43.37415313720703,,overture:Casa de Festas Deise:-22.83699:-43.37415
Casa de Festas Estrela da Manhã,topic_concert_venue,overture,-22.809070587158203,-43.35811233520508,,overture:Casa de Festas Estrela da Manhã:-22.80907:-43.35811
Casa de Festas GMG,topic_concert_venue,overture,-22.750102996826172,-43.301822662353516,,overture:Casa de Festas GMG:-22.75010:-43.30182
Casa de Festas Hope,topic_concert_venue,overture,-22.85947608947754,-43.77714920043945,,overture:Casa de Festas Hope:-22.85948:-43.77715
Casa de Festas Jardim Secreto,topic_concert_venue,overture,-22.913789749145508,-43.63715362548828,,overture:Casa de Festas Jardim Secreto:-22.91379:-43.63715
Casa de Festas Lilian Alves,topic_concert_venue,overture,-22.934284210205078,-43.192901611328125,,overture:Casa de Festas Lilian Alves:-22.93428:-43.19290
Casa de Festas Moment' s,topic_concert_venue,overture,-22.94635772705078,-43.596641540527344,,overture:Casa de Festas Moment' s:-22.94636:-43.59664
Casa de Festas Realiza,topic_concert_venue,overture,-22.777740478515625,-43.402870178222656,,overture:Casa de Festas Realiza:-22.77774:-43.40287
Casa de Festas Sol&Natureza,topic_concert_venue,overture,-22.907333374023438,-43.4090461730957,,overture:Casa de Festas Sol&Natureza:-22.90733:-43.40905
Casa de Festas Sonho Meu - Viegas,topic_concert_venue,overture,-22.894689559936523,-43.49289321899414,,overture:Casa de Festas Sonho Meu - Viegas:-22.89469:-43.49289
Casa de Festas da Adriana,topic_concert_venue,overture,-22.95375633239746,-43.34089660644531,,overture:Casa de Festas da Adriana:-22.95376:-43.34090
Casa de Festas e Eventos - Bistrô 160 - Campo Grande,topic_concert_venue,overture,-22.885820388793945,-43.4643669128418,,overture:Casa de Festas e Eventos - Bistrô 160 - Campo Grande:-22.88582:-43.46437
Casa de Pedra 64,topic_concert_venue,overture,-22.982419967651367,-43.20631408691406,,overture:Casa de Pedra 64:-22.98242:-43.20631
Casa de Pedra Festas e Eventos,topic_concert_venue,overture,-22.790950775146484,-43.17795181274414,,overture:Casa de Pedra Festas e Eventos:-22.79095:-43.17795
Casa de Shows,topic_concert_venue,overture,-22.913089752197266,-43.17132568359375,,overture:Casa de Shows:-22.91309:-43.17133
Casa de Tras Os Montes e Alto Douro,topic_concert_venue,overture,-22.921192169189453,-43.22093963623047,,overture:Casa de Tras Os Montes e Alto Douro:-22.92119:-43.22094
Casa de festa,topic_concert_venue,overture,-22.956298828125,-43.385284423828125,,overture:Casa de festa:-22.95630:-43.38528
Casa de festa Espaço Verde,topic_concert_venue,overture,-22.855518341064453,-43.267921447753906,,overture:Casa de festa Espaço Verde:-22.85552:-43.26792
Casa do Lagarto,topic_concert_venue,overture,-23.021728515625,-43.4525146484375,,overture:Casa do Lagarto:-23.02173:-43.45251
Casa do Portão Vermelho,topic_concert_venue,overture,-22.936532974243164,-43.18834686279297,,overture:Casa do Portão Vermelho:-22.93653:-43.18835
CasaBela Eventos,topic_concert_venue,overture,-22.880430221557617,-43.58828353881836,,overture:CasaBela Eventos:-22.88043:-43.58828
CasarÃO 4.5,topic_concert_venue,overture,-22.948686599731445,-43.347511291503906,,overture:CasarÃO 4.5:-22.94869:-43.34751
Casarão Rosa,topic_concert_venue,overture,-22.859500885009766,-43.2644157409668,,overture:Casarão Rosa:-22.85950:-43.26442
Casarão Santa Teresa,topic_concert_venue,overture,-22.93140411376953,-43.197872161865234,,overture:Casarão Santa Teresa:-22.93140:-43.19787
Casarão Verde,topic_concert_venue,overture,-22.805280685424805,-43.37464141845703,,overture:Casarão Verde:-22.80528:-43.37464
Castelinho Coroa Grande,topic_concert_venue,overture,-22.878358840942383,-43.76845932006836,,overture:Castelinho Coroa Grande:-22.87836:-43.76846
Castelo Encantado,topic_concert_venue,overture,-22.920446395874023,-43.55044174194336,,overture:Castelo Encantado:-22.92045:-43.55044
Castelo Studio,topic_concert_venue,overture,-22.913883209228516,-43.102149963378906,,overture:Castelo Studio:-22.91388:-43.10215
Castelo do Alto,topic_concert_venue,overture,-22.961605072021484,-43.273094177246094,,overture:Castelo do Alto:-22.96161:-43.27309
Casuarinas Festas e Eventos,topic_concert_venue,overture,-22.94402313232422,-43.3719367980957,,overture:Casuarinas Festas e Eventos:-22.94402:-43.37194
Caxias Music Festival,topic_concert_venue,overture,-22.7884578704834,-43.31048583984375,,overture:Caxias Music Festival:-22.78846:-43.31049
Caza Lagoa ,topic_concert_venue,overture,-22.96919059753418,-43.21731185913086,,overture:Caza Lagoa :-22.96919:-43.21731
Cazinha 021 ,topic_concert_venue,overture,-22.91312026977539,-43.1810302734375,,overture:Cazinha 021 :-22.91312:-43.18103
Cdm Pto Norte Empresarial,topic_concert_venue,overture,-22.887117385864258,-43.285701751708984,,overture:Cdm Pto Norte Empresarial:-22.88712:-43.28570
Celebrae.Inhauma,topic_concert_venue,overture,-22.871370315551758,-43.28338623046875,,overture:Celebrae.Inhauma:-22.87137:-43.28339
Celebrare Casa de Festas,topic_concert_venue,overture,-22.76288604736328,-43.327064514160156,,overture:Celebrare Casa de Festas:-22.76289:-43.32706
Celebridade Casa de Festas,topic_concert_venue,overture,-22.874319076538086,-43.78937530517578,,overture:Celebridade Casa de Festas:-22.87432:-43.78938
Center Music Carioca Artur da Távola,topic_concert_venue,overture,-22.935264587402344,-43.24435043334961,,overture:Center Music Carioca Artur da Távola:-22.93526:-43.24435
Centro Coreográfico,topic_concert_venue,overture,-22.927183151245117,-43.23923873901367,,overture:Centro Coreográfico:-22.92718:-43.23924
Centro De Krav Maga De Nova Iguaçu,topic_concert_venue,overture,-22.750823974609375,-43.447731018066406,,overture:Centro De Krav Maga De Nova Iguaçu:-22.75082:-43.44773
Centro Educacional  Cantinho do Saber,topic_concert_venue,overture,-22.830585479736328,-43.60087966918945,,overture:Centro Educacional  Cantinho do Saber:-22.83059:-43.60088
Centro Esportivo de Praia Geração,topic_concert_venue,overture,-22.96831512451172,-43.178524017333984,,overture:Centro Esportivo de Praia Geração:-22.96832:-43.17852
Centro Metropolitano - Barra da Tijuca,topic_concert_venue,overture,-22.972883224487305,-43.391746520996094,,overture:Centro Metropolitano - Barra da Tijuca:-22.97288:-43.39175
Centro Municipal De Tradições Nordestinas São Gonçalo,topic_concert_venue,overture,-22.853595733642578,-43.09930419921875,,overture:Centro Municipal De Tradições Nordestinas São Gonçalo:-22.85360:-43.09930
Centro de Convenções RB1,topic_concert_venue,overture,-22.89720344543457,-43.1803092956543,,overture:Centro de Convenções RB1:-22.89720:-43.18031
Centro de Convivência Padre Miguel,topic_concert_venue,overture,-22.87879180908203,-43.449275970458984,,overture:Centro de Convivência Padre Miguel:-22.87879:-43.44928
Centro de Movimento Priscila de Assis,topic_concert_venue,overture,-22.884984970092773,-43.290103912353516,,overture:Centro de Movimento Priscila de Assis:-22.88498:-43.29010
Centro de Treinamento Aliados,topic_concert_venue,overture,-22.931150436401367,-43.55550003051758,,overture:Centro de Treinamento Aliados:-22.93115:-43.55550
Centro de Treinamento Surf Conectado,topic_concert_venue,overture,-23.031557083129883,-43.47496032714844,,overture:Centro de Treinamento Surf Conectado:-23.03156:-43.47496
Cercadinho RJ,topic_concert_venue,overture,-22.990821838378906,-43.23158645629883,,overture:Cercadinho RJ:-22.99082:-43.23159
Certo Sábado,topic_concert_venue,overture,-22.842544555664062,-43.33915328979492,,overture:Certo Sábado:-22.84254:-43.33915
Charme Baixo Marechal,topic_concert_venue,overture,-22.861948013305664,-43.37198257446289,,overture:Charme Baixo Marechal:-22.86195:-43.37198
Charme do Rio Antigo,topic_concert_venue,overture,-22.912128448486328,-43.18259048461914,,overture:Charme do Rio Antigo:-22.91213:-43.18259
Chefe É Chefe Né Pai,topic_concert_venue,overture,-22.885080337524414,-43.26246643066406,,overture:Chefe É Chefe Né Pai:-22.88508:-43.26247
Chez Bisutti Rio Das Pedras,topic_concert_venue,overture,-22.983570098876953,-43.19941329956055,,overture:Chez Bisutti Rio Das Pedras:-22.98357:-43.19941
Choperia Varandão,topic_concert_venue,overture,-22.99471092224121,-43.31955337524414,,overture:Choperia Varandão:-22.99471:-43.31955
Choro no Recreio,topic_concert_venue,overture,-23.016674041748047,-43.4507942199707,,overture:Choro no Recreio:-23.01667:-43.45079
Chácara Santo Antônio - Teresópolis,topic_concert_venue,overture,-22.855558395385742,-43.38002014160156,,overture:Chácara Santo Antônio - Teresópolis:-22.85556:-43.38002
Chácara da Moreninha,topic_concert_venue,overture,-22.753063201904297,-43.111572265625,,overture:Chácara da Moreninha:-22.75306:-43.11157
Cidade das artes,topic_concert_venue,overture,-22.99777603149414,-43.365028381347656,,overture:Cidade das artes:-22.99778:-43.36503
Cidade do Samba RJ,topic_concert_venue,overture,-22.89571762084961,-43.19755554199219,,overture:Cidade do Samba RJ:-22.89572:-43.19756
Cigana dos Ventos,topic_concert_venue,overture,-23.00054359436035,-43.630126953125,,overture:Cigana dos Ventos:-23.00054:-43.63013
Cindy Festas,topic_concert_venue,overture,-22.88036346435547,-43.44124984741211,,overture:Cindy Festas:-22.88036:-43.44125
Cine Lapa,topic_concert_venue,overture,-22.913753509521484,-43.179290771484375,,overture:Cine Lapa:-22.91375:-43.17929
Cine Teatro Drive-In,topic_concert_venue,overture,-22.911317825317383,-43.17798614501953,,overture:Cine Teatro Drive-In:-22.91132:-43.17799
Citibank Hall,topic_concert_venue,overture,-22.983131408691406,-43.36281204223633,,overture:Citibank Hall:-22.98313:-43.36281
Clanm,topic_concert_venue,overture,-22.927091598510742,-43.23915100097656,,overture:Clanm:-22.92709:-43.23915
Clube Paratodos da Pavuna,topic_concert_venue,overture,-22.80893325805664,-43.37834167480469,,overture:Clube Paratodos da Pavuna:-22.80893:-43.37834
Clube Pau Ferro,topic_concert_venue,overture,-22.83662986755371,-43.32166290283203,,overture:Clube Pau Ferro:-22.83663:-43.32166
Clube do Cavalo Itaguaí,topic_concert_venue,overture,-22.872697830200195,-43.780967712402344,,overture:Clube do Cavalo Itaguaí:-22.87270:-43.78097
Clube do Forró,topic_concert_venue,overture,-22.89975357055664,-43.17764663696289,,overture:Clube do Forró:-22.89975:-43.17765
Clube do Vasquinho,topic_concert_venue,overture,-22.915857315063477,-43.36338424682617,,overture:Clube do Vasquinho:-22.91586:-43.36338
Cola Nos Pretinhos,topic_concert_venue,overture,-22.761320114135742,-43.338863372802734,,overture:Cola Nos Pretinhos:-22.76132:-43.33886
Complexo Do Castelinho,topic_concert_venue,overture,-22.798376083374023,-43.396209716796875,,overture:Complexo Do Castelinho:-22.79838:-43.39621
Complexo da Mangueirinha- Caxias,topic_concert_venue,overture,-22.77806854248047,-43.3195686340332,,overture:Complexo da Mangueirinha- Caxias:-22.77807:-43.31957
Complexo do Metrô,topic_concert_venue,overture,-22.812715530395508,-43.360111236572266,,overture:Complexo do Metrô:-22.81272:-43.36011
Concentração do Sambódromo,topic_concert_venue,overture,-22.9046573638916,-43.190860748291016,,overture:Concentração do Sambódromo:-22.90466:-43.19086
Conexao Guarani,topic_concert_venue,overture,-22.772174835205078,-43.33594512939453,,overture:Conexao Guarani:-22.77217:-43.33595
Conjunto Cesarinho,topic_concert_venue,overture,-22.92376708984375,-43.639522552490234,,overture:Conjunto Cesarinho:-22.92377:-43.63952
Conjunto Promorar l e II,topic_concert_venue,overture,-22.859960556030273,-43.39798355102539,,overture:Conjunto Promorar l e II:-22.85996:-43.39798
Cordão da Bola Preta,topic_concert_venue,overture,-22.910236358642578,-43.18332290649414,,overture:Cordão da Bola Preta:-22.91024:-43.18332
Corpo & Expressão,topic_concert_venue,overture,-22.964445114135742,-43.21788024902344,,overture:Corpo & Expressão:-22.96445:-43.21788
Correntes De Sangue MC,topic_concert_venue,overture,-22.880859375,-43.48382568359375,,overture:Correntes De Sangue MC:-22.88086:-43.48383
Costelada Gaúcha Casa do Minho RJ,topic_concert_venue,overture,-22.966442108154297,-43.18736267089844,,overture:Costelada Gaúcha Casa do Minho RJ:-22.96644:-43.18736
Coworking Town,topic_concert_venue,overture,-22.975112915039062,-43.18777084350586,,overture:Coworking Town:-22.97511:-43.18777
Crazy For Beer,topic_concert_venue,overture,-22.91131019592285,-43.558380126953125,,overture:Crazy For Beer:-22.91131:-43.55838
Cristo Redentor Rio de Janeiro,topic_concert_venue,overture,-22.952051162719727,-43.21074295043945,,overture:Cristo Redentor Rio de Janeiro:-22.95205:-43.21074
Cross Arena Nova Piam,topic_concert_venue,overture,-22.746570587158203,-43.3964729309082,,overture:Cross Arena Nova Piam:-22.74657:-43.39647
Crystal Lounge Eventos,topic_concert_venue,overture,-22.976137161254883,-43.32376480102539,,overture:Crystal Lounge Eventos:-22.97614:-43.32376
Curso de ator,topic_concert_venue,overture,-22.95444107055664,-43.19545364379883,,overture:Curso de ator:-22.95444:-43.19545
Cyndi L'espace Casa de Festas,topic_concert_venue,overture,-22.87982177734375,-43.44172668457031,,overture:Cyndi L'espace Casa de Festas:-22.87982:-43.44173
Círculo de Brigantia,topic_concert_venue,overture,-22.921592712402344,-43.22419357299805,,overture:Círculo de Brigantia:-22.92159:-43.22419
D&M Personalizados Bangu,topic_concert_venue,overture,-22.849729537963867,-43.46223068237305,,overture:D&M Personalizados Bangu:-22.84973:-43.46223
D' Vives - Festa e evento,topic_concert_venue,overture,-22.801626205444336,-43.36514663696289,,overture:D' Vives - Festa e evento:-22.80163:-43.36515
D.R.I EAV Parque Lage,topic_concert_venue,overture,-22.960180282592773,-43.212284088134766,,overture:D.R.I EAV Parque Lage:-22.96018:-43.21228
DJRoza,topic_concert_venue,overture,-22.873992919921875,-43.279090881347656,,overture:DJRoza:-22.87399:-43.27909
DaPraça,topic_concert_venue,overture,-22.869476318359375,-43.25940704345703,,overture:DaPraça:-22.86948:-43.25941
De 4 É Melhor Produções,topic_concert_venue,overture,-23.000532150268555,-43.34957504272461,,overture:De 4 É Melhor Produções:-23.00053:-43.34958
De Cara Pro Gol,topic_concert_venue,overture,-22.921770095825195,-43.2674674987793,,overture:De Cara Pro Gol:-22.92177:-43.26747
Deby festas,topic_concert_venue,overture,-22.784587860107422,-43.4204216003418,,overture:Deby festas:-22.78459:-43.42042
Deposito LGM,topic_concert_venue,overture,-23.025588989257812,-43.480228424072266,,overture:Deposito LGM:-23.02559:-43.48023
Desativado,topic_concert_venue,overture,-22.88921356201172,-43.606666564941406,,overture:Desativado:-22.88921:-43.60667
Desejos Lounge,topic_concert_venue,overture,-22.78986930847168,-43.29783248901367,,overture:Desejos Lounge:-22.78987:-43.29783
Devaneios,topic_concert_venue,overture,-22.7799129486084,-43.41767883300781,,overture:Devaneios:-22.77991:-43.41768
Dia feliz,topic_concert_venue,overture,-22.814117431640625,-43.35930633544922,,overture:Dia feliz:-22.81412:-43.35931
Dimension Lasers,topic_concert_venue,overture,-22.974485397338867,-43.36452102661133,,overture:Dimension Lasers:-22.97449:-43.36452
Dimension RJ,topic_concert_venue,overture,-22.972911834716797,-43.384761810302734,,overture:Dimension RJ:-22.97291:-43.38476
Disco Dance,topic_concert_venue,overture,-22.867198944091797,-43.25712203979492,,overture:Disco Dance:-22.86720:-43.25712
Discípulos do Asfalto MC,topic_concert_venue,overture,-22.971851348876953,-43.28335952758789,,overture:Discípulos do Asfalto MC:-22.97185:-43.28336
Dlm  Formaturas  e  Eventos,topic_concert_venue,overture,-22.84122085571289,-43.320560455322266,,overture:Dlm  Formaturas  e  Eventos:-22.84122:-43.32056
Domingo a vontade,topic_concert_venue,overture,-22.887752532958984,-43.47689437866211,,overture:Domingo a vontade:-22.88775:-43.47689
Domingueira da Paulinha,topic_concert_venue,overture,-22.961650848388672,-43.166236877441406,,overture:Domingueira da Paulinha:-22.96165:-43.16624
Dra Taianny Mendes,topic_concert_venue,overture,-22.91312026977539,-43.18111038208008,,overture:Dra Taianny Mendes:-22.91312:-43.18111
Dra Thayenne,topic_concert_venue,overture,-22.85910415649414,-43.388038635253906,,overture:Dra Thayenne:-22.85910:-43.38804
Dream Realm,topic_concert_venue,overture,-22.749752044677734,-43.40998458862305,,overture:Dream Realm:-22.74975:-43.40998
EAM Sítios&Eventos,topic_concert_venue,overture,-23.00120735168457,-43.64472579956055,,overture:EAM Sítios&Eventos:-23.00121:-43.64473
ELA,topic_concert_venue,overture,-22.910383224487305,-43.17392349243164,,overture:ELA:-22.91038:-43.17392
Elandre Casa de Festas,topic_concert_venue,overture,-22.877315521240234,-43.338653564453125,,overture:Elandre Casa de Festas:-22.87732:-43.33865
Elite Espaço Festas,topic_concert_venue,overture,-22.751300811767578,-43.519290924072266,,overture:Elite Espaço Festas:-22.75130:-43.51929
Ella Debutantes Caxias - RJ,topic_concert_venue,overture,-22.786428451538086,-43.3145751953125,,overture:Ella Debutantes Caxias - RJ:-22.78643:-43.31458
Ellegance Hall,topic_concert_venue,overture,-22.800724029541016,-43.374534606933594,,overture:Ellegance Hall:-22.80072:-43.37453
Embala 30+,topic_concert_venue,overture,-22.972843170166016,-43.373531341552734,,overture:Embala 30+:-22.97284:-43.37353
Empire choperia,topic_concert_venue,overture,-22.796493530273438,-43.3154411315918,,overture:Empire choperia:-22.79649:-43.31544
Escala Eventos,topic_concert_venue,overture,-23.003068923950195,-43.32666778564453,,overture:Escala Eventos:-23.00307:-43.32667
Escola de Dança Jaime Arôxa Barra,topic_concert_venue,overture,-22.99354362487793,-43.25624084472656,,overture:Escola de Dança Jaime Arôxa Barra:-22.99354:-43.25624
Escola de Samba Grande Rio,topic_concert_venue,overture,-22.89562225341797,-43.20238494873047,,overture:Escola de Samba Grande Rio:-22.89562:-43.20238
Escola de Samba Mocidade,topic_concert_venue,overture,-22.861164093017578,-43.448307037353516,,overture:Escola de Samba Mocidade:-22.86116:-43.44831
Escola de Samba Portela,topic_concert_venue,overture,-22.87093734741211,-43.34318161010742,,overture:Escola de Samba Portela:-22.87094:-43.34318
EspaSol,topic_concert_venue,overture,-22.871240615844727,-43.255126953125,,overture:EspaSol:-22.87124:-43.25513
Espaco Cafe Cultural / CDPD-RJ Theater,topic_concert_venue,overture,-22.95223045349121,-43.19585037231445,,overture:Espaco Cafe Cultural / CDPD-RJ Theater:-22.95223:-43.19585
EspaÇO De Festas Ravi,topic_concert_venue,overture,-22.81353187561035,-43.315826416015625,,overture:EspaÇO De Festas Ravi:-22.81353:-43.31583
EspaÇO SertÃO,topic_concert_venue,overture,-22.966703414916992,-43.321346282958984,,overture:EspaÇO SertÃO:-22.96670:-43.32135
Espaço  BAM,topic_concert_venue,overture,-22.844301223754883,-43.3565673828125,,overture:Espaço  BAM:-22.84430:-43.35657
Espaço  Efraim,topic_concert_venue,overture,-22.80526351928711,-43.32047653198242,,overture:Espaço  Efraim:-22.80526:-43.32048
Espaço  Samara's      Contato  986 646 938,topic_concert_venue,overture,-22.839820861816406,-43.40432357788086,,overture:Espaço  Samara's      Contato  986 646 938:-22.83982:-43.40432
Espaço 10 - Festas e eventos,topic_concert_venue,overture,-22.80164337158203,-43.37974166870117,,overture:Espaço 10 - Festas e eventos:-22.80164:-43.37974
Espaço 100 - Casa de Festas,topic_concert_venue,overture,-22.765024185180664,-43.33492660522461,,overture:Espaço 100 - Casa de Festas:-22.76502:-43.33493
Espaço 130,topic_concert_venue,overture,-22.896270751953125,-43.34341049194336,,overture:Espaço 130:-22.89627:-43.34341
Espaço 130 Sulacap,topic_concert_venue,overture,-22.88971519470215,-43.400325775146484,,overture:Espaço 130 Sulacap:-22.88972:-43.40033
Espaço 1800,topic_concert_venue,overture,-22.784442901611328,-43.362850189208984,,overture:Espaço 1800:-22.78444:-43.36285
Espaço 2 Irmãos,topic_concert_venue,overture,-22.91457176208496,-43.58262252807617,,overture:Espaço 2 Irmãos:-22.91457:-43.58262
Espaço 2142,topic_concert_venue,overture,-22.809974670410156,-43.42910385131836,,overture:Espaço 2142:-22.80997:-43.42910
Espaço 222 Festas e Eventos,topic_concert_venue,overture,-22.84598731994629,-43.30116271972656,,overture:Espaço 222 Festas e Eventos:-22.84599:-43.30116
Espaço 285,topic_concert_venue,overture,-22.792741775512695,-43.33292007446289,,overture:Espaço 285:-22.79274:-43.33292
Espaço 325,topic_concert_venue,overture,-22.80940055847168,-43.41571044921875,,overture:Espaço 325:-22.80940:-43.41571
Espaço 37,topic_concert_venue,overture,-22.81877326965332,-43.615325927734375,,overture:Espaço 37:-22.81877:-43.61533
"Espaço 42 - Festas, eventos, cultura e lazer",topic_concert_venue,overture,-22.89308738708496,-43.59754943847656,,"overture:Espaço 42 - Festas, eventos, cultura e lazer:-22.89309:-43.59755"
Espaço 42 Mtc Festas & Eventos,topic_concert_venue,overture,-22.83850860595703,-43.298492431640625,,overture:Espaço 42 Mtc Festas & Eventos:-22.83851:-43.29849
Espaço 509,topic_concert_venue,overture,-22.828250885009766,-43.4106559753418,,overture:Espaço 509:-22.82825:-43.41066
Espaço 746 - Locação De Espaço Para Festas E Eventos,topic_concert_venue,overture,-22.835180282592773,-43.27537536621094,,overture:Espaço 746 - Locação De Espaço Para Festas E Eventos:-22.83518:-43.27538
Espaço 80,topic_concert_venue,overture,-22.85636329650879,-43.47359085083008,,overture:Espaço 80:-22.85636:-43.47359
Espaço 82 Events,topic_concert_venue,overture,-22.856830596923828,-43.267066955566406,,overture:Espaço 82 Events:-22.85683:-43.26707
Espaço Alegria,topic_concert_venue,overture,-22.921493530273438,-43.61655044555664,,overture:Espaço Alegria:-22.92149:-43.61655
Espaço Alfa,topic_concert_venue,overture,-23.02851104736328,-43.47289276123047,,overture:Espaço Alfa:-23.02851:-43.47289
Espaço Amarelo,topic_concert_venue,overture,-22.85745620727539,-43.54439926147461,,overture:Espaço Amarelo:-22.85746:-43.54440
Espaço Amora�,topic_concert_venue,overture,-22.923755645751953,-43.255340576171875,,overture:Espaço Amora�:-22.92376:-43.25534
Espaço Andréia Oliveira,topic_concert_venue,overture,-22.842281341552734,-43.34844207763672,,overture:Espaço Andréia Oliveira:-22.84228:-43.34844
Espaço Araquem,topic_concert_venue,overture,-22.857770919799805,-43.4637565612793,,overture:Espaço Araquem:-22.85777:-43.46376
Espaço Arthur Festas,topic_concert_venue,overture,-22.882413864135742,-43.56846237182617,,overture:Espaço Arthur Festas:-22.88241:-43.56846
Espaço Astral 10,topic_concert_venue,overture,-22.880971908569336,-43.442264556884766,,overture:Espaço Astral 10:-22.88097:-43.44226
Espaço B - Estetica e Beleza,topic_concert_venue,overture,-22.774038314819336,-43.42498016357422,,overture:Espaço B - Estetica e Beleza:-22.77404:-43.42498
Espaço Babaçu,topic_concert_venue,overture,-22.81456184387207,-43.19566345214844,,overture:Espaço Babaçu:-22.81456:-43.19566
Espaço Bandeck,topic_concert_venue,overture,-22.885805130004883,-43.501556396484375,,overture:Espaço Bandeck:-22.88581:-43.50156
Espaço Barros,topic_concert_venue,overture,-22.86456871032715,-43.331092834472656,,overture:Espaço Barros:-22.86457:-43.33109
Espaço Bela Vista,topic_concert_venue,overture,-22.916730880737305,-43.63669204711914,,overture:Espaço Bela Vista:-22.91673:-43.63669
Espaço Belle Festas,topic_concert_venue,overture,-22.776268005371094,-43.313846588134766,,overture:Espaço Belle Festas:-22.77627:-43.31385
Espaço Bia Marques,topic_concert_venue,overture,-22.87921905517578,-43.665096282958984,,overture:Espaço Bia Marques:-22.87922:-43.66510
Espaço CM Festas e Eventos,topic_concert_venue,overture,-22.873332977294922,-43.63103103637695,,overture:Espaço CM Festas e Eventos:-22.87333:-43.63103
Espaço CUFA 1,topic_concert_venue,overture,-22.876127243041992,-43.336814880371094,,overture:Espaço CUFA 1:-22.87613:-43.33681
Espaço Caldeirão do Bororó,topic_concert_venue,overture,-22.891725540161133,-43.26395797729492,,overture:Espaço Caldeirão do Bororó:-22.89173:-43.26396
Espaço Calçada,topic_concert_venue,overture,-22.986600875854492,-43.32918930053711,,overture:Espaço Calçada:-22.98660:-43.32919
Espaço Capuchinhos,topic_concert_venue,overture,-22.91942024230957,-43.21480178833008,,overture:Espaço Capuchinhos:-22.91942:-43.21480
Espaço Cara de Pau,topic_concert_venue,overture,-22.853382110595703,-43.49699401855469,,overture:Espaço Cara de Pau:-22.85338:-43.49699
Espaço Carmem Miranda,topic_concert_venue,overture,-22.81504249572754,-43.190956115722656,,overture:Espaço Carmem Miranda:-22.81504:-43.19096
Espaço Carolla Thomaz Blond,topic_concert_venue,overture,-22.777755737304688,-43.42551040649414,,overture:Espaço Carolla Thomaz Blond:-22.77776:-43.42551
Espaço Carvalho,topic_concert_venue,overture,-22.879146575927734,-43.299076080322266,,overture:Espaço Carvalho:-22.87915:-43.29908
Espaço Casa,topic_concert_venue,overture,-22.992897033691406,-43.36405944824219,,overture:Espaço Casa:-22.99290:-43.36406
Espaço Casa Blanca,topic_concert_venue,overture,-22.921070098876953,-43.52995681762695,,overture:Espaço Casa Blanca:-22.92107:-43.52996
Espaço Casa Cader,topic_concert_venue,overture,-23.010950088500977,-43.32670593261719,,overture:Espaço Casa Cader:-23.01095:-43.32671
Espaço Casa Grande ll,topic_concert_venue,overture,-22.976394653320312,-43.63788986206055,,overture:Espaço Casa Grande ll:-22.97639:-43.63789
Espaço Casa Verde,topic_concert_venue,overture,-22.90704345703125,-43.58315658569336,,overture:Espaço Casa Verde:-22.90704:-43.58316
Espaço Caselli's,topic_concert_venue,overture,-22.887920379638672,-43.57290267944336,,overture:Espaço Caselli's:-22.88792:-43.57290
Espaço Castelle,topic_concert_venue,overture,-22.8796329498291,-43.44837188720703,,overture:Espaço Castelle:-22.87963:-43.44837
Espaço Catavento,topic_concert_venue,overture,-22.88188362121582,-43.52267074584961,,overture:Espaço Catavento:-22.88188:-43.52267
Espaço Cidadão.,topic_concert_venue,overture,-22.75221061706543,-43.52192687988281,,overture:Espaço Cidadão.:-22.75221:-43.52193
Espaço Coliseu Eventos Vargem Grande,topic_concert_venue,overture,-22.977746963500977,-43.499267578125,,overture:Espaço Coliseu Eventos Vargem Grande:-22.97775:-43.49927
Espaço Columbia,topic_concert_venue,overture,-22.88443946838379,-43.35423278808594,,overture:Espaço Columbia:-22.88444:-43.35423
Espaço Cultural Arlindo Cruz,topic_concert_venue,overture,-22.874351501464844,-43.42841339111328,,overture:Espaço Cultural Arlindo Cruz:-22.87435:-43.42841
Espaço Cultural Bebetha Riso,topic_concert_venue,overture,-22.993989944458008,-43.261898040771484,,overture:Espaço Cultural Bebetha Riso:-22.99399:-43.26190
Espaço Cultural Nova Iguaçu,topic_concert_venue,overture,-22.761953353881836,-43.45166778564453,,overture:Espaço Cultural Nova Iguaçu:-22.76195:-43.45167
Espaço Cultural Rose Baiana - Palco Marina Garcia,topic_concert_venue,overture,-22.790260314941406,-43.18498229980469,,overture:Espaço Cultural Rose Baiana - Palco Marina Garcia:-22.79026:-43.18498
Espaço Cultural Sparta,topic_concert_venue,overture,-22.90374183654785,-43.19582748413086,,overture:Espaço Cultural Sparta:-22.90374:-43.19583
Espaço Culturals,topic_concert_venue,overture,-22.914880752563477,-43.178714752197266,,overture:Espaço Culturals:-22.91488:-43.17871
Espaço D,topic_concert_venue,overture,-22.86667823791504,-43.42092514038086,,overture:Espaço D:-22.86668:-43.42093
Espaço Dançando a Vida,topic_concert_venue,overture,-22.91707992553711,-43.233158111572266,,overture:Espaço Dançando a Vida:-22.91708:-43.23316
Espaço De Festas Show De Bola,topic_concert_venue,overture,-22.87246322631836,-43.28233337402344,,overture:Espaço De Festas Show De Bola:-22.87246:-43.28233
Espaço Dicasa Festas,topic_concert_venue,overture,-22.79170799255371,-43.40367889404297,,overture:Espaço Dicasa Festas:-22.79171:-43.40368
Espaço Donalda Festas,topic_concert_venue,overture,-22.954853057861328,-43.607093811035156,,overture:Espaço Donalda Festas:-22.95485:-43.60709
Espaço Donana,topic_concert_venue,overture,-22.9152774810791,-43.191551208496094,,overture:Espaço Donana:-22.91528:-43.19155
Espaço Dora Garcia,topic_concert_venue,overture,-22.836692810058594,-43.377723693847656,,overture:Espaço Dora Garcia:-22.83669:-43.37772
Espaço Ebenézer Festas E Eventos,topic_concert_venue,overture,-22.82015609741211,-43.297874450683594,,overture:Espaço Ebenézer Festas E Eventos:-22.82016:-43.29787
Espaço Elite,topic_concert_venue,overture,-22.87544059753418,-43.408145904541016,,overture:Espaço Elite:-22.87544:-43.40815
Espaço Ellite,topic_concert_venue,overture,-22.771390914916992,-43.4182014465332,,overture:Espaço Ellite:-22.77139:-43.41820
Espaço Encontro,topic_concert_venue,overture,-22.853313446044922,-43.26641082763672,,overture:Espaço Encontro:-22.85331:-43.26641
Espaço Engenhão,topic_concert_venue,overture,-22.89362335205078,-43.29534149169922,,overture:Espaço Engenhão:-22.89362:-43.29534
Espaço Estação,topic_concert_venue,overture,-22.944677352905273,-43.68891906738281,,overture:Espaço Estação:-22.94468:-43.68892
Espaço Eventos,topic_concert_venue,overture,-22.89227294921875,-43.226905822753906,,overture:Espaço Eventos:-22.89227:-43.22691
Espaço Família Feliz,topic_concert_venue,overture,-22.89591407775879,-43.49617004394531,,overture:Espaço Família Feliz:-22.89591:-43.49617
Espaço Fashion Salão de Festas,topic_concert_venue,overture,-22.759950637817383,-43.451133728027344,,overture:Espaço Fashion Salão de Festas:-22.75995:-43.45113
Espaço Fest trampolim,topic_concert_venue,overture,-22.99039077758789,-43.252906799316406,,overture:Espaço Fest trampolim:-22.99039:-43.25291
Espaço Festa,topic_concert_venue,overture,-22.790817260742188,-43.304080963134766,,overture:Espaço Festa:-22.79082:-43.30408
Espaço Festa Boa,topic_concert_venue,overture,-22.774629592895508,-43.42068099975586,,overture:Espaço Festa Boa:-22.77463:-43.42068
Espaço Festas,topic_concert_venue,overture,-22.882883071899414,-43.44076156616211,,overture:Espaço Festas:-22.88288:-43.44076
Espaço Festas Sonho Realizado,topic_concert_venue,overture,-22.9514102935791,-43.67932891845703,,overture:Espaço Festas Sonho Realizado:-22.95141:-43.67933
Espaço Festeja,topic_concert_venue,overture,-22.80406951904297,-43.379581451416016,,overture:Espaço Festeja:-22.80407:-43.37958
Espaço Florescer Expansão do Ser,topic_concert_venue,overture,-22.846010208129883,-43.311466217041016,,overture:Espaço Florescer Expansão do Ser:-22.84601:-43.31147
Espaço G,topic_concert_venue,overture,-22.901071548461914,-43.7100830078125,,overture:Espaço G:-22.90107:-43.71008
Espaço G.A Festas e Eventos,topic_concert_venue,overture,-22.764196395874023,-43.34892272949219,,overture:Espaço G.A Festas e Eventos:-22.76420:-43.34892
Espaço Gileade,topic_concert_venue,overture,-22.83547019958496,-43.341373443603516,,overture:Espaço Gileade:-22.83547:-43.34137
Espaço Green Ville,topic_concert_venue,overture,-22.927690505981445,-43.329681396484375,,overture:Espaço Green Ville:-22.92769:-43.32968
Espaço Ground,topic_concert_venue,overture,-22.93018341064453,-43.51652145385742,,overture:Espaço Ground:-22.93018:-43.51652
Espaço Guarani,topic_concert_venue,overture,-22.887624740600586,-43.31836700439453,,overture:Espaço Guarani:-22.88762:-43.31837
Espaço Gávea,topic_concert_venue,overture,-22.984277725219727,-43.24067687988281,,overture:Espaço Gávea:-22.98428:-43.24068
Espaço Harmonia,topic_concert_venue,overture,-22.98763084411621,-43.56310272216797,,overture:Espaço Harmonia:-22.98763:-43.56310
Espaço Imperial,topic_concert_venue,overture,-22.967117309570312,-43.70822525024414,,overture:Espaço Imperial:-22.96712:-43.70823
Espaço JS - Festas E Eventos,topic_concert_venue,overture,-22.929182052612305,-43.5450553894043,,overture:Espaço JS - Festas E Eventos:-22.92918:-43.54506
Espaço Jockey,topic_concert_venue,overture,-22.972938537597656,-43.22412109375,,overture:Espaço Jockey:-22.97294:-43.22412
Espaço KAKA Festas,topic_concert_venue,overture,-22.98274040222168,-43.22892379760742,,overture:Espaço KAKA Festas:-22.98274:-43.22892
Espaço KS Casa de Festas,topic_concert_venue,overture,-22.81325340270996,-43.431480407714844,,overture:Espaço KS Casa de Festas:-22.81325:-43.43148
Espaço Kaledônia,topic_concert_venue,overture,-22.84471321105957,-43.2636833190918,,overture:Espaço Kaledônia:-22.84471:-43.26368
Espaço Kids Festas,topic_concert_venue,overture,-22.884504318237305,-43.357139587402344,,overture:Espaço Kids Festas:-22.88450:-43.35714
Espaço LD - Festas & Eventos,topic_concert_venue,overture,-22.78033447265625,-43.37848663330078,,overture:Espaço LD - Festas & Eventos:-22.78033:-43.37849
Espaço LaLu Festas e Eventos.,topic_concert_venue,overture,-22.784151077270508,-43.427555084228516,,overture:Espaço LaLu Festas e Eventos.:-22.78415:-43.42756
Espaço Lara,topic_concert_venue,overture,-22.841981887817383,-43.3493537902832,,overture:Espaço Lara:-22.84198:-43.34935
Espaço Leal Festa,topic_concert_venue,overture,-22.757020950317383,-43.313236236572266,,overture:Espaço Leal Festa:-22.75702:-43.31324
Espaço Lumi 270,topic_concert_venue,overture,-22.905466079711914,-43.26694107055664,,overture:Espaço Lumi 270:-22.90547:-43.26694
Espaço Lumiar,topic_concert_venue,overture,-22.786930084228516,-43.29629135131836,,overture:Espaço Lumiar:-22.78693:-43.29629
Espaço Luz,topic_concert_venue,overture,-22.923240661621094,-43.35555648803711,,overture:Espaço Luz:-22.92324:-43.35556
Espaço Luzier,topic_concert_venue,overture,-22.87763023376465,-43.543670654296875,,overture:Espaço Luzier:-22.87763:-43.54367
Espaço M7,topic_concert_venue,overture,-22.889543533325195,-43.52678680419922,,overture:Espaço M7:-22.88954:-43.52679
Espaço MOURA,topic_concert_venue,overture,-22.872900009155273,-43.53239059448242,,overture:Espaço MOURA:-22.87290:-43.53239
Espaço MaJu Festas,topic_concert_venue,overture,-22.87250328063965,-43.49429702758789,,overture:Espaço MaJu Festas:-22.87250:-43.49430
Espaço Madur,topic_concert_venue,overture,-22.93313217163086,-43.70189666748047,,overture:Espaço Madur:-22.93313:-43.70190
Espaço Magalhães,topic_concert_venue,overture,-22.873640060424805,-43.41537094116211,,overture:Espaço Magalhães:-22.87364:-43.41537
Espaço Maravilha,topic_concert_venue,overture,-22.900306701660156,-43.3566780090332,,overture:Espaço Maravilha:-22.90031:-43.35668
Espaço Maravilha.,topic_concert_venue,overture,-22.87069320678711,-43.36669158935547,,overture:Espaço Maravilha.:-22.87069:-43.36669
Espaço Margö Festas,topic_concert_venue,overture,-22.95519256591797,-43.68983459472656,,overture:Espaço Margö Festas:-22.95519:-43.68983
Espaço Mary Lu Festas,topic_concert_venue,overture,-22.753360748291016,-43.42427062988281,,overture:Espaço Mary Lu Festas:-22.75336:-43.42427
Espaço Mattos,topic_concert_venue,overture,-22.81987190246582,-43.30217361450195,,overture:Espaço Mattos:-22.81987:-43.30217
Espaço Michel,topic_concert_venue,overture,-22.80748176574707,-43.411903381347656,,overture:Espaço Michel:-22.80748:-43.41190
Espaço Mix - Festas & Eventos,topic_concert_venue,overture,-22.813753128051758,-43.3415412902832,,overture:Espaço Mix - Festas & Eventos:-22.81375:-43.34154
Espaço Mix Festas,topic_concert_venue,overture,-22.847930908203125,-43.290138244628906,,overture:Espaço Mix Festas:-22.84793:-43.29014
Espaço Mix ViVer,topic_concert_venue,overture,-22.883895874023438,-43.565303802490234,,overture:Espaço Mix ViVer:-22.88390:-43.56530
Espaço Mundo Rio,topic_concert_venue,overture,-22.98330307006836,-43.36620330810547,,overture:Espaço Mundo Rio:-22.98330:-43.36620
Espaço P,topic_concert_venue,overture,-22.823524475097656,-43.34929656982422,,overture:Espaço P:-22.82352:-43.34930
Espaço Paccha,topic_concert_venue,overture,-23.020402908325195,-43.45121383666992,,overture:Espaço Paccha:-23.02040:-43.45121
Espaço Pacoti,topic_concert_venue,overture,-22.931541442871094,-43.35926818847656,,overture:Espaço Pacoti:-22.93154:-43.35927
Espaço Pacuí Eventos,topic_concert_venue,overture,-22.972190856933594,-43.493621826171875,,overture:Espaço Pacuí Eventos:-22.97219:-43.49362
Espaço Peter's Festas,topic_concert_venue,overture,-22.879186630249023,-43.308692932128906,,overture:Espaço Peter's Festas:-22.87919:-43.30869
Espaço Piscina Julya,topic_concert_venue,overture,-22.917890548706055,-43.602901458740234,,overture:Espaço Piscina Julya:-22.91789:-43.60290
Espaço Pomar,topic_concert_venue,overture,-22.927148818969727,-43.318389892578125,,overture:Espaço Pomar:-22.92715:-43.31839
Espaço Pretas Rainhas,topic_concert_venue,overture,-22.9248104095459,-43.20820617675781,,overture:Espaço Pretas Rainhas:-22.92481:-43.20821
Espaço Quality,topic_concert_venue,overture,-22.916683197021484,-43.36171340942383,,overture:Espaço Quality:-22.91668:-43.36171
Espaço Real Eventos,topic_concert_venue,overture,-22.984573364257812,-43.569026947021484,,overture:Espaço Real Eventos:-22.98457:-43.56903
Espaço Realize Sonhos & Festas,topic_concert_venue,overture,-22.931011199951172,-43.548980712890625,,overture:Espaço Realize Sonhos & Festas:-22.93101:-43.54898
Espaço Regina eventos,topic_concert_venue,overture,-22.921873092651367,-43.6186637878418,,overture:Espaço Regina eventos:-22.92187:-43.61866
Espaço Relaxa Negão ,topic_concert_venue,overture,-22.787433624267578,-43.369041442871094,,overture:Espaço Relaxa Negão :-22.78743:-43.36904
Espaço Riber Festas,topic_concert_venue,overture,-22.781604766845703,-43.37413024902344,,overture:Espaço Riber Festas:-22.78160:-43.37413
Espaço Santa América Festas e Eventos,topic_concert_venue,overture,-22.98343276977539,-43.49018478393555,,overture:Espaço Santa América Festas e Eventos:-22.98343:-43.49018
"Espaço Santa Varandas -  festas, eventos e parcerias",topic_concert_venue,overture,-22.947895050048828,-43.194034576416016,,"overture:Espaço Santa Varandas -  festas, eventos e parcerias:-22.94790:-43.19403"
Espaço Sepol,topic_concert_venue,overture,-22.8828125,-43.31462097167969,,overture:Espaço Sepol:-22.88281:-43.31462
Espaço Shalon,topic_concert_venue,overture,-22.98015022277832,-43.46135330200195,,overture:Espaço Shalon:-22.98015:-43.46135
Espaço Silva Festa e Eventos,topic_concert_venue,overture,-22.870264053344727,-43.54902648925781,,overture:Espaço Silva Festa e Eventos:-22.87026:-43.54903
Espaço Sim.,topic_concert_venue,overture,-22.892654418945312,-43.27698516845703,,overture:Espaço Sim.:-22.89265:-43.27699
Espaço Stilo Vip,topic_concert_venue,overture,-22.765993118286133,-43.35723114013672,,overture:Espaço Stilo Vip:-22.76599:-43.35723
Espaço Styllus,topic_concert_venue,overture,-22.88321304321289,-43.584251403808594,,overture:Espaço Styllus:-22.88321:-43.58425
Espaço TERRA,topic_concert_venue,overture,-22.881689071655273,-43.53512954711914,,overture:Espaço TERRA:-22.88169:-43.53513
Espaço Terraço,topic_concert_venue,overture,-22.9698486328125,-43.336090087890625,,overture:Espaço Terraço:-22.96985:-43.33609
Espaço Total,topic_concert_venue,overture,-22.995080947875977,-43.258846282958984,,overture:Espaço Total:-22.99508:-43.25885
Espaço Velasco,topic_concert_venue,overture,-22.874183654785156,-43.428321838378906,,overture:Espaço Velasco:-22.87418:-43.42832
Espaço Verde Eventos,topic_concert_venue,overture,-22.85179328918457,-43.27974319458008,,overture:Espaço Verde Eventos:-22.85179:-43.27974
Espaço Verde Festas & Eventos- SANTA CRUZ,topic_concert_venue,overture,-22.892810821533203,-43.67416000366211,,overture:Espaço Verde Festas & Eventos- SANTA CRUZ:-22.89281:-43.67416
Espaço Verde Festas E Eventos,topic_concert_venue,overture,-22.90862274169922,-43.70003890991211,,overture:Espaço Verde Festas E Eventos:-22.90862:-43.70004
Espaço Verde km 39,topic_concert_venue,overture,-22.75145149230957,-43.465999603271484,,overture:Espaço Verde km 39:-22.75145:-43.46600
Espaço Vereda,topic_concert_venue,overture,-22.775053024291992,-43.3270263671875,,overture:Espaço Vereda:-22.77505:-43.32703
Espaço Vicenzo,topic_concert_venue,overture,-22.96986198425293,-43.63058853149414,,overture:Espaço Vicenzo:-22.96986:-43.63059
Espaço Vila Premier - Requinte e conforto,topic_concert_venue,overture,-22.78985595703125,-43.374820709228516,,overture:Espaço Vila Premier - Requinte e conforto:-22.78986:-43.37482
Espaço Vilar Festas,topic_concert_venue,overture,-22.784963607788086,-43.36211013793945,,overture:Espaço Vilar Festas:-22.78496:-43.36211
Espaço Villa Norte,topic_concert_venue,overture,-22.889568328857422,-43.30855178833008,,overture:Espaço Villa Norte:-22.88957:-43.30855
Espaço Vip,topic_concert_venue,overture,-22.870288848876953,-43.766502380371094,,overture:Espaço Vip:-22.87029:-43.76650
Espaço Vip Seropédica,topic_concert_venue,overture,-22.79716682434082,-43.64992141723633,,overture:Espaço Vip Seropédica:-22.79717:-43.64992
"Espaço Viver - Unindo Pessoas, Conectando Ideias",topic_concert_venue,overture,-22.90290069580078,-43.185176849365234,,"overture:Espaço Viver - Unindo Pessoas, Conectando Ideias:-22.90290:-43.18518"
Espaço Vivian Lima,topic_concert_venue,overture,-22.871240615844727,-43.564483642578125,,overture:Espaço Vivian Lima:-22.87124:-43.56448
Espaço Vá,topic_concert_venue,overture,-22.987560272216797,-43.3095817565918,,overture:Espaço Vá:-22.98756:-43.30958
Espaço Xamânico Ninho da Águia,topic_concert_venue,overture,-22.965763092041016,-43.499271392822266,,overture:Espaço Xamânico Ninho da Águia:-22.96576:-43.49927
Espaço Ypê Inhoaíba,topic_concert_venue,overture,-22.901533126831055,-43.59795379638672,,overture:Espaço Ypê Inhoaíba:-22.90153:-43.59795
Espaço Zoeh,topic_concert_venue,overture,-22.78145980834961,-43.42552947998047,,overture:Espaço Zoeh:-22.78146:-43.42553
Espaço carol miranda,topic_concert_venue,overture,-22.81981086730957,-43.37774658203125,,overture:Espaço carol miranda:-22.81981:-43.37775
Espaço da Ladeira,topic_concert_venue,overture,-22.94041633605957,-43.345306396484375,,overture:Espaço da Ladeira:-22.94042:-43.34531
Espaço da Saúde,topic_concert_venue,overture,-22.933935165405273,-43.69731521606445,,overture:Espaço da Saúde:-22.93394:-43.69732
Espaço de Eventos Alfa e Ômega,topic_concert_venue,overture,-22.89162254333496,-43.435997009277344,,overture:Espaço de Eventos Alfa e Ômega:-22.89162:-43.43600
Espaço de Eventos Open House,topic_concert_venue,overture,-22.89606285095215,-43.60502624511719,,overture:Espaço de Eventos Open House:-22.89606:-43.60503
Espaço de Festa,topic_concert_venue,overture,-22.915966033935547,-43.19548416137695,,overture:Espaço de Festa:-22.91597:-43.19548
Espaço de Festa Brauna,topic_concert_venue,overture,-22.875585556030273,-43.4488410949707,,overture:Espaço de Festa Brauna:-22.87559:-43.44884
Espaço de Festa Tinildex,topic_concert_venue,overture,-22.832500457763672,-43.365745544433594,,overture:Espaço de Festa Tinildex:-22.83250:-43.36575
Espaço de Festas 93,topic_concert_venue,overture,-22.774089813232422,-43.41737747192383,,overture:Espaço de Festas 93:-22.77409:-43.41738
Espaço de Festas Pilar do Sul,topic_concert_venue,overture,-22.95615005493164,-43.604026794433594,,overture:Espaço de Festas Pilar do Sul:-22.95615:-43.60403
Espaço de Festas Pimenta Doce,topic_concert_venue,overture,-22.968393325805664,-43.70011520385742,,overture:Espaço de Festas Pimenta Doce:-22.96839:-43.70012
Espaço de Festas e Eventos Caxiense,topic_concert_venue,overture,-22.799570083618164,-43.292076110839844,,overture:Espaço de Festas e Eventos Caxiense:-22.79957:-43.29208
Espaço de Inclusão ISERJ,topic_concert_venue,overture,-22.913450241088867,-43.217403411865234,,overture:Espaço de Inclusão ISERJ:-22.91345:-43.21740
Espaço de festa  Peixe,topic_concert_venue,overture,-22.85271644592285,-43.48471450805664,,overture:Espaço de festa  Peixe:-22.85272:-43.48471
Espaço de festa flor do Oriente,topic_concert_venue,overture,-22.861080169677734,-43.467960357666016,,overture:Espaço de festa flor do Oriente:-22.86108:-43.46796
Espaço de festas Meireles,topic_concert_venue,overture,-22.769193649291992,-43.38300323486328,,overture:Espaço de festas Meireles:-22.76919:-43.38300
Espaço do Conhecimento Jayme Leite,topic_concert_venue,overture,-22.917192459106445,-43.23173904418945,,overture:Espaço do Conhecimento Jayme Leite:-22.91719:-43.23174
Espaço do Galo,topic_concert_venue,overture,-22.837053298950195,-43.278236389160156,,overture:Espaço do Galo:-22.83705:-43.27824
Espaço festas e eventos Ella's,topic_concert_venue,overture,-22.769861221313477,-43.51754379272461,,overture:Espaço festas e eventos Ella's:-22.76986:-43.51754
Espaço para Festas Momento Meu,topic_concert_venue,overture,-22.869861602783203,-43.41844177246094,,overture:Espaço para Festas Momento Meu:-22.86986:-43.41844
Espaço para eventos,topic_concert_venue,overture,-22.8756103515625,-43.44416046142578,,overture:Espaço para eventos:-22.87561:-43.44416
Espaço para eventos Pool Party,topic_concert_venue,overture,-22.883670806884766,-43.483890533447266,,overture:Espaço para eventos Pool Party:-22.88367:-43.48389
Espaço para festa em Vilar dos Teles - São João Meriti RJ,topic_concert_venue,overture,-22.773582458496094,-43.35693359375,,overture:Espaço para festa em Vilar dos Teles - São João Meriti RJ:-22.77358:-43.35693
Espaço para festas katitas,topic_concert_venue,overture,-22.791120529174805,-43.549896240234375,,overture:Espaço para festas katitas:-22.79112:-43.54990
Espaço École Du Vin,topic_concert_venue,overture,-22.970596313476562,-43.18557357788086,,overture:Espaço École Du Vin:-22.97060:-43.18557
Estacao do Faz de Conta,topic_concert_venue,overture,-22.918825149536133,-43.376792907714844,,overture:Estacao do Faz de Conta:-22.91883:-43.37679
Estadio Jornalista Mario Filho - Estadio Do Maracana,topic_concert_venue,overture,-22.982803344726562,-43.217891693115234,,overture:Estadio Jornalista Mario Filho - Estadio Do Maracana:-22.98280:-43.21789
Estação Ferroviária Casa de Cultura de Itaguaí,topic_concert_venue,overture,-22.87369155883789,-43.77744674682617,,overture:Estação Ferroviária Casa de Cultura de Itaguaí:-22.87369:-43.77745
Estação alegria - Agora é festa,topic_concert_venue,overture,-22.764991760253906,-43.42256164550781,,overture:Estação alegria - Agora é festa:-22.76499:-43.42256
Estrada do Sape - Turiaçu RJ,topic_concert_venue,overture,-22.860462188720703,-43.350128173828125,,overture:Estrada do Sape - Turiaçu RJ:-22.86046:-43.35013
"Estrada do pedregoso,mendanha,tingui,posse",topic_concert_venue,overture,-22.849138259887695,-43.56648635864258,,"overture:Estrada do pedregoso,mendanha,tingui,posse:-22.84914:-43.56649"
Estrela da Manhã,topic_concert_venue,overture,-22.797388076782227,-43.358646392822266,,overture:Estrela da Manhã:-22.79739:-43.35865
Estrela do Mar Casa de Festas,topic_concert_venue,overture,-23.0247745513916,-43.457889556884766,,overture:Estrela do Mar Casa de Festas:-23.02477:-43.45789
Estrelas Festas,topic_concert_venue,overture,-22.88231086730957,-43.28791046142578,,overture:Estrelas Festas:-22.88231:-43.28791
Estudio Toca Do Bandido,topic_concert_venue,overture,-22.978487014770508,-43.32402801513672,,overture:Estudio Toca Do Bandido:-22.97849:-43.32403
Estúdio 11,topic_concert_venue,overture,-22.89922332763672,-43.130306243896484,,overture:Estúdio 11:-22.89922:-43.13031
Estúdio Casa Grande,topic_concert_venue,overture,-22.95516014099121,-43.18442153930664,,overture:Estúdio Casa Grande:-22.95516:-43.18442
Estúdio Refúgio,topic_concert_venue,overture,-22.753076553344727,-43.46609878540039,,overture:Estúdio Refúgio:-22.75308:-43.46610
Estúdio Roupa Nova,topic_concert_venue,overture,-23.001197814941406,-43.352142333984375,,overture:Estúdio Roupa Nova:-23.00120:-43.35214
EuroShow,topic_concert_venue,overture,-22.83530044555664,-43.28898620605469,,overture:EuroShow:-22.83530:-43.28899
Eventos Guaratiba,topic_concert_venue,overture,-22.95166015625,-43.39194107055664,,overture:Eventos Guaratiba:-22.95166:-43.39194
Eventos Lelê Carlos,topic_concert_venue,overture,-22.878036499023438,-43.42123794555664,,overture:Eventos Lelê Carlos:-22.87804:-43.42124
Expo.riocervejeiro,topic_concert_venue,overture,-22.91815185546875,-43.17636489868164,,overture:Expo.riocervejeiro:-22.91815:-43.17636
FESTLIP,topic_concert_venue,overture,-22.832134246826172,-43.344261169433594,,overture:FESTLIP:-22.83213:-43.34426
FORRÓ do RACHA COCO,topic_concert_venue,overture,-22.934490203857422,-43.19956588745117,,overture:FORRÓ do RACHA COCO:-22.93449:-43.19957
FPaiva Produções,topic_concert_venue,overture,-22.92342758178711,-43.551273345947266,,overture:FPaiva Produções:-22.92343:-43.55127
Fantasy Festas,topic_concert_venue,overture,-22.807090759277344,-43.41127014160156,,overture:Fantasy Festas:-22.80709:-43.41127
Farmasi Arena Brasil,topic_concert_venue,overture,-22.975513458251953,-43.39054870605469,,overture:Farmasi Arena Brasil:-22.97551:-43.39055
Farra Delas,topic_concert_venue,overture,-22.990821838378906,-43.23158645629883,,overture:Farra Delas:-22.99082:-43.23159
Favela Nova Brasília -,topic_concert_venue,overture,-22.866127014160156,-43.27236557006836,,overture:Favela Nova Brasília -:-22.86613:-43.27237
Favela e Lugar de Paz e alegria pras Crianças,topic_concert_venue,overture,-22.868810653686523,-43.47218704223633,,overture:Favela e Lugar de Paz e alegria pras Crianças:-22.86881:-43.47219
Faveleira,topic_concert_venue,overture,-22.825796127319336,-43.34199905395508,,overture:Faveleira:-22.82580:-43.34200
Fazenda Alegria,topic_concert_venue,overture,-22.975915908813477,-43.45672607421875,,overture:Fazenda Alegria:-22.97592:-43.45673
Fazenda Arpoador sitio para festas e eventos,topic_concert_venue,overture,-22.904260635375977,-43.70842361450195,,overture:Fazenda Arpoador sitio para festas e eventos:-22.90426:-43.70842
Feijoada do Rena,topic_concert_venue,overture,-22.924325942993164,-43.249244689941406,,overture:Feijoada do Rena:-22.92433:-43.24924
Feira das Yabás,topic_concert_venue,overture,-22.8677978515625,-43.344383239746094,,overture:Feira das Yabás:-22.86780:-43.34438
Festa Mug,topic_concert_venue,overture,-22.94902229309082,-43.17961883544922,,overture:Festa Mug:-22.94902:-43.17962
Festa Nossa Epoca 80902000,topic_concert_venue,overture,-22.87628746032715,-43.37232971191406,,overture:Festa Nossa Epoca 80902000:-22.87629:-43.37233
Festa de santo antonio,topic_concert_venue,overture,-22.78786277770996,-43.31037139892578,,overture:Festa de santo antonio:-22.78786:-43.31037
Festas e Eventos quadra do bloco raízes da Tijuca,topic_concert_venue,overture,-22.929182052612305,-43.230003356933594,,overture:Festas e Eventos quadra do bloco raízes da Tijuca:-22.92918:-43.23000
Festeja Rio,topic_concert_venue,overture,-23.00436019897461,-43.30453109741211,,overture:Festeja Rio:-23.00436:-43.30453
"Festival da Cachaça, Cultura e Sabores de Paraty",topic_concert_venue,overture,-22.871797561645508,-43.78200912475586,,"overture:Festival da Cachaça, Cultura e Sabores de Paraty:-22.87180:-43.78201"
Festival da Pinga Paraty,topic_concert_venue,overture,-23.014699935913086,-43.51957321166992,,overture:Festival da Pinga Paraty:-23.01470:-43.51957
Festval Eventos,topic_concert_venue,overture,-22.879384994506836,-43.32585906982422,,overture:Festval Eventos:-22.87938:-43.32586
Fill Equipe,topic_concert_venue,overture,-22.82217025756836,-43.30525588989258,,overture:Fill Equipe:-22.82217:-43.30526
Fim de Tarde,topic_concert_venue,overture,-22.779977798461914,-43.31200408935547,,overture:Fim de Tarde:-22.77998:-43.31200
Flahaxco,topic_concert_venue,overture,-22.91609001159668,-43.22840118408203,,overture:Flahaxco:-22.91609:-43.22840
Floresta Produções Artísticas,topic_concert_venue,overture,-22.94144630432129,-43.20454788208008,,overture:Floresta Produções Artísticas:-22.94145:-43.20455
Florestinha Clube,topic_concert_venue,overture,-22.95974349975586,-43.38912582397461,,overture:Florestinha Clube:-22.95974:-43.38913
Foco Assessoria Esportiva,topic_concert_venue,overture,-22.910884857177734,-43.10988235473633,,overture:Foco Assessoria Esportiva:-22.91088:-43.10988
Foda-SE,topic_concert_venue,overture,-22.818056106567383,-43.401100158691406,,overture:Foda-SE:-22.81806:-43.40110
FoodPark Valqueire,topic_concert_venue,overture,-22.881940841674805,-43.36702346801758,,overture:FoodPark Valqueire:-22.88194:-43.36702
Foragidos da lei MG,topic_concert_venue,overture,-22.88036346435547,-43.22495651245117,,overture:Foragidos da lei MG:-22.88036:-43.22496
Forest Lounge,topic_concert_venue,overture,-22.916610717773438,-43.183040618896484,,overture:Forest Lounge:-22.91661:-43.18304
Formigário Estúdio,topic_concert_venue,overture,-22.76059341430664,-43.45463943481445,,overture:Formigário Estúdio:-22.76059:-43.45464
Forró do Sítio do Moa,topic_concert_venue,overture,-22.938570022583008,-43.69713592529297,,overture:Forró do Sítio do Moa:-22.93857:-43.69714
Forte De Copacabana - Jornal Extra,topic_concert_venue,overture,-22.98330307006836,-43.189552307128906,,overture:Forte De Copacabana - Jornal Extra:-22.98330:-43.18955
Fosso,topic_concert_venue,overture,-22.932823181152344,-43.198116302490234,,overture:Fosso:-22.93282:-43.19812
Fresh Water Festival,topic_concert_venue,overture,-22.9788875579834,-43.48749923706055,,overture:Fresh Water Festival:-22.97889:-43.48750
Fun Page Arts,topic_concert_venue,overture,-22.960840225219727,-43.35615921020508,,overture:Fun Page Arts:-22.96084:-43.35616
Fun Pic RJ,topic_concert_venue,overture,-22.907569885253906,-43.27605438232422,,overture:Fun Pic RJ:-22.90757:-43.27605
Fundação Teatro Municipal do Rio de Janeiro,topic_concert_venue,overture,-22.880582809448242,-43.277992248535156,,overture:Fundação Teatro Municipal do Rio de Janeiro:-22.88058:-43.27799
FÊNIX,topic_concert_venue,overture,-22.869129180908203,-43.48646545410156,,overture:FÊNIX:-22.86913:-43.48647
G.R.E.S Império Ricardense,topic_concert_venue,overture,-22.839462280273438,-43.40025329589844,,overture:G.R.E.S Império Ricardense:-22.83946:-43.40025
G.R.E.S. Acadêmicos da Abolição,topic_concert_venue,overture,-22.888940811157227,-43.296451568603516,,overture:G.R.E.S. Acadêmicos da Abolição:-22.88894:-43.29645
G.R.E.S. Arrastão de Cascadura,topic_concert_venue,overture,-22.87752342224121,-43.32299041748047,,overture:G.R.E.S. Arrastão de Cascadura:-22.87752:-43.32299
G.R.E.S. Delírio da Zona Oeste,topic_concert_venue,overture,-22.899829864501953,-43.549659729003906,,overture:G.R.E.S. Delírio da Zona Oeste:-22.89983:-43.54966
G.R.E.S. Império Serrano,topic_concert_venue,overture,-22.874202728271484,-43.33647155761719,,overture:G.R.E.S. Império Serrano:-22.87420:-43.33647
G.R.E.S. Mocidade Independente de Padre Miguel,topic_concert_venue,overture,-22.973054885864258,-43.3846435546875,,overture:G.R.E.S. Mocidade Independente de Padre Miguel:-22.97305:-43.38464
G.R.E.S. Sereno de Campo Grande,topic_concert_venue,overture,-22.90782356262207,-43.565120697021484,,overture:G.R.E.S. Sereno de Campo Grande:-22.90782:-43.56512
G.R.E.S. Tradição,topic_concert_venue,overture,-22.882532119750977,-43.34572219848633,,overture:G.R.E.S. Tradição:-22.88253:-43.34572
GGRF - Geek & Game Rio Festival,topic_concert_venue,overture,-22.981037139892578,-43.409969329833984,,overture:GGRF - Geek & Game Rio Festival:-22.98104:-43.40997
GRBC Bambas do Curuzu,topic_concert_venue,overture,-22.896129608154297,-43.23052215576172,,overture:GRBC Bambas do Curuzu:-22.89613:-43.23052
GRBC Mocidade do Cosme Velho,topic_concert_venue,overture,-22.940073013305664,-43.20295333862305,,overture:GRBC Mocidade do Cosme Velho:-22.94007:-43.20295
GRES Beija Flor de Nilópolis,topic_concert_venue,overture,-22.81361961364746,-43.4196891784668,,overture:GRES Beija Flor de Nilópolis:-22.81362:-43.41969
GRES Difícil é o Nome,topic_concert_venue,overture,-22.88254165649414,-43.296146392822266,,overture:GRES Difícil é o Nome:-22.88254:-43.29615
GRES Estácio de Sá,topic_concert_venue,overture,-22.912607192993164,-43.2017707824707,,overture:GRES Estácio de Sá:-22.91261:-43.20177
GRES Imperadores Rubro-Negros,topic_concert_venue,overture,-22.86454200744629,-43.36482620239258,,overture:GRES Imperadores Rubro-Negros:-22.86454:-43.36483
GRES Imperatriz Leopoldinense,topic_concert_venue,overture,-22.856142044067383,-43.26279067993164,,overture:GRES Imperatriz Leopoldinense:-22.85614:-43.26279
GRES Império Serrano,topic_concert_venue,overture,-22.894351959228516,-43.19639205932617,,overture:GRES Império Serrano:-22.89435:-43.19639
GRES Sereno de Campo Grande,topic_concert_venue,overture,-22.905160903930664,-43.55683898925781,,overture:GRES Sereno de Campo Grande:-22.90516:-43.55684
GRES Unidos de Vila Isabel,topic_concert_venue,overture,-22.91373062133789,-43.236568450927734,,overture:GRES Unidos de Vila Isabel:-22.91373:-43.23657
GRES União da Ilha do Governador,topic_concert_venue,overture,-22.813766479492188,-43.188899993896484,,overture:GRES União da Ilha do Governador:-22.81377:-43.18890
GTA Salão de Festas,topic_concert_venue,overture,-22.857364654541016,-43.454383850097656,,overture:GTA Salão de Festas:-22.85736:-43.45438
GaHub,topic_concert_venue,overture,-22.916011810302734,-43.183963775634766,,overture:GaHub:-22.91601:-43.18396
Galeria Jardim,topic_concert_venue,overture,-23.00695037841797,-43.5405158996582,,overture:Galeria Jardim:-23.00695:-43.54052
Galpão das Artes,topic_concert_venue,overture,-22.97054100036621,-43.22462463378906,,overture:Galpão das Artes:-22.97054:-43.22462
Garden Hall,topic_concert_venue,overture,-22.800823211669922,-43.375282287597656,,overture:Garden Hall:-22.80082:-43.37528
Garden Place Festas,topic_concert_venue,overture,-22.85454750061035,-43.48059844970703,,overture:Garden Place Festas:-22.85455:-43.48060
Garota Vip,topic_concert_venue,overture,-22.903593063354492,-43.222190856933594,,overture:Garota Vip:-22.90359:-43.22219
Gavea 150,topic_concert_venue,overture,-22.998693466186523,-43.270851135253906,,overture:Gavea 150:-22.99869:-43.27085
Gavea Gourmet FoodPark,topic_concert_venue,overture,-22.977130889892578,-43.21912384033203,,overture:Gavea Gourmet FoodPark:-22.97713:-43.21912
Ginga Tropical,topic_concert_venue,overture,-22.951019287109375,-43.175926208496094,,overture:Ginga Tropical:-22.95102:-43.17593
Gol Certo - Braço Forte,topic_concert_venue,overture,-22.77240562438965,-43.41745376586914,,overture:Gol Certo - Braço Forte:-22.77241:-43.41745
Goldies Cute,topic_concert_venue,overture,-23.00931739807129,-43.295745849609375,,overture:Goldies Cute:-23.00932:-43.29575
Grbc Grilo de Bangu Carnaval 2019,topic_concert_venue,overture,-22.886123657226562,-43.47760772705078,,overture:Grbc Grilo de Bangu Carnaval 2019:-22.88612:-43.47761
Gres Arrastão de Cascadura,topic_concert_venue,overture,-22.877460479736328,-43.32289123535156,,overture:Gres Arrastão de Cascadura:-22.87746:-43.32289
Gres Unidos Da Vila Kennedy,topic_concert_venue,overture,-22.855567932128906,-43.494693756103516,,overture:Gres Unidos Da Vila Kennedy:-22.85557:-43.49469
Ground Eventos ,topic_concert_venue,overture,-22.786027908325195,-43.43351745605469,,overture:Ground Eventos :-22.78603:-43.43352
Grupo Expressão,topic_concert_venue,overture,-22.953006744384766,-43.19623947143555,,overture:Grupo Expressão:-22.95301:-43.19624
Grupo Firmamento,topic_concert_venue,overture,-22.913955688476562,-43.16872787475586,,overture:Grupo Firmamento:-22.91396:-43.16873
Grupo de Capoeira Maré de Bambas,topic_concert_venue,overture,-22.865310668945312,-43.24193572998047,,overture:Grupo de Capoeira Maré de Bambas:-22.86531:-43.24194
Grêmio Recreativo Escola de Samba Educativa Império da Tijuca,topic_concert_venue,overture,-22.939525604248047,-43.24545669555664,,overture:Grêmio Recreativo Escola de Samba Educativa Império da Tijuca:-22.93953:-43.24546
Grêmio Recreativo Paratodos,topic_concert_venue,overture,-22.80615997314453,-43.36783981323242,,overture:Grêmio Recreativo Paratodos:-22.80616:-43.36784
Guerreirinhos Flu Tijuca,topic_concert_venue,overture,-22.91702651977539,-43.210670471191406,,overture:Guerreirinhos Flu Tijuca:-22.91703:-43.21067
Gênesis Festas e Eventos,topic_concert_venue,overture,-22.960180282592773,-43.69793701171875,,overture:Gênesis Festas e Eventos:-22.96018:-43.69794
HAUS Entretenimento,topic_concert_venue,overture,-22.879629135131836,-43.33481216430664,,overture:HAUS Entretenimento:-22.87963:-43.33481
Hang Gliding Rio Adventure,topic_concert_venue,overture,-22.999160766601562,-43.26191329956055,,overture:Hang Gliding Rio Adventure:-22.99916:-43.26191
Hartt Festas E Eventos,topic_concert_venue,overture,-22.8566837310791,-43.36539840698242,,overture:Hartt Festas E Eventos:-22.85668:-43.36540
Hellas - Casa de Festas,topic_concert_venue,overture,-22.76693344116211,-43.37398147583008,,overture:Hellas - Casa de Festas:-22.76693:-43.37398
Hidro Brasil - HB,topic_concert_venue,overture,-22.75666618347168,-43.40747833251953,,overture:Hidro Brasil - HB:-22.75667:-43.40748
Hip Hop Zona Norte,topic_concert_venue,overture,-22.892900466918945,-43.29506301879883,,overture:Hip Hop Zona Norte:-22.89290:-43.29506
Honório Gurgel,topic_concert_venue,overture,-22.837322235107422,-43.36330795288086,,overture:Honório Gurgel:-22.83732:-43.36331
I Love Baile Funk,topic_concert_venue,overture,-22.8664493560791,-43.239837646484375,,overture:I Love Baile Funk:-22.86645:-43.23984
IEAD  Ministério Libertos Por Cristo,topic_concert_venue,overture,-22.899999618530273,-43.119384765625,,overture:IEAD  Ministério Libertos Por Cristo:-22.90000:-43.11938
IRAJA,topic_concert_venue,overture,-22.828706741333008,-43.331634521484375,,overture:IRAJA:-22.82871:-43.33163
Ideal Entretenimento,topic_concert_venue,overture,-23.003948211669922,-43.42490768432617,,overture:Ideal Entretenimento:-23.00395:-43.42491
Ilha Cultural a arte está na rua,topic_concert_venue,overture,-23.00415802001953,-43.309268951416016,,overture:Ilha Cultural a arte está na rua:-23.00416:-43.30927
Ilha Da Barra,topic_concert_venue,overture,-22.970138549804688,-43.33420181274414,,overture:Ilha Da Barra:-22.97014:-43.33420
Ilha Lounge,topic_concert_venue,overture,-22.808090209960938,-43.182586669921875,,overture:Ilha Lounge:-22.80809:-43.18259
Ilê Orixá Odé Messan Orun,topic_concert_venue,overture,-22.849884033203125,-43.52749252319336,,overture:Ilê Orixá Odé Messan Orun:-22.84988:-43.52749
Império Serrano,topic_concert_venue,overture,-22.873981475830078,-43.33682632446289,,overture:Império Serrano:-22.87398:-43.33683
Império Show,topic_concert_venue,overture,-22.89076042175293,-43.22368621826172,,overture:Império Show:-22.89076:-43.22369
Instawalk Rio,topic_concert_venue,overture,-22.914997100830078,-43.18700408935547,,overture:Instawalk Rio:-22.91500:-43.18700
Instituto Zé Gotinha,topic_concert_venue,overture,-22.94721794128418,-43.16202163696289,,overture:Instituto Zé Gotinha:-22.94722:-43.16202
Ipanema Beatch,topic_concert_venue,overture,-22.88787078857422,-43.29914093017578,,overture:Ipanema Beatch:-22.88787:-43.29914
Itajubara Teleferico Estação Baiana,topic_concert_venue,overture,-22.858295440673828,-43.26584243774414,,overture:Itajubara Teleferico Estação Baiana:-22.85830:-43.26584
Jardim Magarça - Festas e Eventos,topic_concert_venue,overture,-22.936477661132812,-43.58066177368164,,overture:Jardim Magarça - Festas e Eventos:-22.93648:-43.58066
Jardim Suspenso,topic_concert_venue,overture,-22.932205200195312,-43.23717498779297,,overture:Jardim Suspenso:-22.93221:-43.23717
Jardins do Itanhangá,topic_concert_venue,overture,-22.981348037719727,-43.3328742980957,,overture:Jardins do Itanhangá:-22.98135:-43.33287
Jazzmania,topic_concert_venue,overture,-22.986982345581055,-43.19723892211914,,overture:Jazzmania:-22.98698:-43.19724
Joa Jungle Rooftop,topic_concert_venue,overture,-23.003820419311523,-43.28022003173828,,overture:Joa Jungle Rooftop:-23.00382:-43.28022
Jogo das Estrelas,topic_concert_venue,overture,-22.911941528320312,-43.23020553588867,,overture:Jogo das Estrelas:-22.91194:-43.23021
Johnny Bacana Produções,topic_concert_venue,overture,-22.893840789794922,-43.57174301147461,,overture:Johnny Bacana Produções:-22.89384:-43.57174
Juventus Academy Botafogo,topic_concert_venue,overture,-22.94969367980957,-43.18714141845703,,overture:Juventus Academy Botafogo:-22.94969:-43.18714
Kadosch Festas,topic_concert_venue,overture,-22.84760093688965,-43.5226936340332,,overture:Kadosch Festas:-22.84760:-43.52269
L&V,topic_concert_venue,overture,-22.75704002380371,-43.3173942565918,,overture:L&V:-22.75704:-43.31739
LCV Terraço para festas e reuniões,topic_concert_venue,overture,-22.828800201416016,-43.32829666137695,,overture:LCV Terraço para festas e reuniões:-22.82880:-43.32830
LED,topic_concert_venue,overture,-22.91965675354004,-43.17890167236328,,overture:LED:-22.91966:-43.17890
Labs A+ Carioca,topic_concert_venue,overture,-22.90465545654297,-43.17704391479492,,overture:Labs A+ Carioca:-22.90466:-43.17704
LadumaOficial,topic_concert_venue,overture,-22.956993103027344,-43.336666107177734,,overture:LadumaOficial:-22.95699:-43.33667
Lannes House,topic_concert_venue,overture,-22.910451889038086,-43.36021041870117,,overture:Lannes House:-22.91045:-43.36021
Largo da Barra da Tijuca,topic_concert_venue,overture,-23.00742530822754,-43.30802536010742,,overture:Largo da Barra da Tijuca:-23.00743:-43.30803
Largo do 40,topic_concert_venue,overture,-22.94723892211914,-43.60466766357422,,overture:Largo do 40:-22.94724:-43.60467
Largo do Barreto Gramacho Duque de Caxias,topic_concert_venue,overture,-22.75752830505371,-43.3058967590332,,overture:Largo do Barreto Gramacho Duque de Caxias:-22.75753:-43.30590
Laço de Ouro Eventos,topic_concert_venue,overture,-22.937376022338867,-43.370296478271484,,overture:Laço de Ouro Eventos:-22.93738:-43.37030
Le Garden,topic_concert_venue,overture,-22.956790924072266,-43.380760192871094,,overture:Le Garden:-22.95679:-43.38076
Leah,topic_concert_venue,overture,-22.88142204284668,-43.356414794921875,,overture:Leah:-22.88142:-43.35641
Leitão's House,topic_concert_venue,overture,-22.962772369384766,-43.329898834228516,,overture:Leitão's House:-22.96277:-43.32990
Lions Arena CT,topic_concert_venue,overture,-22.902721405029297,-43.57411193847656,,overture:Lions Arena CT:-22.90272:-43.57411
Lista Festa Planet Espaço Hall,topic_concert_venue,overture,-22.94497299194336,-43.34600067138672,,overture:Lista Festa Planet Espaço Hall:-22.94497:-43.34600
Live Tim,topic_concert_venue,overture,-22.91010284423828,-43.20473861694336,,overture:Live Tim:-22.91010:-43.20474
Locapisos Locapisos,topic_concert_venue,overture,-22.8850154876709,-43.22853469848633,,overture:Locapisos Locapisos:-22.88502:-43.22853
Lona Cultural Sandra de Sá,topic_concert_venue,overture,-22.902097702026367,-43.707359313964844,,overture:Lona Cultural Sandra de Sá:-22.90210:-43.70736
Lona Cultural de Jacarepaguá,topic_concert_venue,overture,-22.92413902282715,-43.35835647583008,,overture:Lona Cultural de Jacarepaguá:-22.92414:-43.35836
Look,topic_concert_venue,overture,-22.79313087463379,-43.30441665649414,,overture:Look:-22.79313:-43.30442
LoveLands,topic_concert_venue,overture,-22.918081283569336,-43.169151306152344,,overture:LoveLands:-22.91808:-43.16915
Lu Art Espaço Festas,topic_concert_venue,overture,-22.770601272583008,-43.35890579223633,,overture:Lu Art Espaço Festas:-22.77060:-43.35891
LuMar Casa de Festas,topic_concert_venue,overture,-22.80483627319336,-43.40815734863281,,overture:LuMar Casa de Festas:-22.80484:-43.40816
Luiz Faustino Eventos,topic_concert_venue,overture,-22.931556701660156,-43.55542755126953,,overture:Luiz Faustino Eventos:-22.93156:-43.55543
Luz do Sol,topic_concert_venue,overture,-22.834749221801758,-43.40959167480469,,overture:Luz do Sol:-22.83475:-43.40959
LÉO RAMOS - Stand up Comedy,topic_concert_venue,overture,-22.806785583496094,-43.2086296081543,,overture:LÉO RAMOS - Stand up Comedy:-22.80679:-43.20863
M&M Eventos,topic_concert_venue,overture,-22.84553337097168,-43.301780700683594,,overture:M&M Eventos:-22.84553:-43.30178
MAGIC SHOW,topic_concert_venue,overture,-22.89012336730957,-43.24265670776367,,overture:MAGIC SHOW:-22.89012:-43.24266
MANSÃO VP,topic_concert_venue,overture,-22.845012664794922,-43.31470489501953,,overture:MANSÃO VP:-22.84501:-43.31470
MM Espaço Festas,topic_concert_venue,overture,-22.860233306884766,-43.78715133666992,,overture:MM Espaço Festas:-22.86023:-43.78715
MPG Produções Artísticas,topic_concert_venue,overture,-22.9046688079834,-43.177040100097656,,overture:MPG Produções Artísticas:-22.90467:-43.17704
MSC Cruzeiros - MSC Musica,topic_concert_venue,overture,-22.88263702392578,-43.24412536621094,,overture:MSC Cruzeiros - MSC Musica:-22.88264:-43.24413
MW Garçons Festas & Eventos,topic_concert_venue,overture,-22.77823257446289,-43.3109130859375,,overture:MW Garçons Festas & Eventos:-22.77823:-43.31091
Madah Gigoia,topic_concert_venue,overture,-23.00178337097168,-43.307769775390625,,overture:Madah Gigoia:-23.00178:-43.30777
Madean Secret,topic_concert_venue,overture,-22.9406795501709,-43.680335998535156,,overture:Madean Secret:-22.94068:-43.68034
Magnifica casa de festas e eventos,topic_concert_venue,overture,-22.783432006835938,-43.543087005615234,,overture:Magnifica casa de festas e eventos:-22.78343:-43.54309
Magrinho,topic_concert_venue,overture,-22.749357223510742,-43.474937438964844,,overture:Magrinho:-22.74936:-43.47494
Mais 5521 entretenimento,topic_concert_venue,overture,-22.892274856567383,-43.30803680419922,,overture:Mais 5521 entretenimento:-22.89227:-43.30804
Maison Supreme,topic_concert_venue,overture,-22.864229202270508,-43.35981369018555,,overture:Maison Supreme:-22.86423:-43.35981
Maison Ágape Eventos,topic_concert_venue,overture,-22.884033203125,-43.563865661621094,,overture:Maison Ágape Eventos:-22.88403:-43.56387
Majestade Show,topic_concert_venue,overture,-22.913782119750977,-43.17911911010742,,overture:Majestade Show:-22.91378:-43.17912
Malandramente a Festa Original,topic_concert_venue,overture,-22.880704879760742,-43.35391616821289,,overture:Malandramente a Festa Original:-22.88070:-43.35392
Malena Salão de Festas,topic_concert_venue,overture,-22.882183074951172,-43.46230697631836,,overture:Malena Salão de Festas:-22.88218:-43.46231
Malê - Espaço Cultural e Gastronômico,topic_concert_venue,overture,-22.913192749023438,-43.18114471435547,,overture:Malê - Espaço Cultural e Gastronômico:-22.91319:-43.18114
Mangabeira Festas,topic_concert_venue,overture,-22.775901794433594,-43.37199020385742,,overture:Mangabeira Festas:-22.77590:-43.37199
Mangue Sup,topic_concert_venue,overture,-23.010883331298828,-43.297306060791016,,overture:Mangue Sup:-23.01088:-43.29731
Mansao Rosa - Alto da Boa Vista,topic_concert_venue,overture,-22.97185707092285,-43.35940933227539,,overture:Mansao Rosa - Alto da Boa Vista:-22.97186:-43.35941
Mansao da Colina Producao de Eventos,topic_concert_venue,overture,-22.953460693359375,-43.37620162963867,,overture:Mansao da Colina Producao de Eventos:-22.95346:-43.37620
Mansão 021 - Coworking,topic_concert_venue,overture,-23.006710052490234,-43.29880142211914,,overture:Mansão 021 - Coworking:-23.00671:-43.29880
Mansão Alto Estácio,topic_concert_venue,overture,-22.917800903320312,-43.20784378051758,,overture:Mansão Alto Estácio:-22.91780:-43.20784
Mansão Azul,topic_concert_venue,overture,-22.82998275756836,-43.40396499633789,,overture:Mansão Azul:-22.82998:-43.40396
Mansão Laranjeiras,topic_concert_venue,overture,-22.929590225219727,-43.18960189819336,,overture:Mansão Laranjeiras:-22.92959:-43.18960
Mansão Prime - Achieta,topic_concert_venue,overture,-22.82181739807129,-43.40153884887695,,overture:Mansão Prime - Achieta:-22.82182:-43.40154
Mansão Santorini,topic_concert_venue,overture,-22.850210189819336,-43.331119537353516,,overture:Mansão Santorini:-22.85021:-43.33112
Mansão Victor,topic_concert_venue,overture,-22.917510986328125,-43.354732513427734,,overture:Mansão Victor:-22.91751:-43.35473
Manège Lordello,topic_concert_venue,overture,-22.91312599182129,-43.20966720581055,,overture:Manège Lordello:-22.91313:-43.20967
Marcellino Luta Livre,topic_concert_venue,overture,-22.956865310668945,-43.35512924194336,,overture:Marcellino Luta Livre:-22.95687:-43.35513
Mazarha - Festa de Black Music,topic_concert_venue,overture,-22.901857376098633,-43.175052642822266,,overture:Mazarha - Festa de Black Music:-22.90186:-43.17505
McDia Feliz - Loja Maxwell,topic_concert_venue,overture,-22.923078536987305,-43.248939514160156,,overture:McDia Feliz - Loja Maxwell:-22.92308:-43.24894
Mcdesom Producao De Eventos,topic_concert_venue,overture,-22.911279678344727,-43.17522430419922,,overture:Mcdesom Producao De Eventos:-22.91128:-43.17522
Mega Eventos -Festas e Eventos,topic_concert_venue,overture,-22.88661003112793,-43.62019348144531,,overture:Mega Eventos -Festas e Eventos:-22.88661:-43.62019
Mercado Kalakuta,topic_concert_venue,overture,-22.942731857299805,-43.33924102783203,,overture:Mercado Kalakuta:-22.94273:-43.33924
Meriti Plaza Salão de Festas,topic_concert_venue,overture,-22.803688049316406,-43.37625503540039,,overture:Meriti Plaza Salão de Festas:-22.80369:-43.37626
Meu Espaço  - CRIS,topic_concert_venue,overture,-22.890310287475586,-43.2898063659668,,overture:Meu Espaço  - CRIS:-22.89031:-43.28981
Mini Sítio Flor,topic_concert_venue,overture,-22.831748962402344,-43.551185607910156,,overture:Mini Sítio Flor:-22.83175:-43.55119
Ministério Forte Sede e filiais,topic_concert_venue,overture,-22.77768325805664,-43.308380126953125,,overture:Ministério Forte Sede e filiais:-22.77768:-43.30838
Mk Polo House,topic_concert_venue,overture,-22.954639434814453,-43.379486083984375,,overture:Mk Polo House:-22.95464:-43.37949
"Mont Royal, Montreal Canada",topic_concert_venue,overture,-22.94518280029297,-43.1601676940918,,"overture:Mont Royal, Montreal Canada:-22.94518:-43.16017"
"Monte Do Barata , Realengo",topic_concert_venue,overture,-22.8953857421875,-43.44731140136719,,"overture:Monte Do Barata , Realengo:-22.89539:-43.44731"
Monte Sinai Festas,topic_concert_venue,overture,-22.779272079467773,-43.41526412963867,,overture:Monte Sinai Festas:-22.77927:-43.41526
Morro Do Tuiuti Rj,topic_concert_venue,overture,-22.900005340576172,-43.233970642089844,,overture:Morro Do Tuiuti Rj:-22.90001:-43.23397
Mucheli Festa & Eventos,topic_concert_venue,overture,-22.81763458251953,-43.40863037109375,,overture:Mucheli Festa & Eventos:-22.81763:-43.40863
Mulheres de Pedra,topic_concert_venue,overture,-23.002981185913086,-43.63909149169922,,overture:Mulheres de Pedra:-23.00298:-43.63909
Mundial lash congress,topic_concert_venue,overture,-23.002243041992188,-43.63309097290039,,overture:Mundial lash congress:-23.00224:-43.63309
Mundo Feliz - Casa de Festas,topic_concert_venue,overture,-22.848173141479492,-43.26683044433594,,overture:Mundo Feliz - Casa de Festas:-22.84817:-43.26683
Mundo das Festas,topic_concert_venue,overture,-22.79421043395996,-43.38352584838867,,overture:Mundo das Festas:-22.79421:-43.38353
Muniz,topic_concert_venue,overture,-22.92478370666504,-43.51740646362305,,overture:Muniz:-22.92478:-43.51741
Mônica Festas e Foods,topic_concert_venue,overture,-22.962791442871094,-43.352882385253906,,overture:Mônica Festas e Foods:-22.96279:-43.35288
NBA House,topic_concert_venue,overture,-22.896015167236328,-43.18165588378906,,overture:NBA House:-22.89602:-43.18166
NG Festas de Realengo,topic_concert_venue,overture,-22.864025115966797,-43.44264221191406,,overture:NG Festas de Realengo:-22.86403:-43.44264
Na Casa da Bete,topic_concert_venue,overture,-22.84008026123047,-43.26675033569336,,overture:Na Casa da Bete:-22.84008:-43.26675
Na Praia12 - Recreio,topic_concert_venue,overture,-23.030284881591797,-43.471466064453125,,overture:Na Praia12 - Recreio:-23.03028:-43.47147
NaMedida - Puc-Rio,topic_concert_venue,overture,-22.979503631591797,-43.23299026489258,,overture:NaMedida - Puc-Rio:-22.97950:-43.23299
NamastÊ Alternativo,topic_concert_venue,overture,-22.870939254760742,-43.45014953613281,,overture:NamastÊ Alternativo:-22.87094:-43.45015
Namastê,topic_concert_venue,overture,-22.915130615234375,-43.354740142822266,,overture:Namastê:-22.91513:-43.35474
Nathalya Alcantara Beauty Studio,topic_concert_venue,overture,-22.826040267944336,-43.602256774902344,,overture:Nathalya Alcantara Beauty Studio:-22.82604:-43.60226
New Wave,topic_concert_venue,overture,-22.890300750732422,-43.56566619873047,,overture:New Wave:-22.89030:-43.56567
NextPro,topic_concert_venue,overture,-23.010244369506836,-43.33441162109375,,overture:NextPro:-23.01024:-43.33441
Night Bus,topic_concert_venue,overture,-23.00100326538086,-43.32856369018555,,overture:Night Bus:-23.00100:-43.32856
Ninique festas,topic_concert_venue,overture,-22.86817741394043,-43.09965133666992,,overture:Ninique festas:-22.86818:-43.09965
Niño de Artes Luiz Mendonça,topic_concert_venue,overture,-22.9130916595459,-43.1829719543457,,overture:Niño de Artes Luiz Mendonça:-22.91309:-43.18297
No Mundo da Bola,topic_concert_venue,overture,-22.910280227661133,-43.18316650390625,,overture:No Mundo da Bola:-22.91028:-43.18317
NoctuRoofTop,topic_concert_venue,overture,-22.999204635620117,-43.40874481201172,,overture:NoctuRoofTop:-22.99920:-43.40874
Noites Cariocas,topic_concert_venue,overture,-22.895904541015625,-43.181636810302734,,overture:Noites Cariocas:-22.89590:-43.18164
Nosso Samba,topic_concert_venue,overture,-22.993223190307617,-43.23848342895508,,overture:Nosso Samba:-22.99322:-43.23848
Nosso Sim,topic_concert_venue,overture,-22.870830535888672,-43.29526138305664,,overture:Nosso Sim:-22.87083:-43.29526
Nova Órbita Produções Artísticas,topic_concert_venue,overture,-22.854129791259766,-43.31631851196289,,overture:Nova Órbita Produções Artísticas:-22.85413:-43.31632
Nova.York,topic_concert_venue,overture,-22.82170295715332,-43.37710189819336,,overture:Nova.York:-22.82170:-43.37710
Novidade Shows,topic_concert_venue,overture,-22.860963821411133,-43.45418167114258,,overture:Novidade Shows:-22.86096:-43.45418
Novo Espaço- Festas & Eventos,topic_concert_venue,overture,-22.824172973632812,-43.41257095336914,,overture:Novo Espaço- Festas & Eventos:-22.82417:-43.41257
Novo Som,topic_concert_venue,overture,-22.917810440063477,-43.227500915527344,,overture:Novo Som:-22.91781:-43.22750
Novo Tempo Comendador Soares RJ,topic_concert_venue,overture,-22.749353408813477,-43.4817008972168,,overture:Novo Tempo Comendador Soares RJ:-22.74935:-43.48170
Novos Bambas do Velho Samba,topic_concert_venue,overture,-22.913352966308594,-43.18148422241211,,overture:Novos Bambas do Velho Samba:-22.91335:-43.18148
Nuaa Festas,topic_concert_venue,overture,-22.84256935119629,-43.28492736816406,,overture:Nuaa Festas:-22.84257:-43.28493
Nó da Dança,topic_concert_venue,overture,-22.92095184326172,-43.21751022338867,,overture:Nó da Dança:-22.92095:-43.21751
Núcleo IDEA,topic_concert_venue,overture,-22.761240005493164,-43.45827102661133,,overture:Núcleo IDEA:-22.76124:-43.45827
Núcleo Terapeutico Unindo Corações ,topic_concert_venue,overture,-22.956083297729492,-43.20164108276367,,overture:Núcleo Terapeutico Unindo Corações :-22.95608:-43.20164
Núcleo de Artes Leblon,topic_concert_venue,overture,-22.979536056518555,-43.22243118286133,,overture:Núcleo de Artes Leblon:-22.97954:-43.22243
O Altar,topic_concert_venue,overture,-22.9121036529541,-43.52290344238281,,overture:O Altar:-22.91210:-43.52290
O Corcunda De Notre Dame,topic_concert_venue,overture,-22.975055694580078,-43.22841262817383,,overture:O Corcunda De Notre Dame:-22.97506:-43.22841
O Rancho do sapê,topic_concert_venue,overture,-22.845823287963867,-43.79194641113281,,overture:O Rancho do sapê:-22.84582:-43.79195
O Reino da Gataria,topic_concert_venue,overture,-23.00121307373047,-43.34889602661133,,overture:O Reino da Gataria:-23.00121:-43.34890
OLugar Arte Contemporânea,topic_concert_venue,overture,-22.901020050048828,-43.203033447265625,,overture:OLugar Arte Contemporânea:-22.90102:-43.20303
OMO OBA,topic_concert_venue,overture,-22.767658233642578,-43.5913200378418,,overture:OMO OBA:-22.76766:-43.59132
Ocupação Manuel Congo,topic_concert_venue,overture,-22.91039276123047,-43.1768684387207,,overture:Ocupação Manuel Congo:-22.91039:-43.17687
Opção Festa,topic_concert_venue,overture,-22.74998664855957,-43.391197204589844,,overture:Opção Festa:-22.74999:-43.39120
Ordem dos Músicos do Brasil,topic_concert_venue,overture,-22.90787124633789,-43.1754264831543,,overture:Ordem dos Músicos do Brasil:-22.90787:-43.17543
Orquestra Católica do Rio de Janeiro,topic_concert_venue,overture,-22.86715316772461,-43.464866638183594,,overture:Orquestra Católica do Rio de Janeiro:-22.86715:-43.46487
Orquestra Petrobrás Sinfônica,topic_concert_venue,overture,-22.93974494934082,-43.180419921875,,overture:Orquestra Petrobrás Sinfônica:-22.93974:-43.18042
Orquestra Sinfônica Brasileira,topic_concert_venue,overture,-22.904560089111328,-43.17757034301758,,overture:Orquestra Sinfônica Brasileira:-22.90456:-43.17757
Oxi Geniu's Academia,topic_concert_venue,overture,-22.91370964050293,-43.54271697998047,,overture:Oxi Geniu's Academia:-22.91371:-43.54272
P9 Lounge,topic_concert_venue,overture,-22.850990295410156,-43.245662689208984,,overture:P9 Lounge:-22.85099:-43.24566
PARA SHOWS,topic_concert_venue,overture,-22.97870635986328,-43.33917999267578,,overture:PARA SHOWS:-22.97871:-43.33918
PS Festas,topic_concert_venue,overture,-22.88861083984375,-43.438446044921875,,overture:PS Festas:-22.88861:-43.43845
Pagode 4 Linhas,topic_concert_venue,overture,-22.864444732666016,-43.36446762084961,,overture:Pagode 4 Linhas:-22.86444:-43.36447
Pagode 40 Graus,topic_concert_venue,overture,-22.892263412475586,-43.308040618896484,,overture:Pagode 40 Graus:-22.89226:-43.30804
Pagode Da Praça Do Galo Cdd,topic_concert_venue,overture,-22.94993019104004,-43.36117172241211,,overture:Pagode Da Praça Do Galo Cdd:-22.94993:-43.36117
Pagode Do Trabalhador,topic_concert_venue,overture,-22.824209213256836,-43.34547805786133,,overture:Pagode Do Trabalhador:-22.82421:-43.34548
Pagode Show de Bola,topic_concert_venue,overture,-22.880374908447266,-43.296390533447266,,overture:Pagode Show de Bola:-22.88037:-43.29639
Pagode da Ligação,topic_concert_venue,overture,-22.803436279296875,-43.32220458984375,,overture:Pagode da Ligação:-22.80344:-43.32220
Pagode de Lei,topic_concert_venue,overture,-22.8823299407959,-43.26403045654297,,overture:Pagode de Lei:-22.88233:-43.26403
Pagode do Batuta,topic_concert_venue,overture,-22.89362335205078,-43.29534149169922,,overture:Pagode do Batuta:-22.89362:-43.29534
Pagodin da Lú,topic_concert_venue,overture,-22.991111755371094,-43.25056076049805,,overture:Pagodin da Lú:-22.99111:-43.25056
Paiol do Alto,topic_concert_venue,overture,-22.973926544189453,-43.28489685058594,,overture:Paiol do Alto:-22.97393:-43.28490
Palace Hall,topic_concert_venue,overture,-22.885622024536133,-43.55775833129883,,overture:Palace Hall:-22.88562:-43.55776
Palestra,topic_concert_venue,overture,-22.861204147338867,-43.345184326171875,,overture:Palestra:-22.86120:-43.34518
Palmeiras da Ilha Eventos,topic_concert_venue,overture,-23.008333206176758,-43.538673400878906,,overture:Palmeiras da Ilha Eventos:-23.00833:-43.53867
Palácio Maçônico do Lavradio,topic_concert_venue,overture,-22.910512924194336,-43.18281173706055,,overture:Palácio Maçônico do Lavradio:-22.91051:-43.18281
Parada 330,topic_concert_venue,overture,-22.821002960205078,-43.33143615722656,,overture:Parada 330:-22.82100:-43.33144
Parada Obrigatória,topic_concert_venue,overture,-22.7641544342041,-43.366966247558594,,overture:Parada Obrigatória:-22.76415:-43.36697
Parque Criativo,topic_concert_venue,overture,-22.927810668945312,-43.17369842529297,,overture:Parque Criativo:-22.92781:-43.17370
Parque Itamaraty Eventos,topic_concert_venue,overture,-22.962120056152344,-43.27421569824219,,overture:Parque Itamaraty Eventos:-22.96212:-43.27422
Parque de Eventos Cabuçu,topic_concert_venue,overture,-22.780431747436523,-43.54648971557617,,overture:Parque de Eventos Cabuçu:-22.78043:-43.54649
Patota de Cosme,topic_concert_venue,overture,-22.90618324279785,-43.181636810302734,,overture:Patota de Cosme:-22.90618:-43.18164
Patronato Festas e Eventos,topic_concert_venue,overture,-22.76363182067871,-43.439388275146484,,overture:Patronato Festas e Eventos:-22.76363:-43.43939
Paulu's Festas e Eventos,topic_concert_venue,overture,-22.774316787719727,-43.35346221923828,,overture:Paulu's Festas e Eventos:-22.77432:-43.35346
Piscina Festas de Bonsucesso - RJ,topic_concert_venue,overture,-22.8604736328125,-43.25412368774414,,overture:Piscina Festas de Bonsucesso - RJ:-22.86047:-43.25412
Pistão De BANGU,topic_concert_venue,overture,-22.87837028503418,-43.46483612060547,,overture:Pistão De BANGU:-22.87837:-43.46484
Pizza Da Praça,topic_concert_venue,overture,-22.869489669799805,-43.259246826171875,,overture:Pizza Da Praça:-22.86949:-43.25925
Plana - Performance e Treinamento Esportivo,topic_concert_venue,overture,-22.92243003845215,-43.26410675048828,,overture:Plana - Performance e Treinamento Esportivo:-22.92243:-43.26411
Planeta Infantil,topic_concert_venue,overture,-22.826736450195312,-43.275638580322266,,overture:Planeta Infantil:-22.82674:-43.27564
Pontal Lucce,topic_concert_venue,overture,-22.83144187927246,-43.274051666259766,,overture:Pontal Lucce:-22.83144:-43.27405
Pontal do Guity,topic_concert_venue,overture,-22.894777297973633,-43.45307540893555,,overture:Pontal do Guity:-22.89478:-43.45308
Ponto De Cultura Samba Teresa,topic_concert_venue,overture,-22.894195556640625,-43.288848876953125,,overture:Ponto De Cultura Samba Teresa:-22.89420:-43.28885
Pool Party -Festa na Piscina,topic_concert_venue,overture,-22.83144187927246,-43.4039306640625,,overture:Pool Party -Festa na Piscina:-22.83144:-43.40393
Pop Ciencia,topic_concert_venue,overture,-22.908117294311523,-43.230892181396484,,overture:Pop Ciencia:-22.90812:-43.23089
"Porto do Rio de Janeiro, Armazém 24.",topic_concert_venue,overture,-22.89166259765625,-43.21445083618164,,"overture:Porto do Rio de Janeiro, Armazém 24.:-22.89166:-43.21445"
Portão Lá de Casa 2025,topic_concert_venue,overture,-22.891830444335938,-43.43716049194336,,overture:Portão Lá de Casa 2025:-22.89183:-43.43716
Pra Falar de Amor,topic_concert_venue,overture,-22.90241050720215,-43.100341796875,,overture:Pra Falar de Amor:-22.90241:-43.10034
Praça Inhangá Copacabana,topic_concert_venue,overture,-22.966018676757812,-43.18147277832031,,overture:Praça Inhangá Copacabana:-22.96602:-43.18147
Praça Paulo Da Portela Madureira,topic_concert_venue,overture,-22.86992835998535,-43.4986572265625,,overture:Praça Paulo Da Portela Madureira:-22.86993:-43.49866
Projac - Central Globo de Produções,topic_concert_venue,overture,-23.00255012512207,-43.3094367980957,,overture:Projac - Central Globo de Produções:-23.00255:-43.30944
Projeto Secreto,topic_concert_venue,overture,-23.008373260498047,-43.2955207824707,,overture:Projeto Secreto:-23.00837:-43.29552
Projeto Vozes e Cores,topic_concert_venue,overture,-22.91168975830078,-43.23639678955078,,overture:Projeto Vozes e Cores:-22.91169:-43.23640
Psicologo Lemuel Gonçalves,topic_concert_venue,overture,-22.86909294128418,-43.64397048950195,,overture:Psicologo Lemuel Gonçalves:-22.86909:-43.64397
Puro Luxo,topic_concert_venue,overture,-22.981863021850586,-43.24065017700195,,overture:Puro Luxo:-22.98186:-43.24065
"Pólen - Inovação, Empreendedorismo e Internacionalização",topic_concert_venue,overture,-22.866533279418945,-43.25371170043945,,"overture:Pólen - Inovação, Empreendedorismo e Internacionalização:-22.86653:-43.25371"
Quadra Da Unidos De Padre Miguel,topic_concert_venue,overture,-22.870786666870117,-43.447444915771484,,overture:Quadra Da Unidos De Padre Miguel:-22.87079:-43.44744
Quadra Do Manguerinha,topic_concert_venue,overture,-22.805416107177734,-43.40034484863281,,overture:Quadra Do Manguerinha:-22.80542:-43.40034
Quadra da Escola de Samba Grande Rio,topic_concert_venue,overture,-22.7919864654541,-43.31018829345703,,overture:Quadra da Escola de Samba Grande Rio:-22.79199:-43.31019
Quadra do Salgueiro,topic_concert_venue,overture,-22.921428680419922,-43.2442512512207,,overture:Quadra do Salgueiro:-22.92143:-43.24425
Quadrilha Junina Explosão,topic_concert_venue,overture,-22.918930053710938,-43.538230895996094,,overture:Quadrilha Junina Explosão:-22.91893:-43.53823
Qualistage,topic_concert_venue,overture,-22.98295021057129,-43.36262130737305,,overture:Qualistage:-22.98295:-43.36262
Quarto Andar,topic_concert_venue,overture,-22.903900146484375,-43.18172073364258,,overture:Quarto Andar:-22.90390:-43.18172
Queen Party Eventos,topic_concert_venue,overture,-22.844263076782227,-43.31734085083008,,overture:Queen Party Eventos:-22.84426:-43.31734
"Quem fez, fez",topic_concert_venue,overture,-22.972740173339844,-43.3867301940918,,"overture:Quem fez, fez:-22.97274:-43.38673"
Quilombo de Irajá,topic_concert_venue,overture,-22.84754180908203,-43.32511901855469,,overture:Quilombo de Irajá:-22.84754:-43.32512
Quinta De Luxo,topic_concert_venue,overture,-22.916698455810547,-43.616546630859375,,overture:Quinta De Luxo:-22.91670:-43.61655
Quinta do Ninho,topic_concert_venue,overture,-22.996240615844727,-43.507896423339844,,overture:Quinta do Ninho:-22.99624:-43.50790
Quinta dos Covardes,topic_concert_venue,overture,-22.91050910949707,-43.185646057128906,,overture:Quinta dos Covardes:-22.91051:-43.18565
Quintal da Casa,topic_concert_venue,overture,-22.977373123168945,-43.460811614990234,,overture:Quintal da Casa:-22.97737:-43.46081
Quintal de Madureira,topic_concert_venue,overture,-22.866445541381836,-43.34444808959961,,overture:Quintal de Madureira:-22.86645:-43.34445
Quintal do Jazz,topic_concert_venue,overture,-22.9140625,-43.250831604003906,,overture:Quintal do Jazz:-22.91406:-43.25083
Quintal do Terreiro RJ,topic_concert_venue,overture,-22.884830474853516,-43.43691635131836,,overture:Quintal do Terreiro RJ:-22.88483:-43.43692
Quintal dos Xarás,topic_concert_venue,overture,-22.849443435668945,-43.37749099731445,,overture:Quintal dos Xarás:-22.84944:-43.37749
Quintal festas,topic_concert_venue,overture,-22.796873092651367,-43.33120346069336,,overture:Quintal festas:-22.79687:-43.33120
Quintaldojeito,topic_concert_venue,overture,-22.934110641479492,-43.68932342529297,,overture:Quintaldojeito:-22.93411:-43.68932
Quintaneja Universitária,topic_concert_venue,overture,-22.9212703704834,-43.527671813964844,,overture:Quintaneja Universitária:-22.92127:-43.52767
Quiosque área de lazer,topic_concert_venue,overture,-22.771284103393555,-43.381011962890625,,overture:Quiosque área de lazer:-22.77128:-43.38101
R&D Espaço 556,topic_concert_venue,overture,-22.848833084106445,-43.33284378051758,,overture:R&D Espaço 556:-22.84883:-43.33284
RIO Sunset,topic_concert_venue,overture,-22.923513412475586,-43.225982666015625,,overture:RIO Sunset:-22.92351:-43.22598
Rampa de Voo Livre Pedra Bonita,topic_concert_venue,overture,-22.91670036315918,-43.40070343017578,,overture:Rampa de Voo Livre Pedra Bonita:-22.91670:-43.40070
"Rampa, Lugar de Criação",topic_concert_venue,overture,-22.981639862060547,-43.19478225708008,,"overture:Rampa, Lugar de Criação:-22.98164:-43.19478"
Rancho Curva do Rio,topic_concert_venue,overture,-22.812360763549805,-43.73694610595703,,overture:Rancho Curva do Rio:-22.81236:-43.73695
Rancho DOS Pequenos,topic_concert_venue,overture,-22.808547973632812,-43.74216842651367,,overture:Rancho DOS Pequenos:-22.80855:-43.74217
Rancho Da Mina Sta Cruz,topic_concert_venue,overture,-22.928043365478516,-43.68461608886719,,overture:Rancho Da Mina Sta Cruz:-22.92804:-43.68462
Rancho M.R,topic_concert_venue,overture,-22.936857223510742,-43.3180046081543,,overture:Rancho M.R:-22.93686:-43.31800
Reallity,topic_concert_venue,overture,-22.792306900024414,-43.36505126953125,,overture:Reallity:-22.79231:-43.36505
Rebolation • A Festa,topic_concert_venue,overture,-22.913190841674805,-43.18111038208008,,overture:Rebolation • A Festa:-22.91319:-43.18111
Recanto Bela Flor,topic_concert_venue,overture,-22.988903045654297,-43.53631591796875,,overture:Recanto Bela Flor:-22.98890:-43.53632
Recanto D'Maria Festas e Eventos,topic_concert_venue,overture,-22.919940948486328,-43.5141716003418,,overture:Recanto D'Maria Festas e Eventos:-22.91994:-43.51417
Recanto Da Tradição Rio De Janeiro,topic_concert_venue,overture,-22.884170532226562,-43.295780181884766,,overture:Recanto Da Tradição Rio De Janeiro:-22.88417:-43.29578
Recanto Das Palmeiras Santa Cruz Rj,topic_concert_venue,overture,-22.896608352661133,-43.67782974243164,,overture:Recanto Das Palmeiras Santa Cruz Rj:-22.89661:-43.67783
Recanto das Pedras,topic_concert_venue,overture,-22.88127326965332,-43.76504135131836,,overture:Recanto das Pedras:-22.88127:-43.76504
Recanto do Barão,topic_concert_venue,overture,-22.916303634643555,-43.1925048828125,,overture:Recanto do Barão:-22.91630:-43.19250
Recanto do Guerreiro,topic_concert_venue,overture,-22.882251739501953,-43.60535430908203,,overture:Recanto do Guerreiro:-22.88225:-43.60535
Recanto do Sonhos - Salão de Festas & Eventos,topic_concert_venue,overture,-22.923168182373047,-43.6195182800293,,overture:Recanto do Sonhos - Salão de Festas & Eventos:-22.92317:-43.61952
Recanto do Vale,topic_concert_venue,overture,-22.965023040771484,-43.5893669128418,,overture:Recanto do Vale:-22.96502:-43.58937
Recanto dos Olivais,topic_concert_venue,overture,-22.868900299072266,-43.34624481201172,,overture:Recanto dos Olivais:-22.86890:-43.34624
Recanto dos Tintureiros,topic_concert_venue,overture,-22.88071632385254,-43.47268295288086,,overture:Recanto dos Tintureiros:-22.88072:-43.47268
Recife Recepções,topic_concert_venue,overture,-22.7526798248291,-43.49736785888672,,overture:Recife Recepções:-22.75268:-43.49737
Rede Educativa UFF - Niterói,topic_concert_venue,overture,-22.896940231323242,-43.12548065185547,,overture:Rede Educativa UFF - Niterói:-22.89694:-43.12548
Reluar Festas,topic_concert_venue,overture,-22.794443130493164,-43.398216247558594,,overture:Reluar Festas:-22.79444:-43.39822
Resenha Top,topic_concert_venue,overture,-22.892330169677734,-43.417945861816406,,overture:Resenha Top:-22.89233:-43.41795
Resenha do Jony,topic_concert_venue,overture,-22.87696647644043,-43.337249755859375,,overture:Resenha do Jony:-22.87697:-43.33725
Resenhô festas e eventos,topic_concert_venue,overture,-22.76799774169922,-43.38583755493164,,overture:Resenhô festas e eventos:-22.76800:-43.38584
Reserva One Eventos,topic_concert_venue,overture,-23.011180877685547,-43.43767166137695,,overture:Reserva One Eventos:-23.01118:-43.43767
Reserva de Marapendi,topic_concert_venue,overture,-23.009416580200195,-43.4368896484375,,overture:Reserva de Marapendi:-23.00942:-43.43689
Restaurante Rancho Oeste RJ,topic_concert_venue,overture,-22.98552131652832,-43.460113525390625,,overture:Restaurante Rancho Oeste RJ:-22.98552:-43.46011
Reveillon Ribalta,topic_concert_venue,overture,-22.999244689941406,-43.409263610839844,,overture:Reveillon Ribalta:-22.99924:-43.40926
Reveillon do Morro,topic_concert_venue,overture,-22.951313018798828,-43.18059158325195,,overture:Reveillon do Morro:-22.95131:-43.18059
Ribalta - Barra da Tijuca,topic_concert_venue,overture,-22.96702766418457,-43.642608642578125,,overture:Ribalta - Barra da Tijuca:-22.96703:-43.64261
Rio Beer Rock Festival,topic_concert_venue,overture,-22.926599502563477,-43.235145568847656,,overture:Rio Beer Rock Festival:-22.92660:-43.23515
Rio Bossa Club,topic_concert_venue,overture,-22.975400924682617,-43.188499450683594,,overture:Rio Bossa Club:-22.97540:-43.18850
Rio Carnaval,topic_concert_venue,overture,-22.90238380432129,-43.18404006958008,,overture:Rio Carnaval:-22.90238:-43.18404
Rio Centro - Pavilhão 5,topic_concert_venue,overture,-22.96505355834961,-43.179931640625,,overture:Rio Centro - Pavilhão 5:-22.96505:-43.17993
Rio Coliseum,topic_concert_venue,overture,-22.906063079833984,-43.181190490722656,,overture:Rio Coliseum:-22.90606:-43.18119
Rio Da Prata Campo Grande,topic_concert_venue,overture,-22.921030044555664,-43.533119201660156,,overture:Rio Da Prata Campo Grande:-22.92103:-43.53312
Rio De Janeiro I RJ,topic_concert_venue,overture,-22.899330139160156,-43.20900344848633,,overture:Rio De Janeiro I RJ:-22.89933:-43.20900
Rio Exxperience,topic_concert_venue,overture,-22.903127670288086,-43.19935989379883,,overture:Rio Exxperience:-22.90313:-43.19936
Rio Sampa,topic_concert_venue,overture,-22.914234161376953,-43.20646667480469,,overture:Rio Sampa:-22.91423:-43.20647
Rio Sampa - RJ,topic_concert_venue,overture,-22.824180603027344,-43.32194137573242,,overture:Rio Sampa - RJ:-22.82418:-43.32194
Rio Sporting Sunset,topic_concert_venue,overture,-22.988964080810547,-43.36631774902344,,overture:Rio Sporting Sunset:-22.98896:-43.36632
Rio Zona Sul,topic_concert_venue,overture,-22.9574031829834,-43.19435119628906,,overture:Rio Zona Sul:-22.95740:-43.19435
Rio a Seus Pés,topic_concert_venue,overture,-22.934200286865234,-43.23262405395508,,overture:Rio a Seus Pés:-22.93420:-43.23262
Rio jogos,topic_concert_venue,overture,-22.916393280029297,-43.37732696533203,,overture:Rio jogos:-22.91639:-43.37733
Rio2C,topic_concert_venue,overture,-22.99905014038086,-43.36604309082031,,overture:Rio2C:-22.99905:-43.36604
Ritz Social Club,topic_concert_venue,overture,-22.97719383239746,-43.189517974853516,,overture:Ritz Social Club:-22.97719:-43.18952
Rock & Metal Dance Studio,topic_concert_venue,overture,-22.899673461914062,-43.56191635131836,,overture:Rock & Metal Dance Studio:-22.89967:-43.56192
Roda Cultural do Méier,topic_concert_venue,overture,-22.900190353393555,-43.281211853027344,,overture:Roda Cultural do Méier:-22.90019:-43.28121
Roda de Samba do Grupo Clareou,topic_concert_venue,overture,-22.89257049560547,-43.34913635253906,,overture:Roda de Samba do Grupo Clareou:-22.89257:-43.34914
Rodizio Lescamar,topic_concert_venue,overture,-22.785537719726562,-43.30774688720703,,overture:Rodizio Lescamar:-22.78554:-43.30775
Rokh.rio,topic_concert_venue,overture,-23.0087833404541,-43.29161071777344,,overture:Rokh.rio:-23.00878:-43.29161
Rose Figueiredo Terapeuta,topic_concert_venue,overture,-22.785720825195312,-43.31017303466797,,overture:Rose Figueiredo Terapeuta:-22.78572:-43.31017
Rotary Club RJ Grajau,topic_concert_venue,overture,-22.922657012939453,-43.225624084472656,,overture:Rotary Club RJ Grajau:-22.92266:-43.22562
Rua Leandro Mota,topic_concert_venue,overture,-22.904285430908203,-43.101951599121094,,overture:Rua Leandro Mota:-22.90429:-43.10195
Rua Nova Forever,topic_concert_venue,overture,-22.973716735839844,-43.3336067199707,,overture:Rua Nova Forever:-22.97372:-43.33361
Rua Nóbrega,topic_concert_venue,overture,-22.90313720703125,-43.103912353515625,,overture:Rua Nóbrega:-22.90314:-43.10391
Rua do Monte,topic_concert_venue,overture,-22.897768020629883,-43.19078063964844,,overture:Rua do Monte:-22.89777:-43.19078
Rádio Solimões Ltda,topic_concert_venue,overture,-22.753934860229492,-43.44996643066406,,overture:Rádio Solimões Ltda:-22.75393:-43.44997
Réveillon Amor Carioca,topic_concert_venue,overture,-22.96997833251953,-43.28067398071289,,overture:Réveillon Amor Carioca:-22.96998:-43.28067
Réveillon Cheers,topic_concert_venue,overture,-22.953798294067383,-43.1770133972168,,overture:Réveillon Cheers:-22.95380:-43.17701
SALÃO De FESTA,topic_concert_venue,overture,-22.894620895385742,-43.25617599487305,,overture:SALÃO De FESTA:-22.89462:-43.25618
SITÍO 3 Nascentes,topic_concert_venue,overture,-22.863340377807617,-43.240386962890625,,overture:SITÍO 3 Nascentes:-22.86334:-43.24039
Sacadura 154,topic_concert_venue,overture,-22.897382736206055,-43.186588287353516,,overture:Sacadura 154:-22.89738:-43.18659
Sai de Baixo Center,topic_concert_venue,overture,-22.88580322265625,-43.466453552246094,,overture:Sai de Baixo Center:-22.88580:-43.46645
Sala Cultural Mestra Joana Cavalcante,topic_concert_venue,overture,-22.895103454589844,-43.57402038574219,,overture:Sala Cultural Mestra Joana Cavalcante:-22.89510:-43.57402
Sala Marília Pêra,topic_concert_venue,overture,-22.980924606323242,-43.222808837890625,,overture:Sala Marília Pêra:-22.98092:-43.22281
Salao De FESTA GAP,topic_concert_venue,overture,-22.86269187927246,-43.29288101196289,,overture:Salao De FESTA GAP:-22.86269:-43.29288
Salao Enkontrus,topic_concert_venue,overture,-22.880250930786133,-43.48322677612305,,overture:Salao Enkontrus:-22.88025:-43.48323
Salao Espaço girassol,topic_concert_venue,overture,-22.84579086303711,-43.608062744140625,,overture:Salao Espaço girassol:-22.84579:-43.60806
Salao de Festas,topic_concert_venue,overture,-22.763769149780273,-43.43834686279297,,overture:Salao de Festas:-22.76377:-43.43835
Salao de Festas F&F,topic_concert_venue,overture,-22.779541015625,-43.4315071105957,,overture:Salao de Festas F&F:-22.77954:-43.43151
Salao de Festas Versailles,topic_concert_venue,overture,-22.886167526245117,-43.57985305786133,,overture:Salao de Festas Versailles:-22.88617:-43.57985
Salaõ de Festas VIP,topic_concert_venue,overture,-22.989341735839844,-43.4556999206543,,overture:Salaõ de Festas VIP:-22.98934:-43.45570
Salgueiro Histórico,topic_concert_venue,overture,-22.92198371887207,-43.24409866333008,,overture:Salgueiro Histórico:-22.92198:-43.24410
SalÂO Sollar,topic_concert_venue,overture,-22.912378311157227,-43.60493469238281,,overture:SalÂO Sollar:-22.91238:-43.60493
Salão 1290 Festas e Eventos,topic_concert_venue,overture,-22.88677215576172,-43.5892333984375,,overture:Salão 1290 Festas e Eventos:-22.88677:-43.58923
Salão 5 Estrelas,topic_concert_venue,overture,-22.860612869262695,-43.46569061279297,,overture:Salão 5 Estrelas:-22.86061:-43.46569
Salão Castelo das Festas,topic_concert_venue,overture,-22.827423095703125,-43.302833557128906,,overture:Salão Castelo das Festas:-22.82742:-43.30283
Salão De Festas Espaço França,topic_concert_venue,overture,-22.75357437133789,-43.5182991027832,,overture:Salão De Festas Espaço França:-22.75357:-43.51830
Salão De Festas Espaço Rosa,topic_concert_venue,overture,-22.89940071105957,-43.539241790771484,,overture:Salão De Festas Espaço Rosa:-22.89940:-43.53924
Salão De Festas Espaço Silva,topic_concert_venue,overture,-22.862319946289062,-43.49081802368164,,overture:Salão De Festas Espaço Silva:-22.86232:-43.49082
Salão De Festas e Eventos : Seu Dia De Estrela,topic_concert_venue,overture,-22.897687911987305,-43.19668197631836,,overture:Salão De Festas e Eventos : Seu Dia De Estrela:-22.89769:-43.19668
Salão Espaço Tudo é Festa,topic_concert_venue,overture,-22.794599533081055,-43.321189880371094,,overture:Salão Espaço Tudo é Festa:-22.79460:-43.32119
Salão Festas & Eventos Infantis,topic_concert_venue,overture,-22.755327224731445,-43.4711799621582,,overture:Salão Festas & Eventos Infantis:-22.75533:-43.47118
Salão Festas Sol Nascente,topic_concert_venue,overture,-22.88262939453125,-43.41670227050781,,overture:Salão Festas Sol Nascente:-22.88263:-43.41670
Salão Karapa Festa,topic_concert_venue,overture,-22.826313018798828,-43.310726165771484,,overture:Salão Karapa Festa:-22.82631:-43.31073
Salão Panteras,topic_concert_venue,overture,-22.836360931396484,-43.30567169189453,,overture:Salão Panteras:-22.83636:-43.30567
Salão Quintal di Casa,topic_concert_venue,overture,-22.867353439331055,-43.52485656738281,,overture:Salão Quintal di Casa:-22.86735:-43.52486
Salão Raio de Sol,topic_concert_venue,overture,-22.86983299255371,-43.48152160644531,,overture:Salão Raio de Sol:-22.86983:-43.48152
Salão Realize,topic_concert_venue,overture,-22.869354248046875,-43.675086975097656,,overture:Salão Realize:-22.86935:-43.67509
Salão Skulashow,topic_concert_venue,overture,-22.893381118774414,-43.4345817565918,,overture:Salão Skulashow:-22.89338:-43.43458
Salão Top Festa,topic_concert_venue,overture,-22.770633697509766,-43.52825927734375,,overture:Salão Top Festa:-22.77063:-43.52826
Salão Três corações,topic_concert_venue,overture,-22.89202117919922,-43.48876190185547,,overture:Salão Três corações:-22.89202:-43.48876
Salão Verde,topic_concert_venue,overture,-22.806129455566406,-43.36322021484375,,overture:Salão Verde:-22.80613:-43.36322
Salão Victória's Festas,topic_concert_venue,overture,-22.74799346923828,-43.38621139526367,,overture:Salão Victória's Festas:-22.74799:-43.38621
Salão de Festa,topic_concert_venue,overture,-22.821163177490234,-43.172916412353516,,overture:Salão de Festa:-22.82116:-43.17292
Salão de Festa Casa Amarela,topic_concert_venue,overture,-22.787750244140625,-43.36249542236328,,overture:Salão de Festa Casa Amarela:-22.78775:-43.36250
Salão de Festa Imperador,topic_concert_venue,overture,-22.875028610229492,-43.411983489990234,,overture:Salão de Festa Imperador:-22.87503:-43.41198
Salão de Festa Mix,topic_concert_venue,overture,-22.835649490356445,-43.351318359375,,overture:Salão de Festa Mix:-22.83565:-43.35132
Salão de Festa Oficina,topic_concert_venue,overture,-22.8344669342041,-43.34669876098633,,overture:Salão de Festa Oficina:-22.83447:-43.34670
Salão de Festas & Eventos Trindade,topic_concert_venue,overture,-22.909238815307617,-43.57792663574219,,overture:Salão de Festas & Eventos Trindade:-22.90924:-43.57793
Salão de Festas - Espaço Realce,topic_concert_venue,overture,-22.87432289123535,-43.58368682861328,,overture:Salão de Festas - Espaço Realce:-22.87432:-43.58369
Salão de Festas - Ramos,topic_concert_venue,overture,-22.858890533447266,-43.26215362548828,,overture:Salão de Festas - Ramos:-22.85889:-43.26215
Salão de Festas Be Happy,topic_concert_venue,overture,-22.921913146972656,-43.66242599487305,,overture:Salão de Festas Be Happy:-22.92191:-43.66243
Salão de Festas Casa Branca,topic_concert_venue,overture,-22.951753616333008,-43.603126525878906,,overture:Salão de Festas Casa Branca:-22.95175:-43.60313
Salão de Festas Casa Fiorio,topic_concert_venue,overture,-22.882522583007812,-43.49959945678711,,overture:Salão de Festas Casa Fiorio:-22.88252:-43.49960
Salão de Festas Dom Bosco,topic_concert_venue,overture,-22.895488739013672,-43.25836181640625,,overture:Salão de Festas Dom Bosco:-22.89549:-43.25836
Salão de Festas Dream of Party,topic_concert_venue,overture,-22.757646560668945,-43.47194290161133,,overture:Salão de Festas Dream of Party:-22.75765:-43.47194
Salão de Festas Eliane,topic_concert_venue,overture,-22.95075798034668,-43.596675872802734,,overture:Salão de Festas Eliane:-22.95076:-43.59668
Salão de Festas Espaço Decora,topic_concert_venue,overture,-22.970746994018555,-43.33485412597656,,overture:Salão de Festas Espaço Decora:-22.97075:-43.33485
Salão de Festas Espaço Fenix,topic_concert_venue,overture,-22.763296127319336,-43.43307113647461,,overture:Salão de Festas Espaço Fenix:-22.76330:-43.43307
Salão de Festas F&G,topic_concert_venue,overture,-22.748010635375977,-43.5001335144043,,overture:Salão de Festas F&G:-22.74801:-43.50013
Salão de Festas Fortaleza,topic_concert_venue,overture,-22.853832244873047,-43.489383697509766,,overture:Salão de Festas Fortaleza:-22.85383:-43.48938
Salão de Festas Giselle e Ágatha,topic_concert_venue,overture,-22.851240158081055,-43.36588668823242,,overture:Salão de Festas Giselle e Ágatha:-22.85124:-43.36589
Salão de Festas Glória,topic_concert_venue,overture,-22.870513916015625,-43.418128967285156,,overture:Salão de Festas Glória:-22.87051:-43.41813
Salão de Festas Gold Star,topic_concert_venue,overture,-22.873123168945312,-43.40987014770508,,overture:Salão de Festas Gold Star:-22.87312:-43.40987
Salão de Festas Green Garden,topic_concert_venue,overture,-22.869321823120117,-43.257320404052734,,overture:Salão de Festas Green Garden:-22.86932:-43.25732
Salão de Festas Jeane Piquet,topic_concert_venue,overture,-22.86643409729004,-43.43740463256836,,overture:Salão de Festas Jeane Piquet:-22.86643:-43.43740
Salão de Festas L.M ou Salão da Janaina,topic_concert_venue,overture,-22.9095516204834,-43.532958984375,,overture:Salão de Festas L.M ou Salão da Janaina:-22.90955:-43.53296
Salão de Festas Lírios,topic_concert_venue,overture,-22.848440170288086,-43.37690353393555,,overture:Salão de Festas Lírios:-22.84844:-43.37690
Salão de Festas NJ,topic_concert_venue,overture,-22.914560317993164,-43.679901123046875,,overture:Salão de Festas NJ:-22.91456:-43.67990
Salão de Festas Neves,topic_concert_venue,overture,-22.893930435180664,-43.44200897216797,,overture:Salão de Festas Neves:-22.89393:-43.44201
Salão de Festas Oficina da Alegria,topic_concert_venue,overture,-22.805843353271484,-43.360260009765625,,overture:Salão de Festas Oficina da Alegria:-22.80584:-43.36026
Salão de Festas PEGE,topic_concert_venue,overture,-22.88698959350586,-43.41367721557617,,overture:Salão de Festas PEGE:-22.88699:-43.41368
"Salão de Festas Paraty,  Foto e Filmagem.",topic_concert_venue,overture,-22.80816078186035,-43.36043167114258,,"overture:Salão de Festas Paraty,  Foto e Filmagem.:-22.80816:-43.36043"
Salão de Festas Pimentinha,topic_concert_venue,overture,-22.895578384399414,-43.60560607910156,,overture:Salão de Festas Pimentinha:-22.89558:-43.60561
Salão de Festas Regina,topic_concert_venue,overture,-22.914419174194336,-43.64103317260742,,overture:Salão de Festas Regina:-22.91442:-43.64103
Salão de Festas Stylus,topic_concert_venue,overture,-22.778705596923828,-43.308380126953125,,overture:Salão de Festas Stylus:-22.77871:-43.30838
Salão de Festas Vera Cruz ,topic_concert_venue,overture,-22.924108505249023,-43.63818359375,,overture:Salão de Festas Vera Cruz :-22.92411:-43.63818
Salão de Festas Vitória,topic_concert_venue,overture,-22.765783309936523,-43.410743713378906,,overture:Salão de Festas Vitória:-22.76578:-43.41074
Salão de Festas do Cacá,topic_concert_venue,overture,-22.915193557739258,-43.63184356689453,,overture:Salão de Festas do Cacá:-22.91519:-43.63184
Salão de Festas e Eventos - CTIR,topic_concert_venue,overture,-22.896240234375,-43.546485900878906,,overture:Salão de Festas e Eventos - CTIR:-22.89624:-43.54649
Salão de Festas e Eventos Esperança,topic_concert_venue,overture,-22.931303024291992,-43.66851043701172,,overture:Salão de Festas e Eventos Esperança:-22.93130:-43.66851
Salão de Festas e Eventos L&R,topic_concert_venue,overture,-22.83409309387207,-43.382713317871094,,overture:Salão de Festas e Eventos L&R:-22.83409:-43.38271
Salão de Festas e Eventos na Brisa,topic_concert_venue,overture,-22.97940444946289,-43.66791915893555,,overture:Salão de Festas e Eventos na Brisa:-22.97940:-43.66792
"Salão de Festas: ""Bomba Festas""",topic_concert_venue,overture,-22.78569984436035,-43.40388870239258,,"overture:Salão de Festas: ""Bomba Festas"":-22.78570:-43.40389"
Salão de festa Realizando Sonhos,topic_concert_venue,overture,-22.972013473510742,-43.64017105102539,,overture:Salão de festa Realizando Sonhos:-22.97201:-43.64017
Salão de festa do Celio.,topic_concert_venue,overture,-22.901893615722656,-43.20193099975586,,overture:Salão de festa do Celio.:-22.90189:-43.20193
Salão de festas Hora de Brincar,topic_concert_venue,overture,-22.779455184936523,-43.29374694824219,,overture:Salão de festas Hora de Brincar:-22.77946:-43.29375
Salão de festas Opção.,topic_concert_venue,overture,-22.864286422729492,-43.45722198486328,,overture:Salão de festas Opção.:-22.86429:-43.45722
Salão de festas espaço fac,topic_concert_venue,overture,-22.95124053955078,-43.68075180053711,,overture:Salão de festas espaço fac:-22.95124:-43.68075
Salão do Edy,topic_concert_venue,overture,-22.917003631591797,-43.283836364746094,,overture:Salão do Edy:-22.91700:-43.28384
Salão do Nem,topic_concert_venue,overture,-22.907520294189453,-43.655792236328125,,overture:Salão do Nem:-22.90752:-43.65579
Salão dos Felix,topic_concert_venue,overture,-22.870712280273438,-43.25521469116211,,overture:Salão dos Felix:-22.87071:-43.25521
Salão espeço Jambeiro,topic_concert_venue,overture,-22.88007354736328,-43.37044143676758,,overture:Salão espeço Jambeiro:-22.88007:-43.37044
Samba D' Maria,topic_concert_venue,overture,-22.897842407226562,-43.27311325073242,,overture:Samba D' Maria:-22.89784:-43.27311
Samba Do Bolete,topic_concert_venue,overture,-22.885272979736328,-43.56219482421875,,overture:Samba Do Bolete:-22.88527:-43.56219
Samba Duro,topic_concert_venue,overture,-22.884830474853516,-43.43691635131836,,overture:Samba Duro:-22.88483:-43.43692
Samba Galeria,topic_concert_venue,overture,-22.996313095092773,-43.2595100402832,,overture:Samba Galeria:-22.99631:-43.25951
Samba In Favela,topic_concert_venue,overture,-22.98213768005371,-43.21537780761719,,overture:Samba In Favela:-22.98214:-43.21538
Samba da Alforria,topic_concert_venue,overture,-22.921598434448242,-43.26148223876953,,overture:Samba da Alforria:-22.92160:-43.26148
Samba das Laranjeiras,topic_concert_venue,overture,-22.93819808959961,-43.19491195678711,,overture:Samba das Laranjeiras:-22.93820:-43.19491
Samba do Amigo Meu,topic_concert_venue,overture,-22.825557708740234,-43.16936111450195,,overture:Samba do Amigo Meu:-22.82556:-43.16936
Samba do Pechincha,topic_concert_venue,overture,-22.931360244750977,-43.35919189453125,,overture:Samba do Pechincha:-22.93136:-43.35919
Samba do Senado,topic_concert_venue,overture,-22.908823013305664,-43.18251037597656,,overture:Samba do Senado:-22.90882:-43.18251
Samba do Tijolinho 2,topic_concert_venue,overture,-22.93108367919922,-43.204036712646484,,overture:Samba do Tijolinho 2:-22.93108:-43.20404
Samba dos Amigos,topic_concert_venue,overture,-22.86530113220215,-43.1007194519043,,overture:Samba dos Amigos:-22.86530:-43.10072
Samba nas Laranjeiras,topic_concert_venue,overture,-22.935935974121094,-43.19105529785156,,overture:Samba nas Laranjeiras:-22.93594:-43.19106
Samba no Quintal,topic_concert_venue,overture,-22.845151901245117,-43.261837005615234,,overture:Samba no Quintal:-22.84515:-43.26184
Sambadromo,topic_concert_venue,overture,-22.974849700927734,-43.18773651123047,,overture:Sambadromo:-22.97485:-43.18774
Sambatv,topic_concert_venue,overture,-22.796785354614258,-43.19309616088867,,overture:Sambatv:-22.79679:-43.19310
Sambinha da Mangueira,topic_concert_venue,overture,-22.9033203125,-43.240806579589844,,overture:Sambinha da Mangueira:-22.90332:-43.24081
Sambinha do Corcovado,topic_concert_venue,overture,-22.941280364990234,-43.20530700683594,,overture:Sambinha do Corcovado:-22.94128:-43.20531
Sandra Werneck Buffet,topic_concert_venue,overture,-22.924488067626953,-43.25481033325195,,overture:Sandra Werneck Buffet:-22.92449:-43.25481
"Santa Teresa, Largo Das Neves",topic_concert_venue,overture,-22.91716194152832,-43.19015121459961,,"overture:Santa Teresa, Largo Das Neves:-22.91716:-43.19015"
Santhorini Hall RJ,topic_concert_venue,overture,-22.96627426147461,-43.645172119140625,,overture:Santhorini Hall RJ:-22.96627:-43.64517
Santo Samba RJ,topic_concert_venue,overture,-22.92218017578125,-43.18703079223633,,overture:Santo Samba RJ:-22.92218:-43.18703
Santuário de Seu Zé Pelintra,topic_concert_venue,overture,-22.914026260375977,-43.180179595947266,,overture:Santuário de Seu Zé Pelintra:-22.91403:-43.18018
Sapatinho's Salão de Festas,topic_concert_venue,overture,-22.87652587890625,-43.36664962768555,,overture:Sapatinho's Salão de Festas:-22.87653:-43.36665
Sardinhada do Rocha,topic_concert_venue,overture,-22.8968505859375,-43.252845764160156,,overture:Sardinhada do Rocha:-22.89685:-43.25285
Scala Rio,topic_concert_venue,overture,-22.909086227416992,-43.177215576171875,,overture:Scala Rio:-22.90909:-43.17722
Segue O Baile,topic_concert_venue,overture,-22.888442993164062,-43.11470031738281,,overture:Segue O Baile:-22.88844:-43.11470
Segunda SEM Limite - Fuzzion CLUB,topic_concert_venue,overture,-22.892061233520508,-43.573974609375,,overture:Segunda SEM Limite - Fuzzion CLUB:-22.89206:-43.57397
Segunda Sem Lei,topic_concert_venue,overture,-22.829803466796875,-43.3193359375,,overture:Segunda Sem Lei:-22.82980:-43.31934
Seleção Brasileira a Festa,topic_concert_venue,overture,-22.978652954101562,-43.23021697998047,,overture:Seleção Brasileira a Festa:-22.97865:-43.23022
Selini Pub,topic_concert_venue,overture,-22.887523651123047,-43.27630615234375,,overture:Selini Pub:-22.88752:-43.27631
Sem Simpatia,topic_concert_venue,overture,-22.78445053100586,-43.3228874206543,,overture:Sem Simpatia:-22.78445:-43.32289
Sereno Copa,topic_concert_venue,overture,-22.96376609802246,-43.181514739990234,,overture:Sereno Copa:-22.96377:-43.18151
Seriguela Garden,topic_concert_venue,overture,-22.87652015686035,-43.45003128051758,,overture:Seriguela Garden:-22.87652:-43.45003
Sertanejo Palace Hall,topic_concert_venue,overture,-22.931608200073242,-43.55551528930664,,overture:Sertanejo Palace Hall:-22.93161:-43.55552
Sesc São João de Meriti,topic_concert_venue,overture,-22.803913116455078,-43.36727523803711,,overture:Sesc São João de Meriti:-22.80391:-43.36728
Sexta Firme,topic_concert_venue,overture,-22.849233627319336,-43.35054016113281,,overture:Sexta Firme:-22.84923:-43.35054
Sextas Intenções,topic_concert_venue,overture,-22.878023147583008,-43.42131042480469,,overture:Sextas Intenções:-22.87802:-43.42131
Shelter Eventos - Casa de Festas,topic_concert_venue,overture,-22.75712776184082,-43.435752868652344,,overture:Shelter Eventos - Casa de Festas:-22.75713:-43.43575
Show Biju de Campo Grande,topic_concert_venue,overture,-22.902050018310547,-43.559776306152344,,overture:Show Biju de Campo Grande:-22.90205:-43.55978
Show da Ivete no Rio - Tour Madison,topic_concert_venue,overture,-22.97367286682129,-43.393821716308594,,overture:Show da Ivete no Rio - Tour Madison:-22.97367:-43.39382
Show de Bola,topic_concert_venue,overture,-22.881071090698242,-43.29718780517578,,overture:Show de Bola:-22.88107:-43.29719
Shows Olaria,topic_concert_venue,overture,-22.84220314025879,-43.266876220703125,,overture:Shows Olaria:-22.84220:-43.26688
Shrek O Musical,topic_concert_venue,overture,-22.906021118164062,-43.18225860595703,,overture:Shrek O Musical:-22.90602:-43.18226
Sidônio Paes - Cascadura,topic_concert_venue,overture,-22.87860870361328,-43.31925964355469,,overture:Sidônio Paes - Cascadura:-22.87861:-43.31926
Silvana nunes,topic_concert_venue,overture,-22.764148712158203,-43.440643310546875,,overture:Silvana nunes:-22.76415:-43.44064
Sitio Arena Nordeste,topic_concert_venue,overture,-22.875356674194336,-43.63236999511719,,overture:Sitio Arena Nordeste:-22.87536:-43.63237
Sitio Balbinos,topic_concert_venue,overture,-22.86184310913086,-43.67757034301758,,overture:Sitio Balbinos:-22.86184:-43.67757
Sitio Belo Vale ,topic_concert_venue,overture,-22.971193313598633,-43.53731155395508,,overture:Sitio Belo Vale :-22.97119:-43.53731
Sitio Brilhante,topic_concert_venue,overture,-22.977020263671875,-43.66503143310547,,overture:Sitio Brilhante:-22.97702:-43.66503
Sitio Do Miguel,topic_concert_venue,overture,-22.871858596801758,-43.536529541015625,,overture:Sitio Do Miguel:-22.87186:-43.53653
Sitio Esmeralda,topic_concert_venue,overture,-22.936325073242188,-43.55388259887695,,overture:Sitio Esmeralda:-22.93633:-43.55388
Sitio Pedaço Do Paraiso - Vargem Grande,topic_concert_venue,overture,-22.99275016784668,-43.506290435791016,,overture:Sitio Pedaço Do Paraiso - Vargem Grande:-22.99275:-43.50629
Sitio Raio de Sol,topic_concert_venue,overture,-22.836584091186523,-43.282047271728516,,overture:Sitio Raio de Sol:-22.83658:-43.28205
Sitio Realize,topic_concert_venue,overture,-22.80367088317871,-43.37490463256836,,overture:Sitio Realize:-22.80367:-43.37490
Sitio Saavedra,topic_concert_venue,overture,-22.88854217529297,-43.370201110839844,,overture:Sitio Saavedra:-22.88854:-43.37020
Sitio das Palmeiras,topic_concert_venue,overture,-22.91840362548828,-43.43452072143555,,overture:Sitio das Palmeiras:-22.91840:-43.43452
Sitio do Boi,topic_concert_venue,overture,-22.97390365600586,-43.64812088012695,,overture:Sitio do Boi:-22.97390:-43.64812
Sitio do Mendanha,topic_concert_venue,overture,-22.854997634887695,-43.46484375,,overture:Sitio do Mendanha:-22.85500:-43.46484
Sitiokasarao,topic_concert_venue,overture,-22.908000946044922,-43.197505950927734,,overture:Sitiokasarao:-22.90800:-43.19751
Soccer show  guadalupe,topic_concert_venue,overture,-22.836570739746094,-43.3840217590332,,overture:Soccer show  guadalupe:-22.83657:-43.38402
Social REI DELAS,topic_concert_venue,overture,-22.787389755249023,-43.31309509277344,,overture:Social REI DELAS:-22.78739:-43.31310
Solar Ouro Preto,topic_concert_venue,overture,-22.945940017700195,-43.18454360961914,,overture:Solar Ouro Preto:-22.94594:-43.18454
Solar das Heras,topic_concert_venue,overture,-22.972423553466797,-43.614990234375,,overture:Solar das Heras:-22.97242:-43.61499
Solar do Porto,topic_concert_venue,overture,-22.90158462524414,-43.18549346923828,,overture:Solar do Porto:-22.90158:-43.18549
Solução Eventos,topic_concert_venue,overture,-22.760072708129883,-43.47065734863281,,overture:Solução Eventos:-22.76007:-43.47066
Sonho tão Real,topic_concert_venue,overture,-22.90375328063965,-43.2781867980957,,overture:Sonho tão Real:-22.90375:-43.27819
Space B.,topic_concert_venue,overture,-22.762590408325195,-43.48642349243164,,overture:Space B.:-22.76259:-43.48642
Spariam na Babilônia Feira Hype,topic_concert_venue,overture,-22.97041893005371,-43.224388122558594,,overture:Spariam na Babilônia Feira Hype:-22.97042:-43.22439
Start It Up,topic_concert_venue,overture,-22.902936935424805,-43.1777229309082,,overture:Start It Up:-22.90294:-43.17772
Studio Furiati,topic_concert_venue,overture,-22.982494354248047,-43.190895080566406,,overture:Studio Furiati:-22.98249:-43.19090
Studio Grazy Sousa,topic_concert_venue,overture,-22.873573303222656,-43.239540100097656,,overture:Studio Grazy Sousa:-22.87357:-43.23954
Studio Impactor,topic_concert_venue,overture,-22.75550079345703,-43.46372604370117,,overture:Studio Impactor:-22.75550:-43.46373
Studio RFS,topic_concert_venue,overture,-22.82270622253418,-43.3950080871582,,overture:Studio RFS:-22.82271:-43.39501
Studio da Nonna,topic_concert_venue,overture,-22.91195297241211,-43.61587142944336,,overture:Studio da Nonna:-22.91195:-43.61587
Sítio 3 amigos,topic_concert_venue,overture,-22.844221115112305,-43.2593994140625,,overture:Sítio 3 amigos:-22.84422:-43.25940
Sítio 300,topic_concert_venue,overture,-22.924299240112305,-43.33794403076172,,overture:Sítio 300:-22.92430:-43.33794
Sítio Ares da Serra,topic_concert_venue,overture,-22.95616340637207,-43.67997741699219,,overture:Sítio Ares da Serra:-22.95616:-43.67998
Sítio Calciolândia,topic_concert_venue,overture,-22.91259002685547,-43.51976013183594,,overture:Sítio Calciolândia:-22.91259:-43.51976
Sítio Canaã,topic_concert_venue,overture,-22.887712478637695,-43.67792892456055,,overture:Sítio Canaã:-22.88771:-43.67793
Sítio Canto da Paz.,topic_concert_venue,overture,-22.768245697021484,-43.52397537231445,,overture:Sítio Canto da Paz.:-22.76825:-43.52398
Sítio Casarão da Prata,topic_concert_venue,overture,-22.916580200195312,-43.507076263427734,,overture:Sítio Casarão da Prata:-22.91658:-43.50708
Sítio Cores de Ipê,topic_concert_venue,overture,-22.80880355834961,-43.6014404296875,,overture:Sítio Cores de Ipê:-22.80880:-43.60144
Sítio Das Mangueiras,topic_concert_venue,overture,-22.900339126586914,-43.48965072631836,,overture:Sítio Das Mangueiras:-22.90034:-43.48965
Sítio Do Baiaco,topic_concert_venue,overture,-22.919315338134766,-43.52466583251953,,overture:Sítio Do Baiaco:-22.91932:-43.52467
Sítio Dois Irmãos - Colônia,topic_concert_venue,overture,-22.944828033447266,-43.395511627197266,,overture:Sítio Dois Irmãos - Colônia:-22.94483:-43.39551
Sítio Dona Rosa,topic_concert_venue,overture,-22.8896427154541,-43.66837692260742,,overture:Sítio Dona Rosa:-22.88964:-43.66838
Sítio Duros na Queda,topic_concert_venue,overture,-22.94070053100586,-43.684871673583984,,overture:Sítio Duros na Queda:-22.94070:-43.68487
Sítio Encantado,topic_concert_venue,overture,-22.84847068786621,-43.52333068847656,,overture:Sítio Encantado:-22.84847:-43.52333
Sítio Espaco Verde Rio da Prata Campo Grande RJ,topic_concert_venue,overture,-22.912023544311523,-43.51690673828125,,overture:Sítio Espaco Verde Rio da Prata Campo Grande RJ:-22.91202:-43.51691
Sítio Flor da Mata,topic_concert_venue,overture,-22.917400360107422,-43.51746368408203,,overture:Sítio Flor da Mata:-22.91740:-43.51746
Sítio Green Garden,topic_concert_venue,overture,-22.84945297241211,-43.48312759399414,,overture:Sítio Green Garden:-22.84945:-43.48313
Sítio Haroldo Grande,topic_concert_venue,overture,-22.970190048217773,-43.4212532043457,,overture:Sítio Haroldo Grande:-22.97019:-43.42125
Sítio Jambo Rosa,topic_concert_venue,overture,-22.792638778686523,-43.550113677978516,,overture:Sítio Jambo Rosa:-22.79264:-43.55011
Sítio Minitour Limaloc,topic_concert_venue,overture,-22.8587703704834,-43.341392517089844,,overture:Sítio Minitour Limaloc:-22.85877:-43.34139
Sítio Monte Horebe,topic_concert_venue,overture,-22.96173858642578,-43.39353561401367,,overture:Sítio Monte Horebe:-22.96174:-43.39354
Sítio Monte Sião,topic_concert_venue,overture,-22.86103057861328,-43.502655029296875,,overture:Sítio Monte Sião:-22.86103:-43.50266
Sítio Paraíso - RJ,topic_concert_venue,overture,-22.93600082397461,-43.667240142822266,,overture:Sítio Paraíso - RJ:-22.93600:-43.66724
Sítio Pedacinho do Céu,topic_concert_venue,overture,-22.941686630249023,-43.555721282958984,,overture:Sítio Pedacinho do Céu:-22.94169:-43.55572
Sítio Pestana Eventos,topic_concert_venue,overture,-22.95248031616211,-43.56024169921875,,overture:Sítio Pestana Eventos:-22.95248:-43.56024
Sítio Portal do Vale,topic_concert_venue,overture,-22.90983009338379,-43.2736701965332,,overture:Sítio Portal do Vale:-22.90983:-43.27367
Sítio Primavera,topic_concert_venue,overture,-22.913650512695312,-43.38206100463867,,overture:Sítio Primavera:-22.91365:-43.38206
Sítio Pôr do Sol,topic_concert_venue,overture,-22.817068099975586,-43.63700485229492,,overture:Sítio Pôr do Sol:-22.81707:-43.63700
Sítio Quinta da Lininha - Seropédica,topic_concert_venue,overture,-22.795673370361328,-43.64727020263672,,overture:Sítio Quinta da Lininha - Seropédica:-22.79567:-43.64727
Sítio Real Paraíso,topic_concert_venue,overture,-22.82248306274414,-43.60334014892578,,overture:Sítio Real Paraíso:-22.82248:-43.60334
Sítio Recanto do Sol,topic_concert_venue,overture,-22.887523651123047,-43.22731399536133,,overture:Sítio Recanto do Sol:-22.88752:-43.22731
Sítio Recanto do Sossego,topic_concert_venue,overture,-22.863994598388672,-43.35307312011719,,overture:Sítio Recanto do Sossego:-22.86399:-43.35307
Sítio Repouso do Guerreiro,topic_concert_venue,overture,-22.766563415527344,-43.64338302612305,,overture:Sítio Repouso do Guerreiro:-22.76656:-43.64338
Sítio Santa Catarina,topic_concert_venue,overture,-22.85641098022461,-43.77400588989258,,overture:Sítio Santa Catarina:-22.85641:-43.77401
Sítio Santa Fé,topic_concert_venue,overture,-22.88504409790039,-43.25608444213867,,overture:Sítio Santa Fé:-22.88504:-43.25608
Sítio Santa Terezinha,topic_concert_venue,overture,-22.961280822753906,-43.648834228515625,,overture:Sítio Santa Terezinha:-22.96128:-43.64883
Sítio Shalom Tinguá/RJ,topic_concert_venue,overture,-22.85373306274414,-43.34235382080078,,overture:Sítio Shalom Tinguá/RJ:-22.85373:-43.34235
Sítio Sossego,topic_concert_venue,overture,-22.93893051147461,-43.6463508605957,,overture:Sítio Sossego:-22.93893:-43.64635
Sítio São Pedro - Ssp,topic_concert_venue,overture,-22.751113891601562,-43.48326873779297,,overture:Sítio São Pedro - Ssp:-22.75111:-43.48327
Sítio TJ,topic_concert_venue,overture,-22.818639755249023,-43.61799621582031,,overture:Sítio TJ:-22.81864:-43.61800
Sítio Valdir Bigode,topic_concert_venue,overture,-22.93345832824707,-43.567623138427734,,overture:Sítio Valdir Bigode:-22.93346:-43.56762
Sítio Verde Morada,topic_concert_venue,overture,-22.879425048828125,-43.46992874145508,,overture:Sítio Verde Morada:-22.87943:-43.46993
Sítio Vida Plena,topic_concert_venue,overture,-22.85903549194336,-43.31106185913086,,overture:Sítio Vida Plena:-22.85904:-43.31106
Sítio West Hall,topic_concert_venue,overture,-22.953224182128906,-43.56207275390625,,overture:Sítio West Hall:-22.95322:-43.56207
Sítio das Pedras,topic_concert_venue,overture,-22.986093521118164,-43.4573974609375,,overture:Sítio das Pedras:-22.98609:-43.45740
Sítio do Gugu - Pedra de Guaratiba,topic_concert_venue,overture,-22.910930633544922,-43.54717254638672,,overture:Sítio do Gugu - Pedra de Guaratiba:-22.91093:-43.54717
Sítio do Guilherme - Chaperó,topic_concert_venue,overture,-22.818790435791016,-43.757659912109375,,overture:Sítio do Guilherme - Chaperó:-22.81879:-43.75766
Sítio do Manolo Festas e Eventos,topic_concert_venue,overture,-22.87291145324707,-43.54643630981445,,overture:Sítio do Manolo Festas e Eventos:-22.87291:-43.54644
Sítio do Pontal,topic_concert_venue,overture,-23.023523330688477,-43.519378662109375,,overture:Sítio do Pontal:-23.02352:-43.51938
Sítio do Toquinho,topic_concert_venue,overture,-22.898338317871094,-43.44551467895508,,overture:Sítio do Toquinho:-22.89834:-43.44551
T&J Decorações,topic_concert_venue,overture,-22.856443405151367,-43.49119186401367,,overture:T&J Decorações:-22.85644:-43.49119
TERTU's Espaço de festas,topic_concert_venue,overture,-22.870113372802734,-43.563880920410156,,overture:TERTU's Espaço de festas:-22.87011:-43.56388
TEX,topic_concert_venue,overture,-22.98462677001953,-43.225181579589844,,overture:TEX:-22.98463:-43.22518
TIM Music Noites Cariocas,topic_concert_venue,overture,-22.95132827758789,-43.18054962158203,,overture:TIM Music Noites Cariocas:-22.95133:-43.18055
TOP FEST,topic_concert_venue,overture,-22.853368759155273,-43.48408508300781,,overture:TOP FEST:-22.85337:-43.48409
TOP FESTA,topic_concert_venue,overture,-22.937091827392578,-43.695533752441406,,overture:TOP FESTA:-22.93709:-43.69553
TR  Festa.,topic_concert_venue,overture,-22.8059024810791,-43.44032669067383,,overture:TR  Festa.:-22.80590:-43.44033
Tabernáculo Expressão dos Céus.,topic_concert_venue,overture,-22.994274139404297,-43.255401611328125,,overture:Tabernáculo Expressão dos Céus.:-22.99427:-43.25540
Talarico Show Room,topic_concert_venue,overture,-22.904260635375977,-43.29753875732422,,overture:Talarico Show Room:-22.90426:-43.29754
Tardezinha Prime,topic_concert_venue,overture,-22.90707015991211,-43.50893020629883,,overture:Tardezinha Prime:-22.90707:-43.50893
Tarja Preta,topic_concert_venue,overture,-22.8563289642334,-43.34845733642578,,overture:Tarja Preta:-22.85633:-43.34846
Tatiana Lima Provençal,topic_concert_venue,overture,-23.024560928344727,-43.45854187011719,,overture:Tatiana Lima Provençal:-23.02456:-43.45854
Teatro Bangu Shopping,topic_concert_venue,overture,-22.878684997558594,-43.465885162353516,,overture:Teatro Bangu Shopping:-22.87868:-43.46589
Teatro Brigitte Blair,topic_concert_venue,overture,-22.977968215942383,-43.19111251831055,,overture:Teatro Brigitte Blair:-22.97797:-43.19111
Teatro Clara Nunes,topic_concert_venue,overture,-22.967790603637695,-43.23140335083008,,overture:Teatro Clara Nunes:-22.96779:-43.23140
Teatro Dirceu De Mattos,topic_concert_venue,overture,-22.933551788330078,-43.200443267822266,,overture:Teatro Dirceu De Mattos:-22.93355:-43.20044
Teatro Glaucio Rocha,topic_concert_venue,overture,-22.907550811767578,-43.288665771484375,,overture:Teatro Glaucio Rocha:-22.90755:-43.28867
Teatro Ii do Ccbb,topic_concert_venue,overture,-22.901100158691406,-43.176483154296875,,overture:Teatro Ii do Ccbb:-22.90110:-43.17648
Teatro Iracema de Alencar,topic_concert_venue,overture,-22.933502197265625,-43.35719680786133,,overture:Teatro Iracema de Alencar:-22.93350:-43.35720
Teatro Justiça,topic_concert_venue,overture,-22.910429000854492,-43.17558288574219,,overture:Teatro Justiça:-22.91043:-43.17558
Teatro Municipal Procópio Ferreira,topic_concert_venue,overture,-22.790618896484375,-43.308258056640625,,overture:Teatro Municipal Procópio Ferreira:-22.79062:-43.30826
Teatro Popular Oscar Niemeyer,topic_concert_venue,overture,-22.889949798583984,-43.128273010253906,,overture:Teatro Popular Oscar Niemeyer:-22.88995:-43.12827
Teatro Quality,topic_concert_venue,overture,-22.938182830810547,-43.34792709350586,,overture:Teatro Quality:-22.93818:-43.34793
Teatro Silvio Monteiro,topic_concert_venue,overture,-22.971542358398438,-43.362327575683594,,overture:Teatro Silvio Monteiro:-22.97154:-43.36233
Teatro Tom Jobim,topic_concert_venue,overture,-22.970943450927734,-43.224822998046875,,overture:Teatro Tom Jobim:-22.97094:-43.22482
Teatro do Liceu,topic_concert_venue,overture,-22.907245635986328,-43.193138122558594,,overture:Teatro do Liceu:-22.90725:-43.19314
Teatro dos Grandes Atores - Barra da Tijuca,topic_concert_venue,overture,-22.93578338623047,-43.338531494140625,,overture:Teatro dos Grandes Atores - Barra da Tijuca:-22.93578:-43.33853
Telemusic,topic_concert_venue,overture,-22.986154556274414,-43.18974685668945,,overture:Telemusic:-22.98615:-43.18975
Telhadão do Tuiuti,topic_concert_venue,overture,-22.89894676208496,-43.23426055908203,,overture:Telhadão do Tuiuti:-22.89895:-43.23426
Tempo de Recreio,topic_concert_venue,overture,-22.896163940429688,-43.12411880493164,,overture:Tempo de Recreio:-22.89616:-43.12412
Terapia para mulheres reais,topic_concert_venue,overture,-22.892173767089844,-43.4493522644043,,overture:Terapia para mulheres reais:-22.89217:-43.44935
Terraço Do Samba,topic_concert_venue,overture,-22.838863372802734,-43.40351104736328,,overture:Terraço Do Samba:-22.83886:-43.40351
Terraço Lagoa,topic_concert_venue,overture,-22.976341247558594,-43.21787643432617,,overture:Terraço Lagoa:-22.97634:-43.21788
Terraço Meso,topic_concert_venue,overture,-22.873268127441406,-43.457279205322266,,overture:Terraço Meso:-22.87327:-43.45728
Terreiro da NEGRA Valéria,topic_concert_venue,overture,-22.805660247802734,-43.386253356933594,,overture:Terreiro da NEGRA Valéria:-22.80566:-43.38625
Terreirão Samba,topic_concert_venue,overture,-22.907682418823242,-43.19609069824219,,overture:Terreirão Samba:-22.90768:-43.19609
"Texugo, o Entregador",topic_concert_venue,overture,-23.02440071105957,-43.482383728027344,,"overture:Texugo, o Entregador:-23.02440:-43.48238"
The Choice Rio De Janeiro,topic_concert_venue,overture,-23.00709342956543,-43.31288146972656,,overture:The Choice Rio De Janeiro:-23.00709:-43.31288
The Connect ,topic_concert_venue,overture,-22.91813087463379,-43.37882614135742,,overture:The Connect :-22.91813:-43.37883
The Forum,topic_concert_venue,overture,-22.987714767456055,-43.48125457763672,,overture:The Forum:-22.98771:-43.48125
Theatro Municipal,topic_concert_venue,overture,-22.90835952758789,-43.17729187011719,,overture:Theatro Municipal:-22.90836:-43.17729
Theatro Municipal do Rio de Janeiro,topic_concert_venue,overture,-22.884613037109375,-43.291290283203125,,overture:Theatro Municipal do Rio de Janeiro:-22.88461:-43.29129
Thriller Live Brasil Tour,topic_concert_venue,overture,-22.983123779296875,-43.36268615722656,,overture:Thriller Live Brasil Tour:-22.98312:-43.36269
Toca Eventos,topic_concert_venue,overture,-22.917299270629883,-43.2236213684082,,overture:Toca Eventos:-22.91730:-43.22362
Toca do Minone,topic_concert_venue,overture,-22.894323348999023,-43.540531158447266,,overture:Toca do Minone:-22.89432:-43.54053
Top Festas & Eventos,topic_concert_venue,overture,-22.96207046508789,-43.392215728759766,,overture:Top Festas & Eventos:-22.96207:-43.39222
Top of Pestana,topic_concert_venue,overture,-22.975112915039062,-43.18777084350586,,overture:Top of Pestana:-22.97511:-43.18777
Torre Empresarial Rio Sul,topic_concert_venue,overture,-22.95743179321289,-43.176483154296875,,overture:Torre Empresarial Rio Sul:-22.95743:-43.17648
Triade Coworking,topic_concert_venue,overture,-22.993206024169922,-43.25528335571289,,overture:Triade Coworking:-22.99321:-43.25528
Trompete da Hora,topic_concert_venue,overture,-22.905683517456055,-43.17744064331055,,overture:Trompete da Hora:-22.90568:-43.17744
Tropaseventos,topic_concert_venue,overture,-22.79389762878418,-43.432708740234375,,overture:Tropaseventos:-22.79390:-43.43271
Tudo Bem Rio,topic_concert_venue,overture,-22.95073890686035,-43.19172668457031,,overture:Tudo Bem Rio:-22.95074:-43.19173
Tupiniquim,topic_concert_venue,overture,-22.876413345336914,-43.330936431884766,,overture:Tupiniquim:-22.87641:-43.33094
Turma da Mônica no Mundo do Circo,topic_concert_venue,overture,-22.897287368774414,-43.12864303588867,,overture:Turma da Mônica no Mundo do Circo:-22.89729:-43.12864
Twelve Nights Experience,topic_concert_venue,overture,-22.935182571411133,-43.69894027709961,,overture:Twelve Nights Experience:-22.93518:-43.69894
Tô Nem Aí Pra Nada,topic_concert_venue,overture,-22.919340133666992,-43.213661193847656,,overture:Tô Nem Aí Pra Nada:-22.91934:-43.21366
Tô de Boa,topic_concert_venue,overture,-22.955055236816406,-43.337520599365234,,overture:Tô de Boa:-22.95506:-43.33752
Tô na Rua,topic_concert_venue,overture,-22.980945587158203,-43.197174072265625,,overture:Tô na Rua:-22.98095:-43.19717
UFF Espaço Orla,topic_concert_venue,overture,-22.90300750732422,-43.13023376464844,,overture:UFF Espaço Orla:-22.90301:-43.13023
Unidos do Viradouro,topic_concert_venue,overture,-22.859073638916016,-43.1045036315918,,overture:Unidos do Viradouro:-22.85907:-43.10450
Universibrownie,topic_concert_venue,overture,-22.911300659179688,-43.21278381347656,,overture:Universibrownie:-22.91130:-43.21278
Vai ter festa.,topic_concert_venue,overture,-22.89040756225586,-43.3226318359375,,overture:Vai ter festa.:-22.89041:-43.32263
Valao de Olaria,topic_concert_venue,overture,-22.85188865661621,-43.27707290649414,,overture:Valao de Olaria:-22.85189:-43.27707
Vale Encantado,topic_concert_venue,overture,-22.967191696166992,-43.295902252197266,,overture:Vale Encantado:-22.96719:-43.29590
Vale dos Unicórnios Drogados,topic_concert_venue,overture,-22.86598014831543,-43.25156021118164,,overture:Vale dos Unicórnios Drogados:-22.86598:-43.25156
Valentino's Festas,topic_concert_venue,overture,-23.00017547607422,-43.63591766357422,,overture:Valentino's Festas:-23.00018:-43.63592
Varanda's Lounge,topic_concert_venue,overture,-22.95417022705078,-43.65453338623047,,overture:Varanda's Lounge:-22.95417:-43.65453
Varandão Dom Leal,topic_concert_venue,overture,-22.795753479003906,-43.42756652832031,,overture:Varandão Dom Leal:-22.79575:-43.42757
Venitte Festas,topic_concert_venue,overture,-22.904071807861328,-43.2559700012207,,overture:Venitte Festas:-22.90407:-43.25597
Versailles Festas e Eventos,topic_concert_venue,overture,-22.772708892822266,-43.37356185913086,,overture:Versailles Festas e Eventos:-22.77271:-43.37356
Verão Rio - O Globo,topic_concert_venue,overture,-22.93297004699707,-43.17475128173828,,overture:Verão Rio - O Globo:-22.93297:-43.17475
Via Apa 36,topic_concert_venue,overture,-22.82136344909668,-43.31187057495117,,overture:Via Apa 36:-22.82136:-43.31187
Via Show,topic_concert_venue,overture,-22.79845428466797,-43.355220794677734,,overture:Via Show:-22.79845:-43.35522
Viaduto Prefeito Negrão De Lima - Madureira,topic_concert_venue,overture,-22.876630783081055,-43.335426330566406,,overture:Viaduto Prefeito Negrão De Lima - Madureira:-22.87663:-43.33543
Viaduto de Madureira,topic_concert_venue,overture,-22.875818252563477,-43.33512496948242,,overture:Viaduto de Madureira:-22.87582:-43.33512
Vibe Carioca Eventos,topic_concert_venue,overture,-23.001171112060547,-43.36341857910156,,overture:Vibe Carioca Eventos:-23.00117:-43.36342
Victória Casa De festas,topic_concert_venue,overture,-22.835594177246094,-43.27974319458008,,overture:Victória Casa De festas:-22.83559:-43.27974
Vila Anime,topic_concert_venue,overture,-22.880002975463867,-43.465614318847656,,overture:Vila Anime:-22.88000:-43.46561
Vila Kennedy Quafá,topic_concert_venue,overture,-22.85285186767578,-43.4842414855957,,overture:Vila Kennedy Quafá:-22.85285:-43.48424
Vila Militar dos Sargentos da Aeronáutica,topic_concert_venue,overture,-22.814193725585938,-43.238014221191406,,overture:Vila Militar dos Sargentos da Aeronáutica:-22.81419:-43.23801
Vila Mimosa,topic_concert_venue,overture,-22.812976837158203,-43.377403259277344,,overture:Vila Mimosa:-22.81298:-43.37740
Vila das Pitangas Casa de Festas,topic_concert_venue,overture,-22.919639587402344,-43.22640609741211,,overture:Vila das Pitangas Casa de Festas:-22.91964:-43.22641
Vila do Céu Show,topic_concert_venue,overture,-22.90928077697754,-43.60603332519531,,overture:Vila do Céu Show:-22.90928:-43.60603
Vila Áurea,topic_concert_venue,overture,-22.99595069885254,-43.26017379760742,,overture:Vila Áurea:-22.99595:-43.26017
Vilar Festas,topic_concert_venue,overture,-22.785144805908203,-43.363094329833984,,overture:Vilar Festas:-22.78514:-43.36309
Villa Cecília,topic_concert_venue,overture,-22.976879119873047,-43.27848434448242,,overture:Villa Cecília:-22.97688:-43.27848
Villa Lounge Festas,topic_concert_venue,overture,-22.88600730895996,-43.36647033691406,,overture:Villa Lounge Festas:-22.88601:-43.36647
Villa Rio Eventos,topic_concert_venue,overture,-22.927980422973633,-43.17552185058594,,overture:Villa Rio Eventos:-22.92798:-43.17552
VillaRio401,topic_concert_venue,overture,-22.99563217163086,-43.2701530456543,,overture:VillaRio401:-22.99563:-43.27015
Village • RJ,topic_concert_venue,overture,-22.973848342895508,-43.2226448059082,,overture:Village • RJ:-22.97385:-43.22264
Vinícius Lava Jato,topic_concert_venue,overture,-22.892160415649414,-43.58185577392578,,overture:Vinícius Lava Jato:-22.89216:-43.58186
Vision Espaço PARA Eventos,topic_concert_venue,overture,-22.953895568847656,-43.3343505859375,,overture:Vision Espaço PARA Eventos:-22.95390:-43.33435
Visão TV,topic_concert_venue,overture,-22.87434959411621,-43.27241134643555,,overture:Visão TV:-22.87435:-43.27241
Vivo Rio,topic_concert_venue,overture,-22.92123031616211,-43.55054473876953,,overture:Vivo Rio:-22.92123:-43.55054
WV,topic_concert_venue,overture,-22.8065242767334,-43.42596435546875,,overture:WV:-22.80652:-43.42596
Walber Gás,topic_concert_venue,overture,-22.88237190246582,-43.31547164916992,,overture:Walber Gás:-22.88237:-43.31547
White Music,topic_concert_venue,overture,-22.79665184020996,-43.295230865478516,,overture:White Music:-22.79665:-43.29523
Workshopplace,topic_concert_venue,overture,-22.90152359008789,-43.18100357055664,,overture:Workshopplace:-22.90152:-43.18100
Ygor - Executivo de Vendas Automotiva,topic_concert_venue,overture,-23.009822845458984,-43.45048904418945,,overture:Ygor - Executivo de Vendas Automotiva:-23.00982:-43.45049
Zags  Eventos,topic_concert_venue,overture,-22.853153228759766,-43.324100494384766,,overture:Zags  Eventos:-22.85315:-43.32410
Zona Oeste,topic_concert_venue,overture,-22.88369369506836,-43.438594818115234,,overture:Zona Oeste:-22.88369:-43.43859
Zurique Festas,topic_concert_venue,overture,-22.801450729370117,-43.18910217285156,,overture:Zurique Festas:-22.80145:-43.18910
casaparisfestas,topic_concert_venue,overture,-22.87812042236328,-43.451438903808594,,overture:casaparisfestas:-22.87812:-43.45144
praça km 32,topic_concert_venue,overture,-22.82985496520996,-43.61964416503906,,overture:praça km 32:-22.82985:-43.61964
quintaldadel,topic_concert_venue,overture,-22.936159133911133,-43.67433166503906,,overture:quintaldadel:-22.93616:-43.67433
theHouse,topic_concert_venue,overture,-22.85003662109375,-43.34929656982422,,overture:theHouse:-22.85004:-43.34930
Águas da Prata • RJ,topic_concert_venue,overture,-22.924970626831055,-43.51445007324219,,overture:Águas da Prata • RJ:-22.92497:-43.51445
Área 21 Eventos,topic_concert_venue,overture,-22.790367126464844,-43.188480377197266,,overture:Área 21 Eventos:-22.79037:-43.18848
Época De Glória Feira De Antiguidades e Artes,topic_concert_venue,overture,-22.920080184936523,-43.17052459716797,,overture:Época De Glória Feira De Antiguidades e Artes:-22.92008:-43.17052
𝗖𝗢𝗠𝗣𝗥𝗢 𝗢𝗨𝗥𝗢 𝗥𝗜𝗢,topic_concert_venue,overture,-22.904436111450195,-43.17655944824219,,overture:𝗖𝗢𝗠𝗣𝗥𝗢 𝗢𝗨𝗥𝗢 𝗥𝗜𝗢:-22.90444:-43.17656
