id,name,category,source,lat,lon,wikidata_qid,reason,boundary_municipality,boundary_status
overture:Aldeia Maracanã:-22.91103:-43.22773,Aldeia Maracanã,art_museum,overture,-22.911029815673828,-43.22772979736328,,"trusted category, sample-audited clean",Rio de Janeiro,ok
overture:Cantina do Mam:-22.91401:-43.17272,Cantina do Mam,art_museum,overture,-22.914005279541016,-43.17272186279297,,"trusted category, sample-audited clean",Rio de Janeiro,ok
overture:Casa França-Brasil:-22.90061:-43.17572,Casa França-Brasil,art_museum,overture,-22.900606155395508,-43.175724029541016,,"trusted category, sample-audited clean",Rio de Janeiro,ok
overture:Casa de Cultura Ife Ominira:-22.86266:-43.36122,Casa de Cultura Ife Ominira,art_museum,overture,-22.862659454345703,-43.36122131347656,,"trusted category, sample-audited clean",Rio de Janeiro,ok
overture:Casa de Cultura José Bonifácio:-22.76375:-43.10957,Casa de Cultura José Bonifácio,art_museum,overture,-22.763750076293945,-43.10957336425781,,"trusted category, sample-audited clean",Rio de Janeiro,ok
overture:Chácara do Céu:-22.91795:-43.18295,Chácara do Céu,art_museum,overture,-22.91794776916504,-43.18294906616211,,"trusted category, sample-audited clean",Rio de Janeiro,ok
overture:Cinemateca do MAM:-22.91382:-43.17284,Cinemateca do MAM,art_museum,overture,-22.913820266723633,-43.17283630371094,,"trusted category, sample-audited clean",Rio de Janeiro,ok
overture:Ensaio Técnico de Rua Unidos da Tijuca:-22.90422:-43.20693,Ensaio Técnico de Rua Unidos da Tijuca,art_museum,overture,-22.90422248840332,-43.20692825317383,,"trusted category, sample-audited clean",Rio de Janeiro,ok
overture:Exposição Pessach:-22.93586:-43.18978,Exposição Pessach,art_museum,overture,-22.935863494873047,-43.189781188964844,,"trusted category, sample-audited clean",Rio de Janeiro,ok
overture:Fundação de Arte de Niterói:-22.90369:-43.12493,Fundação de Arte de Niterói,art_museum,overture,-22.903688430786133,-43.12492752075195,,"trusted category, sample-audited clean",Niterói,outside_boundary
overture:Galeria Mestre Vitalino:-22.92574:-43.17659,Galeria Mestre Vitalino,art_museum,overture,-22.925739288330078,-43.17658996582031,,"trusted category, sample-audited clean",Rio de Janeiro,ok
overture:Instituto Casa Roberto Marinho (ICRM):-22.93993:-43.20409,Instituto Casa Roberto Marinho (ICRM),art_museum,overture,-22.93992805480957,-43.20408630371094,,"trusted category, sample-audited clean",Rio de Janeiro,ok
overture:Leão Etíope do Méier:-22.90203:-43.27982,Leão Etíope do Méier,art_museum,overture,-22.90203285217285,-43.279823303222656,,"trusted category, sample-audited clean",Rio de Janeiro,ok
overture:MAAS Museu Arquidiocesano de Arte Sacra do Rio de Janeiro:-22.91072:-43.18043,MAAS Museu Arquidiocesano de Arte Sacra do Rio de Janeiro,art_museum,overture,-22.910724639892578,-43.18042755126953,,"trusted category, sample-audited clean",Rio de Janeiro,ok
overture:Mac:-22.90781:-43.12584,Mac,art_museum,overture,-22.907814025878906,-43.12583923339844,,"trusted category, sample-audited clean",Niterói,outside_boundary
overture:Mac - Niterói Contemporary Art Museum:-22.82836:-43.28694,Mac - Niterói Contemporary Art Museum,art_museum,overture,-22.8283634185791,-43.28694152832031,,"trusted category, sample-audited clean",Rio de Janeiro,ok
overture:Museu Antonio Parreiras:-22.90177:-43.12611,Museu Antonio Parreiras,art_museum,overture,-22.90177345275879,-43.12611389160156,,"trusted category, sample-audited clean",Niterói,outside_boundary
overture:Museu Arquidiocesano de Arte Sacra do Rio de Janeiro (MAAS):-22.91014:-43.18058,Museu Arquidiocesano de Arte Sacra do Rio de Janeiro (MAAS),art_museum,overture,-22.910140991210938,-43.180580139160156,,"trusted category, sample-audited clean",Rio de Janeiro,ok
overture:Museu Astronomico:-22.91216:-43.10838,Museu Astronomico,art_museum,overture,-22.91215705871582,-43.10837936401367,,"trusted category, sample-audited clean",Niterói,outside_boundary
overture:Museu Casa do Pontal:-23.02386:-43.51019,Museu Casa do Pontal,art_museum,overture,-23.02385902404785,-43.510189056396484,,"trusted category, sample-audited clean",Rio de Janeiro,ok
overture:Museu Do Graffiti:-22.81739:-43.35756,Museu Do Graffiti,art_museum,overture,-22.8173885345459,-43.35755920410156,,"trusted category, sample-audited clean",Rio de Janeiro,ok
overture:Museu Janete Costa de Arte Popular:-22.90370:-43.12810,Museu Janete Costa de Arte Popular,art_museum,overture,-22.903703689575195,-43.12810134887695,,"trusted category, sample-audited clean",Niterói,outside_boundary
overture:Museu Raymundo Ottoni Castro Maya:-22.91778:-43.18159,Museu Raymundo Ottoni Castro Maya,art_museum,overture,-22.917781829833984,-43.18159103393555,,"trusted category, sample-audited clean",Rio de Janeiro,ok
overture:Museu Sacro Franciscano:-22.90683:-43.17915,Museu Sacro Franciscano,art_museum,overture,-22.906829833984375,-43.17914962768555,,"trusted category, sample-audited clean",Rio de Janeiro,ok
overture:Museu da Chácara do Céu:-22.91736:-43.18418,Museu da Chácara do Céu,art_museum,overture,-22.9173641204834,-43.18417739868164,,"trusted category, sample-audited clean",Rio de Janeiro,ok
overture:Museu da Cidade:-22.90114:-43.17701,Museu da Cidade,art_museum,overture,-22.90114402770996,-43.177005767822266,,"trusted category, sample-audited clean",Rio de Janeiro,ok
overture:Museu da Cultura Puri:-22.91428:-43.19998,Museu da Cultura Puri,art_museum,overture,-22.914276123046875,-43.199981689453125,,"trusted category, sample-audited clean",Rio de Janeiro,ok
overture:Museu da Imagem e do Som:-22.97902:-43.18939,Museu da Imagem e do Som,art_museum,overture,-22.979015350341797,-43.189388275146484,,"trusted category, sample-audited clean",Rio de Janeiro,ok
overture:Museu das Telecomunicações:-22.92996:-43.17651,Museu das Telecomunicações,art_museum,overture,-22.929960250854492,-43.176513671875,,"trusted category, sample-audited clean",Rio de Janeiro,ok
overture:Museu de Arte Contemporânea de Niterói (MAC):-22.90735:-43.12577,Museu de Arte Contemporânea de Niterói (MAC),art_museum,overture,-22.907350540161133,-43.125770568847656,,"trusted category, sample-audited clean",Niterói,outside_boundary
overture:Museu de Arte do Rio:-22.89661:-43.18204,Museu de Arte do Rio,art_museum,overture,-22.896608352661133,-43.182037353515625,,"trusted category, sample-audited clean",Rio de Janeiro,ok
overture:Museu de Arte do Rio (MAR):-22.89688:-43.18177,Museu de Arte do Rio (MAR),art_museum,overture,-22.896881103515625,-43.18177032470703,,"trusted category, sample-audited clean",Rio de Janeiro,ok
overture:Museu de Artes Ivan Del Blanco:-22.97591:-43.18983,Museu de Artes Ivan Del Blanco,art_museum,overture,-22.975910186767578,-43.1898307800293,,"trusted category, sample-audited clean",Rio de Janeiro,ok
overture:Museu de Imagens do Inconsciente:-22.90349:-43.30137,Museu de Imagens do Inconsciente,art_museum,overture,-22.903488159179688,-43.301368713378906,,"trusted category, sample-audited clean",Rio de Janeiro,ok
overture:Museu do Açude:-22.96483:-43.28209,Museu do Açude,art_museum,overture,-22.964826583862305,-43.2820930480957,,"trusted category, sample-audited clean",Rio de Janeiro,ok
overture:Museu do Ingá:-22.90336:-43.12555,Museu do Ingá,art_museum,overture,-22.903356552124023,-43.125545501708984,,"trusted category, sample-audited clean",Niterói,outside_boundary
overture:Museu do Pontal:-22.99417:-43.39838,Museu do Pontal,art_museum,overture,-22.994173049926758,-43.39838409423828,,"trusted category, sample-audited clean",Rio de Janeiro,ok
overture:Museu do paço:-22.90289:-43.17331,Museu do paço,art_museum,overture,-22.902894973754883,-43.173309326171875,,"trusted category, sample-audited clean",Rio de Janeiro,ok
overture:Museum Dom João VI:-22.86241:-43.22301,Museum Dom João VI,art_museum,overture,-22.86240577697754,-43.22301483154297,,"trusted category, sample-audited clean",Rio de Janeiro,ok
overture:Museum of Inga:-22.90365:-43.12542,Museum of Inga,art_museum,overture,-22.90365219116211,-43.12541961669922,,"trusted category, sample-audited clean",Niterói,outside_boundary
overture:Petit Trianon:-22.90942:-43.17274,Petit Trianon,art_museum,overture,-22.9094181060791,-43.17273712158203,,"trusted category, sample-audited clean",Rio de Janeiro,ok
overture:Polo Praça XV:-22.90282:-43.17458,Polo Praça XV,art_museum,overture,-22.902820587158203,-43.174583435058594,,"trusted category, sample-audited clean",Rio de Janeiro,ok
overture:Scalinata Selarón:-22.91570:-43.17896,Scalinata Selarón,art_museum,overture,-22.915699005126953,-43.178958892822266,,"trusted category, sample-audited clean",Rio de Janeiro,ok
overture:grande cia. de mystérios e novidades:-22.89766:-43.19271,grande cia. de mystérios e novidades,art_museum,overture,-22.897661209106445,-43.19271469116211,,"trusted category, sample-audited clean",Rio de Janeiro,ok
overture:A Maison | Espaço Cultural da França:-22.91019:-43.17154,A Maison | Espaço Cultural da França,cultural_center,overture,-22.910192489624023,-43.17153549194336,,French cultural center with real programming,Rio de Janeiro,ok
overture:Academia Fluminense de Letras:-22.89459:-43.11707,Academia Fluminense de Letras,cultural_center,overture,-22.89458656311035,-43.11707305908203,,"literary academy, real cultural institution",Niterói,outside_boundary
overture:Académicos do Dendê Raízes:-22.79741:-43.19304,Académicos do Dendê Raízes,cultural_center,overture,-22.79741096496582,-43.19303512573242,,samba school (escola de samba) heritage group,Rio de Janeiro,ok
overture:Acervo Cultural e Histórico do GRES Estácio de Sá:-22.91275:-43.20187,Acervo Cultural e Histórico do GRES Estácio de Sá,cultural_center,overture,-22.912750244140625,-43.201873779296875,,samba school historical/cultural archive,Rio de Janeiro,ok
overture:Arena Carioca Jovelina Pérola Negra:-22.80884:-43.36195,Arena Carioca Jovelina Pérola Negra,cultural_center,overture,-22.808841705322266,-43.36194610595703,,municipal Arena Carioca venue honoring samba singer,Rio de Janeiro,ok
overture:Arena Cultural Dicró:-22.83920:-43.28770,Arena Cultural Dicró,cultural_center,overture,-22.839202880859375,-43.28770446777344,,municipal cultural arena,Rio de Janeiro,ok
overture:Areninha Carioca Hermeto Pascoal:-22.87733:-43.47283,Areninha Carioca Hermeto Pascoal,cultural_center,overture,-22.87732696533203,-43.47283172607422,,municipal Areninha cultural arena program,Rio de Janeiro,ok
overture:Areninha Cultural Gilberto Gil:-22.87810:-43.41579,Areninha Cultural Gilberto Gil,cultural_center,overture,-22.878103256225586,-43.415794372558594,,municipal Areninha cultural arena program,Rio de Janeiro,ok
overture:Areninha Cultural Joao Bosco de Vista Alegre:-22.83230:-43.31245,Areninha Cultural Joao Bosco de Vista Alegre,cultural_center,overture,-22.83230209350586,-43.31244659423828,,municipal Areninha cultural arena program,Rio de Janeiro,ok
overture:Areninha Cultural Renato Russo:-22.80505:-43.17955,Areninha Cultural Renato Russo,cultural_center,overture,-22.8050479888916,-43.1795539855957,,municipal Areninha cultural arena program,Rio de Janeiro,ok
overture:Armazém Cultural das Artes:-22.89411:-43.19020,Armazém Cultural das Artes,cultural_center,overture,-22.894107818603516,-43.1901969909668,,arts cultural warehouse/venue,Rio de Janeiro,ok
overture:Associação Afrocultural Yorubá:-22.88366:-43.29517,Associação Afrocultural Yorubá,cultural_center,overture,-22.883657455444336,-43.29517364501953,,Afro-Brazilian cultural association,Rio de Janeiro,ok
overture:Associação Cultural Espaço Carioca:-22.87378:-43.31511,Associação Cultural Espaço Carioca,cultural_center,overture,-22.873783111572266,-43.31510543823242,,cultural association with real programming,Rio de Janeiro,ok
overture:Associação Cultural Grupo Afrolaje:-22.90385:-43.30330,Associação Cultural Grupo Afrolaje,cultural_center,overture,-22.903852462768555,-43.30330276489258,,Afro-Brazilian cultural group association,Rio de Janeiro,ok
overture:Associação dos Amigos da Lona Cultural Hermeto Pascoal:-22.87739:-43.47266,Associação dos Amigos da Lona Cultural Hermeto Pascoal,cultural_center,overture,-22.877389907836914,-43.47265625,,friends association of municipal cultural venue,Rio de Janeiro,ok
overture:Asé Pingo D'água:-22.96599:-43.64803,Asé Pingo D'água,cultural_center,overture,-22.965988159179688,-43.64802932739258,,"Candomblé terreiro, Afro-Brazilian religious-cultural heritage",Rio de Janeiro,ok
overture:BAC - Barracão de Arte e Cultura Sepetiba:-22.96741:-43.69054,BAC - Barracão de Arte e Cultura Sepetiba,cultural_center,overture,-22.9674129486084,-43.6905403137207,,art and culture center,Rio de Janeiro,ok
overture:Barricada - Centro Cultural Marginal Fernando Calado:-22.89650:-43.12567,Barricada - Centro Cultural Marginal Fernando Calado,cultural_center,overture,-22.896503448486328,-43.12567138671875,,named cultural center,Niterói,outside_boundary
overture:CASARTI Casa do Artista Independente:-22.82613:-43.31207,CASARTI Casa do Artista Independente,cultural_center,overture,-22.826129913330078,-43.31207275390625,,"house for independent artists, cultural space",Rio de Janeiro,ok
overture:CCBB Rio de Janeiro:-22.90094:-43.17645,CCBB Rio de Janeiro,cultural_center,overture,-22.900941848754883,-43.17645263671875,,"Centro Cultural Banco do Brasil, major cultural institution",Rio de Janeiro,ok
overture:CRAB - Centro Sebrae de Referência do Artesanato Brasileiro:-22.90767:-43.18382,CRAB - Centro Sebrae de Referência do Artesanato Brasileiro,cultural_center,overture,-22.907665252685547,-43.18381881713867,,Brazilian handicraft reference center,Rio de Janeiro,ok
overture:CRAB Sebrae - Centro de Referencia do Artesanato Brasileiro:-22.90736:-43.18382,CRAB Sebrae - Centro de Referencia do Artesanato Brasileiro,cultural_center,overture,-22.90735626220703,-43.18382263183594,,Brazilian handicraft reference center (duplicate),Rio de Janeiro,ok
overture:Caixa Cultural Rj:-22.90828:-43.17692,Caixa Cultural Rj,cultural_center,overture,-22.908283233642578,-43.17692184448242,,well-known bank-sponsored cultural center,Rio de Janeiro,ok
overture:Caminho Niemeyer:-22.89050:-43.12696,Caminho Niemeyer,cultural_center,overture,-22.8905029296875,-43.126956939697266,,"Oscar Niemeyer architecture complex, heritage landmark",Niterói,outside_boundary
overture:Capacete Centro Cultural:-22.92139:-43.18113,Capacete Centro Cultural,cultural_center,overture,-22.9213924407959,-43.18112564086914,,known art residency cultural center,Rio de Janeiro,ok
overture:Casa Amarela centro cultural e atelier:-22.85329:-43.36957,Casa Amarela centro cultural e atelier,cultural_center,overture,-22.853288650512695,-43.369571685791016,,explicit cultural center and art studio,Rio de Janeiro,ok
overture:Casa Carnaval | Centro:-22.90166:-43.17522,Casa Carnaval | Centro,cultural_center,overture,-22.901662826538086,-43.17522430419922,,carnival-culture themed cultural house,Rio de Janeiro,ok
overture:Casa Cultural Manacá:-22.90875:-43.19495,Casa Cultural Manacá,cultural_center,overture,-22.908748626708984,-43.1949462890625,,explicit cultural house designation,Rio de Janeiro,ok
overture:Casa Cultural da Nossa Gente:-22.89432:-43.28986,Casa Cultural da Nossa Gente,cultural_center,overture,-22.89432144165039,-43.28986358642578,,explicit cultural house designation,Rio de Janeiro,ok
overture:Casa De Cultura:-22.88469:-43.30369,Casa De Cultura,cultural_center,overture,-22.88469123840332,-43.303688049316406,,"explicit ""House of Culture"" designation",Rio de Janeiro,ok
overture:Casa Rosa da Gávea:-22.97883:-43.23455,Casa Rosa da Gávea,cultural_center,overture,-22.978830337524414,-43.23455047607422,,"historic Casa Rosa, known heritage samba/cultural venue",Rio de Janeiro,ok
overture:Casa Subversa:-22.90691:-43.18388,Casa Subversa,cultural_center,overture,-22.906911849975586,-43.183876037597656,,known alternative cultural/political collective space,Rio de Janeiro,ok
overture:Casa da Tia Ciata:-22.89803:-43.18751,Casa da Tia Ciata,cultural_center,overture,-22.898033142089844,-43.18750762939453,,"famous historic house, birthplace of samba",Rio de Janeiro,ok
overture:Casa de Arte e Cultura Julieta de Serpa:-22.93641:-43.17448,Casa de Arte e Cultura Julieta de Serpa,cultural_center,overture,-22.936410903930664,-43.17448043823242,,explicit arts/culture house in historic palacete,Rio de Janeiro,ok
overture:Casa de Arte e Cultura Luiz Januário:-22.92275:-43.22023,Casa de Arte e Cultura Luiz Januário,cultural_center,overture,-22.92275047302246,-43.2202262878418,,explicit arts/culture house designation,Rio de Janeiro,ok
overture:Casa de Artes Paquetá:-22.75325:-43.11126,Casa de Artes Paquetá,cultural_center,overture,-22.753250122070312,-43.11125564575195,,explicit arts house,Rio de Janeiro,ok
overture:Casa de Artes e Culturas Percília Teles da Silva:-22.89181:-43.34465,Casa de Artes e Culturas Percília Teles da Silva,cultural_center,overture,-22.891809463500977,-43.34464645385742,,explicit arts/culture house designation,Rio de Janeiro,ok
overture:Casa de Cultura:-22.87691:-43.27013,Casa de Cultura,cultural_center,overture,-22.87691307067871,-43.2701301574707,,"explicit ""House of Culture"" designation",Rio de Janeiro,ok
overture:Casa de Cultura - Volta do Mundo e Conexões do Beco da Cultura:-22.90137:-43.17522,Casa de Cultura - Volta do Mundo e Conexões do Beco da Cultura,cultural_center,overture,-22.9013729095459,-43.17522048950195,,explicit cultural house designation,Rio de Janeiro,ok
overture:Casa de Cultura Elbe de Holanda:-22.81745:-43.19964,Casa de Cultura Elbe de Holanda,cultural_center,overture,-22.81744956970215,-43.199642181396484,,explicit cultural house designation,Rio de Janeiro,ok
overture:Casa de Cultura Laura Alvim:-22.98658:-43.19923,Casa de Cultura Laura Alvim,cultural_center,overture,-22.9865779876709,-43.19922637939453,,well-known cultural center in Ipanema,Rio de Janeiro,ok
overture:Casa de Cultura Marise Moreira de Brito:-22.87407:-43.77790,Casa de Cultura Marise Moreira de Brito,cultural_center,overture,-22.874069213867188,-43.77790069580078,,explicit cultural house designation,Itaguaí,outside_boundary
overture:Casa de Cultura de Jacarepaguá:-22.92227:-43.37772,Casa de Cultura de Jacarepaguá,cultural_center,overture,-22.922273635864258,-43.377716064453125,,explicit municipal house of culture,Rio de Janeiro,ok
overture:Casa de Cultura de Nova Iguaçu:-22.76138:-43.45033,Casa de Cultura de Nova Iguaçu,cultural_center,overture,-22.761377334594727,-43.45033264160156,,explicit municipal house of culture,Nova Iguaçu,outside_boundary
overture:Casa de Oliveira Vianna:-22.88061:-43.10870,Casa de Oliveira Vianna,cultural_center,overture,-22.88060760498047,-43.108699798583984,,house named after historic scholar figure,Niterói,outside_boundary
overture:Casa de Viseu:-22.84538:-43.30367,Casa de Viseu,cultural_center,overture,-22.845378875732422,-43.303672790527344,,Portuguese regional heritage association house,Rio de Janeiro,ok
overture:Casa do Recreio Arte e Cultura:-23.02154:-43.47924,Casa do Recreio Arte e Cultura,cultural_center,overture,-23.021535873413086,-43.47924041748047,,explicit arts and culture designation,Rio de Janeiro,ok
overture:Casa dos Açores:-22.92093:-43.22099,Casa dos Açores,cultural_center,overture,-22.92093276977539,-43.22099304199219,,Portuguese immigrant heritage cultural association,Rio de Janeiro,ok
overture:Castelo Fiocruz Rj Brasil:-22.91194:-43.18394,Castelo Fiocruz Rj Brasil,cultural_center,overture,-22.91193962097168,-43.183937072753906,,"Fiocruz Moorish Castle, architectural heritage landmark",Rio de Janeiro,ok
overture:Ccbb - Centro Cultural Banco do Brasil:-22.90916:-43.10199,Ccbb - Centro Cultural Banco do Brasil,cultural_center,overture,-22.909160614013672,-43.101985931396484,,major cultural institution (Centro Cultural Banco do Brasil),Niterói,outside_boundary
overture:Centro Carnavalesco Onça Preta:-22.89941:-43.18793,Centro Carnavalesco Onça Preta,cultural_center,overture,-22.8994083404541,-43.18793487548828,,"carnival/samba clubhouse, cultural heritage",Rio de Janeiro,ok
overture:Centro Cultural Abrigo de Bondes:-22.88988:-43.11446,Centro Cultural Abrigo de Bondes,cultural_center,overture,-22.889877319335938,-43.11445999145508,,heritage tram-shelter building converted to cultural center,Niterói,outside_boundary
overture:Centro Cultural Acao da Cidadania:-22.89664:-43.18660,Centro Cultural Acao da Cidadania,cultural_center,overture,-22.896638870239258,-43.18660354614258,,"explicit cultural center, known citizenship NGO",Rio de Janeiro,ok
overture:Centro Cultural AfroRio:-22.87791:-43.32758,Centro Cultural AfroRio,cultural_center,overture,-22.877906799316406,-43.32757568359375,,Afro-Brazilian cultural center,Rio de Janeiro,ok
overture:Centro Cultural Atriz Chica Xa:-22.84918:-43.26642,Centro Cultural Atriz Chica Xa,cultural_center,overture,-22.84918212890625,-43.266422271728516,,explicit cultural center named after actress,Rio de Janeiro,ok
overture:Centro Cultural Banco Do Brasil:-22.98717:-43.19620,Centro Cultural Banco Do Brasil,cultural_center,overture,-22.98717498779297,-43.19620132446289,,major cultural institution,Rio de Janeiro,ok
overture:Centro Cultural Banco Do Brasil:-22.80200:-43.20460,Centro Cultural Banco Do Brasil,cultural_center,overture,-22.802000045776367,-43.2046012878418,,major cultural institution,Rio de Janeiro,ok
overture:Centro Cultural Banco do Brasil:-22.90096:-43.17648,Centro Cultural Banco do Brasil,cultural_center,overture,-22.90096092224121,-43.176475524902344,,major cultural institution,Rio de Janeiro,ok
overture:Centro Cultural Benjamin Peret:-22.91720:-43.17892,Centro Cultural Benjamin Peret,cultural_center,overture,-22.91719627380371,-43.17892074584961,,explicit cultural center,Rio de Janeiro,ok
overture:Centro Cultural Boa Viagem:-22.90590:-43.13216,Centro Cultural Boa Viagem,cultural_center,overture,-22.905902862548828,-43.132164001464844,,explicit cultural center,Niterói,outside_boundary
overture:Centro Cultural Calça Larga:-22.92988:-43.22659,Centro Cultural Calça Larga,cultural_center,overture,-22.929880142211914,-43.226585388183594,,explicit cultural center,Rio de Janeiro,ok
overture:Centro Cultural Capiberibe 27:-22.90228:-43.20415,Centro Cultural Capiberibe 27,cultural_center,overture,-22.90228271484375,-43.20414733886719,,explicit cultural center,Rio de Janeiro,ok
overture:Centro Cultural Carioca:-22.90631:-43.18180,Centro Cultural Carioca,cultural_center,overture,-22.906307220458984,-43.18179702758789,,known live-music/cultural venue in Centro,Rio de Janeiro,ok
overture:Centro Cultural Cartola:-22.90155:-43.24086,Centro Cultural Cartola,cultural_center,overture,-22.901554107666016,-43.2408561706543,,named after legendary samba composer Cartola,Rio de Janeiro,ok
overture:Centro Cultural Casa da FEB:-22.91218:-43.17823,Centro Cultural Casa da FEB,cultural_center,overture,-22.91217803955078,-43.1782341003418,,Brazilian Expeditionary Force historical/cultural center,Rio de Janeiro,ok
overture:Centro Cultural Cauby Peixoto:-22.88027:-43.10320,Centro Cultural Cauby Peixoto,cultural_center,overture,-22.880266189575195,-43.10320281982422,,named after famous singer,Niterói,outside_boundary
overture:Centro Cultural Cecília Conde:-22.85952:-43.26014,Centro Cultural Cecília Conde,cultural_center,overture,-22.859516143798828,-43.26013946533203,,named after Brazilian musicologist,Rio de Janeiro,ok
overture:Centro Cultural China Brasil Yuan Aiping:-23.00439:-43.31968,Centro Cultural China Brasil Yuan Aiping,cultural_center,overture,-23.004392623901367,-43.319679260253906,,China-Brazil cultural center,Rio de Janeiro,ok
overture:Centro Cultural Correia Lima:-22.92682:-43.17942,Centro Cultural Correia Lima,cultural_center,overture,-22.92682456970215,-43.179420471191406,,explicit cultural center,Rio de Janeiro,ok
overture:Centro Cultural Correios:-22.90116:-43.17590,Centro Cultural Correios,cultural_center,overture,-22.90115737915039,-43.17589569091797,,"Post Office cultural center chain, heritage building",Rio de Janeiro,ok
overture:Centro Cultural Cândido José de Araújo:-22.89560:-43.19220,Centro Cultural Cândido José de Araújo,cultural_center,overture,-22.895601272583008,-43.192203521728516,,explicit cultural center,Rio de Janeiro,ok
overture:Centro Cultural Diversa:-22.90665:-43.18092,Centro Cultural Diversa,cultural_center,overture,-22.906648635864258,-43.1809196472168,,explicit cultural center,Rio de Janeiro,ok
overture:Centro Cultural Donana:-22.74681:-43.40686,Centro Cultural Donana,cultural_center,overture,-22.746814727783203,-43.406864166259766,,explicit cultural center,Belford Roxo,outside_boundary
overture:Centro Cultural Dragão Do Mar:-22.94484:-43.34161,Centro Cultural Dragão Do Mar,cultural_center,overture,-22.944835662841797,-43.34160614013672,,explicit cultural center designation,Rio de Janeiro,ok
overture:Centro Cultural Educar:-22.88001:-43.25290,Centro Cultural Educar,cultural_center,overture,-22.8800106048584,-43.252899169921875,,explicit cultural center,Rio de Janeiro,ok
overture:Centro Cultural FGV:-22.94097:-43.18013,Centro Cultural FGV,cultural_center,overture,-22.94097137451172,-43.18012619018555,,"Getúlio Vargas Foundation cultural center, known institution",Rio de Janeiro,ok
overture:Centro Cultural Fundição Progresso:-22.91251:-43.18025,Centro Cultural Fundição Progresso,cultural_center,overture,-22.912513732910156,-43.18024826049805,,"famous historic music venue, former foundry building",Rio de Janeiro,ok
overture:Centro Cultural Ilha do Governador:-22.80045:-43.19773,Centro Cultural Ilha do Governador,cultural_center,overture,-22.80044937133789,-43.19773483276367,,explicit cultural center,Rio de Janeiro,ok
overture:Centro Cultural Inclusartiz:-22.89592:-43.19201,Centro Cultural Inclusartiz,cultural_center,overture,-22.89592170715332,-43.1920051574707,,known contemporary art institute,Rio de Janeiro,ok
overture:Centro Cultural Infinito:-22.93351:-43.20042,Centro Cultural Infinito,cultural_center,overture,-22.933513641357422,-43.20042037963867,,explicit cultural center,Rio de Janeiro,ok
overture:Centro Cultural Itaporã:-22.92054:-43.21086,Centro Cultural Itaporã,cultural_center,overture,-22.920541763305664,-43.21086120605469,,explicit cultural center,Rio de Janeiro,ok
overture:Centro Cultural Japão:-22.93235:-43.17491,Centro Cultural Japão,cultural_center,overture,-22.932350158691406,-43.17491149902344,,Japan cultural center,Rio de Janeiro,ok
overture:Centro Cultural Jerusalém:-22.88164:-43.27538,Centro Cultural Jerusalém,cultural_center,overture,-22.881643295288086,-43.27537536621094,,"explicit cultural center, likely Jewish community",Rio de Janeiro,ok
overture:Centro Cultural José Bonifácio:-22.89622:-43.19428,Centro Cultural José Bonifácio,cultural_center,overture,-22.896223068237305,-43.194278717041016,,named after historic statesman José Bonifácio,Rio de Janeiro,ok
overture:Centro Cultural João XXIII:-22.94747:-43.18579,Centro Cultural João XXIII,cultural_center,overture,-22.947467803955078,-43.185791015625,,explicit cultural center named after Pope John XXIII,Rio de Janeiro,ok
overture:Centro Cultural Justiça Federal:-22.91054:-43.17531,Centro Cultural Justiça Federal,cultural_center,overture,-22.910539627075195,-43.17530822753906,,"Federal Justice cultural center, known institution",Rio de Janeiro,ok
overture:Centro Cultural Lado B:-22.90257:-43.17544,Centro Cultural Lado B,cultural_center,overture,-22.902565002441406,-43.17544174194336,,explicit cultural center,Rio de Janeiro,ok
overture:Centro Cultural Lagoa:-22.96590:-43.20334,Centro Cultural Lagoa,cultural_center,overture,-22.96590232849121,-43.203338623046875,,explicit cultural center,Rio de Janeiro,ok
overture:Centro Cultural Light:-22.90272:-43.18710,Centro Cultural Light,cultural_center,overture,-22.90272331237793,-43.187095642089844,,historic utility company cultural center,Rio de Janeiro,ok
overture:Centro Cultural Lóttus:-22.90509:-43.29285,Centro Cultural Lóttus,cultural_center,overture,-22.905094146728516,-43.29285430908203,,explicit cultural center,Rio de Janeiro,ok
overture:Centro Cultural Marcelo Decolores:-22.87803:-43.12273,Centro Cultural Marcelo Decolores,cultural_center,overture,-22.878028869628906,-43.12273025512695,,explicit cultural center,Niterói,outside_boundary
overture:Centro Cultural Maria Bonita:-22.87025:-43.77562,Centro Cultural Maria Bonita,cultural_center,overture,-22.870250701904297,-43.77561950683594,,explicit cultural center named after historic figure,Itaguaí,outside_boundary
overture:Centro Cultural Mister Watkins:-22.78490:-43.43152,Centro Cultural Mister Watkins,cultural_center,overture,-22.784896850585938,-43.431522369384766,,explicit cultural center,Mesquita,outside_boundary
overture:Centro Cultural Mordechai Anilevitch:-22.95189:-43.19150,Centro Cultural Mordechai Anilevitch,cultural_center,overture,-22.951889038085938,-43.191497802734375,,"named after historic Jewish resistance figure, community center",Rio de Janeiro,ok
overture:Centro Cultural Municipal Laurinda Santos Lobo:-22.92002:-43.18856,Centro Cultural Municipal Laurinda Santos Lobo,cultural_center,overture,-22.920024871826172,-43.188560485839844,,well-known municipal heritage cultural center in historic mansion,Rio de Janeiro,ok
overture:Centro Cultural Municipal Parque das Ruínas:-22.91747:-43.18248,Centro Cultural Municipal Parque das Ruínas,cultural_center,overture,-22.917470932006836,-43.18247985839844,,famous heritage ruins park and cultural center,Rio de Janeiro,ok
overture:Centro Cultural Nossa Senhora das Mercês:-22.80789:-43.37109,Centro Cultural Nossa Senhora das Mercês,cultural_center,overture,-22.807893753051758,-43.371089935302734,,explicit church-related cultural center,Rio de Janeiro,ok
overture:Centro Cultural Oca dos Curumins:-22.86018:-43.26770,Centro Cultural Oca dos Curumins,cultural_center,overture,-22.86018180847168,-43.267696380615234,,explicit cultural center,Rio de Janeiro,ok
overture:Centro Cultural Oduvaldo Viana Filho:-22.93027:-43.17459,Centro Cultural Oduvaldo Viana Filho,cultural_center,overture,-22.930269241333008,-43.17458724975586,,named after famous playwright,Rio de Janeiro,ok
overture:Centro Cultural Omo Yoruba:-22.89212:-43.34472,Centro Cultural Omo Yoruba,cultural_center,overture,-22.89212417602539,-43.34471893310547,,Afro-Brazilian Yoruba cultural center,Rio de Janeiro,ok
overture:Centro Cultural PGE-RJ:-22.90392:-43.17575,Centro Cultural PGE-RJ,cultural_center,overture,-22.903919219970703,-43.175750732421875,,institutional cultural center,Rio de Janeiro,ok
overture:Centro Cultural Paschoal Carlos Magno:-22.90289:-43.10751,Centro Cultural Paschoal Carlos Magno,cultural_center,overture,-22.902894973754883,-43.107513427734375,,named after theater pioneer,Niterói,outside_boundary
overture:Centro Cultural Pedro I:-22.88216:-43.58867,Centro Cultural Pedro I,cultural_center,overture,-22.88216209411621,-43.58867263793945,,named after Emperor Pedro I,Rio de Janeiro,ok
overture:Centro Cultural Pedro II:-22.92007:-43.67872,Centro Cultural Pedro II,cultural_center,overture,-22.920072555541992,-43.67871856689453,,named after Emperor Pedro II,Rio de Janeiro,ok
overture:Centro Cultural Pedro II - Posse:-22.88286:-43.55149,Centro Cultural Pedro II - Posse,cultural_center,overture,-22.882858276367188,-43.55149459838867,,branch cultural center,Rio de Janeiro,ok
overture:Centro Cultural Pedro Storani:-22.87936:-43.40737,Centro Cultural Pedro Storani,cultural_center,overture,-22.879356384277344,-43.40736770629883,,explicit cultural center,Rio de Janeiro,ok
overture:Centro Cultural Phabrika de Arthes:-22.82617:-43.35363,Centro Cultural Phabrika de Arthes,cultural_center,overture,-22.826168060302734,-43.353633880615234,,explicit arts-factory cultural center,Rio de Janeiro,ok
overture:Centro Cultural Prof Dila:-22.89694:-43.35447,Centro Cultural Prof Dila,cultural_center,overture,-22.896940231323242,-43.354469299316406,,explicit cultural center,Rio de Janeiro,ok
overture:Centro Cultural Professor Horacio Macedo:-22.85841:-43.23224,Centro Cultural Professor Horacio Macedo,cultural_center,overture,-22.85840606689453,-43.232242584228516,,university-affiliated cultural center,Rio de Janeiro,ok
overture:Centro Cultural Santa Cruz Dr. Antônio Nicolau Jorge:-22.92345:-43.69308,Centro Cultural Santa Cruz Dr. Antônio Nicolau Jorge,cultural_center,overture,-22.923450469970703,-43.693077087402344,,explicit cultural center,Rio de Janeiro,ok
overture:Centro Cultural Silva Tavares:-22.87751:-43.34251,Centro Cultural Silva Tavares,cultural_center,overture,-22.877506256103516,-43.34251403808594,,explicit cultural center,Rio de Janeiro,ok
overture:Centro Cultural Sindicato dos Rodoviários do Município do Rio de Janeiro:-22.89964:-43.18770,Centro Cultural Sindicato dos Rodoviários do Município do Rio de Janeiro,cultural_center,overture,-22.89963722229004,-43.18770217895508,,union-affiliated but explicitly designated cultural center,Rio de Janeiro,ok
overture:Centro Cultural Solar de Botafogo:-22.95633:-43.18626,Centro Cultural Solar de Botafogo,cultural_center,overture,-22.956327438354492,-43.18626403808594,,historic mansion (Solar) converted to cultural center,Rio de Janeiro,ok
overture:Centro Cultural Tambor de Cumba:-22.90363:-43.17763,Centro Cultural Tambor de Cumba,cultural_center,overture,-22.90363311767578,-43.17763137817383,,Afro-Brazilian drum culture cultural center,Rio de Janeiro,ok
overture:Centro Cultural Veneza:-22.95098:-43.17593,Centro Cultural Veneza,cultural_center,overture,-22.95098304748535,-43.175926208496094,,explicit cultural center,Rio de Janeiro,ok
overture:Centro Cultural Vera Cruz - Capoeira:-22.85038:-43.33092,Centro Cultural Vera Cruz - Capoeira,cultural_center,overture,-22.85038185119629,-43.3309211730957,,"capoeira cultural center (heritage practice, public designation)",Rio de Janeiro,ok
overture:Centro Cultural Vovo Carlotinha Ccvocar:-22.91660:-43.20779,Centro Cultural Vovo Carlotinha Ccvocar,cultural_center,overture,-22.916603088378906,-43.207786560058594,,explicit cultural center,Rio de Janeiro,ok
overture:Centro Cultural Waly Salomão:-22.80681:-43.30365,Centro Cultural Waly Salomão,cultural_center,overture,-22.806812286376953,-43.303646087646484,,named after famous poet Waly Salomão,Rio de Janeiro,ok
overture:Centro Cultural Yoruba:-22.89564:-43.34933,Centro Cultural Yoruba,cultural_center,overture,-22.89564323425293,-43.34933090209961,,Afro-Brazilian Yoruba cultural center,Rio de Janeiro,ok
overture:Centro Cultural Zona Oeste:-22.88012:-43.45375,Centro Cultural Zona Oeste,cultural_center,overture,-22.880123138427734,-43.45375442504883,,explicit cultural center,Rio de Janeiro,ok
overture:Centro Cultural da Caixa Econômica Federal:-22.90769:-43.17330,Centro Cultural da Caixa Econômica Federal,cultural_center,overture,-22.907690048217773,-43.173301696777344,,bank-sponsored cultural center,Rio de Janeiro,ok
overture:Centro Cultural da Justiça Eleitoral:-22.90196:-43.17590,Centro Cultural da Justiça Eleitoral,cultural_center,overture,-22.901962280273438,-43.175899505615234,,Electoral Court cultural center,Rio de Janeiro,ok
overture:Centro Cultural da Marinha do Brasil:-22.79019:-43.42012,Centro Cultural da Marinha do Brasil,cultural_center,overture,-22.79018783569336,-43.42011642456055,,Brazilian Navy cultural/heritage center with museum,Mesquita,outside_boundary
overture:Centro Cultural da Policia Militar:-22.90913:-43.19479,Centro Cultural da Policia Militar,cultural_center,overture,-22.909130096435547,-43.19478988647461,,Military Police cultural center/museum,Rio de Janeiro,ok
overture:Centro Cultural do Capoeira Mestre Touro:-22.84566:-43.27918,Centro Cultural do Capoeira Mestre Touro,cultural_center,overture,-22.845664978027344,-43.27918243408203,,capoeira cultural center named after a mestre,Rio de Janeiro,ok
overture:Centro Cultural do Ministerio da Saude:-22.90480:-43.16955,Centro Cultural do Ministerio da Saude,cultural_center,overture,-22.904802322387695,-43.169551849365234,,Ministry of Health heritage building cultural center,Rio de Janeiro,ok
overture:Centro Cultural do Ministério da Saúde (CCMS):-22.90504:-43.16882,Centro Cultural do Ministério da Saúde (CCMS),cultural_center,overture,-22.905038833618164,-43.168819427490234,,Ministry of Health heritage building cultural center (duplicate),Rio de Janeiro,ok
overture:Centro Cultural do Poder Judiciário (CCPJ-Rio):-22.90466:-43.17294,Centro Cultural do Poder Judiciário (CCPJ-Rio),cultural_center,overture,-22.9046630859375,-43.172935485839844,,Judiciary cultural center in heritage building,Rio de Janeiro,ok
overture:Centro Cultural do Poder Judiciário - CCPJ-RJ:-22.90499:-43.17378,Centro Cultural do Poder Judiciário - CCPJ-RJ,cultural_center,overture,-22.904985427856445,-43.17378234863281,,Judiciary cultural center in heritage building (duplicate),Rio de Janeiro,ok
overture:Centro Cultural do Poder Judiciário do Estado do RJ:-22.77965:-43.30868,Centro Cultural do Poder Judiciário do Estado do RJ,cultural_center,overture,-22.779653549194336,-43.30868148803711,,"Judiciary cultural center, state level (duplicate)",Duque de Caxias,outside_boundary
overture:Centro Cultural do Rio de Janeiro:-22.89856:-43.27171,Centro Cultural do Rio de Janeiro,cultural_center,overture,-22.898557662963867,-43.27170944213867,,explicit cultural center,Rio de Janeiro,ok
overture:Centro Cultural e Social Música e Arte Soul Emanuel:-22.85479:-43.60589,Centro Cultural e Social Música e Arte Soul Emanuel,cultural_center,overture,-22.854793548583984,-43.605892181396484,,explicit music and arts cultural/social center,Nova Iguaçu,outside_boundary
overture:Centro Cultural e Universitário de Botafogo:-22.95571:-43.18745,Centro Cultural e Universitário de Botafogo,cultural_center,overture,-22.955713272094727,-43.18745040893555,,university-affiliated cultural center,Rio de Janeiro,ok
overture:Centro De Arte E Cultura:-22.85715:-43.32933,Centro De Arte E Cultura,cultural_center,overture,-22.857152938842773,-43.32932662963867,,explicit cultural center,Rio de Janeiro,ok
overture:Centro EcoCultural Sueli Pontes:-23.00124:-43.34104,Centro EcoCultural Sueli Pontes,cultural_center,overture,-23.001243591308594,-43.341041564941406,,explicit eco-cultural center,Rio de Janeiro,ok
overture:Centro Loyola de Fé e Cultura:-22.98210:-43.24013,Centro Loyola de Fé e Cultura,cultural_center,overture,-22.982099533081055,-43.24013137817383,,"Jesuit faith-and-culture center, real institution",Rio de Janeiro,ok
overture:Centro Luiz Gonzaga de Tradições Nordestinas:-22.89765:-43.22031,Centro Luiz Gonzaga de Tradições Nordestinas,cultural_center,overture,-22.89764976501465,-43.220314025878906,,iconic Northeastern-traditions cultural center (Feira de São Cristóvão),Rio de Janeiro,ok
overture:Centro cultural Pedro II - Santíssimo:-22.88464:-43.55293,Centro cultural Pedro II - Santíssimo,cultural_center,overture,-22.8846378326416,-43.55292892456055,,branch cultural center,Rio de Janeiro,ok
overture:Centro cultural tia Eulália:-22.86504:-43.33367,Centro cultural tia Eulália,cultural_center,overture,-22.86504364013672,-43.33366775512695,,explicit cultural center,Rio de Janeiro,ok
overture:Centro de Arte Maria Teresa Vieira:-22.90699:-43.18151,Centro de Arte Maria Teresa Vieira,cultural_center,overture,-22.906991958618164,-43.181514739990234,,explicit cultural center,Rio de Janeiro,ok
overture:Centro de Arte e Cultura UFRRJ:-22.75884:-43.68820,Centro de Arte e Cultura UFRRJ,cultural_center,overture,-22.75884437561035,-43.688201904296875,,university-affiliated cultural center,Seropédica,outside_boundary
overture:Centro de Artes Calouste Gulbenkian:-22.90807:-43.19578,Centro de Artes Calouste Gulbenkian,cultural_center,overture,-22.908071517944336,-43.19578170776367,,"named after Gulbenkian foundation, known cultural institution",Rio de Janeiro,ok
overture:Centro de Artes da Maré:-22.85353:-43.24661,Centro de Artes da Maré,cultural_center,overture,-22.85352897644043,-43.24660873413086,,known community cultural center in Maré,Rio de Janeiro,ok
overture:Centro de Cultura Italiana:-22.91730:-43.23524,Centro de Cultura Italiana,cultural_center,overture,-22.91730499267578,-43.23524475097656,,Italian cultural center,Rio de Janeiro,ok
overture:Centro de Cultura Social - RJ:-22.91463:-43.25048,Centro de Cultura Social - RJ,cultural_center,overture,-22.914630889892578,-43.2504768371582,,explicit cultural/social center,Rio de Janeiro,ok
overture:Centro de Letras e Artes:-22.95481:-43.17012,Centro de Letras e Artes,cultural_center,overture,-22.954805374145508,-43.17012023925781,,explicit cultural center,Rio de Janeiro,ok
overture:Centro de Línguas e Cultura da UFF:-22.89870:-43.13293,Centro de Línguas e Cultura da UFF,cultural_center,overture,-22.898698806762695,-43.132930755615234,,university-affiliated language and culture center,Niterói,outside_boundary
overture:Centro de Tradições Ylê Asè Egi Omim:-22.93820:-43.20837,Centro de Tradições Ylê Asè Egi Omim,cultural_center,overture,-22.938201904296875,-43.20836639404297,,Afro-Brazilian Candomblé cultural tradition center,Rio de Janeiro,ok
overture:Centro do Samba:-22.90530:-43.18119,Centro do Samba,cultural_center,overture,-22.90530014038086,-43.18118667602539,,samba cultural center,Rio de Janeiro,ok
overture:Cidade das Artes:-22.99934:-43.36579,Cidade das Artes,cultural_center,overture,-22.99934196472168,-43.36579132080078,,major real Barra da Tijuca performing arts complex,Rio de Janeiro,ok
overture:Conjunto Cultural da Caixa:-22.90794:-43.17710,Conjunto Cultural da Caixa,cultural_center,overture,-22.907943725585938,-43.17710494995117,,"CAIXA Cultural, real institution with real programming",Rio de Janeiro,ok
overture:Espaco Cultural Correios Niteroi:-22.89490:-43.12366,Espaco Cultural Correios Niteroi,cultural_center,overture,-22.8948974609375,-43.1236572265625,,"Correios Cultural, real chain with real exhibitions",Niterói,outside_boundary
overture:Espaco Cultural Municipal Sergio Porto:-22.95869:-43.19934,Espaco Cultural Municipal Sergio Porto,cultural_center,overture,-22.958688735961914,-43.199344635009766,,well-known Rio municipal cultural center (Humaitá),Rio de Janeiro,ok
overture:Espaço Cultural Bndes:-22.90833:-43.18019,Espaço Cultural Bndes,cultural_center,overture,-22.90833282470703,-43.1801872253418,,"BNDES art gallery, real institution with real programming",Rio de Janeiro,ok
overture:Espaço Cultural Escola Sesc:-22.96029:-43.35923,Espaço Cultural Escola Sesc,cultural_center,overture,-22.96029281616211,-43.359230041503906,,"SESC affiliated school/cultural space, real institution",Rio de Janeiro,ok
overture:Espaço Cultural Sylvio Monteiro:-22.76130:-43.45029,Espaço Cultural Sylvio Monteiro,cultural_center,overture,-22.761301040649414,-43.450294494628906,,"real public theater (matches Teatro Sylvio Monteiro, same coords)",Nova Iguaçu,outside_boundary
overture:Espaço Tom Jobim:-22.97078:-43.22482,Espaço Tom Jobim,cultural_center,overture,-22.970783233642578,-43.224822998046875,,part of the real Tom Jobim heritage house/institute complex,Rio de Janeiro,ok
overture:Feira de São Cristóvão:-22.90729:-43.22304,Feira de São Cristóvão,cultural_center,overture,-22.90729331970215,-43.22304153442383,,"famous Northeastern culture fair, real heritage landmark",Rio de Janeiro,ok
overture:Funarte:-22.90868:-43.17335,Funarte,cultural_center,overture,-22.908681869506836,-43.17334747314453,,"national arts foundation, real institution",Rio de Janeiro,ok
overture:Fundição Progresso:-22.91249:-43.18056,Fundição Progresso,cultural_center,overture,-22.912487030029297,-43.18055725097656,,"historic industrial building, famous Lapa cultural venue",Rio de Janeiro,ok
overture:Fórum de Ciência e Cultura da UFRJ:-22.94284:-43.17472,Fórum de Ciência e Cultura da UFRJ,cultural_center,overture,-22.942842483520508,-43.174720764160156,,"real UFRJ institution, historic Praia Vermelha building",Rio de Janeiro,ok
overture:GRES Chatuba De Mesquita:-22.80206:-43.43996,GRES Chatuba De Mesquita,cultural_center,overture,-22.80206298828125,-43.43995666503906,,real samba school (escola de samba),Mesquita,outside_boundary
overture:Galpão Bela Maré:-22.85380:-43.24681,Galpão Bela Maré,cultural_center,overture,-22.853801727294922,-43.24680709838867,,recognized Maré arts complex with real programming,Rio de Janeiro,ok
overture:Imperator - Centro Cultural João Nogueira:-22.90271:-43.28200,Imperator - Centro Cultural João Nogueira,cultural_center,overture,-22.902711868286133,-43.28200149536133,,"restored historic cinema turned real cultural center, Méier",Rio de Janeiro,ok
overture:Instituto Antônio Carlos Jobim:-22.97061:-43.22487,Instituto Antônio Carlos Jobim,cultural_center,overture,-22.970609664916992,-43.22486877441406,,real Tom Jobim heritage house/institute,Rio de Janeiro,ok
overture:Instituto Cervantes:-22.94601:-43.18466,Instituto Cervantes,cultural_center,overture,-22.946006774902344,-43.18465805053711,,official Spanish national cultural institute,Rio de Janeiro,ok
overture:Instituto Cultural Brasil Japão:-22.90967:-43.17149,Instituto Cultural Brasil Japão,cultural_center,overture,-22.909669876098633,-43.17148971557617,,real bi-national cultural institute,Rio de Janeiro,ok
overture:Instituto Cultural Cravo Albin:-22.94869:-43.16356,Instituto Cultural Cravo Albin,cultural_center,overture,-22.948686599731445,-43.16355514526367,,"real, notable Brazilian popular music culture institute",Rio de Janeiro,ok
overture:Instituto de Pesquisas das Culturas Negras:-22.91202:-43.18729,Instituto de Pesquisas das Culturas Negras,cultural_center,overture,-22.912015914916992,-43.18729019165039,,recognized Afro-Brazilian culture research institute,Rio de Janeiro,ok
overture:Istituto Italiano di Cultura di Rio de Janeiro:-22.91024:-43.17163,Istituto Italiano di Cultura di Rio de Janeiro,cultural_center,overture,-22.910240173339844,-43.171630859375,,official Italian national cultural institute,Rio de Janeiro,ok
overture:Jaime Arôxa Lapa - Centro Cultural Arariboia:-22.90763:-43.18428,Jaime Arôxa Lapa - Centro Cultural Arariboia,cultural_center,overture,-22.907634735107422,-43.18428039550781,,well-known dance choreographer's real cultural center,Rio de Janeiro,ok
overture:Jongo Da Serrinha:-22.86482:-43.33043,Jongo Da Serrinha,cultural_center,overture,-22.864816665649414,-43.33042907714844,,recognized intangible cultural heritage jongo tradition,Rio de Janeiro,ok
overture:Lona Cultural Gilberto Gil:-22.87811:-43.41576,Lona Cultural Gilberto Gil,cultural_center,overture,-22.87810707092285,-43.4157600402832,,official municipal Lona Cultural network venue,Rio de Janeiro,ok
overture:Lona Cultural Jacob do Bandolim:-22.89737:-43.35273,Lona Cultural Jacob do Bandolim,cultural_center,overture,-22.89737319946289,-43.35273361206055,,official municipal Lona Cultural network venue,Rio de Janeiro,ok
overture:Lona Cultural Municipal Jacob do Bandolim:-22.92399:-43.35865,Lona Cultural Municipal Jacob do Bandolim,cultural_center,overture,-22.92399024963379,-43.358646392822266,,official municipal Lona Cultural network venue,Rio de Janeiro,ok
overture:Lona Cultural Terra Caetano Veloso:-22.83997:-43.37852,Lona Cultural Terra Caetano Veloso,cultural_center,overture,-22.839969635009766,-43.37852478027344,,official municipal Lona Cultural network venue,Rio de Janeiro,ok
overture:Lona Cultural de Anchieta:-22.82546:-43.40273,Lona Cultural de Anchieta,cultural_center,overture,-22.825456619262695,-43.40272521972656,,official municipal Lona Cultural network venue,Rio de Janeiro,ok
overture:MACquinho:-22.90568:-43.12611,MACquinho,cultural_center,overture,-22.905677795410156,-43.12610626220703,,MAC Niterói-affiliated satellite/education space,Niterói,outside_boundary
overture:Memorial Getúlio Vargas:-22.92165:-43.17352,Memorial Getúlio Vargas,cultural_center,overture,-22.921648025512695,-43.173519134521484,,real public memorial/monument,Rio de Janeiro,ok
overture:Municipal Cultural Center Dyla Sylvia de Sa:-22.89711:-43.35424,Municipal Cultural Center Dyla Sylvia de Sa,cultural_center,overture,-22.89710807800293,-43.3542366027832,,explicitly municipal (official) cultural center,Rio de Janeiro,ok
overture:Paço Imperial:-22.90355:-43.17431,Paço Imperial,cultural_center,overture,-22.90355110168457,-43.174312591552734,,"historic Imperial Palace, major heritage landmark",Rio de Janeiro,ok
overture:Pedro II - Carvalho Ramos:-22.88773:-43.58929,Pedro II - Carvalho Ramos,cultural_center,overture,-22.88772964477539,-43.589290618896484,,unit of historic Colégio Pedro II school system,Rio de Janeiro,ok
overture:Pequena África:-22.89813:-43.18748,Pequena África,cultural_center,overture,-22.89813232421875,-43.18748474121094,,"Little Africa, recognized historic heritage zone",Rio de Janeiro,ok
overture:Quadra da Portela:-22.87089:-43.34296,Quadra da Portela,cultural_center,overture,-22.870887756347656,-43.34295654296875,,historic Portela samba school headquarters,Rio de Janeiro,ok
overture:Renascença Clube:-22.92433:-43.24929,Renascença Clube,cultural_center,overture,-22.924327850341797,-43.24929428100586,,historic Black social club with real historical standing,Rio de Janeiro,ok
overture:Sala de Cultura - UFRRJ:-22.76469:-43.68225,Sala de Cultura - UFRRJ,cultural_center,overture,-22.764692306518555,-43.682254791259766,,real university cultural space on UFRRJ campus,Seropédica,outside_boundary
overture:Sala de Espetáculos Amir Haddad:-22.76279:-43.44409,Sala de Espetáculos Amir Haddad,cultural_center,overture,-22.76279067993164,-43.444087982177734,,named real performance hall tied to known theater director,Nova Iguaçu,outside_boundary
overture:Samba da Pedra do Sal:-22.89789:-43.18546,Samba da Pedra do Sal,cultural_center,overture,-22.89789390563965,-43.185455322265625,,historic birthplace-of-samba heritage site,Rio de Janeiro,ok
overture:Sesc Tijuca:-22.92432:-43.24149,Sesc Tijuca,cultural_center,overture,-22.924320220947266,-43.24148941040039,,real SESC institution with real programming,Rio de Janeiro,ok
overture:Teatro Sylvio Monteiro:-22.76130:-43.45029,Teatro Sylvio Monteiro,cultural_center,overture,-22.761301040649414,-43.450294494628906,,real public theater in Campo Grande,Nova Iguaçu,outside_boundary
overture:Unidos Da Barra Da Tijuca:-23.00197:-43.34862,Unidos Da Barra Da Tijuca,cultural_center,overture,-23.001970291137695,-43.3486213684082,,samba school (escola de samba) naming pattern,Rio de Janeiro,ok
overture:Velha Guarda do Dendê:-22.79771:-43.19326,Velha Guarda do Dendê,cultural_center,overture,-22.797710418701172,-43.19325637817383,,traditional community samba old-guard heritage group,Rio de Janeiro,ok
wikidata:Acervo do Museu de Imagens do Inconsciente:-22.90091:-43.30067,Acervo do Museu de Imagens do Inconsciente,heritage_site,wikidata,-22.900912,-43.30067,Q111920771,"trusted category, sample-audited clean",Rio de Janeiro,ok
wikidata:Alfândega do Rio de Janeiro:-22.90029:-43.17635,Alfândega do Rio de Janeiro,heritage_site,wikidata,-22.900285,-43.176353055,Q64363860,"trusted category, sample-audited clean",Rio de Janeiro,ok
wikidata:Antigo Solar do Visconde do Rio Seco:-22.90747:-43.18379,Antigo Solar do Visconde do Rio Seco,heritage_site,wikidata,-22.907468,-43.183786,Q69362807,"trusted category, sample-audited clean",Rio de Janeiro,ok
wikidata:Aqueduto da Colônia Juliano Moreira:-22.93628:-43.39974,Aqueduto da Colônia Juliano Moreira,heritage_site,wikidata,-22.936277648,-43.399737187,Q104907381,"trusted category, sample-audited clean",Rio de Janeiro,ok
wikidata:Aterro do Flamengo:-22.92100:-43.17000,Aterro do Flamengo,heritage_site,wikidata,-22.921,-43.17,Q5457206,"trusted category, sample-audited clean",Rio de Janeiro,ok
wikidata:Avenida Rio Branco:-22.90472:-43.17750,Avenida Rio Branco,heritage_site,wikidata,-22.90472222,-43.1775,Q4828121,"trusted category, sample-audited clean",Rio de Janeiro,ok
wikidata:Bebedouro da Estrada Velha da Tijuca:-22.95203:-43.26208,Bebedouro da Estrada Velha da Tijuca,heritage_site,wikidata,-22.952029507,-43.262078825,Q67204058,"trusted category, sample-audited clean",Rio de Janeiro,ok
wikidata:Biblioteca Nacional do Brasil:-22.90972:-43.17550,Biblioteca Nacional do Brasil,heritage_site,wikidata,-22.909723,-43.175501,Q948882,"trusted category, sample-audited clean",Rio de Janeiro,ok
wikidata:Bica da Rainha:-22.94078:-43.19701,Bica da Rainha,heritage_site,wikidata,-22.94078,-43.197006,Q48862982,"trusted category, sample-audited clean",Rio de Janeiro,ok
wikidata:Capela Nossa Senhora da Cabeça Rio de Janeiro:-22.96096:-43.22087,Capela Nossa Senhora da Cabeça Rio de Janeiro,heritage_site,wikidata,-22.960962,-43.22087,Q30935277,"trusted category, sample-audited clean",Rio de Janeiro,ok
wikidata:Casa da Marquesa de Santos:-22.90458:-43.21707,Casa da Marquesa de Santos,heritage_site,wikidata,-22.90458,-43.217068,Q10333920,"trusted category, sample-audited clean",Rio de Janeiro,ok
wikidata:Casa da Moeda do Brasil:-22.90649:-43.19078,Casa da Moeda do Brasil,heritage_site,wikidata,-22.90649,-43.190782,Q5047900,"trusted category, sample-audited clean",Rio de Janeiro,ok
wikidata:Casa das Canoas:-22.98590:-43.27288,Casa das Canoas,heritage_site,wikidata,-22.985902,-43.272883,Q6816788,"trusted category, sample-audited clean",Rio de Janeiro,ok
wikidata:Casa de Rui Barbosa:-22.94875:-43.18705,Casa de Rui Barbosa,heritage_site,wikidata,-22.948753553,-43.187046216,Q61000992,"trusted category, sample-audited clean",Rio de Janeiro,ok
wikidata:Casa do Bispo:-22.92607:-43.21027,Casa do Bispo,heritage_site,wikidata,-22.926067,-43.210271,Q55608773,"trusted category, sample-audited clean",Rio de Janeiro,ok
wikidata:Chafariz Paulo Fernandes:-22.91153:-43.19456,Chafariz Paulo Fernandes,heritage_site,wikidata,-22.9115308,-43.1945616,Q67210687,"trusted category, sample-audited clean",Rio de Janeiro,ok
wikidata:Chafariz Rua do Riachuelo:-22.91505:-43.18637,Chafariz Rua do Riachuelo,heritage_site,wikidata,-22.91505,-43.186372,Q104906121,"trusted category, sample-audited clean",Rio de Janeiro,ok
wikidata:Chafariz da Glória:-22.91843:-43.17710,Chafariz da Glória,heritage_site,wikidata,-22.9184257,-43.1771039,Q67203826,"trusted category, sample-audited clean",Rio de Janeiro,ok
wikidata:Chafariz das Saracuras:-22.98516:-43.19779,Chafariz das Saracuras,heritage_site,wikidata,-22.985160762,-43.197794625,Q67203719,"trusted category, sample-audited clean",Rio de Janeiro,ok
wikidata:Chafariz de Grandjean de Montigny:-22.96167:-43.27332,Chafariz de Grandjean de Montigny,heritage_site,wikidata,-22.961668055,-43.273318888,Q67203459,"trusted category, sample-audited clean",Rio de Janeiro,ok
wikidata:Chafariz do Lagarto:-22.91203:-43.19521,Chafariz do Lagarto,heritage_site,wikidata,-22.9120252,-43.1952142,Q67204031,"trusted category, sample-audited clean",Rio de Janeiro,ok
wikidata:Coleção Geyer:-22.94099:-43.20517,Coleção Geyer,heritage_site,wikidata,-22.94099,-43.205175,Q25419064,"trusted category, sample-audited clean",Rio de Janeiro,ok
wikidata:Colégio Militar do Rio de Janeiro:-22.91691:-43.22634,Colégio Militar do Rio de Janeiro,heritage_site,wikidata,-22.91691,-43.226343,Q18473983,"trusted category, sample-audited clean",Rio de Janeiro,ok
wikidata:Colégio Pedro II:-22.90172:-43.18490,Colégio Pedro II,heritage_site,wikidata,-22.9017223,-43.184904,Q1113098,"trusted category, sample-audited clean",Rio de Janeiro,ok
wikidata:Conjunto Arquitetônico da Avenida Central:-22.90983:-43.17589,Conjunto Arquitetônico da Avenida Central,heritage_site,wikidata,-22.909834,-43.175895,Q56641304,"trusted category, sample-audited clean",Rio de Janeiro,ok
wikidata:Convento de Santa Teresa:-22.91553:-43.18045,Convento de Santa Teresa,heritage_site,wikidata,-22.915529,-43.180453,Q18482673,"trusted category, sample-audited clean",Rio de Janeiro,ok
wikidata:Convento de Santo Antônio:-22.90725:-43.17914,Convento de Santo Antônio,heritage_site,wikidata,-22.90725,-43.179138888,Q14947966,"trusted category, sample-audited clean",Rio de Janeiro,ok
wikidata:Convento do Carmo:-22.90337:-43.17555,Convento do Carmo,heritage_site,wikidata,-22.903371,-43.175553,Q4902626,"trusted category, sample-audited clean",Rio de Janeiro,ok
wikidata:Copacabana Palace:-22.96726:-43.17874,Copacabana Palace,heritage_site,wikidata,-22.96726,-43.17874,Q2637352,"trusted category, sample-audited clean",Rio de Janeiro,ok
wikidata:Cristo Redentor:-22.95192:-43.21046,Cristo Redentor,heritage_site,wikidata,-22.951915648,-43.210464122,Q79961,"trusted category, sample-audited clean",Rio de Janeiro,ok
wikidata:Edifício ''A Noite'':-22.89730:-43.18100,Edifício ''A Noite'',heritage_site,wikidata,-22.8973,-43.181,Q5338058,"trusted category, sample-audited clean",Rio de Janeiro,ok
wikidata:Edifício Docas de Santos:-22.90057:-43.17960,Edifício Docas de Santos,heritage_site,wikidata,-22.900569,-43.179598,Q69363749,"trusted category, sample-audited clean",Rio de Janeiro,ok
wikidata:Edifício Gustavo Capanema:-22.90920:-43.17383,Edifício Gustavo Capanema,heritage_site,wikidata,-22.9092,-43.17382778,Q2598551,"trusted category, sample-audited clean",Rio de Janeiro,ok
wikidata:Escola Nacional de Belas Artes:-22.90877:-43.17571,Escola Nacional de Belas Artes,heritage_site,wikidata,-22.908769444,-43.175705555,Q55439919,"trusted category, sample-audited clean",Rio de Janeiro,ok
wikidata:Estação Central do Brasil:-22.90341:-43.19144,Estação Central do Brasil,heritage_site,wikidata,-22.903413888,-43.191444444,Q1274003,"trusted category, sample-audited clean",Rio de Janeiro,ok
wikidata:Estação Ferroviária Leopoldina - Barão de Mauá:-22.90771:-43.21045,Estação Ferroviária Leopoldina - Barão de Mauá,heritage_site,wikidata,-22.907711078,-43.210454321,Q69363079,"trusted category, sample-audited clean",Rio de Janeiro,ok
wikidata:Estação Leopoldina:-22.90766:-43.21057,Estação Leopoldina,heritage_site,wikidata,-22.90766242,-43.21057088,Q10275936,"trusted category, sample-audited clean",Rio de Janeiro,ok
wikidata:Estádio Jornalista Mário Filho:-22.91222:-43.23028,Estádio Jornalista Mário Filho,heritage_site,wikidata,-22.912222222,-43.230277777,Q155174,"trusted category, sample-audited clean",Rio de Janeiro,ok
wikidata:Estátua equestre de Dom Pedro I:-22.90695:-43.18282,Estátua equestre de Dom Pedro I,heritage_site,wikidata,-22.906954,-43.182824,Q18476242,"trusted category, sample-audited clean",Rio de Janeiro,ok
wikidata:Fazenda da Taquara:-22.92223:-43.38288,Fazenda da Taquara,heritage_site,wikidata,-22.922226662,-43.382882804,Q136421907,"trusted category, sample-audited clean",Rio de Janeiro,ok
wikidata:Fazenda do Capão do Bispo:-22.88317:-43.27814,Fazenda do Capão do Bispo,heritage_site,wikidata,-22.883174,-43.278144,Q83904475,"trusted category, sample-audited clean",Rio de Janeiro,ok
wikidata:Fazenda do Engenho d’ Água:-22.95510:-43.35623,Fazenda do Engenho d’ Água,heritage_site,wikidata,-22.955095,-43.356234,Q104907313,"trusted category, sample-audited clean",Rio de Janeiro,ok
wikidata:Fortaleza de Nossa Senhora da Conceição (Rio de Janeiro):-22.89923:-43.18377,Fortaleza de Nossa Senhora da Conceição (Rio de Janeiro),heritage_site,wikidata,-22.899226,-43.183768,Q10283627,"trusted category, sample-audited clean",Rio de Janeiro,ok
wikidata:Fortaleza de São José da Ilha das Cobras:-22.89638:-43.17114,Fortaleza de São José da Ilha das Cobras,heritage_site,wikidata,-22.896382,-43.17114,Q10283639,"trusted category, sample-audited clean",Rio de Janeiro,ok
wikidata:Fortaleza de São João:-22.94337:-43.15646,Fortaleza de São João,heritage_site,wikidata,-22.943372,-43.156458,Q5472516,"trusted category, sample-audited clean",Rio de Janeiro,ok
wikidata:Forte de Copacabana:-22.98583:-43.18528,Forte de Copacabana,heritage_site,wikidata,-22.985833333,-43.185277777,Q5470982,"trusted category, sample-audited clean",Rio de Janeiro,ok
wikidata:Forte de São Tiago:-22.90591:-43.16952,Forte de São Tiago,heritage_site,wikidata,-22.905908333,-43.169522222,Q10284072,"trusted category, sample-audited clean",Rio de Janeiro,ok
wikidata:Fortim de Caetano Madeira:-22.89650:-43.25960,Fortim de Caetano Madeira,heritage_site,wikidata,-22.8965,-43.2596,Q10284228,"trusted category, sample-audited clean",Rio de Janeiro,ok
wikidata:Hangar de Zepelins do Aeroporto Bartolomeu de Gusmão:-22.92274:-43.70353,Hangar de Zepelins do Aeroporto Bartolomeu de Gusmão,heritage_site,wikidata,-22.922736,-43.703531,Q111922313,"trusted category, sample-audited clean",Rio de Janeiro,ok
wikidata:Hospital Escola São Francisco de Assis:-22.90907:-43.20139,Hospital Escola São Francisco de Assis,heritage_site,wikidata,-22.90907,-43.201393,Q10298377,"trusted category, sample-audited clean",Rio de Janeiro,ok
wikidata:Igreja Nossa Senhora Mãe dos Homens (Rio de Janeiro):-22.90177:-43.17839,Igreja Nossa Senhora Mãe dos Homens (Rio de Janeiro),heritage_site,wikidata,-22.901768,-43.178394,Q55264666,"trusted category, sample-audited clean",Rio de Janeiro,ok
wikidata:Igreja Positivista do Brasil:-22.92058:-43.17938,Igreja Positivista do Brasil,heritage_site,wikidata,-22.92058,-43.17938,Q10300201,"trusted category, sample-audited clean",Rio de Janeiro,ok
wikidata:Igreja da Ordem Terceira do Carmo:-22.90309:-43.17556,Igreja da Ordem Terceira do Carmo,heritage_site,wikidata,-22.90309444,-43.17555833,Q10300293,"trusted category, sample-audited clean",Rio de Janeiro,ok
wikidata:Igreja de Nossa Senhora da Ajuda (Ilha do Governador):-22.79332:-43.17052,Igreja de Nossa Senhora da Ajuda (Ilha do Governador),heritage_site,wikidata,-22.79332,-43.170516,Q10300340,"trusted category, sample-audited clean",Rio de Janeiro,ok
wikidata:Igreja de Nossa Senhora da Candelária:-22.90081:-43.17789,Igreja de Nossa Senhora da Candelária,heritage_site,wikidata,-22.900811111,-43.177894444,Q82312,"trusted category, sample-audited clean",Rio de Janeiro,ok
wikidata:Igreja de Nossa Senhora da Conceição e Boa Morte:-22.90302:-43.17875,Igreja de Nossa Senhora da Conceição e Boa Morte,heritage_site,wikidata,-22.903021,-43.178751,Q10300378,"trusted category, sample-audited clean",Rio de Janeiro,ok
wikidata:Igreja de Nossa Senhora da Glória do Outeiro:-22.92145:-43.17543,Igreja de Nossa Senhora da Glória do Outeiro,heritage_site,wikidata,-22.92144722,-43.17543333,Q10300392,"trusted category, sample-audited clean",Rio de Janeiro,ok
wikidata:Igreja de Nossa Senhora da Lapa dos Mercadores:-22.90221:-43.17520,Igreja de Nossa Senhora da Lapa dos Mercadores,heritage_site,wikidata,-22.90221,-43.1752,Q10300403,"trusted category, sample-audited clean",Rio de Janeiro,ok
wikidata:Igreja de Nossa Senhora da Pena:-22.94159:-43.34832,Igreja de Nossa Senhora da Pena,heritage_site,wikidata,-22.941587,-43.3483199,Q104904890,"trusted category, sample-audited clean",Rio de Janeiro,ok
wikidata:Igreja de Nossa Senhora da Saúde:-22.89375:-43.19148,Igreja de Nossa Senhora da Saúde,heritage_site,wikidata,-22.893746,-43.191477,Q104853267,"trusted category, sample-audited clean",Rio de Janeiro,ok
wikidata:Igreja de Nossa Senhora do Bonsucesso:-22.90647:-43.17059,Igreja de Nossa Senhora do Bonsucesso,heritage_site,wikidata,-22.906467,-43.170585,Q10300498,"trusted category, sample-audited clean",Rio de Janeiro,ok
wikidata:Igreja de Nossa Senhora do Carmo:-22.90333:-43.17556,Igreja de Nossa Senhora do Carmo,heritage_site,wikidata,-22.903333333,-43.175555555,Q2942273,"trusted category, sample-audited clean",Rio de Janeiro,ok
wikidata:Igreja de Nossa Senhora do Carmo da Lapa do Desterro:-22.91459:-43.17771,Igreja de Nossa Senhora do Carmo da Lapa do Desterro,heritage_site,wikidata,-22.914592,-43.177707,Q96586968,"trusted category, sample-audited clean",Rio de Janeiro,ok
wikidata:Igreja de Nossa Senhora do Desterro:-23.00595:-43.63431,Igreja de Nossa Senhora do Desterro,heritage_site,wikidata,-23.005952,-43.634309,Q104904969,"trusted category, sample-audited clean",Rio de Janeiro,ok
wikidata:Igreja de Nossa Senhora do Rosário e São Benedito (Rio de Janeiro):-22.90416:-43.18049,Igreja de Nossa Senhora do Rosário e São Benedito (Rio de Janeiro),heritage_site,wikidata,-22.90416,-43.180492,Q10300555,"trusted category, sample-audited clean",Rio de Janeiro,ok
wikidata:Igreja de Santa Cruz dos Militares:-22.90216:-43.17568,Igreja de Santa Cruz dos Militares,heritage_site,wikidata,-22.902158,-43.175682,Q10300620,"trusted category, sample-audited clean",Rio de Janeiro,ok
wikidata:Igreja de Santa Luzia:-22.90954:-43.17260,Igreja de Santa Luzia,heritage_site,wikidata,-22.909542,-43.172603,Q10300629,"trusted category, sample-audited clean",Rio de Janeiro,ok
wikidata:Igreja de São Francisco da Prainha:-22.89781:-43.18363,Igreja de São Francisco da Prainha,heritage_site,wikidata,-22.897811,-43.183628,Q48862348,"trusted category, sample-audited clean",Rio de Janeiro,ok
wikidata:Igreja de São Francisco de Paula:-22.90549:-43.18059,Igreja de São Francisco de Paula,heritage_site,wikidata,-22.905493,-43.180594,Q10300739,"trusted category, sample-audited clean",Rio de Janeiro,ok
wikidata:Igreja de São José:-22.90450:-43.17410,Igreja de São José,heritage_site,wikidata,-22.9045,-43.1741,Q64578365,"trusted category, sample-audited clean",Rio de Janeiro,ok
wikidata:Igreja do Bom Jesus da Coluna:-22.85948:-43.21230,Igreja do Bom Jesus da Coluna,heritage_site,wikidata,-22.859478,-43.2123,Q56641219,"trusted category, sample-audited clean",Rio de Janeiro,ok
wikidata:Igreja do Santíssimo Sacramento da Antiga Sé:-22.90458:-43.18284,Igreja do Santíssimo Sacramento da Antiga Sé,heritage_site,wikidata,-22.90458,-43.182841,Q10300936,"trusted category, sample-audited clean",Rio de Janeiro,ok
wikidata:Jardim Botânico do Rio de Janeiro:-22.96750:-43.22389,Jardim Botânico do Rio de Janeiro,heritage_site,wikidata,-22.9675,-43.223889,Q45242,"trusted category, sample-audited clean",Rio de Janeiro,ok
wikidata:Jardim e Morro do Valongo:-22.89856:-43.18643,Jardim e Morro do Valongo,heritage_site,wikidata,-22.898558,-43.186426,Q56641218,"trusted category, sample-audited clean",Rio de Janeiro,ok
wikidata:Ladeira da Misericórdia:-22.90620:-43.17027,Ladeira da Misericórdia,heritage_site,wikidata,-22.906195,-43.17027,Q10315482,"trusted category, sample-audited clean",Rio de Janeiro,ok
wikidata:Lago do Campo de Santana:-22.90759:-43.18802,Lago do Campo de Santana,heritage_site,wikidata,-22.9075885,-43.188024,Q67205544,"trusted category, sample-audited clean",Rio de Janeiro,ok
wikidata:Lagoa Rodrigo de Freitas:-22.97111:-43.21167,Lagoa Rodrigo de Freitas,heritage_site,wikidata,-22.971111111,-43.211666666,Q429897,"trusted category, sample-audited clean",Rio de Janeiro,ok
wikidata:Lampadário da Lapa:-22.91434:-43.17802,Lampadário da Lapa,heritage_site,wikidata,-22.9143351,-43.1780163,Q61773852,"trusted category, sample-audited clean",Rio de Janeiro,ok
wikidata:Monumento aos Mortos da Segunda Guerra Mundial:-22.91667:-43.17361,Monumento aos Mortos da Segunda Guerra Mundial,heritage_site,wikidata,-22.91666667,-43.17361111,Q2017454,"trusted category, sample-audited clean",Rio de Janeiro,ok
wikidata:Morro Dois Irmãos:-22.99080:-43.23960,Morro Dois Irmãos,heritage_site,wikidata,-22.9908,-43.2396,Q18476300,"trusted category, sample-audited clean",Rio de Janeiro,ok
wikidata:Morro da Babilônia:-22.96000:-43.17056,Morro da Babilônia,heritage_site,wikidata,-22.96,-43.17055556,Q6914185,"trusted category, sample-audited clean",Rio de Janeiro,ok
wikidata:Morro do Corcovado:-22.95250:-43.21167,Morro do Corcovado,heritage_site,wikidata,-22.9525,-43.211666666,Q506938,"trusted category, sample-audited clean",Rio de Janeiro,ok
wikidata:Mosteiro de São Bento:-22.89703:-43.17805,Mosteiro de São Bento,heritage_site,wikidata,-22.8970349,-43.178051,Q2820360,"trusted category, sample-audited clean",Rio de Janeiro,ok
wikidata:Observatório Nacional:-22.89588:-43.22498,Observatório Nacional,heritage_site,wikidata,-22.8958759,-43.2249755,Q6621362,"trusted category, sample-audited clean",Rio de Janeiro,ok
wikidata:Palácio Guanabara:-22.93750:-43.18389,Palácio Guanabara,heritage_site,wikidata,-22.9375,-43.18388889,Q3813706,"trusted category, sample-audited clean",Rio de Janeiro,ok
wikidata:Palácio Tiradentes:-22.90387:-43.17388,Palácio Tiradentes,heritage_site,wikidata,-22.90387009,-43.173877,Q2048490,"trusted category, sample-audited clean",Rio de Janeiro,ok
wikidata:Palácio Universitário UFRJ:-22.95233:-43.17450,Palácio Universitário UFRJ,heritage_site,wikidata,-22.952333,-43.174504,Q56641177,"trusted category, sample-audited clean",Rio de Janeiro,ok
wikidata:Palácio da Conceição:-22.89964:-43.18270,Palácio da Conceição,heritage_site,wikidata,-22.89964,-43.182697,Q10343988,"trusted category, sample-audited clean",Rio de Janeiro,ok
wikidata:Palácio das Laranjeiras:-22.93143:-43.18356,Palácio das Laranjeiras,heritage_site,wikidata,-22.93143,-43.183562,Q10343955,"trusted category, sample-audited clean",Rio de Janeiro,ok
wikidata:Palácio do Itamaraty:-22.90292:-43.18795,Palácio do Itamaraty,heritage_site,wikidata,-22.902925,-43.18795,Q10344051,"trusted category, sample-audited clean",Rio de Janeiro,ok
wikidata:Parque Lage:-22.96060:-43.21200,Parque Lage,heritage_site,wikidata,-22.9606,-43.212,Q7139641,"trusted category, sample-audited clean",Rio de Janeiro,ok
wikidata:Parque Nacional da Tijuca:-22.95944:-43.27778,Parque Nacional da Tijuca,heritage_site,wikidata,-22.959444444,-43.277777777,Q1974494,"trusted category, sample-audited clean",Rio de Janeiro,ok
wikidata:Passeio Público:-22.91380:-43.17599,Passeio Público,heritage_site,wikidata,-22.91379722,-43.17598611,Q7142572,"trusted category, sample-audited clean",Rio de Janeiro,ok
wikidata:Pavilhão Mourisco:-22.87495:-43.24543,Pavilhão Mourisco,heritage_site,wikidata,-22.8749473,-43.2454285,Q84971371,"trusted category, sample-audited clean",Rio de Janeiro,ok
wikidata:Pinturas de Leandro Joaquim:-22.91746:-43.18409,Pinturas de Leandro Joaquim,heritage_site,wikidata,-22.917465,-43.184089,Q111923608,"trusted category, sample-audited clean",Rio de Janeiro,ok
wikidata:Ponte do Guandu:-22.87226:-43.67706,Ponte do Guandu,heritage_site,wikidata,-22.8722557,-43.677064,Q10351458,"trusted category, sample-audited clean",Rio de Janeiro,ok
wikidata:Praça XV de Novembro:-22.90300:-43.17369,Praça XV de Novembro,heritage_site,wikidata,-22.903,-43.173694444,Q10353359,"trusted category, sample-audited clean",Rio de Janeiro,ok
wikidata:Quinta da Boa Vista:-22.90580:-43.22440,Quinta da Boa Vista,heritage_site,wikidata,-22.9058,-43.2244,Q2500590,"trusted category, sample-audited clean",Rio de Janeiro,ok
wikidata:Rua do Catete:-22.92592:-43.17625,Rua do Catete,heritage_site,wikidata,-22.92592,-43.176251,Q10365024,"trusted category, sample-audited clean",Rio de Janeiro,ok
wikidata:Sambódromo da Marquês de Sapucaí:-22.91138:-43.19685,Sambódromo da Marquês de Sapucaí,heritage_site,wikidata,-22.911384,-43.196851,Q281521,"trusted category, sample-audited clean",Rio de Janeiro,ok
wikidata:Santa Casa de Misericórdia do Rio de Janeiro:-22.90752:-43.17114,Santa Casa de Misericórdia do Rio de Janeiro,heritage_site,wikidata,-22.907521,-43.171143,Q10367749,"trusted category, sample-audited clean",Rio de Janeiro,ok
wikidata:Santuário de Santa Rita de Cássia:-22.90038:-43.18066,Santuário de Santa Rita de Cássia,heritage_site,wikidata,-22.900376,-43.18066,Q10300658,"trusted category, sample-audited clean",Rio de Janeiro,ok
wikidata:Solar Grandjean de Montigny:-22.97902:-43.23376,Solar Grandjean de Montigny,heritage_site,wikidata,-22.979022,-43.233756,Q18485129,"trusted category, sample-audited clean",Rio de Janeiro,ok
wikidata:Solar da Imperatriz:-22.96786:-43.24040,Solar da Imperatriz,heritage_site,wikidata,-22.9678611,-43.2403981,Q64847884,"trusted category, sample-audited clean",Rio de Janeiro,ok
wikidata:Solar del Rei:-22.75974:-43.10930,Solar del Rei,heritage_site,wikidata,-22.759742,-43.109302,Q104907436,"trusted category, sample-audited clean",Rio de Janeiro,ok
wikidata:Universidade Federal do Rio de Janeiro:-22.86250:-43.22389,Universidade Federal do Rio de Janeiro,heritage_site,wikidata,-22.8625,-43.223888888,Q586904,"trusted category, sample-audited clean",Rio de Janeiro,ok
wikidata:edifício-sede da Associação Brasileira de Imprensa:-22.90915:-43.17484,edifício-sede da Associação Brasileira de Imprensa,heritage_site,wikidata,-22.90915,-43.17484,Q18275922,"trusted category, sample-audited clean",Rio de Janeiro,ok
overture:Casa Histórica de Deodoro:-22.90556:-43.19090,Casa Histórica de Deodoro,history_museum,overture,-22.90555763244629,-43.190895080566406,,"trusted category, sample-audited clean",Rio de Janeiro,ok
overture:Casa Suíça de Nova Friburgo:-22.89281:-43.53647,Casa Suíça de Nova Friburgo,history_museum,overture,-22.892805099487305,-43.536468505859375,,"trusted category, sample-audited clean",Rio de Janeiro,ok
overture:Casarao dos Prazeres:-22.92063:-43.18491,Casarao dos Prazeres,history_museum,overture,-22.92063331604004,-43.184906005859375,,"trusted category, sample-audited clean",Rio de Janeiro,ok
overture:Centro da Memória da Eletricidade no Brasil:-22.89855:-43.17907,Centro da Memória da Eletricidade no Brasil,history_museum,overture,-22.89855194091797,-43.179073333740234,,"trusted category, sample-audited clean",Rio de Janeiro,ok
overture:Complexo de Bondes de Santa Teresa:-22.92012:-43.18587,Complexo de Bondes de Santa Teresa,history_museum,overture,-22.920120239257812,-43.18587112426758,,"trusted category, sample-audited clean",Rio de Janeiro,ok
overture:Espaço Cultural Libanês:-22.95152:-43.18903,Espaço Cultural Libanês,history_museum,overture,-22.951520919799805,-43.18903350830078,,"trusted category, sample-audited clean",Rio de Janeiro,ok
overture:Espaço Cultural Trem do Corcovado:-22.93989:-43.20326,Espaço Cultural Trem do Corcovado,history_museum,overture,-22.939891815185547,-43.2032585144043,,"trusted category, sample-audited clean",Rio de Janeiro,ok
overture:Forte Duque de Caxias:-22.96197:-43.16481,Forte Duque de Caxias,history_museum,overture,-22.961973190307617,-43.1648063659668,,"trusted category, sample-audited clean",Rio de Janeiro,ok
overture:Forte de Copacabana Rio de Janiero:-22.98367:-43.21163,Forte de Copacabana Rio de Janiero,history_museum,overture,-22.983673095703125,-43.211631774902344,,"trusted category, sample-audited clean",Rio de Janeiro,ok
overture:Historico da espanha:-22.90984:-43.17579,Historico da espanha,history_museum,overture,-22.909835815429688,-43.175785064697266,,"trusted category, sample-audited clean",Rio de Janeiro,ok
overture:Igreja Nossa Senhora do Rosário e São Benedito dos Homens Pretos - RJ:-22.89030:-43.23451,Igreja Nossa Senhora do Rosário e São Benedito dos Homens Pretos - RJ,history_museum,overture,-22.890295028686523,-43.23451232910156,,"trusted category, sample-audited clean",Rio de Janeiro,ok
overture:Instituto Histórico e Geográfico Brasileiro:-22.91463:-43.17657,Instituto Histórico e Geográfico Brasileiro,history_museum,overture,-22.914628982543945,-43.176570892333984,,"trusted category, sample-audited clean",Rio de Janeiro,ok
overture:Instituto de Pesquisa e Memória Pretos Novos (IPN):-22.89598:-43.19291,Instituto de Pesquisa e Memória Pretos Novos (IPN),history_museum,overture,-22.89597511291504,-43.192909240722656,,"trusted category, sample-audited clean",Rio de Janeiro,ok
overture:Jardim Histórico do Museu da República:-22.87331:-43.31144,Jardim Histórico do Museu da República,history_museum,overture,-22.873306274414062,-43.31143569946289,,"trusted category, sample-audited clean",Rio de Janeiro,ok
overture:MUHCAB Museu da História e da Cultura Afro-Brasileira:-22.89623:-43.19428,MUHCAB Museu da História e da Cultura Afro-Brasileira,history_museum,overture,-22.89622688293457,-43.19428253173828,,"trusted category, sample-audited clean",Rio de Janeiro,ok
overture:Marechal Rondon:-22.85867:-43.38824,Marechal Rondon,history_museum,overture,-22.858673095703125,-43.38823699951172,,"trusted category, sample-audited clean",Rio de Janeiro,ok
overture:Mast:-22.89592:-43.22304,Mast,history_museum,overture,-22.895915985107422,-43.22304153442383,,"trusted category, sample-audited clean",Rio de Janeiro,ok
overture:Memorial Bernardo Monteverde:-22.91124:-43.17794,Memorial Bernardo Monteverde,history_museum,overture,-22.911237716674805,-43.17793655395508,,"trusted category, sample-audited clean",Rio de Janeiro,ok
overture:Memorial da Humanidade Ipharj:-22.81941:-43.39516,Memorial da Humanidade Ipharj,history_museum,overture,-22.81941032409668,-43.39516067504883,,"trusted category, sample-audited clean",Rio de Janeiro,ok
overture:Military Museum Conde de Linhares:-22.90490:-43.21927,Military Museum Conde de Linhares,history_museum,overture,-22.904897689819336,-43.21927261352539,,"trusted category, sample-audited clean",Rio de Janeiro,ok
overture:Museu Aeroterrestre:-22.85926:-43.38924,Museu Aeroterrestre,history_museum,overture,-22.859264373779297,-43.38923645019531,,"trusted category, sample-audited clean",Rio de Janeiro,ok
overture:Museu Arqueológico e Histórico de Lima:-23.02842:-43.47789,Museu Arqueológico e Histórico de Lima,history_museum,overture,-23.028419494628906,-43.47789001464844,,"trusted category, sample-audited clean",Rio de Janeiro,ok
overture:Museu Cidade Olímpica:-22.89457:-43.29445,Museu Cidade Olímpica,history_museum,overture,-22.894573211669922,-43.29444885253906,,"trusted category, sample-audited clean",Rio de Janeiro,ok
overture:Museu Do Passo Imperial:-22.83699:-43.28207,Museu Do Passo Imperial,history_museum,overture,-22.836990356445312,-43.282073974609375,,"trusted category, sample-audited clean",Rio de Janeiro,ok
overture:Museu Histórico Nacional:-22.90583:-43.16966,Museu Histórico Nacional,history_museum,overture,-22.905832290649414,-43.16965866088867,,"trusted category, sample-audited clean",Rio de Janeiro,ok
overture:Museu Histórico da Cidade RJ:-22.89843:-43.34912,Museu Histórico da Cidade RJ,history_museum,overture,-22.898433685302734,-43.34912109375,,"trusted category, sample-audited clean",Rio de Janeiro,ok
overture:Museu Histórico da Cidade do Rio de Janeiro (MHCRJ):-22.98046:-43.24163,Museu Histórico da Cidade do Rio de Janeiro (MHCRJ),history_museum,overture,-22.98046112060547,-43.24163055419922,,"trusted category, sample-audited clean",Rio de Janeiro,ok
overture:Museu Histórico da Cidade do Rio de Janeiro - Gávea:-22.97869:-43.24475,Museu Histórico da Cidade do Rio de Janeiro - Gávea,history_museum,overture,-22.97868537902832,-43.244747161865234,,"trusted category, sample-audited clean",Rio de Janeiro,ok
overture:Museu Histórico do Exército:-22.98578:-43.18667,Museu Histórico do Exército,history_museum,overture,-22.98578453063965,-43.186668395996094,,"trusted category, sample-audited clean",Rio de Janeiro,ok
overture:Museu Histórico e Diplomático:-22.90347:-43.18834,Museu Histórico e Diplomático,history_museum,overture,-22.90346908569336,-43.18833541870117,,"trusted category, sample-audited clean",Rio de Janeiro,ok
overture:Museu Mac Ibirapuera- São Paulo:-22.92437:-43.25622,Museu Mac Ibirapuera- São Paulo,history_museum,overture,-22.924373626708984,-43.256221771240234,,"trusted category, sample-audited clean",Rio de Janeiro,ok
overture:Museu Mar Praça Mauá:-22.99924:-43.24754,Museu Mar Praça Mauá,history_museum,overture,-22.999235153198242,-43.247535705566406,,"trusted category, sample-audited clean",Rio de Janeiro,ok
overture:Museu da Imigracao da Ilha das Flores:-22.84513:-43.10106,Museu da Imigracao da Ilha das Flores,history_museum,overture,-22.845125198364258,-43.10105895996094,,"trusted category, sample-audited clean",São Gonçalo,outside_boundary
overture:Museu da Justiça de Niterói:-22.89402:-43.11775,Museu da Justiça de Niterói,history_museum,overture,-22.894020080566406,-43.11774826049805,,"trusted category, sample-audited clean",Niterói,outside_boundary
overture:Museu da República (Palácio do Catete):-22.92587:-43.17621,Museu da República (Palácio do Catete),history_museum,overture,-22.925872802734375,-43.17620849609375,,"trusted category, sample-audited clean",Rio de Janeiro,ok
overture:Museu de Cera:-22.89328:-43.19242,Museu de Cera,history_museum,overture,-22.893280029296875,-43.192420959472656,,"trusted category, sample-audited clean",Rio de Janeiro,ok
overture:Museu de Folclore Edison Carneiro:-22.93129:-43.17467,Museu de Folclore Edison Carneiro,history_museum,overture,-22.931289672851562,-43.1746711730957,,"trusted category, sample-audited clean",Rio de Janeiro,ok
overture:Museu de História dos Bombeiros:-22.90880:-43.18766,Museu de História dos Bombeiros,history_museum,overture,-22.908803939819336,-43.18765640258789,,"trusted category, sample-audited clean",Rio de Janeiro,ok
overture:Museu de Sitio Arqueologico da Antiga Se:-22.90390:-43.17582,Museu de Sitio Arqueologico da Antiga Se,history_museum,overture,-22.903898239135742,-43.17581558227539,,"trusted category, sample-audited clean",Rio de Janeiro,ok
overture:Museu do Corpo de Bombeiros:-22.90927:-43.18697,Museu do Corpo de Bombeiros,history_museum,overture,-22.909271240234375,-43.18696975708008,,"trusted category, sample-audited clean",Rio de Janeiro,ok
overture:Museu do Corpo de Fuzileiros Navais:-22.89268:-43.60121,Museu do Corpo de Fuzileiros Navais,history_museum,overture,-22.892683029174805,-43.6012077331543,,"trusted category, sample-audited clean",Rio de Janeiro,ok
overture:Museu do Cárcere:-23.02817:-43.46785,Museu do Cárcere,history_museum,overture,-23.02817153930664,-43.46785354614258,,"trusted category, sample-audited clean",Rio de Janeiro,ok
overture:Museu do Horto:-22.96727:-43.22858,Museu do Horto,history_museum,overture,-22.967267990112305,-43.22857666015625,,"trusted category, sample-audited clean",Rio de Janeiro,ok
overture:Museu do Negro:-22.90431:-43.18052,Museu do Negro,history_museum,overture,-22.90431022644043,-43.18052291870117,,"trusted category, sample-audited clean",Rio de Janeiro,ok
overture:Museu do Primeiro Reinado:-22.90461:-43.21698,Museu do Primeiro Reinado,history_museum,overture,-22.90460968017578,-43.216976165771484,,"trusted category, sample-audited clean",Rio de Janeiro,ok
overture:Museu do Trem:-22.89525:-43.29181,Museu do Trem,history_museum,overture,-22.895246505737305,-43.291805267333984,,"trusted category, sample-audited clean",Rio de Janeiro,ok
overture:Museu do Índio:-22.95186:-43.19106,Museu do Índio,history_museum,overture,-22.95186424255371,-43.191062927246094,,"trusted category, sample-audited clean",Rio de Janeiro,ok
overture:Museu e Centro Cultural da Casa da Moeda do Brasil:-22.90767:-43.18674,Museu e Centro Cultural da Casa da Moeda do Brasil,history_museum,overture,-22.90767478942871,-43.186737060546875,,"trusted category, sample-audited clean",Rio de Janeiro,ok
overture:Palácio das Águias - Museu da República:-22.93322:-43.17540,Palácio das Águias - Museu da República,history_museum,overture,-22.93321990966797,-43.1754035949707,,"trusted category, sample-audited clean",Rio de Janeiro,ok
overture:Palácio do Catete:-22.92589:-43.17620,Palácio do Catete,history_museum,overture,-22.925893783569336,-43.17620086669922,,"trusted category, sample-audited clean",Rio de Janeiro,ok
overture:Sala Histórica do HCA:-22.91820:-43.21218,Sala Histórica do HCA,history_museum,overture,-22.918197631835938,-43.212181091308594,,"trusted category, sample-audited clean",Rio de Janeiro,ok
overture:Submarino-Museu Riachuelo S-22:-22.90047:-43.17464,Submarino-Museu Riachuelo S-22,history_museum,overture,-22.900468826293945,-43.174644470214844,,"trusted category, sample-audited clean",Rio de Janeiro,ok
overture:Sítio Arqueológico Casa dos Pilões:-22.96798:-43.22710,Sítio Arqueológico Casa dos Pilões,history_museum,overture,-22.967981338500977,-43.22710037231445,,"trusted category, sample-audited clean",Rio de Janeiro,ok
overture:Turismo Cultural no Bairro Imperial de São Cristóvão:-22.90526:-43.22335,Turismo Cultural no Bairro Imperial de São Cristóvão,history_museum,overture,-22.905258178710938,-43.223350524902344,,"trusted category, sample-audited clean",Rio de Janeiro,ok
overture:Acueducto Carioca:-22.91260:-43.17985,Acueducto Carioca,landmark_and_historical_building,overture,-22.91259765625,-43.17985153198242,,historic Carioca Aqueduct (Arcos da Lapa),Rio de Janeiro,ok
overture:Apoteose:-22.91307:-43.19578,Apoteose,landmark_and_historical_building,overture,-22.913070678710938,-43.19578170776367,,"Praça da Apoteose, Carnival parade finish monument square",Rio de Janeiro,ok
overture:Aqueduto da Carioca:-22.91260:-43.17985,Aqueduto da Carioca,landmark_and_historical_building,overture,-22.91259765625,-43.17985153198242,,historic Carioca Aqueduct (Arcos da Lapa),Rio de Janeiro,ok
overture:Arco do Teles:-22.86372:-43.37260,Arco do Teles,landmark_and_historical_building,overture,-22.863719940185547,-43.37260055541992,,colonial-era heritage arcade in Centro,Rio de Janeiro,ok
overture:Arcos Da Lapa - Vida Boemia Do Rio De Janeiro:-22.91295:-43.18325,Arcos Da Lapa - Vida Boemia Do Rio De Janeiro,landmark_and_historical_building,overture,-22.912952423095703,-43.18324661254883,,historic Lapa Arches aqueduct/monument,Rio de Janeiro,ok
overture:Arcos da Lapa:-22.91285:-43.17978,Arcos da Lapa,landmark_and_historical_building,overture,-22.912853240966797,-43.179779052734375,,historic Lapa Arches aqueduct/monument,Rio de Janeiro,ok
overture:Armazem da Utopia:-22.89419:-43.19883,Armazem da Utopia,landmark_and_historical_building,overture,-22.894193649291992,-43.19882583618164,,"known cultural events venue in converted warehouse, Gamboa",Rio de Janeiro,ok
overture:Baianas da Estação Primeira de Mangueira:-22.90352:-43.24060,Baianas da Estação Primeira de Mangueira,landmark_and_historical_building,overture,-22.903520584106445,-43.240596771240234,,tribute to the Baianas of the historic Mangueira samba school,Rio de Janeiro,ok
overture:Cais do Valongo:-22.89665:-43.18717,Cais do Valongo,landmark_and_historical_building,overture,-22.896648406982422,-43.187171936035156,,"Valongo Wharf, UNESCO World Heritage archaeological site",Rio de Janeiro,ok
overture:Capela de Santa Bárbara:-22.93829:-43.13165,Capela de Santa Bárbara,landmark_and_historical_building,overture,-22.93828582763672,-43.131649017333984,,historic chapel,Niterói,outside_boundary
overture:Casarão Cultural dos Arcos:-22.91343:-43.18073,Casarão Cultural dos Arcos,landmark_and_historical_building,overture,-22.913434982299805,-43.18073272705078,,named cultural center/heritage mansion,Rio de Janeiro,ok
overture:Castelo Mourisco:-22.87491:-43.24537,Castelo Mourisco,landmark_and_historical_building,overture,-22.87491226196289,-43.24536895751953,,iconic Moorish Castle heritage building at UFRJ,Rio de Janeiro,ok
overture:Catete Palace:-22.92588:-43.17620,Catete Palace,landmark_and_historical_building,overture,-22.925878524780273,-43.17620086669922,,historic Palácio do Catete,Rio de Janeiro,ok
overture:Centro de Tradições Nordestinas Luiz Gonzaga:-22.89746:-43.22038,Centro de Tradições Nordestinas Luiz Gonzaga,landmark_and_historical_building,overture,-22.897462844848633,-43.220375061035156,,cultural center with real programming (Feira de São Cristóvão),Rio de Janeiro,ok
overture:Chafariz do Mestre Valentim:-22.90271:-43.17392,Chafariz do Mestre Valentim,landmark_and_historical_building,overture,-22.902713775634766,-43.17392349243164,,historic fountain monument by noted sculptor,Rio de Janeiro,ok
overture:Cidade Universitária da UFRJ:-22.85306:-43.22583,Cidade Universitária da UFRJ,landmark_and_historical_building,overture,-22.853055953979492,-43.225833892822266,,historic university campus,Rio de Janeiro,ok
overture:Clube Militar:-22.95633:-43.16476,Clube Militar,landmark_and_historical_building,overture,-22.95632553100586,-43.16476058959961,,historic centenary military social club,Rio de Janeiro,ok
overture:Clube Naval:-22.90818:-43.17667,Clube Naval,landmark_and_historical_building,overture,-22.908180236816406,-43.176673889160156,,historic centenary naval club,Rio de Janeiro,ok
manual:Confeitaria Colombo,Confeitaria Colombo,landmark_and_historical_building,manual_curation,-22.9068,-43.1786,,historic 1894 Belle Époque landmark café,Rio de Janeiro,ok
overture:Coreto de Sepetiba Rj:-22.97089:-43.70963,Coreto de Sepetiba Rj,landmark_and_historical_building,overture,-22.97089385986328,-43.70962905883789,,historic bandstand in town square,Rio de Janeiro,ok
overture:Cristo Redentor - RJ:-22.91068:-43.65784,Cristo Redentor - RJ,landmark_and_historical_building,overture,-22.910680770874023,-43.6578369140625,,iconic Art Deco statue monument,Rio de Janeiro,ok
overture:Deck Aterro Flamengo:-22.93574:-43.17002,Deck Aterro Flamengo,landmark_and_historical_building,overture,-22.935739517211914,-43.17002487182617,,feature of Burle Marx-designed historic Aterro do Flamengo park,Rio de Janeiro,ok
overture:Escada de Acesso ao Morro da Conceicao:-22.89747:-43.18117,Escada de Acesso ao Morro da Conceicao,landmark_and_historical_building,overture,-22.897470474243164,-43.18117141723633,,historic stairway in Rio's old port heritage district,Rio de Janeiro,ok
overture:Escadaria da Marechal Mascarenhas de Morais:-22.96413:-43.18336,Escadaria da Marechal Mascarenhas de Morais,landmark_and_historical_building,overture,-22.964126586914062,-43.1833610534668,,historic stairway,Rio de Janeiro,ok
overture:Estatua Equestre de D. Pedro I:-22.90699:-43.18304,Estatua Equestre de D. Pedro I,landmark_and_historical_building,overture,-22.906986236572266,-43.18304443359375,,historic equestrian statue monument,Rio de Janeiro,ok
overture:Estátua de João Cândido:-22.90216:-43.17340,Estátua de João Cândido,landmark_and_historical_building,overture,-22.902158737182617,-43.173397064208984,,historic statue of naval revolt leader João Cândido,Rio de Janeiro,ok
overture:Fazenda Imperial de Santa Cruz:-22.91000:-43.68531,Fazenda Imperial de Santa Cruz,landmark_and_historical_building,overture,-22.910003662109375,-43.685306549072266,,historic imperial-era royal farm estate,Rio de Janeiro,ok
overture:Fonte Wallace:-22.96992:-43.22438,Fonte Wallace,landmark_and_historical_building,overture,-22.969919204711914,-43.22438049316406,,historic Wallace cast-iron fountain landmark,Rio de Janeiro,ok
overture:Fort Copacabana:-22.98618:-43.18653,Fort Copacabana,landmark_and_historical_building,overture,-22.986177444458008,-43.1865348815918,,historic military fort and museum,Rio de Janeiro,ok
"overture:Fortaleza De Sao João, Urca:-22.83379:-43.31466","Fortaleza De Sao João, Urca",landmark_and_historical_building,overture,-22.833791732788086,-43.314659118652344,,historic fortress,Rio de Janeiro,ok
overture:Forte Do Leme:-22.88125:-43.35560,Forte Do Leme,landmark_and_historical_building,overture,-22.88124656677246,-43.35559844970703,,historic fort,Rio de Janeiro,ok
overture:Forte de Boa Viagem:-22.90933:-43.13053,Forte de Boa Viagem,landmark_and_historical_building,overture,-22.909330368041992,-43.130531311035156,,historic fort,Niterói,outside_boundary
overture:Fábrica Bhering:-22.90106:-43.20338,Fábrica Bhering,landmark_and_historical_building,overture,-22.90106201171875,-43.2033805847168,,historic chocolate factory turned cultural venue,Rio de Janeiro,ok
overture:Gabinete Real:-22.90527:-43.17251,Gabinete Real,landmark_and_historical_building,overture,-22.9052734375,-43.17251205444336,,"Real Gabinete Português de Leitura, historic royal reading library",Rio de Janeiro,ok
overture:General José de San Martín:-22.97543:-43.19789,General José de San Martín,landmark_and_historical_building,overture,-22.97542953491211,-43.19789123535156,,statue/monument to historic figure,Rio de Janeiro,ok
overture:Ibrahim Sued Statue:-22.96881:-43.18029,Ibrahim Sued Statue,landmark_and_historical_building,overture,-22.968812942504883,-43.1802864074707,,statue of noted Brazilian public figure,Rio de Janeiro,ok
overture:Jardim de Alah:-22.98355:-43.21624,Jardim de Alah,landmark_and_historical_building,overture,-22.98354721069336,-43.21623611450195,,historic designed public canal garden,Rio de Janeiro,ok
overture:Ladeira Dos Tabajaras:-22.96518:-43.18890,Ladeira Dos Tabajaras,landmark_and_historical_building,overture,-22.965179443359375,-43.188899993896484,,"historic street, noted favela street-art/mural project",Rio de Janeiro,ok
overture:Largo Alexandre Herculano:-22.90582:-43.18209,Largo Alexandre Herculano,landmark_and_historical_building,overture,-22.90581512451172,-43.18209457397461,,historic square named for notable figure,Rio de Janeiro,ok
overture:Largo do Guimaraes:-22.92141:-43.18598,Largo do Guimaraes,landmark_and_historical_building,overture,-22.921405792236328,-43.185977935791016,,famous historic Santa Teresa plaza/tram stop,Rio de Janeiro,ok
overture:Largo do Machado Station:-22.93090:-43.17831,Largo do Machado Station,landmark_and_historical_building,overture,-22.93090057373047,-43.178306579589844,,historic Rio landmark square,Rio de Janeiro,ok
overture:Marechal Hermes:-22.85624:-43.37374,Marechal Hermes,landmark_and_historical_building,overture,-22.85624122619629,-43.37373733520508,,heritage-listed early planned garden suburb,Rio de Janeiro,ok
"overture:Marechal Hermes, Rio de Janeiro:-22.86195:-43.37083","Marechal Hermes, Rio de Janeiro",landmark_and_historical_building,overture,-22.861948013305664,-43.37083435058594,,heritage-listed early planned garden suburb,Rio de Janeiro,ok
overture:Mesa do Imperado:-22.96851:-43.25685,Mesa do Imperado,landmark_and_historical_building,overture,-22.968505859375,-43.25685119628906,,historic Mesa do Imperador monument in Tijuca Forest,Rio de Janeiro,ok
overture:Mirante do Valongo:-22.89891:-43.18705,Mirante do Valongo,landmark_and_historical_building,overture,-22.898914337158203,-43.187049865722656,,overlook tied to Valongo Wharf UNESCO heritage site,Rio de Janeiro,ok
overture:Moinho Fluminense:-22.89627:-43.19144,Moinho Fluminense,landmark_and_historical_building,overture,-22.896270751953125,-43.191436767578125,,historic flour mill industrial heritage landmark,Rio de Janeiro,ok
overture:Murals in the Lapa district:-22.91511:-43.17903,Murals in the Lapa district,landmark_and_historical_building,overture,-22.915111541748047,-43.17902755737305,,notable street art/murals,Rio de Janeiro,ok
overture:Nau dos Descobrimentos:-22.90502:-43.16987,Nau dos Descobrimentos,landmark_and_historical_building,overture,-22.905017852783203,-43.16987228393555,,monument (Discovery ship memorial),Rio de Janeiro,ok
overture:Obelisco da Avenida Rio Branco:-22.91271:-43.17479,Obelisco da Avenida Rio Branco,landmark_and_historical_building,overture,-22.9127140045166,-43.1747932434082,,public monument (obelisk),Rio de Janeiro,ok
overture:Painel Etnias:-22.89513:-43.18488,Painel Etnias,landmark_and_historical_building,overture,-22.895132064819336,-43.184879302978516,,famous Kobra mural (street art),Rio de Janeiro,ok
overture:Pala'cio - Parque Lage:-22.96018:-43.21217,Pala'cio - Parque Lage,landmark_and_historical_building,overture,-22.96018409729004,-43.21217346191406,,historic Parque Lage mansion,Rio de Janeiro,ok
overture:Palacio da Ilha Fiscal:-22.81294:-43.40663,Palacio da Ilha Fiscal,landmark_and_historical_building,overture,-22.812936782836914,-43.4066276550293,,historic imperial palace,Nilópolis,outside_boundary
overture:Palmeira Imperial:-22.96955:-43.22469,Palmeira Imperial,landmark_and_historical_building,overture,-22.96954917907715,-43.22468566894531,,"heritage imperial palm, Jardim Botânico",Rio de Janeiro,ok
overture:Palácio Arariboia:-22.89449:-43.12125,Palácio Arariboia,landmark_and_historical_building,overture,-22.894485473632812,-43.121253967285156,,"historic palace, seat of Niterói government",Niterói,outside_boundary
overture:Palácio Pedro Ernesto:-22.90985:-43.17664,Palácio Pedro Ernesto,landmark_and_historical_building,overture,-22.909854888916016,-43.17664337158203,,"historic palace, Rio city council seat",Rio de Janeiro,ok
overture:Palácio de são cristóvão:-22.90583:-43.22445,Palácio de são cristóvão,landmark_and_historical_building,overture,-22.905834197998047,-43.22444534301758,,historic imperial palace (National Museum),Rio de Janeiro,ok
overture:Parque das Ruínas:-22.91780:-43.18232,Parque das Ruínas,landmark_and_historical_building,overture,-22.917797088623047,-43.182315826416016,,"historic ruins park, Santa Teresa",Rio de Janeiro,ok
overture:Pau-brasil:-22.96973:-43.22517,Pau-brasil,landmark_and_historical_building,overture,-22.9697265625,-43.22516632080078,,"named heritage tree specimen, Jardim Botânico",Rio de Janeiro,ok
overture:Paço Real:-22.90393:-43.22131,Paço Real,landmark_and_historical_building,overture,-22.903932571411133,-43.22130584716797,,historic imperial palace name (São Cristóvão),Rio de Janeiro,ok
overture:Paço de São Cristóvão:-22.90572:-43.22689,Paço de São Cristóvão,landmark_and_historical_building,overture,-22.905723571777344,-43.22689437866211,,historic imperial palace,Rio de Janeiro,ok
overture:Polo Novo Rio Antigo:-22.90826:-43.18393,Polo Novo Rio Antigo,landmark_and_historical_building,overture,-22.90826416015625,-43.18393325805664,,historic downtown cultural district,Rio de Janeiro,ok
overture:Portal da Antiga Academia de Belas Artes:-22.96601:-43.22652,Portal da Antiga Academia de Belas Artes,landmark_and_historical_building,overture,-22.966007232666016,-43.22651672363281,,historic Fine Arts Academy portal relic,Rio de Janeiro,ok
overture:Portao Historico da Fortaleza de Sao Joao:-22.94354:-43.15702,Portao Historico da Fortaleza de Sao Joao,landmark_and_historical_building,overture,-22.943544387817383,-43.157020568847656,,historic fortress gate,Rio de Janeiro,ok
overture:Porto Maravilha:-22.89715:-43.20277,Porto Maravilha,landmark_and_historical_building,overture,-22.897151947021484,-43.2027702331543,,revitalized historic port cultural district,Rio de Janeiro,ok
overture:Praça São Salvador:-22.93660:-43.17743,Praça São Salvador,landmark_and_historical_building,overture,-22.936595916748047,-43.177433013916016,,known bohemian cultural gathering square in Laranjeiras,Rio de Janeiro,ok
overture:Praça dos Expedicionários:-22.90522:-43.17142,Praça dos Expedicionários,landmark_and_historical_building,overture,-22.905221939086914,-43.171424865722656,,WWII veterans memorial plaza in central Rio,Rio de Janeiro,ok
overture:Prédio onde morou Renato Russo:-22.98179:-43.20839,Prédio onde morou Renato Russo,landmark_and_historical_building,overture,-22.981792449951172,-43.20838928222656,,former residence of noted Brazilian musician Renato Russo,Rio de Janeiro,ok
overture:Raro Palacete Art Déco:-22.94629:-43.18512,Raro Palacete Art Déco,landmark_and_historical_building,overture,-22.9462947845459,-43.185123443603516,,historic Art Deco mansion,Rio de Janeiro,ok
overture:Sambódromo:-22.96419:-43.17361,Sambódromo,landmark_and_historical_building,overture,-22.964191436767578,-43.173606872558594,,iconic Carnival parade venue/monument,Rio de Janeiro,ok
overture:Sambódromo Setor 10-11-12-13:-22.91203:-43.19681,Sambódromo Setor 10-11-12-13,landmark_and_historical_building,overture,-22.91203498840332,-43.19681167602539,,seating sector of the Sambódromo venue,Rio de Janeiro,ok
overture:Selaron Steps:-22.91553:-43.17966,Selaron Steps,landmark_and_historical_building,overture,-22.9155330657959,-43.179656982421875,,famous mosaic heritage staircase (Escadaria Selarón),Rio de Janeiro,ok
"overture:Vasco da Gama, Rio de Janeiro:-22.89194:-43.22695","Vasco da Gama, Rio de Janeiro",landmark_and_historical_building,overture,-22.891944885253906,-43.22694778442383,,historic São Januário football stadium site,Rio de Janeiro,ok
overture:Vista Chinesa:-22.97327:-43.24947,Vista Chinesa,landmark_and_historical_building,overture,-22.9732666015625,-43.249473571777344,,historic Chinese pavilion/monument built 1903 at the overlook,Rio de Janeiro,ok
overture:Жардим Ботанико (исторический район Рио-де-Жанейро):-22.96667:-43.21667,Жардим Ботанико (исторический район Рио-де-Жанейро),landmark_and_historical_building,overture,-22.96666717529297,-43.21666717529297,,Jardim Botânico historic district of Rio de Janeiro,Rio de Janeiro,ok
overture:Casa Roberto Marinho:-22.94003:-43.20423,Casa Roberto Marinho,modern_art_museum,overture,-22.940027236938477,-43.204227447509766,,"trusted category, sample-audited clean",Rio de Janeiro,ok
overture:E-Museu Inclusivo Tocando em Você:-22.92678:-43.23027,E-Museu Inclusivo Tocando em Você,modern_art_museum,overture,-22.926780700683594,-43.23027038574219,,"trusted category, sample-audited clean",Rio de Janeiro,ok
overture:MAC Niterói - Museu de Arte Contemporânea de Niterói:-22.90788:-43.12588,MAC Niterói - Museu de Arte Contemporânea de Niterói,modern_art_museum,overture,-22.907878875732422,-43.125877380371094,,"trusted category, sample-audited clean",Niterói,outside_boundary
overture:Mam - Museu de Arte Moderna:-22.88981:-43.27639,Mam - Museu de Arte Moderna,modern_art_museum,overture,-22.88981056213379,-43.27638626098633,,"trusted category, sample-audited clean",Rio de Janeiro,ok
overture:Museu de Arte Moderna do Rio de Janeiro:-22.91367:-43.17186,Museu de Arte Moderna do Rio de Janeiro,modern_art_museum,overture,-22.913673400878906,-43.1718635559082,,"trusted category, sample-audited clean",Rio de Janeiro,ok
overture:A Casa dos Budas Ditosos:-22.90265:-43.28197,A Casa dos Budas Ditosos,monument,overture,-22.902650833129883,-43.2819709777832,,"trusted category, sample-audited clean",Rio de Janeiro,ok
overture:Aqueduto - Ilha Grande:-22.93612:-43.24556,Aqueduto - Ilha Grande,monument,overture,-22.93612289428711,-43.24556350708008,,"trusted category, sample-audited clean",Rio de Janeiro,ok
overture:Canhão da Ilha:-22.81095:-43.17722,Canhão da Ilha,monument,overture,-22.81095314025879,-43.177215576171875,,"trusted category, sample-audited clean",Rio de Janeiro,ok
"overture:Capela Dos Escravos, Miguel Pereira:-22.75888:-43.45318","Capela Dos Escravos, Miguel Pereira",monument,overture,-22.758882522583008,-43.453182220458984,,"trusted category, sample-audited clean",Nova Iguaçu,outside_boundary
overture:Casa Rústica Festas & Eventos:-22.90784:-43.54114,Casa Rústica Festas & Eventos,monument,overture,-22.907835006713867,-43.541141510009766,,"trusted category, sample-audited clean",Rio de Janeiro,ok
overture:Casa da Vo Catarina:-22.88673:-43.41344,Casa da Vo Catarina,monument,overture,-22.886730194091797,-43.41343688964844,,"trusted category, sample-audited clean",Rio de Janeiro,ok
"overture:Celaron's Step, Lapa:-22.91182:-43.18465","Celaron's Step, Lapa",monument,overture,-22.911823272705078,-43.18465042114258,,"trusted category, sample-audited clean",Rio de Janeiro,ok
"overture:Christ Redeemer, Rio de Janeiro, Brazil:-22.95165:-43.21084","Christ Redeemer, Rio de Janeiro, Brazil",monument,overture,-22.95165252685547,-43.210838317871094,,"trusted category, sample-audited clean",Rio de Janeiro,ok
overture:Colômbia Morro Do Sapo:-22.77275:-43.32156,Colômbia Morro Do Sapo,monument,overture,-22.772754669189453,-43.321556091308594,,"trusted category, sample-audited clean",Duque de Caxias,outside_boundary
overture:Cristo del Corcovado:-22.95139:-43.21083,Cristo del Corcovado,monument,overture,-22.95138931274414,-43.21083450317383,,"trusted category, sample-audited clean",Rio de Janeiro,ok
overture:Ddp Diretoria:-22.97994:-43.22676,Ddp Diretoria,monument,overture,-22.97994041442871,-43.22675704956055,,"trusted category, sample-audited clean",Rio de Janeiro,ok
overture:E & B Festas E Eventos:-22.87939:-43.29750,E & B Festas E Eventos,monument,overture,-22.879390716552734,-43.29750061035156,,"trusted category, sample-audited clean",Rio de Janeiro,ok
overture:Entrada de Belford Roxo:-22.77520:-43.39986,Entrada de Belford Roxo,monument,overture,-22.77519989013672,-43.399864196777344,,"trusted category, sample-audited clean",Belford Roxo,outside_boundary
overture:Estatua de Araribóia:-22.89400:-43.12396,Estatua de Araribóia,monument,overture,-22.894001007080078,-43.12396240234375,,"trusted category, sample-audited clean",Niterói,outside_boundary
overture:Estátua Pixinguinha:-22.90367:-43.17757,Estátua Pixinguinha,monument,overture,-22.903671264648438,-43.17757034301758,,"trusted category, sample-audited clean",Rio de Janeiro,ok
overture:Estátua de Carlos Drummond de Andrade:-22.98435:-43.18917,Estátua de Carlos Drummond de Andrade,monument,overture,-22.98435401916504,-43.18916702270508,,"trusted category, sample-audited clean",Rio de Janeiro,ok
overture:Estátua de Ibrahim Sued:-22.96770:-43.17858,Estátua de Ibrahim Sued,monument,overture,-22.967700958251953,-43.1785774230957,,"trusted category, sample-audited clean",Rio de Janeiro,ok
overture:Estátua de José Bonifácio:-22.90512:-43.18084,Estátua de José Bonifácio,monument,overture,-22.905115127563477,-43.18083572387695,,"trusted category, sample-audited clean",Rio de Janeiro,ok
overture:Estátua de Noel Rosa:-22.91355:-43.23522,Estátua de Noel Rosa,monument,overture,-22.91355323791504,-43.23522186279297,,"trusted category, sample-audited clean",Rio de Janeiro,ok
overture:Estátua do Bellini:-22.91347:-43.22778,Estátua do Bellini,monument,overture,-22.91346549987793,-43.227783203125,,"trusted category, sample-audited clean",Rio de Janeiro,ok
overture:Etnias - Mural de Graffiti:-22.89434:-43.18715,Etnias - Mural de Graffiti,monument,overture,-22.894336700439453,-43.18714904785156,,"trusted category, sample-audited clean",Rio de Janeiro,ok
"overture:Grande Méier - Engenho Novo, RJ:-22.90448:-43.26954","Grande Méier - Engenho Novo, RJ",monument,overture,-22.904478073120117,-43.269535064697266,,"trusted category, sample-audited clean",Rio de Janeiro,ok
"overture:Júpiter, Quinto Planeta del Sistema Solar.:-22.86302:-43.44258","Júpiter, Quinto Planeta del Sistema Solar.",monument,overture,-22.86302375793457,-43.44258117675781,,"trusted category, sample-audited clean",Rio de Janeiro,ok
overture:Laje Michael Jackson:-22.94713:-43.19484,Laje Michael Jackson,monument,overture,-22.947126388549805,-43.19483947753906,,"trusted category, sample-audited clean",Rio de Janeiro,ok
overture:Madureira Pertinho do Divino:-22.86313:-43.33255,Madureira Pertinho do Divino,monument,overture,-22.863128662109375,-43.33255386352539,,"trusted category, sample-audited clean",Rio de Janeiro,ok
overture:Memorial Guido Schäffer:-22.90837:-43.17123,Memorial Guido Schäffer,monument,overture,-22.90836524963379,-43.171234130859375,,"trusted category, sample-audited clean",Rio de Janeiro,ok
overture:Mirante do Cristo. BR 040. Serra de Petropolis:-22.90020:-43.23320,Mirante do Cristo. BR 040. Serra de Petropolis,monument,overture,-22.90020179748535,-43.23320007324219,,"trusted category, sample-audited clean",Rio de Janeiro,ok
overture:Monumento Carlos Drummond de Andrade:-22.96881:-43.18029,Monumento Carlos Drummond de Andrade,monument,overture,-22.968812942504883,-43.1802864074707,,"trusted category, sample-audited clean",Rio de Janeiro,ok
overture:Monumento Das Tintas:-22.91210:-43.21339,Monumento Das Tintas,monument,overture,-22.9121036529541,-43.21338653564453,,"trusted category, sample-audited clean",Rio de Janeiro,ok
overture:Monumento Estácio de Sá:-22.94039:-43.17006,Monumento Estácio de Sá,monument,overture,-22.940385818481445,-43.17005920410156,,"trusted category, sample-audited clean",Rio de Janeiro,ok
overture:Monumento Nacional aos Mortos da Segunda Guerra Mundial:-22.91658:-43.17340,Monumento Nacional aos Mortos da Segunda Guerra Mundial,monument,overture,-22.916582107543945,-43.173397064208984,,"trusted category, sample-audited clean",Rio de Janeiro,ok
overture:Monumento Retirada da Laguna:-22.95494:-43.16587,Monumento Retirada da Laguna,monument,overture,-22.954940795898438,-43.165870666503906,,"trusted category, sample-audited clean",Rio de Janeiro,ok
overture:Monumento Tom Jobim:-22.96752:-43.22404,Monumento Tom Jobim,monument,overture,-22.967519760131836,-43.22404098510742,,"trusted category, sample-audited clean",Rio de Janeiro,ok
overture:Monumento a São Sebastião:-22.92189:-43.17419,Monumento a São Sebastião,monument,overture,-22.921894073486328,-43.1741943359375,,"trusted category, sample-audited clean",Rio de Janeiro,ok
overture:Monumento a Zumbi dos Palmares:-22.90686:-43.19649,Monumento a Zumbi dos Palmares,monument,overture,-22.906862258911133,-43.19648742675781,,"trusted category, sample-audited clean",Rio de Janeiro,ok
overture:Monumento ao Almirante Barroso Barao do Amazonas:-22.91852:-43.17591,Monumento ao Almirante Barroso Barao do Amazonas,monument,overture,-22.91851806640625,-43.1759147644043,,"trusted category, sample-audited clean",Rio de Janeiro,ok
overture:Monumento ao Barão de Mauá:-22.89607:-43.18098,Monumento ao Barão de Mauá,monument,overture,-22.89607048034668,-43.18097686767578,,"trusted category, sample-audited clean",Rio de Janeiro,ok
overture:Monumento ao Senador Pinheiro Machado:-22.98432:-43.20597,Monumento ao Senador Pinheiro Machado,monument,overture,-22.984315872192383,-43.20597457885742,,"trusted category, sample-audited clean",Rio de Janeiro,ok
overture:Monumento aos Pracinhas:-22.91658:-43.17391,Monumento aos Pracinhas,monument,overture,-22.916580200195312,-43.17390823364258,,"trusted category, sample-audited clean",Rio de Janeiro,ok
overture:Monumento do Soldado Desconhecido:-22.91058:-43.17110,Monumento do Soldado Desconhecido,monument,overture,-22.91057586669922,-43.17109680175781,,"trusted category, sample-audited clean",Rio de Janeiro,ok
overture:Monumento à Paz Mundial:-22.91053:-43.16861,Monumento à Paz Mundial,monument,overture,-22.910526275634766,-43.16860580444336,,"trusted category, sample-audited clean",Rio de Janeiro,ok
overture:Monumento à Princesa Isabel:-22.96397:-43.17402,Monumento à Princesa Isabel,monument,overture,-22.963966369628906,-43.17401885986328,,"trusted category, sample-audited clean",Rio de Janeiro,ok
overture:Morro do Sampaio:-22.90478:-43.26143,Morro do Sampaio,monument,overture,-22.904783248901367,-43.26142501831055,,"trusted category, sample-audited clean",Rio de Janeiro,ok
overture:Mural de Eduardo Kobra em homenagem a Ayrton Senna:-22.91417:-43.17902,Mural de Eduardo Kobra em homenagem a Ayrton Senna,monument,overture,-22.914173126220703,-43.17902374267578,,"trusted category, sample-audited clean",Rio de Janeiro,ok
overture:Muretinha:-22.94349:-43.16000,Muretinha,monument,overture,-22.94349479675293,-43.15999984741211,,"trusted category, sample-audited clean",Rio de Janeiro,ok
overture:Nova Cedae:-22.90639:-43.56119,Nova Cedae,monument,overture,-22.906391143798828,-43.56119155883789,,"trusted category, sample-audited clean",Rio de Janeiro,ok
overture:Palácio de Kensington:-22.93295:-43.18328,Palácio de Kensington,monument,overture,-22.932954788208008,-43.183284759521484,,"trusted category, sample-audited clean",Rio de Janeiro,ok
overture:Pedra da Gávea:-22.99787:-43.28473,Pedra da Gávea,monument,overture,-22.99786949157715,-43.284732818603516,,"trusted category, sample-audited clean",Rio de Janeiro,ok
overture:Petropolis - Cidade Imperial:-22.85264:-43.35839,Petropolis - Cidade Imperial,monument,overture,-22.85264015197754,-43.35839080810547,,"trusted category, sample-audited clean",Rio de Janeiro,ok
overture:Pomnik Fryderyka Chopina w Rio de Janeiro:-22.95511:-43.16510,Pomnik Fryderyka Chopina w Rio de Janeiro,monument,overture,-22.95511245727539,-43.16510009765625,,"trusted category, sample-audited clean",Rio de Janeiro,ok
overture:Portão Monumental da Quinta da Boa Vista:-22.90462:-43.22036,Portão Monumental da Quinta da Boa Vista,monument,overture,-22.904624938964844,-43.220359802246094,,"trusted category, sample-audited clean",Rio de Janeiro,ok
"overture:Praça Oito de Maio, Monumento de Homenagem aos Pracinhas.:-22.85422:-43.35188","Praça Oito de Maio, Monumento de Homenagem aos Pracinhas.",monument,overture,-22.85422134399414,-43.35187530517578,,"trusted category, sample-audited clean",Rio de Janeiro,ok
overture:Praça Renato Russo:-22.80416:-43.20437,Praça Renato Russo,monument,overture,-22.80416488647461,-43.204368591308594,,"trusted category, sample-audited clean",Rio de Janeiro,ok
overture:Praça da Maria Quitéria:-22.85081:-43.47036,Praça da Maria Quitéria,monument,overture,-22.850812911987305,-43.47036361694336,,"trusted category, sample-audited clean",Rio de Janeiro,ok
overture:Statue General Osorio:-22.90317:-43.17460,Statue General Osorio,monument,overture,-22.90317153930664,-43.174598693847656,,"trusted category, sample-audited clean",Rio de Janeiro,ok
overture:Sugar Loaf Mountain:-22.95452:-43.16741,Sugar Loaf Mountain,monument,overture,-22.954519271850586,-43.16741180419922,,"trusted category, sample-audited clean",Rio de Janeiro,ok
overture:Sugarloaf Mountain:-22.94975:-43.15623,Sugarloaf Mountain,monument,overture,-22.949750900268555,-43.15623474121094,,"trusted category, sample-audited clean",Rio de Janeiro,ok
overture:UTR-Rio Arroio fundo:-22.95529:-43.35808,UTR-Rio Arroio fundo,monument,overture,-22.955286026000977,-43.35807800292969,,"trusted category, sample-audited clean",Rio de Janeiro,ok
overture:Valao de Jardim America:-22.80757:-43.32420,Valao de Jardim America,monument,overture,-22.807573318481445,-43.32420349121094,,"trusted category, sample-audited clean",Rio de Janeiro,ok
overture:Arquivo Geral da Cidade RJ:-22.90924:-43.20471,Arquivo Geral da Cidade RJ,museum,overture,-22.909242630004883,-43.2047119140625,,"trusted category, sample-audited clean",Rio de Janeiro,ok
overture:Arquivo histórico do Banco do Brasil:-22.90105:-43.17653,Arquivo histórico do Banco do Brasil,museum,overture,-22.901046752929688,-43.1765251159668,,"trusted category, sample-audited clean",Rio de Janeiro,ok
overture:AssociaÇÃO Dos Amigos Do Museu Aeroespacial:-22.90240:-43.17410,AssociaÇÃO Dos Amigos Do Museu Aeroespacial,museum,overture,-22.90239906311035,-43.174095153808594,,"trusted category, sample-audited clean",Rio de Janeiro,ok
overture:Associação de Amigos do Museu Aeroespacial:-22.88255:-43.39005,Associação de Amigos do Museu Aeroespacial,museum,overture,-22.882553100585938,-43.390045166015625,,"trusted category, sample-audited clean",Rio de Janeiro,ok
overture:Ateliê Esmero Único:-22.76746:-43.11024,Ateliê Esmero Único,museum,overture,-22.76746368408203,-43.11024475097656,,"trusted category, sample-audited clean",Rio de Janeiro,ok
overture:Biblioteca do Museu Nacional da UFRJ:-22.90836:-43.22607,Biblioteca do Museu Nacional da UFRJ,museum,overture,-22.908361434936523,-43.22606658935547,,"trusted category, sample-audited clean",Rio de Janeiro,ok
overture:Brazilian Cinema Museum:-22.88580:-43.12506,Brazilian Cinema Museum,museum,overture,-22.885799407958984,-43.125064849853516,,"trusted category, sample-audited clean",Niterói,outside_boundary
overture:Capela Magdalena e Roberto de Regina:-22.97850:-43.58982,Capela Magdalena e Roberto de Regina,museum,overture,-22.978500366210938,-43.58981704711914,,"trusted category, sample-audited clean",Rio de Janeiro,ok
overture:Caravana da Ciência:-22.91870:-43.17715,Caravana da Ciência,museum,overture,-22.918703079223633,-43.177146911621094,,"trusted category, sample-audited clean",Rio de Janeiro,ok
overture:Casa Brasil:-22.90061:-43.17621,Casa Brasil,museum,overture,-22.90060806274414,-43.17620849609375,,"trusted category, sample-audited clean",Rio de Janeiro,ok
overture:Casa Cambaio:-22.89220:-43.58385,Casa Cambaio,museum,overture,-22.892200469970703,-43.5838508605957,,"trusted category, sample-audited clean",Rio de Janeiro,ok
overture:Casa Museu Eva Klabin:-22.97601:-43.19844,Casa Museu Eva Klabin,museum,overture,-22.976009368896484,-43.19844436645508,,"trusted category, sample-audited clean",Rio de Janeiro,ok
overture:Casa Quissama Museum:-22.87053:-43.45274,Casa Quissama Museum,museum,overture,-22.870529174804688,-43.452735900878906,,"trusted category, sample-audited clean",Rio de Janeiro,ok
overture:Casa de Banho de Dom Joao VI:-22.87874:-43.21190,Casa de Banho de Dom Joao VI,museum,overture,-22.87873649597168,-43.21189880371094,,"trusted category, sample-audited clean",Rio de Janeiro,ok
overture:Casa de Oswaldo Cruz - COC | Fiocruz:-22.84209:-43.25230,Casa de Oswaldo Cruz - COC | Fiocruz,museum,overture,-22.842090606689453,-43.252296447753906,,"trusted category, sample-audited clean",Rio de Janeiro,ok
overture:Centro  Brasileiro  De Arqueologia:-22.88913:-43.11558,Centro  Brasileiro  De Arqueologia,museum,overture,-22.88913345336914,-43.11558151245117,,"trusted category, sample-audited clean",Niterói,outside_boundary
overture:Centro Cultural Goiabeira Coisa & Tal:-23.00764:-43.29489,Centro Cultural Goiabeira Coisa & Tal,museum,overture,-23.007640838623047,-43.294891357421875,,"trusted category, sample-audited clean",Rio de Janeiro,ok
overture:Centro Nacional de Flocore e Cultura Popular:-22.92629:-43.17646,Centro Nacional de Flocore e Cultura Popular,museum,overture,-22.926292419433594,-43.17646408081055,,"trusted category, sample-audited clean",Rio de Janeiro,ok
overture:Centro de Arte Hélio Oiticica:-22.90593:-43.18338,Centro de Arte Hélio Oiticica,museum,overture,-22.905925750732422,-43.183380126953125,,"trusted category, sample-audited clean",Rio de Janeiro,ok
overture:Christ the Redeemer:-22.94047:-43.19849,Christ the Redeemer,museum,overture,-22.94046974182129,-43.198490142822266,,"trusted category, sample-audited clean",Rio de Janeiro,ok
overture:Colônia de Pescadores Z-14:-23.00250:-43.64121,Colônia de Pescadores Z-14,museum,overture,-23.002498626708984,-43.64120864868164,,"trusted category, sample-audited clean",Rio de Janeiro,ok
overture:Cultura Conecta:-22.89334:-43.17909,Cultura Conecta,museum,overture,-22.893342971801758,-43.17909240722656,,"trusted category, sample-audited clean",Rio de Janeiro,ok
overture:Darwin: Origens & Evolução:-22.97047:-43.22327,Darwin: Origens & Evolução,museum,overture,-22.970470428466797,-43.2232666015625,,"trusted category, sample-audited clean",Rio de Janeiro,ok
overture:Diretoria do Patrimônio Histórico e Documentação da Marinha:-22.90392:-43.17326,Diretoria do Patrimônio Histórico e Documentação da Marinha,museum,overture,-22.90392303466797,-43.17326354980469,,"trusted category, sample-audited clean",Rio de Janeiro,ok
overture:Ecomuseu Ilha Grande:-22.85938:-43.49663,Ecomuseu Ilha Grande,museum,overture,-22.8593807220459,-43.49663162231445,,"trusted category, sample-audited clean",Rio de Janeiro,ok
overture:Ecomuseu de Sepetiba:-22.97085:-43.70991,Ecomuseu de Sepetiba,museum,overture,-22.97085189819336,-43.70990753173828,,"trusted category, sample-audited clean",Rio de Janeiro,ok
overture:Espaço Cultural da Marinha:-22.89494:-43.17384,Espaço Cultural da Marinha,museum,overture,-22.894939422607422,-43.17383575439453,,"trusted category, sample-audited clean",Rio de Janeiro,ok
overture:Espaço Sequência:-22.92347:-43.20695,Espaço Sequência,museum,overture,-22.923473358154297,-43.206947326660156,,"trusted category, sample-audited clean",Rio de Janeiro,ok
overture:Estação Vlt - Parada dos Museus:-22.89281:-43.19192,Estação Vlt - Parada dos Museus,museum,overture,-22.892812728881836,-43.19192123413086,,"trusted category, sample-audited clean",Rio de Janeiro,ok
overture:Fio Cruz Museu da Vida:-22.87182:-43.56262,Fio Cruz Museu da Vida,museum,overture,-22.8718204498291,-43.562618255615234,,"trusted category, sample-audited clean",Rio de Janeiro,ok
overture:Fla Memória:-22.97837:-43.21861,Fla Memória,museum,overture,-22.97837257385254,-43.218605041503906,,"trusted category, sample-audited clean",Rio de Janeiro,ok
overture:Fondation Moreira Sales:-22.98186:-43.23937,Fondation Moreira Sales,museum,overture,-22.98186492919922,-43.2393684387207,,"trusted category, sample-audited clean",Rio de Janeiro,ok
overture:Frida Kahlo Imersiva:-22.98579:-43.18633,Frida Kahlo Imersiva,museum,overture,-22.98578643798828,-43.18632507324219,,"trusted category, sample-audited clean",Rio de Janeiro,ok
overture:Fundação Anita Mantuano de Artes do Estado do Rio de Janeiro:-22.90641:-43.17948,Fundação Anita Mantuano de Artes do Estado do Rio de Janeiro,museum,overture,-22.906410217285156,-43.17947769165039,,"trusted category, sample-audited clean",Rio de Janeiro,ok
overture:Fundação Casa de Rui Barbosa:-22.94893:-43.18699,Fundação Casa de Rui Barbosa,museum,overture,-22.948928833007812,-43.18698501586914,,"trusted category, sample-audited clean",Rio de Janeiro,ok
overture:Galaxion:-22.99656:-43.25963,Galaxion,museum,overture,-22.996559143066406,-43.2596321105957,,"trusted category, sample-audited clean",Rio de Janeiro,ok
overture:Havana Carioca rj:-22.91200:-43.18158,Havana Carioca rj,museum,overture,-22.912002563476562,-43.181583404541016,,"trusted category, sample-audited clean",Rio de Janeiro,ok
overture:Ictiologia Museu Nacional:-22.90792:-43.22490,Ictiologia Museu Nacional,museum,overture,-22.907922744750977,-43.22489929199219,,"trusted category, sample-audited clean",Rio de Janeiro,ok
overture:Imagens contam histórias de Niterói:-22.90341:-43.12780,Imagens contam histórias de Niterói,museum,overture,-22.903413772583008,-43.1277961730957,,"trusted category, sample-audited clean",Niterói,outside_boundary
overture:Incaer - Instituto Histórico-Cultural da Aeronáutica:-22.90546:-43.16860,Incaer - Instituto Histórico-Cultural da Aeronáutica,museum,overture,-22.905460357666016,-43.16859817504883,,"trusted category, sample-audited clean",Rio de Janeiro,ok
overture:Instituto Brasileiro de Museus - Ibram:-22.91745:-43.18290,Instituto Brasileiro de Museus - Ibram,museum,overture,-22.917451858520508,-43.18289566040039,,"trusted category, sample-audited clean",Rio de Janeiro,ok
overture:Instituto Soalthe+:-22.75084:-43.52650,Instituto Soalthe+,museum,overture,-22.750837326049805,-43.5265007019043,,"trusted category, sample-audited clean",Nova Iguaçu,outside_boundary
overture:Interser:-22.97412:-43.18854,Interser,museum,overture,-22.974117279052734,-43.188541412353516,,"trusted category, sample-audited clean",Rio de Janeiro,ok
overture:Jardim Botânico - Museu de Tom Jobim:-22.96455:-43.22531,Jardim Botânico - Museu de Tom Jobim,museum,overture,-22.964548110961914,-43.22530746459961,,"trusted category, sample-audited clean",Rio de Janeiro,ok
overture:Joao e Maria Museum:-22.90084:-43.18162,Joao e Maria Museum,museum,overture,-22.900840759277344,-43.18162155151367,,"trusted category, sample-audited clean",Rio de Janeiro,ok
overture:LaDQuim:-22.86524:-43.22918,LaDQuim,museum,overture,-22.86524200439453,-43.22917938232422,,"trusted category, sample-audited clean",Rio de Janeiro,ok
overture:MAC - Museu de Arte Contemporânea de Niterói:-22.90653:-43.13177,MAC - Museu de Arte Contemporânea de Niterói,museum,overture,-22.906530380249023,-43.131771087646484,,"trusted category, sample-audited clean",Niterói,outside_boundary
overture:MAM Rio:-22.91342:-43.17183,MAM Rio,museum,overture,-22.913419723510742,-43.17182922363281,,"trusted category, sample-audited clean",Rio de Janeiro,ok
overture:MIS / Museu da Imagem e do Som:-22.91409:-43.17860,MIS / Museu da Imagem e do Som,museum,overture,-22.91408920288086,-43.17859649658203,,"trusted category, sample-audited clean",Rio de Janeiro,ok
overture:MIS Museu da Imagem e do Som:-22.97893:-43.18943,MIS Museu da Imagem e do Som,museum,overture,-22.978931427001953,-43.18943405151367,,"trusted category, sample-audited clean",Rio de Janeiro,ok
overture:Memorial Pretos Novos:-22.89604:-43.19298,Memorial Pretos Novos,museum,overture,-22.896039962768555,-43.1929817199707,,"trusted category, sample-audited clean",Rio de Janeiro,ok
overture:Memorial Roberto Silveira:-22.88949:-43.12780,Memorial Roberto Silveira,museum,overture,-22.889490127563477,-43.127803802490234,,"trusted category, sample-audited clean",Niterói,outside_boundary
overture:Meninas com Ciência - Museu Nacional/UFRJ:-22.90507:-43.22277,Meninas com Ciência - Museu Nacional/UFRJ,museum,overture,-22.905073165893555,-43.22277069091797,,"trusted category, sample-audited clean",Rio de Janeiro,ok
overture:Mirante Do Boa Viagem - Ingá:-22.90220:-43.12472,Mirante Do Boa Viagem - Ingá,museum,overture,-22.902204513549805,-43.124717712402344,,"trusted category, sample-audited clean",Niterói,outside_boundary
overture:Monumento Natural Estadual Peter Lund:-22.84340:-43.31567,Monumento Natural Estadual Peter Lund,museum,overture,-22.843402862548828,-43.31566619873047,,"trusted category, sample-audited clean",Rio de Janeiro,ok
overture:Mural Babilonia:-22.96034:-43.16975,Mural Babilonia,museum,overture,-22.960342407226562,-43.16975402832031,,"trusted category, sample-audited clean",Rio de Janeiro,ok
overture:Musehum:-22.92996:-43.17651,Musehum,museum,overture,-22.929960250854492,-43.176513671875,,"trusted category, sample-audited clean",Rio de Janeiro,ok
overture:Museo Militar Copacabana:-22.98571:-43.18505,Museo Militar Copacabana,museum,overture,-22.985713958740234,-43.185054779052734,,"trusted category, sample-audited clean",Rio de Janeiro,ok
overture:Museo Naval Rio do Janeiro:-22.90612:-43.17680,Museo Naval Rio do Janeiro,museum,overture,-22.90612030029297,-43.17680358886719,,"trusted category, sample-audited clean",Rio de Janeiro,ok
overture:Museo de Bellas Artes de Rio de Janeiro:-22.98778:-43.19389,Museo de Bellas Artes de Rio de Janeiro,museum,overture,-22.987783432006836,-43.19388961791992,,"trusted category, sample-audited clean",Rio de Janeiro,ok
overture:Museu Aeroespacial:-22.88069:-43.38501,Museu Aeroespacial,museum,overture,-22.880685806274414,-43.385009765625,,"trusted category, sample-audited clean",Rio de Janeiro,ok
overture:Museu Africano Rio de Janeiro:-22.96817:-43.18468,Museu Africano Rio de Janeiro,museum,overture,-22.96817398071289,-43.18467712402344,,"trusted category, sample-audited clean",Rio de Janeiro,ok
overture:Museu Amsterdam Sauer:-22.98337:-43.21254,Museu Amsterdam Sauer,museum,overture,-22.98337173461914,-43.21253967285156,,"trusted category, sample-audited clean",Rio de Janeiro,ok
overture:Museu Botafogo:-22.95494:-43.17791,Museu Botafogo,museum,overture,-22.954944610595703,-43.17790985107422,,"trusted category, sample-audited clean",Rio de Janeiro,ok
overture:Museu CBF Experience:-22.99600:-43.36407,Museu CBF Experience,museum,overture,-22.996002197265625,-43.36406707763672,,"trusted category, sample-audited clean",Rio de Janeiro,ok
overture:Museu Carmen Miranda:-22.94137:-43.17216,Museu Carmen Miranda,museum,overture,-22.941368103027344,-43.17216110229492,,"trusted category, sample-audited clean",Rio de Janeiro,ok
overture:Museu Cartográfico do Seviço Geográfico do Exército:-22.89968:-43.18273,Museu Cartográfico do Seviço Geográfico do Exército,museum,overture,-22.899677276611328,-43.1827278137207,,"trusted category, sample-audited clean",Rio de Janeiro,ok
overture:Museu Casa Bumba Meu Boi:-22.85610:-43.47367,Museu Casa Bumba Meu Boi,museum,overture,-22.85610008239746,-43.473670959472656,,"trusted category, sample-audited clean",Rio de Janeiro,ok
overture:Museu Casa França Brasil:-22.90557:-43.19355,Museu Casa França Brasil,museum,overture,-22.90557289123535,-43.19355392456055,,"trusted category, sample-audited clean",Rio de Janeiro,ok
overture:Museu Casa de Benjamin Constant:-22.92045:-43.18827,Museu Casa de Benjamin Constant,museum,overture,-22.92045021057129,-43.18826675415039,,"trusted category, sample-audited clean",Rio de Janeiro,ok
overture:Museu Casa do Reitor:-22.76369:-43.69207,Museu Casa do Reitor,museum,overture,-22.763694763183594,-43.69206619262695,,"trusted category, sample-audited clean",Seropédica,outside_boundary
overture:Museu Fluminense FC:-22.93624:-43.18465,Museu Fluminense FC,museum,overture,-22.93624496459961,-43.18465042114258,,"trusted category, sample-audited clean",Rio de Janeiro,ok
overture:Museu Fotográfico Mauro Palombo:-22.88187:-43.12481,Museu Fotográfico Mauro Palombo,museum,overture,-22.881872177124023,-43.12480545043945,,"trusted category, sample-audited clean",Niterói,outside_boundary
overture:Museu Histórico da Cidade do Rio de Janeiro:-22.98120:-43.24038,Museu Histórico da Cidade do Rio de Janeiro,museum,overture,-22.981197357177734,-43.240379333496094,,"trusted category, sample-audited clean",Rio de Janeiro,ok
overture:Museu Histórico de Campos dos Goytacazes:-22.93385:-43.17990,Museu Histórico de Campos dos Goytacazes,museum,overture,-22.933853149414062,-43.179901123046875,,"trusted category, sample-audited clean",Rio de Janeiro,ok
overture:Museu Judaico do Rio de Janeiro:-22.90956:-43.17481,Museu Judaico do Rio de Janeiro,museum,overture,-22.90955924987793,-43.17481231689453,,"trusted category, sample-audited clean",Rio de Janeiro,ok
overture:Museu Light da Energia:-22.90253:-43.18707,Museu Light da Energia,museum,overture,-22.90252685546875,-43.187068939208984,,"trusted category, sample-audited clean",Rio de Janeiro,ok
overture:Museu Marechal Zenóbio da Costa:-22.92429:-43.23785,Museu Marechal Zenóbio da Costa,museum,overture,-22.924285888671875,-43.23784637451172,,"trusted category, sample-audited clean",Rio de Janeiro,ok
overture:Museu Matheus Martani:-22.94015:-43.17823,Museu Matheus Martani,museum,overture,-22.94014549255371,-43.17823028564453,,"trusted category, sample-audited clean",Rio de Janeiro,ok
overture:Museu Nacional:-23.01977:-43.46478,Museu Nacional,museum,overture,-23.019765853881836,-43.46478271484375,,"trusted category, sample-audited clean",Rio de Janeiro,ok
overture:Museu Nacional de Belas Artes:-22.90935:-43.17569,Museu Nacional de Belas Artes,museum,overture,-22.909351348876953,-43.17568588256836,,"trusted category, sample-audited clean",Rio de Janeiro,ok
overture:Museu Nacional dos Povos Indígenas OBS: Apenas os jardins estão abertos!:-22.95188:-43.19114,Museu Nacional dos Povos Indígenas OBS: Apenas os jardins estão abertos!,museum,overture,-22.951879501342773,-43.19114303588867,,"trusted category, sample-audited clean",Rio de Janeiro,ok
overture:Museu Naval:-22.90394:-43.17298,Museu Naval,museum,overture,-22.903940200805664,-43.172977447509766,,"trusted category, sample-audited clean",Rio de Janeiro,ok
overture:Museu Niteroi:-22.90750:-43.12653,Museu Niteroi,museum,overture,-22.907499313354492,-43.12652587890625,,"trusted category, sample-audited clean",Niterói,outside_boundary
overture:Museu Oi Futuro - Museu das Telecomunisações RJ:-22.91971:-43.17184,Museu Oi Futuro - Museu das Telecomunisações RJ,museum,overture,-22.919710159301758,-43.17184066772461,,"trusted category, sample-audited clean",Rio de Janeiro,ok
overture:Museu Penitenciário:-22.91524:-43.19983,Museu Penitenciário,museum,overture,-22.915241241455078,-43.199832916259766,,"trusted category, sample-audited clean",Rio de Janeiro,ok
overture:Museu Vascaino:-22.89118:-43.22891,Museu Vascaino,museum,overture,-22.89118003845215,-43.22890853881836,,"trusted category, sample-audited clean",Rio de Janeiro,ok
overture:Museu Villa-Lobos:-22.95186:-43.19058,Museu Villa-Lobos,museum,overture,-22.95186424255371,-43.190582275390625,,"trusted category, sample-audited clean",Rio de Janeiro,ok
overture:Museu da Escravidão e da Liberdade:-22.89622:-43.19428,Museu da Escravidão e da Liberdade,museum,overture,-22.896217346191406,-43.194278717041016,,"trusted category, sample-audited clean",Rio de Janeiro,ok
overture:Museu da Feb - Petrópolis - RJ:-22.86812:-43.43610,Museu da Feb - Petrópolis - RJ,museum,overture,-22.86811637878418,-43.43610382080078,,"trusted category, sample-audited clean",Rio de Janeiro,ok
overture:Museu da Força Expedicionária Brasileira:-22.91225:-43.17831,Museu da Força Expedicionária Brasileira,museum,overture,-22.91225242614746,-43.17831039428711,,"trusted category, sample-audited clean",Rio de Janeiro,ok
overture:Museu da Geodiversidade:-22.85734:-43.23232,Museu da Geodiversidade,museum,overture,-22.857337951660156,-43.23231506347656,,"trusted category, sample-audited clean",Rio de Janeiro,ok
overture:Museu da Geodiversidade Ufrj:-22.82855:-43.31737,Museu da Geodiversidade Ufrj,museum,overture,-22.828550338745117,-43.3173713684082,,"trusted category, sample-audited clean",Rio de Janeiro,ok
overture:Museu da Ii Guerra Mundial:-22.91651:-43.17404,Museu da Ii Guerra Mundial,museum,overture,-22.916513442993164,-43.174041748046875,,"trusted category, sample-audited clean",Rio de Janeiro,ok
overture:Museu da Imagem e do Som:-22.91370:-43.17221,Museu da Imagem e do Som,museum,overture,-22.913700103759766,-43.17220687866211,,"trusted category, sample-audited clean",Rio de Janeiro,ok
overture:Museu da Imagem e do Som:-22.90578:-43.17094,Museu da Imagem e do Som,museum,overture,-22.905780792236328,-43.170936584472656,,"trusted category, sample-audited clean",Rio de Janeiro,ok
overture:Museu da Imagem e do Som (MIS):-22.97860:-43.18895,Museu da Imagem e do Som (MIS),museum,overture,-22.978595733642578,-43.18894958496094,,"trusted category, sample-audited clean",Rio de Janeiro,ok
overture:Museu da Imagem e do Som (MIS):-22.91399:-43.17856,Museu da Imagem e do Som (MIS),museum,overture,-22.91398811340332,-43.178558349609375,,"trusted category, sample-audited clean",Rio de Janeiro,ok
overture:Museu da Justiça:-22.90498:-43.17282,Museu da Justiça,museum,overture,-22.904979705810547,-43.17282485961914,,"trusted category, sample-audited clean",Rio de Janeiro,ok
overture:Museu da Limpeza Urbana:-22.87881:-43.21182,Museu da Limpeza Urbana,museum,overture,-22.878807067871094,-43.21181869506836,,"trusted category, sample-audited clean",Rio de Janeiro,ok
overture:Museu da Marinha:-22.90052:-43.17472,Museu da Marinha,museum,overture,-22.900516510009766,-43.174720764160156,,"trusted category, sample-audited clean",Rio de Janeiro,ok
overture:Museu da Pediatria:-22.94082:-43.19725,Museu da Pediatria,museum,overture,-22.94082260131836,-43.19725036621094,,"trusted category, sample-audited clean",Rio de Janeiro,ok
overture:Museu da Pelada:-22.99871:-43.27261,Museu da Pelada,museum,overture,-22.998708724975586,-43.272605895996094,,"trusted category, sample-audited clean",Rio de Janeiro,ok
overture:Museu da República:-22.92590:-43.17635,Museu da República,museum,overture,-22.9258975982666,-43.17634963989258,,"trusted category, sample-audited clean",Rio de Janeiro,ok
overture:Museu de Arte Sacra:-22.97358:-43.20780,Museu de Arte Sacra,museum,overture,-22.973583221435547,-43.207801818847656,,"trusted category, sample-audited clean",Rio de Janeiro,ok
overture:Museu de Bangu:-22.87881:-43.46346,Museu de Bangu,museum,overture,-22.878812789916992,-43.46345901489258,,"trusted category, sample-audited clean",Rio de Janeiro,ok
"overture:Museu de Cera, Foz do Iguazu:-22.87789:-43.09943","Museu de Cera, Foz do Iguazu",museum,overture,-22.877893447875977,-43.099430084228516,,"trusted category, sample-audited clean",Niterói,outside_boundary
overture:Museu de Favela MUF:-22.98194:-43.19754,Museu de Favela MUF,museum,overture,-22.981935501098633,-43.197540283203125,,"trusted category, sample-audited clean",Rio de Janeiro,ok
overture:Museu de Geologia da Urca:-22.95432:-43.16732,Museu de Geologia da Urca,museum,overture,-22.954320907592773,-43.167320251464844,,"trusted category, sample-audited clean",Rio de Janeiro,ok
overture:Museu de História Natural da Quinta da Boavista:-22.95443:-43.18161,Museu de História Natural da Quinta da Boavista,museum,overture,-22.95443344116211,-43.181610107421875,,"trusted category, sample-audited clean",Rio de Janeiro,ok
overture:Museu de Luiz Gonzaga:-22.89750:-43.22041,Museu de Luiz Gonzaga,museum,overture,-22.897497177124023,-43.22040939331055,,"trusted category, sample-audited clean",Rio de Janeiro,ok
overture:Museu de Odontologia Professor Salles Cunha:-22.92292:-43.21181,Museu de Odontologia Professor Salles Cunha,museum,overture,-22.922924041748047,-43.211814880371094,,"trusted category, sample-audited clean",Rio de Janeiro,ok
overture:Museu de Zoologia da UFRRJ:-22.76803:-43.67765,Museu de Zoologia da UFRRJ,museum,overture,-22.768028259277344,-43.67765426635742,,"trusted category, sample-audited clean",Seropédica,outside_boundary
overture:Museu de pedras preciosas:-22.98370:-43.20927,Museu de pedras preciosas,museum,overture,-22.98370361328125,-43.20927429199219,,"trusted category, sample-audited clean",Rio de Janeiro,ok
overture:Museu do Catavento Sao Paulo:-22.91140:-43.10727,Museu do Catavento Sao Paulo,museum,overture,-22.91140365600586,-43.107269287109375,,"trusted category, sample-audited clean",Niterói,outside_boundary
overture:Museu do Chocolate:-22.90133:-43.20309,Museu do Chocolate,museum,overture,-22.901330947875977,-43.203086853027344,,"trusted category, sample-audited clean",Rio de Janeiro,ok
overture:Museu do Cocuruto:-22.95574:-43.16704,Museu do Cocuruto,museum,overture,-22.955738067626953,-43.16703796386719,,"trusted category, sample-audited clean",Rio de Janeiro,ok
overture:Museu do Esporte do Exercito:-22.94528:-43.16315,Museu do Esporte do Exercito,museum,overture,-22.945280075073242,-43.16314697265625,,"trusted category, sample-audited clean",Rio de Janeiro,ok
overture:Museu do Exercito:-22.91223:-43.23352,Museu do Exercito,museum,overture,-22.912229537963867,-43.2335205078125,,"trusted category, sample-audited clean",Rio de Janeiro,ok
overture:Museu do Futebol:-22.91015:-43.23030,Museu do Futebol,museum,overture,-22.91014862060547,-43.23030471801758,,"trusted category, sample-audited clean",Rio de Janeiro,ok
overture:Museu do Meio Ambiente:-22.97045:-43.22325,Museu do Meio Ambiente,museum,overture,-22.97044563293457,-43.22324752807617,,"trusted category, sample-audited clean",Rio de Janeiro,ok
overture:Museu do Planetário:-22.97830:-43.23028,Museu do Planetário,museum,overture,-22.978300094604492,-43.230281829833984,,"trusted category, sample-audited clean",Rio de Janeiro,ok
overture:Museu do Samba:-22.90155:-43.24081,Museu do Samba,museum,overture,-22.90155029296875,-43.240806579589844,,"trusted category, sample-audited clean",Rio de Janeiro,ok
overture:Museu do Surf - By Rico:-22.89749:-43.19595,Museu do Surf - By Rico,museum,overture,-22.897493362426758,-43.195945739746094,,"trusted category, sample-audited clean",Rio de Janeiro,ok
overture:Museu do amanhã:-22.96655:-43.18284,Museu do amanhã,museum,overture,-22.966554641723633,-43.18284225463867,,"trusted category, sample-audited clean",Rio de Janeiro,ok
overture:Museu do bonde:-22.88931:-43.11869,Museu do bonde,museum,overture,-22.88930892944336,-43.118690490722656,,"trusted category, sample-audited clean",Niterói,outside_boundary
overture:Museu dos Azulejos:-22.85662:-43.32791,Museu dos Azulejos,museum,overture,-22.85662269592285,-43.32790756225586,,"trusted category, sample-audited clean",Rio de Janeiro,ok
overture:Museum of Contemporary Art:-22.90731:-43.12596,Museum of Contemporary Art,museum,overture,-22.90730857849121,-43.12595748901367,,"trusted category, sample-audited clean",Niterói,outside_boundary
overture:Museum of Humanity:-22.81946:-43.39518,Museum of Humanity,museum,overture,-22.819459915161133,-43.39517593383789,,"trusted category, sample-audited clean",Rio de Janeiro,ok
overture:Museum of Tiles:-22.88507:-43.27763,Museum of Tiles,museum,overture,-22.885074615478516,-43.27762985229492,,"trusted category, sample-audited clean",Rio de Janeiro,ok
overture:Muzema Cit:-22.99031:-43.32258,Muzema Cit,museum,overture,-22.990306854248047,-43.32258224487305,,"trusted category, sample-audited clean",Rio de Janeiro,ok
overture:National Museum of Brazil:-22.90577:-43.22653,National Museum of Brazil,museum,overture,-22.905765533447266,-43.22652816772461,,"trusted category, sample-audited clean",Rio de Janeiro,ok
overture:Nave do Conhecimento Engenhão - 1ª Arena E-sports Pública do BR:-22.89480:-43.29410,Nave do Conhecimento Engenhão - 1ª Arena E-sports Pública do BR,museum,overture,-22.894798278808594,-43.29410171508789,,"trusted category, sample-audited clean",Rio de Janeiro,ok
overture:Navio Museu Bauru:-23.00312:-43.42890,Navio Museu Bauru,museum,overture,-23.003124237060547,-43.42890167236328,,"trusted category, sample-audited clean",Rio de Janeiro,ok
overture:O Museu da Imigração do Estado de São Paulo:-22.90138:-43.10899,O Museu da Imigração do Estado de São Paulo,museum,overture,-22.90138053894043,-43.108985900878906,,"trusted category, sample-audited clean",Niterói,outside_boundary
overture:Onde Tudo Começou - OTC:-22.90582:-43.22657,Onde Tudo Começou - OTC,museum,overture,-22.905824661254883,-43.226566314697266,,"trusted category, sample-audited clean",Rio de Janeiro,ok
overture:Palácio Episcopal da Conceição:-22.89953:-43.18285,Palácio Episcopal da Conceição,museum,overture,-22.899534225463867,-43.18285369873047,,"trusted category, sample-audited clean",Rio de Janeiro,ok
overture:Palácio da Justiça:-22.89397:-43.11786,Palácio da Justiça,museum,overture,-22.893970489501953,-43.11785888671875,,"trusted category, sample-audited clean",Niterói,outside_boundary
overture:Palácio do Grão-Pará:-22.82336:-43.59579,Palácio do Grão-Pará,museum,overture,-22.823362350463867,-43.595787048339844,,"trusted category, sample-audited clean",Nova Iguaçu,outside_boundary
overture:Panteão Duque de Caxias:-22.90361:-43.18917,Panteão Duque de Caxias,museum,overture,-22.903614044189453,-43.18916702270508,,"trusted category, sample-audited clean",Rio de Janeiro,ok
overture:Parque das Ruínas / Museu da Chácara do Céu:-22.91279:-43.17715,Parque das Ruínas / Museu da Chácara do Céu,museum,overture,-22.912790298461914,-43.177146911621094,,"trusted category, sample-audited clean",Rio de Janeiro,ok
overture:Quilombo das Neves-Centro de Preservaca o Cultural da Arte Capoeira-CPCAC:-22.91550:-43.19091,Quilombo das Neves-Centro de Preservaca o Cultural da Arte Capoeira-CPCAC,museum,overture,-22.91550064086914,-43.190914154052734,,"trusted category, sample-audited clean",Rio de Janeiro,ok
overture:Quinta da Boa Vista - Museu Nacional:-22.92644:-43.21583,Quinta da Boa Vista - Museu Nacional,museum,overture,-22.926443099975586,-43.2158317565918,,"trusted category, sample-audited clean",Rio de Janeiro,ok
overture:Recanto do Museu:-22.98560:-43.18666,Recanto do Museu,museum,overture,-22.985599517822266,-43.1866569519043,,"trusted category, sample-audited clean",Rio de Janeiro,ok
overture:Rio Illusions | Museu de Ilusões:-22.95458:-43.16734,Rio Illusions | Museu de Ilusões,museum,overture,-22.9545841217041,-43.167335510253906,,"trusted category, sample-audited clean",Rio de Janeiro,ok
overture:Rio Museu Olímpico:-22.97544:-43.39299,Rio Museu Olímpico,museum,overture,-22.975435256958008,-43.39298629760742,,"trusted category, sample-audited clean",Rio de Janeiro,ok
overture:Sala Museal Artes e Idéias:-22.90167:-43.18148,Sala Museal Artes e Idéias,museum,overture,-22.90167236328125,-43.18148422241211,,"trusted category, sample-audited clean",Rio de Janeiro,ok
overture:Sitio Histórico Monte Zumba:-22.98735:-43.27915,Sitio Histórico Monte Zumba,museum,overture,-22.98735237121582,-43.27914810180664,,"trusted category, sample-audited clean",Rio de Janeiro,ok
overture:Solar de Grandjean de Montigny:-22.97902:-43.23373,Solar de Grandjean de Montigny,museum,overture,-22.979021072387695,-43.23373031616211,,"trusted category, sample-audited clean",Rio de Janeiro,ok
overture:Solar do Jambeiro:-22.90323:-43.12805,Solar do Jambeiro,museum,overture,-22.903234481811523,-43.128047943115234,,"trusted category, sample-audited clean",Niterói,outside_boundary
overture:Solarpucrio:-22.97897:-43.23339,Solarpucrio,museum,overture,-22.978971481323242,-43.2333869934082,,"trusted category, sample-audited clean",Rio de Janeiro,ok
overture:Submarino Museu Riachuelo:-22.90412:-43.17204,Submarino Museu Riachuelo,museum,overture,-22.90412139892578,-43.17204284667969,,"trusted category, sample-audited clean",Rio de Janeiro,ok
overture:TK Souvenir:-22.92209:-43.17625,TK Souvenir,museum,overture,-22.922090530395508,-43.176246643066406,,"trusted category, sample-audited clean",Rio de Janeiro,ok
overture:Turbulências:-22.89689:-43.18195,Turbulências,museum,overture,-22.89689064025879,-43.18194580078125,,"trusted category, sample-audited clean",Rio de Janeiro,ok
feiras_registry:Feira de Cidade De Deus (Quarta-Feira):-22.94809:-43.35928,Feira de Cidade De Deus (Quarta-Feira),recurring_cultural_event,feiras_registry,-22.9480908,-43.3592755,,"trusted category, sample-audited clean",Rio de Janeiro,ok
"feiras_registry:Feira de Recreio Dos
Bandeirantes (Sábado):-23.02329:-43.48553","Feira de Recreio Dos
Bandeirantes (Sábado)",recurring_cultural_event,feiras_registry,-23.0232945,-43.4855252,,"trusted category, sample-audited clean",Rio de Janeiro,ok
feiras_registry:Feira de Tijuca (Sexta-Feira):-22.92065:-43.22496,Feira de Tijuca (Sexta-Feira),recurring_cultural_event,feiras_registry,-22.9206461,-43.2249591,,"trusted category, sample-audited clean",Rio de Janeiro,ok
overture:Academicos do Engenho da Rainha:-22.87096:-43.29536,Academicos do Engenho da Rainha,topic_concert_venue,overture,-22.87095832824707,-43.29536437988281,,notable Rio samba school with real historical standing,Rio de Janeiro,ok
overture:Auditório Gustavo Dutra (Gustavão):-22.76621:-43.64339,Auditório Gustavo Dutra (Gustavão),topic_concert_venue,overture,-22.766210556030273,-43.64338684082031,,named public auditorium hosting cultural events,Seropédica,outside_boundary
overture:Barracão da Unidos do Viradouro:-22.89993:-43.20647,Barracão da Unidos do Viradouro,topic_concert_venue,overture,-22.899932861328125,-43.20647048950195,,headquarters of a notable Rio samba school with historical standing,Rio de Janeiro,ok
overture:Boulevard Olímpico - Porto Maravilha:-22.89284:-43.19196,Boulevard Olímpico - Porto Maravilha,topic_concert_venue,overture,-22.892841339111328,-43.19195556640625,,waterfront revitalization boulevard with murals/heritage significance,Rio de Janeiro,ok
overture:Canecão | Rio de Janeiro RJ:-22.95600:-43.17757,Canecão | Rio de Janeiro RJ,topic_concert_venue,overture,-22.956003189086914,-43.17757034301758,,historic iconic Rio music venue,Rio de Janeiro,ok
overture:Casa de Tras Os Montes e Alto Douro:-22.92119:-43.22094,Casa de Tras Os Montes e Alto Douro,topic_concert_venue,overture,-22.921192169189453,-43.22093963623047,,real Portuguese regional immigrant cultural association,Rio de Janeiro,ok
overture:Casarão Santa Teresa:-22.93140:-43.19787,Casarão Santa Teresa,topic_concert_venue,overture,-22.93140411376953,-43.197872161865234,,historic mansion in Santa Teresa heritage district,Rio de Janeiro,ok
overture:Centro Coreográfico:-22.92718:-43.23924,Centro Coreográfico,topic_concert_venue,overture,-22.927183151245117,-43.23923873901367,,municipal choreography/dance cultural institution,Rio de Janeiro,ok
overture:Centro Municipal De Tradições Nordestinas São Gonçalo:-22.85360:-43.09930,Centro Municipal De Tradições Nordestinas São Gonçalo,topic_concert_venue,overture,-22.853595733642578,-43.09930419921875,,municipal cultural center for Northeastern Brazilian traditions,São Gonçalo,outside_boundary
overture:Cidade das artes:-22.99778:-43.36503,Cidade das artes,topic_concert_venue,overture,-22.99777603149414,-43.365028381347656,,major performing arts center (Cidade das Artes),Rio de Janeiro,ok
overture:Cidade do Samba RJ:-22.89572:-43.19756,Cidade do Samba RJ,topic_concert_venue,overture,-22.89571762084961,-43.19755554199219,,major samba/carnival cultural institution,Rio de Janeiro,ok
overture:Cine Lapa:-22.91375:-43.17929,Cine Lapa,topic_concert_venue,overture,-22.913753509521484,-43.179290771484375,,historic cinema in Lapa heritage district,Rio de Janeiro,ok
overture:Citibank Hall:-22.98313:-43.36281,Citibank Hall,topic_concert_venue,overture,-22.983131408691406,-43.36281204223633,,major concert/performance arena with real programming,Rio de Janeiro,ok
overture:Concentração do Sambódromo:-22.90466:-43.19086,Concentração do Sambódromo,topic_concert_venue,overture,-22.9046573638916,-43.190860748291016,,staging area of the iconic Sambódromo carnival complex,Rio de Janeiro,ok
overture:Cordão da Bola Preta:-22.91024:-43.18332,Cordão da Bola Preta,topic_concert_venue,overture,-22.910236358642578,-43.18332290649414,,historic centenary Rio carnival bloco (est. 1918),Rio de Janeiro,ok
overture:Cristo Redentor Rio de Janeiro:-22.95205:-43.21074,Cristo Redentor Rio de Janeiro,topic_concert_venue,overture,-22.952051162719727,-43.21074295043945,,iconic monument (Christ the Redeemer statue),Rio de Janeiro,ok
overture:D.R.I EAV Parque Lage:-22.96018:-43.21228,D.R.I EAV Parque Lage,topic_concert_venue,overture,-22.960180282592773,-43.212284088134766,,"Escola de Artes Visuais do Parque Lage, renowned art school in historic park",Rio de Janeiro,ok
overture:Escola de Samba Grande Rio:-22.89562:-43.20238,Escola de Samba Grande Rio,topic_concert_venue,overture,-22.89562225341797,-43.20238494873047,,historic samba school institution,Rio de Janeiro,ok
overture:Escola de Samba Mocidade:-22.86116:-43.44831,Escola de Samba Mocidade,topic_concert_venue,overture,-22.861164093017578,-43.448307037353516,,historic samba school institution,Rio de Janeiro,ok
overture:Escola de Samba Portela:-22.87094:-43.34318,Escola de Samba Portela,topic_concert_venue,overture,-22.87093734741211,-43.34318161010742,,historic and iconic samba school,Rio de Janeiro,ok
overture:Espaco Cafe Cultural / CDPD-RJ Theater:-22.95223:-43.19585,Espaco Cafe Cultural / CDPD-RJ Theater,topic_concert_venue,overture,-22.95223045349121,-43.19585037231445,,cultural cafe/theater with programming,Rio de Janeiro,ok
overture:Espaço Cultural Arlindo Cruz:-22.87435:-43.42841,Espaço Cultural Arlindo Cruz,topic_concert_venue,overture,-22.874351501464844,-43.42841339111328,,cultural space honoring famed samba musician,Rio de Janeiro,ok
overture:Espaço Cultural Nova Iguaçu:-22.76195:-43.45167,Espaço Cultural Nova Iguaçu,topic_concert_venue,overture,-22.761953353881836,-43.45166778564453,,municipal cultural center,Nova Iguaçu,outside_boundary
overture:Espaço Cultural Rose Baiana - Palco Marina Garcia:-22.79026:-43.18498,Espaço Cultural Rose Baiana - Palco Marina Garcia,topic_concert_venue,overture,-22.790260314941406,-43.18498229980469,,named performance venue/stage,Rio de Janeiro,ok
overture:Estadio Jornalista Mario Filho - Estadio Do Maracana:-22.98280:-43.21789,Estadio Jornalista Mario Filho - Estadio Do Maracana,topic_concert_venue,overture,-22.982803344726562,-43.217891693115234,,"Maracanã Stadium, iconic cultural/sports landmark",Rio de Janeiro,ok
overture:Estação Ferroviária Casa de Cultura de Itaguaí:-22.87369:-43.77745,Estação Ferroviária Casa de Cultura de Itaguaí,topic_concert_venue,overture,-22.87369155883789,-43.77744674682617,,historic railway station turned cultural center,Itaguaí,outside_boundary
overture:Feira das Yabás:-22.86780:-43.34438,Feira das Yabás,topic_concert_venue,overture,-22.8677978515625,-43.344383239746094,,historic Afro-Brazilian culture fair in Madureira,Rio de Janeiro,ok
overture:Forte De Copacabana - Jornal Extra:-22.98330:-43.18955,Forte De Copacabana - Jornal Extra,topic_concert_venue,overture,-22.98330307006836,-43.189552307128906,,historic Fort Copacabana military/heritage site,Rio de Janeiro,ok
overture:Fundação Teatro Municipal do Rio de Janeiro:-22.88058:-43.27799,Fundação Teatro Municipal do Rio de Janeiro,topic_concert_venue,overture,-22.880582809448242,-43.277992248535156,,historic Municipal Theatre of Rio,Rio de Janeiro,ok
overture:G.R.E.S. Império Serrano:-22.87420:-43.33647,G.R.E.S. Império Serrano,topic_concert_venue,overture,-22.874202728271484,-43.33647155761719,,historic top-tier samba school (founded 1947),Rio de Janeiro,ok
overture:G.R.E.S. Mocidade Independente de Padre Miguel:-22.97305:-43.38464,G.R.E.S. Mocidade Independente de Padre Miguel,topic_concert_venue,overture,-22.973054885864258,-43.3846435546875,,major Grupo Especial samba school,Rio de Janeiro,ok
overture:GRES Beija Flor de Nilópolis:-22.81362:-43.41969,GRES Beija Flor de Nilópolis,topic_concert_venue,overture,-22.81361961364746,-43.4196891784668,,one of Rio's most prestigious historic samba schools,Nilópolis,outside_boundary
overture:GRES Estácio de Sá:-22.91261:-43.20177,GRES Estácio de Sá,topic_concert_venue,overture,-22.912607192993164,-43.2017707824707,,historic pioneering samba school (1927),Rio de Janeiro,ok
overture:GRES Imperatriz Leopoldinense:-22.85614:-43.26279,GRES Imperatriz Leopoldinense,topic_concert_venue,overture,-22.856142044067383,-43.26279067993164,,major Grupo Especial samba school,Rio de Janeiro,ok
overture:GRES Império Serrano:-22.89435:-43.19639,GRES Império Serrano,topic_concert_venue,overture,-22.894351959228516,-43.19639205932617,,historic top-tier samba school,Rio de Janeiro,ok
overture:GRES Unidos de Vila Isabel:-22.91373:-43.23657,GRES Unidos de Vila Isabel,topic_concert_venue,overture,-22.91373062133789,-43.236568450927734,,major Grupo Especial samba school,Rio de Janeiro,ok
overture:GRES União da Ilha do Governador:-22.81377:-43.18890,GRES União da Ilha do Governador,topic_concert_venue,overture,-22.813766479492188,-43.188899993896484,,major historic samba school,Rio de Janeiro,ok
overture:Ilê Orixá Odé Messan Orun:-22.84988:-43.52749,Ilê Orixá Odé Messan Orun,topic_concert_venue,overture,-22.849884033203125,-43.52749252319336,,named Afro-Brazilian religious terreiro,Rio de Janeiro,ok
overture:Império Serrano:-22.87398:-43.33683,Império Serrano,topic_concert_venue,overture,-22.873981475830078,-43.33682632446289,,historic top-tier samba school,Rio de Janeiro,ok
overture:Jazzmania:-22.98698:-43.19724,Jazzmania,topic_concert_venue,overture,-22.986982345581055,-43.19723892211914,,legendary historic Rio jazz club,Rio de Janeiro,ok
overture:Lona Cultural Sandra de Sá:-22.90210:-43.70736,Lona Cultural Sandra de Sá,topic_concert_venue,overture,-22.902097702026367,-43.707359313964844,,municipal public cultural center (Lona Cultural program),Rio de Janeiro,ok
overture:Lona Cultural de Jacarepaguá:-22.92414:-43.35836,Lona Cultural de Jacarepaguá,topic_concert_venue,overture,-22.92413902282715,-43.35835647583008,,municipal public cultural center (Lona Cultural program),Rio de Janeiro,ok
overture:Palácio Maçônico do Lavradio:-22.91051:-43.18281,Palácio Maçônico do Lavradio,topic_concert_venue,overture,-22.910512924194336,-43.18281173706055,,historic Masonic Palace building in Centro,Rio de Janeiro,ok
overture:Ponto De Cultura Samba Teresa:-22.89420:-43.28885,Ponto De Cultura Samba Teresa,topic_concert_venue,overture,-22.894195556640625,-43.288848876953125,,official Ponto de Cultura community cultural center,Rio de Janeiro,ok
"overture:Porto do Rio de Janeiro, Armazém 24.:-22.89166:-43.21445","Porto do Rio de Janeiro, Armazém 24.",topic_concert_venue,overture,-22.89166259765625,-43.21445083618164,,historic port warehouse (Porto Maravilha heritage zone),Rio de Janeiro,ok
overture:Praça Inhangá Copacabana:-22.96602:-43.18147,Praça Inhangá Copacabana,topic_concert_venue,overture,-22.966018676757812,-43.18147277832031,,historic public square in Copacabana,Rio de Janeiro,ok
overture:Praça Paulo Da Portela Madureira:-22.86993:-43.49866,Praça Paulo Da Portela Madureira,topic_concert_venue,overture,-22.86992835998535,-43.4986572265625,,public square honoring samba pioneer Paulo da Portela,Rio de Janeiro,ok
overture:Quadra Da Unidos De Padre Miguel:-22.87079:-43.44744,Quadra Da Unidos De Padre Miguel,topic_concert_venue,overture,-22.870786666870117,-43.447444915771484,,rehearsal quadra of Unidos de Padre Miguel samba school,Rio de Janeiro,ok
overture:Quadra Do Manguerinha:-22.80542:-43.40034,Quadra Do Manguerinha,topic_concert_venue,overture,-22.805416107177734,-43.40034484863281,,samba school rehearsal quadra (Manguerinha),Nilópolis,outside_boundary
overture:Quadra da Escola de Samba Grande Rio:-22.79199:-43.31019,Quadra da Escola de Samba Grande Rio,topic_concert_venue,overture,-22.7919864654541,-43.31018829345703,,rehearsal quadra of Grande Rio samba school,Duque de Caxias,outside_boundary
overture:Quadra do Salgueiro:-22.92143:-43.24425,Quadra do Salgueiro,topic_concert_venue,overture,-22.921428680419922,-43.2442512512207,,rehearsal quadra of Salgueiro samba school,Rio de Janeiro,ok
overture:Quilombo de Irajá:-22.84754:-43.32512,Quilombo de Irajá,topic_concert_venue,overture,-22.84754180908203,-43.32511901855469,,historic Afro-Brazilian quilombo heritage community,Rio de Janeiro,ok
overture:Sala Cultural Mestra Joana Cavalcante:-22.89510:-43.57402,Sala Cultural Mestra Joana Cavalcante,topic_concert_venue,overture,-22.895103454589844,-43.57402038574219,,named cultural academy honoring a cultural mestra with real programming,Rio de Janeiro,ok
overture:Sala Marília Pêra:-22.98092:-43.22281,Sala Marília Pêra,topic_concert_venue,overture,-22.980924606323242,-43.222808837890625,,named theater hall honoring famous actress,Rio de Janeiro,ok
overture:Salgueiro Histórico:-22.92198:-43.24410,Salgueiro Histórico,topic_concert_venue,overture,-22.92198371887207,-43.24409866333008,,historic Salgueiro samba school with real cultural standing,Rio de Janeiro,ok
overture:Sambadromo:-22.97485:-43.18774,Sambadromo,topic_concert_venue,overture,-22.974849700927734,-43.18773651123047,,iconic Niemeyer-designed Carnival parade landmark,Rio de Janeiro,ok
"overture:Santa Teresa, Largo Das Neves:-22.91716:-43.19015","Santa Teresa, Largo Das Neves",topic_concert_venue,overture,-22.91716194152832,-43.19015121459961,,historic bohemian square in Santa Teresa,Rio de Janeiro,ok
overture:Sesc São João de Meriti:-22.80391:-43.36728,Sesc São João de Meriti,topic_concert_venue,overture,-22.803913116455078,-43.36727523803711,,Sesc cultural center with real programming,São João de Meriti,outside_boundary
overture:Teatro Bangu Shopping:-22.87868:-43.46589,Teatro Bangu Shopping,topic_concert_venue,overture,-22.878684997558594,-43.465885162353516,,real theater venue with programming,Rio de Janeiro,ok
overture:Teatro Brigitte Blair:-22.97797:-43.19111,Teatro Brigitte Blair,topic_concert_venue,overture,-22.977968215942383,-43.19111251831055,,real theater venue with programming,Rio de Janeiro,ok
overture:Teatro Clara Nunes:-22.96779:-43.23140,Teatro Clara Nunes,topic_concert_venue,overture,-22.967790603637695,-43.23140335083008,,real theater venue with programming,Rio de Janeiro,ok
overture:Teatro Dirceu De Mattos:-22.93355:-43.20044,Teatro Dirceu De Mattos,topic_concert_venue,overture,-22.933551788330078,-43.200443267822266,,real theater venue with programming,Rio de Janeiro,ok
overture:Teatro Glaucio Rocha:-22.90755:-43.28867,Teatro Glaucio Rocha,topic_concert_venue,overture,-22.907550811767578,-43.288665771484375,,real theater venue with programming,Rio de Janeiro,ok
overture:Teatro Ii do Ccbb:-22.90110:-43.17648,Teatro Ii do Ccbb,topic_concert_venue,overture,-22.901100158691406,-43.176483154296875,,"theater within Centro Cultural Banco do Brasil, real programming",Rio de Janeiro,ok
overture:Teatro Iracema de Alencar:-22.93350:-43.35720,Teatro Iracema de Alencar,topic_concert_venue,overture,-22.933502197265625,-43.35719680786133,,real theater venue with programming,Rio de Janeiro,ok
overture:Teatro Justiça:-22.91043:-43.17558,Teatro Justiça,topic_concert_venue,overture,-22.910429000854492,-43.17558288574219,,real theater venue with programming,Rio de Janeiro,ok
overture:Teatro Municipal Procópio Ferreira:-22.79062:-43.30826,Teatro Municipal Procópio Ferreira,topic_concert_venue,overture,-22.790618896484375,-43.308258056640625,,named theater with real programming,Duque de Caxias,outside_boundary
overture:Teatro Popular Oscar Niemeyer:-22.88995:-43.12827,Teatro Popular Oscar Niemeyer,topic_concert_venue,overture,-22.889949798583984,-43.128273010253906,,"Niemeyer-designed public theater, cultural landmark",Niterói,outside_boundary
overture:Teatro Quality:-22.93818:-43.34793,Teatro Quality,topic_concert_venue,overture,-22.938182830810547,-43.34792709350586,,real theater venue with programming,Rio de Janeiro,ok
overture:Teatro Silvio Monteiro:-22.97154:-43.36233,Teatro Silvio Monteiro,topic_concert_venue,overture,-22.971542358398438,-43.362327575683594,,real theater venue with programming,Rio de Janeiro,ok
overture:Teatro Tom Jobim:-22.97094:-43.22482,Teatro Tom Jobim,topic_concert_venue,overture,-22.970943450927734,-43.224822998046875,,"notable theater in Jardim Botânico, named for famous composer",Rio de Janeiro,ok
overture:Teatro do Liceu:-22.90725:-43.19314,Teatro do Liceu,topic_concert_venue,overture,-22.907245635986328,-43.193138122558594,,real theater venue with programming,Rio de Janeiro,ok
overture:Teatro dos Grandes Atores - Barra da Tijuca:-22.93578:-43.33853,Teatro dos Grandes Atores - Barra da Tijuca,topic_concert_venue,overture,-22.93578338623047,-43.338531494140625,,real theater venue with programming,Rio de Janeiro,ok
overture:Telhadão do Tuiuti:-22.89895:-43.23426,Telhadão do Tuiuti,topic_concert_venue,overture,-22.89894676208496,-43.23426055908203,,rehearsal hall of Unidos do Tuiuti samba school,Rio de Janeiro,ok
overture:Terreiro da NEGRA Valéria:-22.80566:-43.38625,Terreiro da NEGRA Valéria,topic_concert_venue,overture,-22.805660247802734,-43.386253356933594,,"Afro-Brazilian religious terreiro, cultural/religious site",São João de Meriti,outside_boundary
overture:Terreirão Samba:-22.90768:-43.19609,Terreirão Samba,topic_concert_venue,overture,-22.907682418823242,-43.19609069824219,,"Terreirão do Samba, historic downtown samba/carnival venue",Rio de Janeiro,ok
overture:Theatro Municipal:-22.90836:-43.17729,Theatro Municipal,topic_concert_venue,overture,-22.90835952758789,-43.17729187011719,,"iconic historic municipal theater, major heritage landmark",Rio de Janeiro,ok
overture:Theatro Municipal do Rio de Janeiro:-22.88461:-43.29129,Theatro Municipal do Rio de Janeiro,topic_concert_venue,overture,-22.884613037109375,-43.291290283203125,,"iconic historic municipal theater, major heritage landmark",Rio de Janeiro,ok
overture:Unidos do Viradouro:-22.85907:-43.10450,Unidos do Viradouro,topic_concert_venue,overture,-22.859073638916016,-43.1045036315918,,"historic samba school, cultural institution",Niterói,outside_boundary
overture:Vivo Rio:-22.92123:-43.55054,Vivo Rio,topic_concert_venue,overture,-22.92123031616211,-43.55054473876953,,well-known concert/exhibition cultural venue,Rio de Janeiro,ok
overture:Época De Glória Feira De Antiguidades e Artes:-22.92008:-43.17052,Época De Glória Feira De Antiguidades e Artes,topic_concert_venue,overture,-22.920080184936523,-43.17052459716797,,"antiques and arts fair, historic market",Rio de Janeiro,ok
