id,name,lat,lon,category,scope,reason
overture:Aldeia Maracanã:-22.91103:-43.22773,Aldeia Maracanã,-22.911029815673828,-43.22772979736328,art_museum,CULTURAL,"trusted category, sample-audited clean"
overture:Cantina do Mam:-22.91401:-43.17272,Cantina do Mam,-22.914005279541016,-43.17272186279297,art_museum,CULTURAL,"trusted category, sample-audited clean"
overture:Casa França-Brasil:-22.90061:-43.17572,Casa França-Brasil,-22.900606155395508,-43.175724029541016,art_museum,CULTURAL,"trusted category, sample-audited clean"
overture:Casa de Cultura Ife Ominira:-22.86266:-43.36122,Casa de Cultura Ife Ominira,-22.862659454345703,-43.36122131347656,art_museum,CULTURAL,"trusted category, sample-audited clean"
overture:Casa de Cultura José Bonifácio:-22.76375:-43.10957,Casa de Cultura José Bonifácio,-22.763750076293945,-43.10957336425781,art_museum,CULTURAL,"trusted category, sample-audited clean"
overture:Chácara do Céu:-22.91795:-43.18295,Chácara do Céu,-22.91794776916504,-43.18294906616211,art_museum,CULTURAL,"trusted category, sample-audited clean"
overture:Cinemateca do MAM:-22.91382:-43.17284,Cinemateca do MAM,-22.913820266723633,-43.17283630371094,art_museum,CULTURAL,"trusted category, sample-audited clean"
overture:Ensaio Técnico de Rua Unidos da Tijuca:-22.90422:-43.20693,Ensaio Técnico de Rua Unidos da Tijuca,-22.90422248840332,-43.20692825317383,art_museum,CULTURAL,"trusted category, sample-audited clean"
overture:Exposição Pessach:-22.93586:-43.18978,Exposição Pessach,-22.935863494873047,-43.189781188964844,art_museum,CULTURAL,"trusted category, sample-audited clean"
overture:Fundação de Arte de Niterói:-22.90369:-43.12493,Fundação de Arte de Niterói,-22.903688430786133,-43.12492752075195,art_museum,CULTURAL,"trusted category, sample-audited clean"
overture:Galeria Mestre Vitalino:-22.92574:-43.17659,Galeria Mestre Vitalino,-22.925739288330078,-43.17658996582031,art_museum,CULTURAL,"trusted category, sample-audited clean"
overture:Instituto Casa Roberto Marinho (ICRM):-22.93993:-43.20409,Instituto Casa Roberto Marinho (ICRM),-22.93992805480957,-43.20408630371094,art_museum,CULTURAL,"trusted category, sample-audited clean"
overture:Leão Etíope do Méier:-22.90203:-43.27982,Leão Etíope do Méier,-22.90203285217285,-43.279823303222656,art_museum,CULTURAL,"trusted category, sample-audited clean"
overture:MAAS Museu Arquidiocesano de Arte Sacra do Rio de Janeiro:-22.91072:-43.18043,MAAS Museu Arquidiocesano de Arte Sacra do Rio de Janeiro,-22.910724639892578,-43.18042755126953,art_museum,CULTURAL,"trusted category, sample-audited clean"
overture:Mac:-22.90781:-43.12584,Mac,-22.907814025878906,-43.12583923339844,art_museum,CULTURAL,"trusted category, sample-audited clean"
overture:Mac - Niterói Contemporary Art Museum:-22.82836:-43.28694,Mac - Niterói Contemporary Art Museum,-22.8283634185791,-43.28694152832031,art_museum,CULTURAL,"trusted category, sample-audited clean"
overture:Museu Antonio Parreiras:-22.90177:-43.12611,Museu Antonio Parreiras,-22.90177345275879,-43.12611389160156,art_museum,CULTURAL,"trusted category, sample-audited clean"
overture:Museu Arquidiocesano de Arte Sacra do Rio de Janeiro (MAAS):-22.91014:-43.18058,Museu Arquidiocesano de Arte Sacra do Rio de Janeiro (MAAS),-22.910140991210938,-43.180580139160156,art_museum,CULTURAL,"trusted category, sample-audited clean"
overture:Museu Astronomico:-22.91216:-43.10838,Museu Astronomico,-22.91215705871582,-43.10837936401367,art_museum,CULTURAL,"trusted category, sample-audited clean"
overture:Museu Casa do Pontal:-23.02386:-43.51019,Museu Casa do Pontal,-23.02385902404785,-43.510189056396484,art_museum,CULTURAL,"trusted category, sample-audited clean"
overture:Museu Do Graffiti:-22.81739:-43.35756,Museu Do Graffiti,-22.8173885345459,-43.35755920410156,art_museum,CULTURAL,"trusted category, sample-audited clean"
overture:Museu Janete Costa de Arte Popular:-22.90370:-43.12810,Museu Janete Costa de Arte Popular,-22.903703689575195,-43.12810134887695,art_museum,CULTURAL,"trusted category, sample-audited clean"
overture:Museu Raymundo Ottoni Castro Maya:-22.91778:-43.18159,Museu Raymundo Ottoni Castro Maya,-22.917781829833984,-43.18159103393555,art_museum,CULTURAL,"trusted category, sample-audited clean"
overture:Museu Sacro Franciscano:-22.90683:-43.17915,Museu Sacro Franciscano,-22.906829833984375,-43.17914962768555,art_museum,CULTURAL,"trusted category, sample-audited clean"
overture:Museu da Chácara do Céu:-22.91736:-43.18418,Museu da Chácara do Céu,-22.9173641204834,-43.18417739868164,art_museum,CULTURAL,"trusted category, sample-audited clean"
overture:Museu da Cidade:-22.90114:-43.17701,Museu da Cidade,-22.90114402770996,-43.177005767822266,art_museum,CULTURAL,"trusted category, sample-audited clean"
overture:Museu da Cultura Puri:-22.91428:-43.19998,Museu da Cultura Puri,-22.914276123046875,-43.199981689453125,art_museum,CULTURAL,"trusted category, sample-audited clean"
overture:Museu da Imagem e do Som:-22.97902:-43.18939,Museu da Imagem e do Som,-22.979015350341797,-43.189388275146484,art_museum,CULTURAL,"trusted category, sample-audited clean"
overture:Museu das Telecomunicações:-22.92996:-43.17651,Museu das Telecomunicações,-22.929960250854492,-43.176513671875,art_museum,CULTURAL,"trusted category, sample-audited clean"
overture:Museu de Arte Contemporânea de Niterói (MAC):-22.90735:-43.12577,Museu de Arte Contemporânea de Niterói (MAC),-22.907350540161133,-43.125770568847656,art_museum,CULTURAL,"trusted category, sample-audited clean"
overture:Museu de Arte do Rio:-22.89661:-43.18204,Museu de Arte do Rio,-22.896608352661133,-43.182037353515625,art_museum,CULTURAL,"trusted category, sample-audited clean"
overture:Museu de Arte do Rio (MAR):-22.89688:-43.18177,Museu de Arte do Rio (MAR),-22.896881103515625,-43.18177032470703,art_museum,CULTURAL,"trusted category, sample-audited clean"
overture:Museu de Artes Ivan Del Blanco:-22.97591:-43.18983,Museu de Artes Ivan Del Blanco,-22.975910186767578,-43.1898307800293,art_museum,CULTURAL,"trusted category, sample-audited clean"
overture:Museu de Imagens do Inconsciente:-22.90349:-43.30137,Museu de Imagens do Inconsciente,-22.903488159179688,-43.301368713378906,art_museum,CULTURAL,"trusted category, sample-audited clean"
overture:Museu do Açude:-22.96483:-43.28209,Museu do Açude,-22.964826583862305,-43.2820930480957,art_museum,CULTURAL,"trusted category, sample-audited clean"
overture:Museu do Ingá:-22.90336:-43.12555,Museu do Ingá,-22.903356552124023,-43.125545501708984,art_museum,CULTURAL,"trusted category, sample-audited clean"
overture:Museu do Pontal:-22.99417:-43.39838,Museu do Pontal,-22.994173049926758,-43.39838409423828,art_museum,CULTURAL,"trusted category, sample-audited clean"
overture:Museu do paço:-22.90289:-43.17331,Museu do paço,-22.902894973754883,-43.173309326171875,art_museum,CULTURAL,"trusted category, sample-audited clean"
overture:Museum Dom João VI:-22.86241:-43.22301,Museum Dom João VI,-22.86240577697754,-43.22301483154297,art_museum,CULTURAL,"trusted category, sample-audited clean"
overture:Museum of Inga:-22.90365:-43.12542,Museum of Inga,-22.90365219116211,-43.12541961669922,art_museum,CULTURAL,"trusted category, sample-audited clean"
overture:Petit Trianon:-22.90942:-43.17274,Petit Trianon,-22.9094181060791,-43.17273712158203,art_museum,CULTURAL,"trusted category, sample-audited clean"
overture:Polo Praça XV:-22.90282:-43.17458,Polo Praça XV,-22.902820587158203,-43.174583435058594,art_museum,CULTURAL,"trusted category, sample-audited clean"
overture:Scalinata Selarón:-22.91570:-43.17896,Scalinata Selarón,-22.915699005126953,-43.178958892822266,art_museum,CULTURAL,"trusted category, sample-audited clean"
overture:grande cia. de mystérios e novidades:-22.89766:-43.19271,grande cia. de mystérios e novidades,-22.897661209106445,-43.19271469116211,art_museum,CULTURAL,"trusted category, sample-audited clean"
wikidata:Acervo do Museu de Imagens do Inconsciente:-22.90091:-43.30067,Acervo do Museu de Imagens do Inconsciente,-22.900912,-43.30067,heritage_site,CULTURAL,"trusted category, sample-audited clean"
wikidata:Alfândega do Rio de Janeiro:-22.90029:-43.17635,Alfândega do Rio de Janeiro,-22.900285,-43.176353055,heritage_site,CULTURAL,"trusted category, sample-audited clean"
wikidata:Antigo Solar do Visconde do Rio Seco:-22.90747:-43.18379,Antigo Solar do Visconde do Rio Seco,-22.907468,-43.183786,heritage_site,CULTURAL,"trusted category, sample-audited clean"
wikidata:Aqueduto da Colônia Juliano Moreira:-22.93628:-43.39974,Aqueduto da Colônia Juliano Moreira,-22.936277648,-43.399737187,heritage_site,CULTURAL,"trusted category, sample-audited clean"
wikidata:Aterro do Flamengo:-22.92100:-43.17000,Aterro do Flamengo,-22.921,-43.17,heritage_site,CULTURAL,"trusted category, sample-audited clean"
wikidata:Avenida Rio Branco:-22.90472:-43.17750,Avenida Rio Branco,-22.90472222,-43.1775,heritage_site,CULTURAL,"trusted category, sample-audited clean"
wikidata:Bebedouro da Estrada Velha da Tijuca:-22.95203:-43.26208,Bebedouro da Estrada Velha da Tijuca,-22.952029507,-43.262078825,heritage_site,CULTURAL,"trusted category, sample-audited clean"
wikidata:Biblioteca Nacional do Brasil:-22.90972:-43.17550,Biblioteca Nacional do Brasil,-22.909723,-43.175501,heritage_site,CULTURAL,"trusted category, sample-audited clean"
wikidata:Bica da Rainha:-22.94078:-43.19701,Bica da Rainha,-22.94078,-43.197006,heritage_site,CULTURAL,"trusted category, sample-audited clean"
wikidata:Capela Nossa Senhora da Cabeça Rio de Janeiro:-22.96096:-43.22087,Capela Nossa Senhora da Cabeça Rio de Janeiro,-22.960962,-43.22087,heritage_site,CULTURAL,"trusted category, sample-audited clean"
wikidata:Casa da Marquesa de Santos:-22.90458:-43.21707,Casa da Marquesa de Santos,-22.90458,-43.217068,heritage_site,CULTURAL,"trusted category, sample-audited clean"
wikidata:Casa da Moeda do Brasil:-22.90649:-43.19078,Casa da Moeda do Brasil,-22.90649,-43.190782,heritage_site,CULTURAL,"trusted category, sample-audited clean"
wikidata:Casa das Canoas:-22.98590:-43.27288,Casa das Canoas,-22.985902,-43.272883,heritage_site,CULTURAL,"trusted category, sample-audited clean"
wikidata:Casa de Rui Barbosa:-22.94875:-43.18705,Casa de Rui Barbosa,-22.948753553,-43.187046216,heritage_site,CULTURAL,"trusted category, sample-audited clean"
wikidata:Casa do Bispo:-22.92607:-43.21027,Casa do Bispo,-22.926067,-43.210271,heritage_site,CULTURAL,"trusted category, sample-audited clean"
wikidata:Chafariz Paulo Fernandes:-22.91153:-43.19456,Chafariz Paulo Fernandes,-22.9115308,-43.1945616,heritage_site,CULTURAL,"trusted category, sample-audited clean"
wikidata:Chafariz Rua do Riachuelo:-22.91505:-43.18637,Chafariz Rua do Riachuelo,-22.91505,-43.186372,heritage_site,CULTURAL,"trusted category, sample-audited clean"
wikidata:Chafariz da Glória:-22.91843:-43.17710,Chafariz da Glória,-22.9184257,-43.1771039,heritage_site,CULTURAL,"trusted category, sample-audited clean"
wikidata:Chafariz das Saracuras:-22.98516:-43.19779,Chafariz das Saracuras,-22.985160762,-43.197794625,heritage_site,CULTURAL,"trusted category, sample-audited clean"
wikidata:Chafariz de Grandjean de Montigny:-22.96167:-43.27332,Chafariz de Grandjean de Montigny,-22.961668055,-43.273318888,heritage_site,CULTURAL,"trusted category, sample-audited clean"
wikidata:Chafariz do Lagarto:-22.91203:-43.19521,Chafariz do Lagarto,-22.9120252,-43.1952142,heritage_site,CULTURAL,"trusted category, sample-audited clean"
wikidata:Coleção Geyer:-22.94099:-43.20517,Coleção Geyer,-22.94099,-43.205175,heritage_site,CULTURAL,"trusted category, sample-audited clean"
wikidata:Colégio Militar do Rio de Janeiro:-22.91691:-43.22634,Colégio Militar do Rio de Janeiro,-22.91691,-43.226343,heritage_site,CULTURAL,"trusted category, sample-audited clean"
wikidata:Colégio Pedro II:-22.90172:-43.18490,Colégio Pedro II,-22.9017223,-43.184904,heritage_site,CULTURAL,"trusted category, sample-audited clean"
wikidata:Conjunto Arquitetônico da Avenida Central:-22.90983:-43.17589,Conjunto Arquitetônico da Avenida Central,-22.909834,-43.175895,heritage_site,CULTURAL,"trusted category, sample-audited clean"
wikidata:Convento de Santa Teresa:-22.91553:-43.18045,Convento de Santa Teresa,-22.915529,-43.180453,heritage_site,CULTURAL,"trusted category, sample-audited clean"
wikidata:Convento de Santo Antônio:-22.90725:-43.17914,Convento de Santo Antônio,-22.90725,-43.179138888,heritage_site,CULTURAL,"trusted category, sample-audited clean"
wikidata:Convento do Carmo:-22.90337:-43.17555,Convento do Carmo,-22.903371,-43.175553,heritage_site,CULTURAL,"trusted category, sample-audited clean"
wikidata:Copacabana Palace:-22.96726:-43.17874,Copacabana Palace,-22.96726,-43.17874,heritage_site,CULTURAL,"trusted category, sample-audited clean"
wikidata:Cristo Redentor:-22.95192:-43.21046,Cristo Redentor,-22.951915648,-43.210464122,heritage_site,CULTURAL,"trusted category, sample-audited clean"
wikidata:Edifício ''A Noite'':-22.89730:-43.18100,Edifício ''A Noite'',-22.8973,-43.181,heritage_site,CULTURAL,"trusted category, sample-audited clean"
wikidata:Edifício Docas de Santos:-22.90057:-43.17960,Edifício Docas de Santos,-22.900569,-43.179598,heritage_site,CULTURAL,"trusted category, sample-audited clean"
wikidata:Edifício Gustavo Capanema:-22.90920:-43.17383,Edifício Gustavo Capanema,-22.9092,-43.17382778,heritage_site,CULTURAL,"trusted category, sample-audited clean"
wikidata:Escola Nacional de Belas Artes:-22.90877:-43.17571,Escola Nacional de Belas Artes,-22.908769444,-43.175705555,heritage_site,CULTURAL,"trusted category, sample-audited clean"
wikidata:Estação Central do Brasil:-22.90341:-43.19144,Estação Central do Brasil,-22.903413888,-43.191444444,heritage_site,CULTURAL,"trusted category, sample-audited clean"
wikidata:Estação Ferroviária Leopoldina - Barão de Mauá:-22.90771:-43.21045,Estação Ferroviária Leopoldina - Barão de Mauá,-22.907711078,-43.210454321,heritage_site,CULTURAL,"trusted category, sample-audited clean"
wikidata:Estação Leopoldina:-22.90766:-43.21057,Estação Leopoldina,-22.90766242,-43.21057088,heritage_site,CULTURAL,"trusted category, sample-audited clean"
wikidata:Estádio Jornalista Mário Filho:-22.91222:-43.23028,Estádio Jornalista Mário Filho,-22.912222222,-43.230277777,heritage_site,CULTURAL,"trusted category, sample-audited clean"
wikidata:Estátua equestre de Dom Pedro I:-22.90695:-43.18282,Estátua equestre de Dom Pedro I,-22.906954,-43.182824,heritage_site,CULTURAL,"trusted category, sample-audited clean"
wikidata:Fazenda da Taquara:-22.92223:-43.38288,Fazenda da Taquara,-22.922226662,-43.382882804,heritage_site,CULTURAL,"trusted category, sample-audited clean"
wikidata:Fazenda do Capão do Bispo:-22.88317:-43.27814,Fazenda do Capão do Bispo,-22.883174,-43.278144,heritage_site,CULTURAL,"trusted category, sample-audited clean"
wikidata:Fazenda do Engenho d’ Água:-22.95510:-43.35623,Fazenda do Engenho d’ Água,-22.955095,-43.356234,heritage_site,CULTURAL,"trusted category, sample-audited clean"
wikidata:Fortaleza de Nossa Senhora da Conceição (Rio de Janeiro):-22.89923:-43.18377,Fortaleza de Nossa Senhora da Conceição (Rio de Janeiro),-22.899226,-43.183768,heritage_site,CULTURAL,"trusted category, sample-audited clean"
wikidata:Fortaleza de São José da Ilha das Cobras:-22.89638:-43.17114,Fortaleza de São José da Ilha das Cobras,-22.896382,-43.17114,heritage_site,CULTURAL,"trusted category, sample-audited clean"
wikidata:Fortaleza de São João:-22.94337:-43.15646,Fortaleza de São João,-22.943372,-43.156458,heritage_site,CULTURAL,"trusted category, sample-audited clean"
wikidata:Forte de Copacabana:-22.98583:-43.18528,Forte de Copacabana,-22.985833333,-43.185277777,heritage_site,CULTURAL,"trusted category, sample-audited clean"
wikidata:Forte de São Tiago:-22.90591:-43.16952,Forte de São Tiago,-22.905908333,-43.169522222,heritage_site,CULTURAL,"trusted category, sample-audited clean"
wikidata:Fortim de Caetano Madeira:-22.89650:-43.25960,Fortim de Caetano Madeira,-22.8965,-43.2596,heritage_site,CULTURAL,"trusted category, sample-audited clean"
wikidata:Hangar de Zepelins do Aeroporto Bartolomeu de Gusmão:-22.92274:-43.70353,Hangar de Zepelins do Aeroporto Bartolomeu de Gusmão,-22.922736,-43.703531,heritage_site,CULTURAL,"trusted category, sample-audited clean"
wikidata:Hospital Escola São Francisco de Assis:-22.90907:-43.20139,Hospital Escola São Francisco de Assis,-22.90907,-43.201393,heritage_site,CULTURAL,"trusted category, sample-audited clean"
wikidata:Igreja Nossa Senhora Mãe dos Homens (Rio de Janeiro):-22.90177:-43.17839,Igreja Nossa Senhora Mãe dos Homens (Rio de Janeiro),-22.901768,-43.178394,heritage_site,CULTURAL,"trusted category, sample-audited clean"
wikidata:Igreja Positivista do Brasil:-22.92058:-43.17938,Igreja Positivista do Brasil,-22.92058,-43.17938,heritage_site,CULTURAL,"trusted category, sample-audited clean"
wikidata:Igreja da Ordem Terceira do Carmo:-22.90309:-43.17556,Igreja da Ordem Terceira do Carmo,-22.90309444,-43.17555833,heritage_site,CULTURAL,"trusted category, sample-audited clean"
wikidata:Igreja de Nossa Senhora da Ajuda (Ilha do Governador):-22.79332:-43.17052,Igreja de Nossa Senhora da Ajuda (Ilha do Governador),-22.79332,-43.170516,heritage_site,CULTURAL,"trusted category, sample-audited clean"
wikidata:Igreja de Nossa Senhora da Candelária:-22.90081:-43.17789,Igreja de Nossa Senhora da Candelária,-22.900811111,-43.177894444,heritage_site,CULTURAL,"trusted category, sample-audited clean"
wikidata:Igreja de Nossa Senhora da Conceição e Boa Morte:-22.90302:-43.17875,Igreja de Nossa Senhora da Conceição e Boa Morte,-22.903021,-43.178751,heritage_site,CULTURAL,"trusted category, sample-audited clean"
wikidata:Igreja de Nossa Senhora da Glória do Outeiro:-22.92145:-43.17543,Igreja de Nossa Senhora da Glória do Outeiro,-22.92144722,-43.17543333,heritage_site,CULTURAL,"trusted category, sample-audited clean"
wikidata:Igreja de Nossa Senhora da Lapa dos Mercadores:-22.90221:-43.17520,Igreja de Nossa Senhora da Lapa dos Mercadores,-22.90221,-43.1752,heritage_site,CULTURAL,"trusted category, sample-audited clean"
wikidata:Igreja de Nossa Senhora da Pena:-22.94159:-43.34832,Igreja de Nossa Senhora da Pena,-22.941587,-43.3483199,heritage_site,CULTURAL,"trusted category, sample-audited clean"
wikidata:Igreja de Nossa Senhora da Saúde:-22.89375:-43.19148,Igreja de Nossa Senhora da Saúde,-22.893746,-43.191477,heritage_site,CULTURAL,"trusted category, sample-audited clean"
wikidata:Igreja de Nossa Senhora do Bonsucesso:-22.90647:-43.17059,Igreja de Nossa Senhora do Bonsucesso,-22.906467,-43.170585,heritage_site,CULTURAL,"trusted category, sample-audited clean"
wikidata:Igreja de Nossa Senhora do Carmo:-22.90333:-43.17556,Igreja de Nossa Senhora do Carmo,-22.903333333,-43.175555555,heritage_site,CULTURAL,"trusted category, sample-audited clean"
wikidata:Igreja de Nossa Senhora do Carmo da Lapa do Desterro:-22.91459:-43.17771,Igreja de Nossa Senhora do Carmo da Lapa do Desterro,-22.914592,-43.177707,heritage_site,CULTURAL,"trusted category, sample-audited clean"
wikidata:Igreja de Nossa Senhora do Desterro:-23.00595:-43.63431,Igreja de Nossa Senhora do Desterro,-23.005952,-43.634309,heritage_site,CULTURAL,"trusted category, sample-audited clean"
wikidata:Igreja de Nossa Senhora do Rosário e São Benedito (Rio de Janeiro):-22.90416:-43.18049,Igreja de Nossa Senhora do Rosário e São Benedito (Rio de Janeiro),-22.90416,-43.180492,heritage_site,CULTURAL,"trusted category, sample-audited clean"
wikidata:Igreja de Santa Cruz dos Militares:-22.90216:-43.17568,Igreja de Santa Cruz dos Militares,-22.902158,-43.175682,heritage_site,CULTURAL,"trusted category, sample-audited clean"
wikidata:Igreja de Santa Luzia:-22.90954:-43.17260,Igreja de Santa Luzia,-22.909542,-43.172603,heritage_site,CULTURAL,"trusted category, sample-audited clean"
wikidata:Igreja de São Francisco da Prainha:-22.89781:-43.18363,Igreja de São Francisco da Prainha,-22.897811,-43.183628,heritage_site,CULTURAL,"trusted category, sample-audited clean"
wikidata:Igreja de São Francisco de Paula:-22.90549:-43.18059,Igreja de São Francisco de Paula,-22.905493,-43.180594,heritage_site,CULTURAL,"trusted category, sample-audited clean"
wikidata:Igreja de São José:-22.90450:-43.17410,Igreja de São José,-22.9045,-43.1741,heritage_site,CULTURAL,"trusted category, sample-audited clean"
wikidata:Igreja do Bom Jesus da Coluna:-22.85948:-43.21230,Igreja do Bom Jesus da Coluna,-22.859478,-43.2123,heritage_site,CULTURAL,"trusted category, sample-audited clean"
wikidata:Igreja do Santíssimo Sacramento da Antiga Sé:-22.90458:-43.18284,Igreja do Santíssimo Sacramento da Antiga Sé,-22.90458,-43.182841,heritage_site,CULTURAL,"trusted category, sample-audited clean"
wikidata:Jardim Botânico do Rio de Janeiro:-22.96750:-43.22389,Jardim Botânico do Rio de Janeiro,-22.9675,-43.223889,heritage_site,CULTURAL,"trusted category, sample-audited clean"
wikidata:Jardim e Morro do Valongo:-22.89856:-43.18643,Jardim e Morro do Valongo,-22.898558,-43.186426,heritage_site,CULTURAL,"trusted category, sample-audited clean"
wikidata:Ladeira da Misericórdia:-22.90620:-43.17027,Ladeira da Misericórdia,-22.906195,-43.17027,heritage_site,CULTURAL,"trusted category, sample-audited clean"
wikidata:Lago do Campo de Santana:-22.90759:-43.18802,Lago do Campo de Santana,-22.9075885,-43.188024,heritage_site,CULTURAL,"trusted category, sample-audited clean"
wikidata:Lagoa Rodrigo de Freitas:-22.97111:-43.21167,Lagoa Rodrigo de Freitas,-22.971111111,-43.211666666,heritage_site,CULTURAL,"trusted category, sample-audited clean"
wikidata:Lampadário da Lapa:-22.91434:-43.17802,Lampadário da Lapa,-22.9143351,-43.1780163,heritage_site,CULTURAL,"trusted category, sample-audited clean"
wikidata:Monumento aos Mortos da Segunda Guerra Mundial:-22.91667:-43.17361,Monumento aos Mortos da Segunda Guerra Mundial,-22.91666667,-43.17361111,heritage_site,CULTURAL,"trusted category, sample-audited clean"
wikidata:Morro Dois Irmãos:-22.99080:-43.23960,Morro Dois Irmãos,-22.9908,-43.2396,heritage_site,CULTURAL,"trusted category, sample-audited clean"
wikidata:Morro da Babilônia:-22.96000:-43.17056,Morro da Babilônia,-22.96,-43.17055556,heritage_site,CULTURAL,"trusted category, sample-audited clean"
wikidata:Morro do Corcovado:-22.95250:-43.21167,Morro do Corcovado,-22.9525,-43.211666666,heritage_site,CULTURAL,"trusted category, sample-audited clean"
wikidata:Mosteiro de São Bento:-22.89703:-43.17805,Mosteiro de São Bento,-22.8970349,-43.178051,heritage_site,CULTURAL,"trusted category, sample-audited clean"
wikidata:Observatório Nacional:-22.89588:-43.22498,Observatório Nacional,-22.8958759,-43.2249755,heritage_site,CULTURAL,"trusted category, sample-audited clean"
wikidata:Palácio Guanabara:-22.93750:-43.18389,Palácio Guanabara,-22.9375,-43.18388889,heritage_site,CULTURAL,"trusted category, sample-audited clean"
wikidata:Palácio Tiradentes:-22.90387:-43.17388,Palácio Tiradentes,-22.90387009,-43.173877,heritage_site,CULTURAL,"trusted category, sample-audited clean"
wikidata:Palácio Universitário UFRJ:-22.95233:-43.17450,Palácio Universitário UFRJ,-22.952333,-43.174504,heritage_site,CULTURAL,"trusted category, sample-audited clean"
wikidata:Palácio da Conceição:-22.89964:-43.18270,Palácio da Conceição,-22.89964,-43.182697,heritage_site,CULTURAL,"trusted category, sample-audited clean"
wikidata:Palácio das Laranjeiras:-22.93143:-43.18356,Palácio das Laranjeiras,-22.93143,-43.183562,heritage_site,CULTURAL,"trusted category, sample-audited clean"
wikidata:Palácio do Itamaraty:-22.90292:-43.18795,Palácio do Itamaraty,-22.902925,-43.18795,heritage_site,CULTURAL,"trusted category, sample-audited clean"
wikidata:Parque Lage:-22.96060:-43.21200,Parque Lage,-22.9606,-43.212,heritage_site,CULTURAL,"trusted category, sample-audited clean"
wikidata:Parque Nacional da Tijuca:-22.95944:-43.27778,Parque Nacional da Tijuca,-22.959444444,-43.277777777,heritage_site,CULTURAL,"trusted category, sample-audited clean"
wikidata:Passeio Público:-22.91380:-43.17599,Passeio Público,-22.91379722,-43.17598611,heritage_site,CULTURAL,"trusted category, sample-audited clean"
wikidata:Pavilhão Mourisco:-22.87495:-43.24543,Pavilhão Mourisco,-22.8749473,-43.2454285,heritage_site,CULTURAL,"trusted category, sample-audited clean"
wikidata:Pinturas de Leandro Joaquim:-22.91746:-43.18409,Pinturas de Leandro Joaquim,-22.917465,-43.184089,heritage_site,CULTURAL,"trusted category, sample-audited clean"
wikidata:Ponte do Guandu:-22.87226:-43.67706,Ponte do Guandu,-22.8722557,-43.677064,heritage_site,CULTURAL,"trusted category, sample-audited clean"
wikidata:Praça XV de Novembro:-22.90300:-43.17369,Praça XV de Novembro,-22.903,-43.173694444,heritage_site,CULTURAL,"trusted category, sample-audited clean"
wikidata:Quinta da Boa Vista:-22.90580:-43.22440,Quinta da Boa Vista,-22.9058,-43.2244,heritage_site,CULTURAL,"trusted category, sample-audited clean"
wikidata:Rua do Catete:-22.92592:-43.17625,Rua do Catete,-22.92592,-43.176251,heritage_site,CULTURAL,"trusted category, sample-audited clean"
wikidata:Sambódromo da Marquês de Sapucaí:-22.91138:-43.19685,Sambódromo da Marquês de Sapucaí,-22.911384,-43.196851,heritage_site,CULTURAL,"trusted category, sample-audited clean"
wikidata:Santa Casa de Misericórdia do Rio de Janeiro:-22.90752:-43.17114,Santa Casa de Misericórdia do Rio de Janeiro,-22.907521,-43.171143,heritage_site,CULTURAL,"trusted category, sample-audited clean"
wikidata:Santuário de Santa Rita de Cássia:-22.90038:-43.18066,Santuário de Santa Rita de Cássia,-22.900376,-43.18066,heritage_site,CULTURAL,"trusted category, sample-audited clean"
wikidata:Solar Grandjean de Montigny:-22.97902:-43.23376,Solar Grandjean de Montigny,-22.979022,-43.233756,heritage_site,CULTURAL,"trusted category, sample-audited clean"
wikidata:Solar da Imperatriz:-22.96786:-43.24040,Solar da Imperatriz,-22.9678611,-43.2403981,heritage_site,CULTURAL,"trusted category, sample-audited clean"
wikidata:Solar del Rei:-22.75974:-43.10930,Solar del Rei,-22.759742,-43.109302,heritage_site,CULTURAL,"trusted category, sample-audited clean"
wikidata:Universidade Federal do Rio de Janeiro:-22.86250:-43.22389,Universidade Federal do Rio de Janeiro,-22.8625,-43.223888888,heritage_site,CULTURAL,"trusted category, sample-audited clean"
wikidata:edifício-sede da Associação Brasileira de Imprensa:-22.90915:-43.17484,edifício-sede da Associação Brasileira de Imprensa,-22.90915,-43.17484,heritage_site,CULTURAL,"trusted category, sample-audited clean"
overture:Casa Histórica de Deodoro:-22.90556:-43.19090,Casa Histórica de Deodoro,-22.90555763244629,-43.190895080566406,history_museum,CULTURAL,"trusted category, sample-audited clean"
overture:Casa Suíça de Nova Friburgo:-22.89281:-43.53647,Casa Suíça de Nova Friburgo,-22.892805099487305,-43.536468505859375,history_museum,CULTURAL,"trusted category, sample-audited clean"
overture:Casarao dos Prazeres:-22.92063:-43.18491,Casarao dos Prazeres,-22.92063331604004,-43.184906005859375,history_museum,CULTURAL,"trusted category, sample-audited clean"
overture:Centro da Memória da Eletricidade no Brasil:-22.89855:-43.17907,Centro da Memória da Eletricidade no Brasil,-22.89855194091797,-43.179073333740234,history_museum,CULTURAL,"trusted category, sample-audited clean"
overture:Complexo de Bondes de Santa Teresa:-22.92012:-43.18587,Complexo de Bondes de Santa Teresa,-22.920120239257812,-43.18587112426758,history_museum,CULTURAL,"trusted category, sample-audited clean"
overture:Espaço Cultural Libanês:-22.95152:-43.18903,Espaço Cultural Libanês,-22.951520919799805,-43.18903350830078,history_museum,CULTURAL,"trusted category, sample-audited clean"
overture:Espaço Cultural Trem do Corcovado:-22.93989:-43.20326,Espaço Cultural Trem do Corcovado,-22.939891815185547,-43.2032585144043,history_museum,CULTURAL,"trusted category, sample-audited clean"
overture:Forte Duque de Caxias:-22.96197:-43.16481,Forte Duque de Caxias,-22.961973190307617,-43.1648063659668,history_museum,CULTURAL,"trusted category, sample-audited clean"
overture:Forte de Copacabana Rio de Janiero:-22.98367:-43.21163,Forte de Copacabana Rio de Janiero,-22.983673095703125,-43.211631774902344,history_museum,CULTURAL,"trusted category, sample-audited clean"
overture:Historico da espanha:-22.90984:-43.17579,Historico da espanha,-22.909835815429688,-43.175785064697266,history_museum,CULTURAL,"trusted category, sample-audited clean"
overture:Igreja Nossa Senhora do Rosário e São Benedito dos Homens Pretos - RJ:-22.89030:-43.23451,Igreja Nossa Senhora do Rosário e São Benedito dos Homens Pretos - RJ,-22.890295028686523,-43.23451232910156,history_museum,CULTURAL,"trusted category, sample-audited clean"
overture:Instituto Histórico e Geográfico Brasileiro:-22.91463:-43.17657,Instituto Histórico e Geográfico Brasileiro,-22.914628982543945,-43.176570892333984,history_museum,CULTURAL,"trusted category, sample-audited clean"
overture:Instituto de Pesquisa e Memória Pretos Novos (IPN):-22.89598:-43.19291,Instituto de Pesquisa e Memória Pretos Novos (IPN),-22.89597511291504,-43.192909240722656,history_museum,CULTURAL,"trusted category, sample-audited clean"
overture:Jardim Histórico do Museu da República:-22.87331:-43.31144,Jardim Histórico do Museu da República,-22.873306274414062,-43.31143569946289,history_museum,CULTURAL,"trusted category, sample-audited clean"
overture:MUHCAB Museu da História e da Cultura Afro-Brasileira:-22.89623:-43.19428,MUHCAB Museu da História e da Cultura Afro-Brasileira,-22.89622688293457,-43.19428253173828,history_museum,CULTURAL,"trusted category, sample-audited clean"
overture:Marechal Rondon:-22.85867:-43.38824,Marechal Rondon,-22.858673095703125,-43.38823699951172,history_museum,CULTURAL,"trusted category, sample-audited clean"
overture:Mast:-22.89592:-43.22304,Mast,-22.895915985107422,-43.22304153442383,history_museum,CULTURAL,"trusted category, sample-audited clean"
overture:Memorial Bernardo Monteverde:-22.91124:-43.17794,Memorial Bernardo Monteverde,-22.911237716674805,-43.17793655395508,history_museum,CULTURAL,"trusted category, sample-audited clean"
overture:Memorial da Humanidade Ipharj:-22.81941:-43.39516,Memorial da Humanidade Ipharj,-22.81941032409668,-43.39516067504883,history_museum,CULTURAL,"trusted category, sample-audited clean"
overture:Military Museum Conde de Linhares:-22.90490:-43.21927,Military Museum Conde de Linhares,-22.904897689819336,-43.21927261352539,history_museum,CULTURAL,"trusted category, sample-audited clean"
overture:Museu Aeroterrestre:-22.85926:-43.38924,Museu Aeroterrestre,-22.859264373779297,-43.38923645019531,history_museum,CULTURAL,"trusted category, sample-audited clean"
overture:Museu Arqueológico e Histórico de Lima:-23.02842:-43.47789,Museu Arqueológico e Histórico de Lima,-23.028419494628906,-43.47789001464844,history_museum,CULTURAL,"trusted category, sample-audited clean"
overture:Museu Cidade Olímpica:-22.89457:-43.29445,Museu Cidade Olímpica,-22.894573211669922,-43.29444885253906,history_museum,CULTURAL,"trusted category, sample-audited clean"
overture:Museu Do Passo Imperial:-22.83699:-43.28207,Museu Do Passo Imperial,-22.836990356445312,-43.282073974609375,history_museum,CULTURAL,"trusted category, sample-audited clean"
overture:Museu Histórico Nacional:-22.90583:-43.16966,Museu Histórico Nacional,-22.905832290649414,-43.16965866088867,history_museum,CULTURAL,"trusted category, sample-audited clean"
overture:Museu Histórico da Cidade RJ:-22.89843:-43.34912,Museu Histórico da Cidade RJ,-22.898433685302734,-43.34912109375,history_museum,CULTURAL,"trusted category, sample-audited clean"
overture:Museu Histórico da Cidade do Rio de Janeiro (MHCRJ):-22.98046:-43.24163,Museu Histórico da Cidade do Rio de Janeiro (MHCRJ),-22.98046112060547,-43.24163055419922,history_museum,CULTURAL,"trusted category, sample-audited clean"
overture:Museu Histórico da Cidade do Rio de Janeiro - Gávea:-22.97869:-43.24475,Museu Histórico da Cidade do Rio de Janeiro - Gávea,-22.97868537902832,-43.244747161865234,history_museum,CULTURAL,"trusted category, sample-audited clean"
overture:Museu Histórico do Exército:-22.98578:-43.18667,Museu Histórico do Exército,-22.98578453063965,-43.186668395996094,history_museum,CULTURAL,"trusted category, sample-audited clean"
overture:Museu Histórico e Diplomático:-22.90347:-43.18834,Museu Histórico e Diplomático,-22.90346908569336,-43.18833541870117,history_museum,CULTURAL,"trusted category, sample-audited clean"
overture:Museu Mac Ibirapuera- São Paulo:-22.92437:-43.25622,Museu Mac Ibirapuera- São Paulo,-22.924373626708984,-43.256221771240234,history_museum,CULTURAL,"trusted category, sample-audited clean"
overture:Museu Mar Praça Mauá:-22.99924:-43.24754,Museu Mar Praça Mauá,-22.999235153198242,-43.247535705566406,history_museum,CULTURAL,"trusted category, sample-audited clean"
overture:Museu da Imigracao da Ilha das Flores:-22.84513:-43.10106,Museu da Imigracao da Ilha das Flores,-22.845125198364258,-43.10105895996094,history_museum,CULTURAL,"trusted category, sample-audited clean"
overture:Museu da Justiça de Niterói:-22.89402:-43.11775,Museu da Justiça de Niterói,-22.894020080566406,-43.11774826049805,history_museum,CULTURAL,"trusted category, sample-audited clean"
overture:Museu da República (Palácio do Catete):-22.92587:-43.17621,Museu da República (Palácio do Catete),-22.925872802734375,-43.17620849609375,history_museum,CULTURAL,"trusted category, sample-audited clean"
overture:Museu de Cera:-22.89328:-43.19242,Museu de Cera,-22.893280029296875,-43.192420959472656,history_museum,CULTURAL,"trusted category, sample-audited clean"
overture:Museu de Folclore Edison Carneiro:-22.93129:-43.17467,Museu de Folclore Edison Carneiro,-22.931289672851562,-43.1746711730957,history_museum,CULTURAL,"trusted category, sample-audited clean"
overture:Museu de História dos Bombeiros:-22.90880:-43.18766,Museu de História dos Bombeiros,-22.908803939819336,-43.18765640258789,history_museum,CULTURAL,"trusted category, sample-audited clean"
overture:Museu de Sitio Arqueologico da Antiga Se:-22.90390:-43.17582,Museu de Sitio Arqueologico da Antiga Se,-22.903898239135742,-43.17581558227539,history_museum,CULTURAL,"trusted category, sample-audited clean"
overture:Museu do Corpo de Bombeiros:-22.90927:-43.18697,Museu do Corpo de Bombeiros,-22.909271240234375,-43.18696975708008,history_museum,CULTURAL,"trusted category, sample-audited clean"
overture:Museu do Corpo de Fuzileiros Navais:-22.89268:-43.60121,Museu do Corpo de Fuzileiros Navais,-22.892683029174805,-43.6012077331543,history_museum,CULTURAL,"trusted category, sample-audited clean"
overture:Museu do Cárcere:-23.02817:-43.46785,Museu do Cárcere,-23.02817153930664,-43.46785354614258,history_museum,CULTURAL,"trusted category, sample-audited clean"
overture:Museu do Horto:-22.96727:-43.22858,Museu do Horto,-22.967267990112305,-43.22857666015625,history_museum,CULTURAL,"trusted category, sample-audited clean"
overture:Museu do Negro:-22.90431:-43.18052,Museu do Negro,-22.90431022644043,-43.18052291870117,history_museum,CULTURAL,"trusted category, sample-audited clean"
overture:Museu do Primeiro Reinado:-22.90461:-43.21698,Museu do Primeiro Reinado,-22.90460968017578,-43.216976165771484,history_museum,CULTURAL,"trusted category, sample-audited clean"
overture:Museu do Trem:-22.89525:-43.29181,Museu do Trem,-22.895246505737305,-43.291805267333984,history_museum,CULTURAL,"trusted category, sample-audited clean"
overture:Museu do Índio:-22.95186:-43.19106,Museu do Índio,-22.95186424255371,-43.191062927246094,history_museum,CULTURAL,"trusted category, sample-audited clean"
overture:Museu e Centro Cultural da Casa da Moeda do Brasil:-22.90767:-43.18674,Museu e Centro Cultural da Casa da Moeda do Brasil,-22.90767478942871,-43.186737060546875,history_museum,CULTURAL,"trusted category, sample-audited clean"
overture:Palácio das Águias - Museu da República:-22.93322:-43.17540,Palácio das Águias - Museu da República,-22.93321990966797,-43.1754035949707,history_museum,CULTURAL,"trusted category, sample-audited clean"
overture:Palácio do Catete:-22.92589:-43.17620,Palácio do Catete,-22.925893783569336,-43.17620086669922,history_museum,CULTURAL,"trusted category, sample-audited clean"
overture:Sala Histórica do HCA:-22.91820:-43.21218,Sala Histórica do HCA,-22.918197631835938,-43.212181091308594,history_museum,CULTURAL,"trusted category, sample-audited clean"
overture:Submarino-Museu Riachuelo S-22:-22.90047:-43.17464,Submarino-Museu Riachuelo S-22,-22.900468826293945,-43.174644470214844,history_museum,CULTURAL,"trusted category, sample-audited clean"
overture:Sítio Arqueológico Casa dos Pilões:-22.96798:-43.22710,Sítio Arqueológico Casa dos Pilões,-22.967981338500977,-43.22710037231445,history_museum,CULTURAL,"trusted category, sample-audited clean"
overture:Turismo Cultural no Bairro Imperial de São Cristóvão:-22.90526:-43.22335,Turismo Cultural no Bairro Imperial de São Cristóvão,-22.905258178710938,-43.223350524902344,history_museum,CULTURAL,"trusted category, sample-audited clean"
overture:Casa Roberto Marinho:-22.94003:-43.20423,Casa Roberto Marinho,-22.940027236938477,-43.204227447509766,modern_art_museum,CULTURAL,"trusted category, sample-audited clean"
overture:E-Museu Inclusivo Tocando em Você:-22.92678:-43.23027,E-Museu Inclusivo Tocando em Você,-22.926780700683594,-43.23027038574219,modern_art_museum,CULTURAL,"trusted category, sample-audited clean"
overture:MAC Niterói - Museu de Arte Contemporânea de Niterói:-22.90788:-43.12588,MAC Niterói - Museu de Arte Contemporânea de Niterói,-22.907878875732422,-43.125877380371094,modern_art_museum,CULTURAL,"trusted category, sample-audited clean"
overture:Mam - Museu de Arte Moderna:-22.88981:-43.27639,Mam - Museu de Arte Moderna,-22.88981056213379,-43.27638626098633,modern_art_museum,CULTURAL,"trusted category, sample-audited clean"
overture:Museu de Arte Moderna do Rio de Janeiro:-22.91367:-43.17186,Museu de Arte Moderna do Rio de Janeiro,-22.913673400878906,-43.1718635559082,modern_art_museum,CULTURAL,"trusted category, sample-audited clean"
overture:A Casa dos Budas Ditosos:-22.90265:-43.28197,A Casa dos Budas Ditosos,-22.902650833129883,-43.2819709777832,monument,CULTURAL,"trusted category, sample-audited clean"
overture:Aqueduto - Ilha Grande:-22.93612:-43.24556,Aqueduto - Ilha Grande,-22.93612289428711,-43.24556350708008,monument,CULTURAL,"trusted category, sample-audited clean"
overture:Canhão da Ilha:-22.81095:-43.17722,Canhão da Ilha,-22.81095314025879,-43.177215576171875,monument,CULTURAL,"trusted category, sample-audited clean"
"overture:Capela Dos Escravos, Miguel Pereira:-22.75888:-43.45318","Capela Dos Escravos, Miguel Pereira",-22.758882522583008,-43.453182220458984,monument,CULTURAL,"trusted category, sample-audited clean"
overture:Casa Rústica Festas & Eventos:-22.90784:-43.54114,Casa Rústica Festas & Eventos,-22.907835006713867,-43.541141510009766,monument,CULTURAL,"trusted category, sample-audited clean"
overture:Casa da Vo Catarina:-22.88673:-43.41344,Casa da Vo Catarina,-22.886730194091797,-43.41343688964844,monument,CULTURAL,"trusted category, sample-audited clean"
"overture:Celaron's Step, Lapa:-22.91182:-43.18465","Celaron's Step, Lapa",-22.911823272705078,-43.18465042114258,monument,CULTURAL,"trusted category, sample-audited clean"
"overture:Christ Redeemer, Rio de Janeiro, Brazil:-22.95165:-43.21084","Christ Redeemer, Rio de Janeiro, Brazil",-22.95165252685547,-43.210838317871094,monument,CULTURAL,"trusted category, sample-audited clean"
overture:Colômbia Morro Do Sapo:-22.77275:-43.32156,Colômbia Morro Do Sapo,-22.772754669189453,-43.321556091308594,monument,CULTURAL,"trusted category, sample-audited clean"
overture:Cristo del Corcovado:-22.95139:-43.21083,Cristo del Corcovado,-22.95138931274414,-43.21083450317383,monument,CULTURAL,"trusted category, sample-audited clean"
overture:Ddp Diretoria:-22.97994:-43.22676,Ddp Diretoria,-22.97994041442871,-43.22675704956055,monument,CULTURAL,"trusted category, sample-audited clean"
overture:E & B Festas E Eventos:-22.87939:-43.29750,E & B Festas E Eventos,-22.879390716552734,-43.29750061035156,monument,CULTURAL,"trusted category, sample-audited clean"
overture:Entrada de Belford Roxo:-22.77520:-43.39986,Entrada de Belford Roxo,-22.77519989013672,-43.399864196777344,monument,CULTURAL,"trusted category, sample-audited clean"
overture:Estatua de Araribóia:-22.89400:-43.12396,Estatua de Araribóia,-22.894001007080078,-43.12396240234375,monument,CULTURAL,"trusted category, sample-audited clean"
overture:Estátua Pixinguinha:-22.90367:-43.17757,Estátua Pixinguinha,-22.903671264648438,-43.17757034301758,monument,CULTURAL,"trusted category, sample-audited clean"
overture:Estátua de Carlos Drummond de Andrade:-22.98435:-43.18917,Estátua de Carlos Drummond de Andrade,-22.98435401916504,-43.18916702270508,monument,CULTURAL,"trusted category, sample-audited clean"
overture:Estátua de Ibrahim Sued:-22.96770:-43.17858,Estátua de Ibrahim Sued,-22.967700958251953,-43.1785774230957,monument,CULTURAL,"trusted category, sample-audited clean"
overture:Estátua de José Bonifácio:-22.90512:-43.18084,Estátua de José Bonifácio,-22.905115127563477,-43.18083572387695,monument,CULTURAL,"trusted category, sample-audited clean"
overture:Estátua de Noel Rosa:-22.91355:-43.23522,Estátua de Noel Rosa,-22.91355323791504,-43.23522186279297,monument,CULTURAL,"trusted category, sample-audited clean"
overture:Estátua do Bellini:-22.91347:-43.22778,Estátua do Bellini,-22.91346549987793,-43.227783203125,monument,CULTURAL,"trusted category, sample-audited clean"
overture:Etnias - Mural de Graffiti:-22.89434:-43.18715,Etnias - Mural de Graffiti,-22.894336700439453,-43.18714904785156,monument,CULTURAL,"trusted category, sample-audited clean"
"overture:Grande Méier - Engenho Novo, RJ:-22.90448:-43.26954","Grande Méier - Engenho Novo, RJ",-22.904478073120117,-43.269535064697266,monument,CULTURAL,"trusted category, sample-audited clean"
"overture:Júpiter, Quinto Planeta del Sistema Solar.:-22.86302:-43.44258","Júpiter, Quinto Planeta del Sistema Solar.",-22.86302375793457,-43.44258117675781,monument,CULTURAL,"trusted category, sample-audited clean"
overture:Laje Michael Jackson:-22.94713:-43.19484,Laje Michael Jackson,-22.947126388549805,-43.19483947753906,monument,CULTURAL,"trusted category, sample-audited clean"
overture:Madureira Pertinho do Divino:-22.86313:-43.33255,Madureira Pertinho do Divino,-22.863128662109375,-43.33255386352539,monument,CULTURAL,"trusted category, sample-audited clean"
overture:Memorial Guido Schäffer:-22.90837:-43.17123,Memorial Guido Schäffer,-22.90836524963379,-43.171234130859375,monument,CULTURAL,"trusted category, sample-audited clean"
overture:Mirante do Cristo. BR 040. Serra de Petropolis:-22.90020:-43.23320,Mirante do Cristo. BR 040. Serra de Petropolis,-22.90020179748535,-43.23320007324219,monument,CULTURAL,"trusted category, sample-audited clean"
overture:Monumento Carlos Drummond de Andrade:-22.96881:-43.18029,Monumento Carlos Drummond de Andrade,-22.968812942504883,-43.1802864074707,monument,CULTURAL,"trusted category, sample-audited clean"
overture:Monumento Das Tintas:-22.91210:-43.21339,Monumento Das Tintas,-22.9121036529541,-43.21338653564453,monument,CULTURAL,"trusted category, sample-audited clean"
overture:Monumento Estácio de Sá:-22.94039:-43.17006,Monumento Estácio de Sá,-22.940385818481445,-43.17005920410156,monument,CULTURAL,"trusted category, sample-audited clean"
overture:Monumento Nacional aos Mortos da Segunda Guerra Mundial:-22.91658:-43.17340,Monumento Nacional aos Mortos da Segunda Guerra Mundial,-22.916582107543945,-43.173397064208984,monument,CULTURAL,"trusted category, sample-audited clean"
overture:Monumento Retirada da Laguna:-22.95494:-43.16587,Monumento Retirada da Laguna,-22.954940795898438,-43.165870666503906,monument,CULTURAL,"trusted category, sample-audited clean"
overture:Monumento Tom Jobim:-22.96752:-43.22404,Monumento Tom Jobim,-22.967519760131836,-43.22404098510742,monument,CULTURAL,"trusted category, sample-audited clean"
overture:Monumento a São Sebastião:-22.92189:-43.17419,Monumento a São Sebastião,-22.921894073486328,-43.1741943359375,monument,CULTURAL,"trusted category, sample-audited clean"
overture:Monumento a Zumbi dos Palmares:-22.90686:-43.19649,Monumento a Zumbi dos Palmares,-22.906862258911133,-43.19648742675781,monument,CULTURAL,"trusted category, sample-audited clean"
overture:Monumento ao Almirante Barroso Barao do Amazonas:-22.91852:-43.17591,Monumento ao Almirante Barroso Barao do Amazonas,-22.91851806640625,-43.1759147644043,monument,CULTURAL,"trusted category, sample-audited clean"
overture:Monumento ao Barão de Mauá:-22.89607:-43.18098,Monumento ao Barão de Mauá,-22.89607048034668,-43.18097686767578,monument,CULTURAL,"trusted category, sample-audited clean"
overture:Monumento ao Senador Pinheiro Machado:-22.98432:-43.20597,Monumento ao Senador Pinheiro Machado,-22.984315872192383,-43.20597457885742,monument,CULTURAL,"trusted category, sample-audited clean"
overture:Monumento aos Pracinhas:-22.91658:-43.17391,Monumento aos Pracinhas,-22.916580200195312,-43.17390823364258,monument,CULTURAL,"trusted category, sample-audited clean"
overture:Monumento do Soldado Desconhecido:-22.91058:-43.17110,Monumento do Soldado Desconhecido,-22.91057586669922,-43.17109680175781,monument,CULTURAL,"trusted category, sample-audited clean"
overture:Monumento à Paz Mundial:-22.91053:-43.16861,Monumento à Paz Mundial,-22.910526275634766,-43.16860580444336,monument,CULTURAL,"trusted category, sample-audited clean"
overture:Monumento à Princesa Isabel:-22.96397:-43.17402,Monumento à Princesa Isabel,-22.963966369628906,-43.17401885986328,monument,CULTURAL,"trusted category, sample-audited clean"
overture:Morro do Sampaio:-22.90478:-43.26143,Morro do Sampaio,-22.904783248901367,-43.26142501831055,monument,CULTURAL,"trusted category, sample-audited clean"
overture:Mural de Eduardo Kobra em homenagem a Ayrton Senna:-22.91417:-43.17902,Mural de Eduardo Kobra em homenagem a Ayrton Senna,-22.914173126220703,-43.17902374267578,monument,CULTURAL,"trusted category, sample-audited clean"
overture:Muretinha:-22.94349:-43.16000,Muretinha,-22.94349479675293,-43.15999984741211,monument,CULTURAL,"trusted category, sample-audited clean"
overture:Nova Cedae:-22.90639:-43.56119,Nova Cedae,-22.906391143798828,-43.56119155883789,monument,CULTURAL,"trusted category, sample-audited clean"
overture:Palácio de Kensington:-22.93295:-43.18328,Palácio de Kensington,-22.932954788208008,-43.183284759521484,monument,CULTURAL,"trusted category, sample-audited clean"
overture:Pedra da Gávea:-22.99787:-43.28473,Pedra da Gávea,-22.99786949157715,-43.284732818603516,monument,CULTURAL,"trusted category, sample-audited clean"
overture:Petropolis - Cidade Imperial:-22.85264:-43.35839,Petropolis - Cidade Imperial,-22.85264015197754,-43.35839080810547,monument,CULTURAL,"trusted category, sample-audited clean"
overture:Pomnik Fryderyka Chopina w Rio de Janeiro:-22.95511:-43.16510,Pomnik Fryderyka Chopina w Rio de Janeiro,-22.95511245727539,-43.16510009765625,monument,CULTURAL,"trusted category, sample-audited clean"
overture:Portão Monumental da Quinta da Boa Vista:-22.90462:-43.22036,Portão Monumental da Quinta da Boa Vista,-22.904624938964844,-43.220359802246094,monument,CULTURAL,"trusted category, sample-audited clean"
"overture:Praça Oito de Maio, Monumento de Homenagem aos Pracinhas.:-22.85422:-43.35188","Praça Oito de Maio, Monumento de Homenagem aos Pracinhas.",-22.85422134399414,-43.35187530517578,monument,CULTURAL,"trusted category, sample-audited clean"
overture:Praça Renato Russo:-22.80416:-43.20437,Praça Renato Russo,-22.80416488647461,-43.204368591308594,monument,CULTURAL,"trusted category, sample-audited clean"
overture:Praça da Maria Quitéria:-22.85081:-43.47036,Praça da Maria Quitéria,-22.850812911987305,-43.47036361694336,monument,CULTURAL,"trusted category, sample-audited clean"
overture:Statue General Osorio:-22.90317:-43.17460,Statue General Osorio,-22.90317153930664,-43.174598693847656,monument,CULTURAL,"trusted category, sample-audited clean"
overture:Sugar Loaf Mountain:-22.95452:-43.16741,Sugar Loaf Mountain,-22.954519271850586,-43.16741180419922,monument,CULTURAL,"trusted category, sample-audited clean"
overture:Sugarloaf Mountain:-22.94975:-43.15623,Sugarloaf Mountain,-22.949750900268555,-43.15623474121094,monument,CULTURAL,"trusted category, sample-audited clean"
overture:UTR-Rio Arroio fundo:-22.95529:-43.35808,UTR-Rio Arroio fundo,-22.955286026000977,-43.35807800292969,monument,CULTURAL,"trusted category, sample-audited clean"
overture:Valao de Jardim America:-22.80757:-43.32420,Valao de Jardim America,-22.807573318481445,-43.32420349121094,monument,CULTURAL,"trusted category, sample-audited clean"
overture:Arquivo Geral da Cidade RJ:-22.90924:-43.20471,Arquivo Geral da Cidade RJ,-22.909242630004883,-43.2047119140625,museum,CULTURAL,"trusted category, sample-audited clean"
overture:Arquivo histórico do Banco do Brasil:-22.90105:-43.17653,Arquivo histórico do Banco do Brasil,-22.901046752929688,-43.1765251159668,museum,CULTURAL,"trusted category, sample-audited clean"
overture:AssociaÇÃO Dos Amigos Do Museu Aeroespacial:-22.90240:-43.17410,AssociaÇÃO Dos Amigos Do Museu Aeroespacial,-22.90239906311035,-43.174095153808594,museum,CULTURAL,"trusted category, sample-audited clean"
overture:Associação de Amigos do Museu Aeroespacial:-22.88255:-43.39005,Associação de Amigos do Museu Aeroespacial,-22.882553100585938,-43.390045166015625,museum,CULTURAL,"trusted category, sample-audited clean"
overture:Ateliê Esmero Único:-22.76746:-43.11024,Ateliê Esmero Único,-22.76746368408203,-43.11024475097656,museum,CULTURAL,"trusted category, sample-audited clean"
overture:Biblioteca do Museu Nacional da UFRJ:-22.90836:-43.22607,Biblioteca do Museu Nacional da UFRJ,-22.908361434936523,-43.22606658935547,museum,CULTURAL,"trusted category, sample-audited clean"
overture:Brazilian Cinema Museum:-22.88580:-43.12506,Brazilian Cinema Museum,-22.885799407958984,-43.125064849853516,museum,CULTURAL,"trusted category, sample-audited clean"
overture:Capela Magdalena e Roberto de Regina:-22.97850:-43.58982,Capela Magdalena e Roberto de Regina,-22.978500366210938,-43.58981704711914,museum,CULTURAL,"trusted category, sample-audited clean"
overture:Caravana da Ciência:-22.91870:-43.17715,Caravana da Ciência,-22.918703079223633,-43.177146911621094,museum,CULTURAL,"trusted category, sample-audited clean"
overture:Casa Brasil:-22.90061:-43.17621,Casa Brasil,-22.90060806274414,-43.17620849609375,museum,CULTURAL,"trusted category, sample-audited clean"
overture:Casa Cambaio:-22.89220:-43.58385,Casa Cambaio,-22.892200469970703,-43.5838508605957,museum,CULTURAL,"trusted category, sample-audited clean"
overture:Casa Museu Eva Klabin:-22.97601:-43.19844,Casa Museu Eva Klabin,-22.976009368896484,-43.19844436645508,museum,CULTURAL,"trusted category, sample-audited clean"
overture:Casa Quissama Museum:-22.87053:-43.45274,Casa Quissama Museum,-22.870529174804688,-43.452735900878906,museum,CULTURAL,"trusted category, sample-audited clean"
overture:Casa de Banho de Dom Joao VI:-22.87874:-43.21190,Casa de Banho de Dom Joao VI,-22.87873649597168,-43.21189880371094,museum,CULTURAL,"trusted category, sample-audited clean"
overture:Casa de Oswaldo Cruz - COC | Fiocruz:-22.84209:-43.25230,Casa de Oswaldo Cruz - COC | Fiocruz,-22.842090606689453,-43.252296447753906,museum,CULTURAL,"trusted category, sample-audited clean"
overture:Centro  Brasileiro  De Arqueologia:-22.88913:-43.11558,Centro  Brasileiro  De Arqueologia,-22.88913345336914,-43.11558151245117,museum,CULTURAL,"trusted category, sample-audited clean"
overture:Centro Cultural Goiabeira Coisa & Tal:-23.00764:-43.29489,Centro Cultural Goiabeira Coisa & Tal,-23.007640838623047,-43.294891357421875,museum,CULTURAL,"trusted category, sample-audited clean"
overture:Centro Nacional de Flocore e Cultura Popular:-22.92629:-43.17646,Centro Nacional de Flocore e Cultura Popular,-22.926292419433594,-43.17646408081055,museum,CULTURAL,"trusted category, sample-audited clean"
overture:Centro de Arte Hélio Oiticica:-22.90593:-43.18338,Centro de Arte Hélio Oiticica,-22.905925750732422,-43.183380126953125,museum,CULTURAL,"trusted category, sample-audited clean"
overture:Christ the Redeemer:-22.94047:-43.19849,Christ the Redeemer,-22.94046974182129,-43.198490142822266,museum,CULTURAL,"trusted category, sample-audited clean"
overture:Colônia de Pescadores Z-14:-23.00250:-43.64121,Colônia de Pescadores Z-14,-23.002498626708984,-43.64120864868164,museum,CULTURAL,"trusted category, sample-audited clean"
overture:Cultura Conecta:-22.89334:-43.17909,Cultura Conecta,-22.893342971801758,-43.17909240722656,museum,CULTURAL,"trusted category, sample-audited clean"
overture:Darwin: Origens & Evolução:-22.97047:-43.22327,Darwin: Origens & Evolução,-22.970470428466797,-43.2232666015625,museum,CULTURAL,"trusted category, sample-audited clean"
overture:Diretoria do Patrimônio Histórico e Documentação da Marinha:-22.90392:-43.17326,Diretoria do Patrimônio Histórico e Documentação da Marinha,-22.90392303466797,-43.17326354980469,museum,CULTURAL,"trusted category, sample-audited clean"
overture:Ecomuseu Ilha Grande:-22.85938:-43.49663,Ecomuseu Ilha Grande,-22.8593807220459,-43.49663162231445,museum,CULTURAL,"trusted category, sample-audited clean"
overture:Ecomuseu de Sepetiba:-22.97085:-43.70991,Ecomuseu de Sepetiba,-22.97085189819336,-43.70990753173828,museum,CULTURAL,"trusted category, sample-audited clean"
overture:Espaço Cultural da Marinha:-22.89494:-43.17384,Espaço Cultural da Marinha,-22.894939422607422,-43.17383575439453,museum,CULTURAL,"trusted category, sample-audited clean"
overture:Espaço Sequência:-22.92347:-43.20695,Espaço Sequência,-22.923473358154297,-43.206947326660156,museum,CULTURAL,"trusted category, sample-audited clean"
overture:Estação Vlt - Parada dos Museus:-22.89281:-43.19192,Estação Vlt - Parada dos Museus,-22.892812728881836,-43.19192123413086,museum,CULTURAL,"trusted category, sample-audited clean"
overture:Fio Cruz Museu da Vida:-22.87182:-43.56262,Fio Cruz Museu da Vida,-22.8718204498291,-43.562618255615234,museum,CULTURAL,"trusted category, sample-audited clean"
overture:Fla Memória:-22.97837:-43.21861,Fla Memória,-22.97837257385254,-43.218605041503906,museum,CULTURAL,"trusted category, sample-audited clean"
overture:Fondation Moreira Sales:-22.98186:-43.23937,Fondation Moreira Sales,-22.98186492919922,-43.2393684387207,museum,CULTURAL,"trusted category, sample-audited clean"
overture:Frida Kahlo Imersiva:-22.98579:-43.18633,Frida Kahlo Imersiva,-22.98578643798828,-43.18632507324219,museum,CULTURAL,"trusted category, sample-audited clean"
overture:Fundação Anita Mantuano de Artes do Estado do Rio de Janeiro:-22.90641:-43.17948,Fundação Anita Mantuano de Artes do Estado do Rio de Janeiro,-22.906410217285156,-43.17947769165039,museum,CULTURAL,"trusted category, sample-audited clean"
overture:Fundação Casa de Rui Barbosa:-22.94893:-43.18699,Fundação Casa de Rui Barbosa,-22.948928833007812,-43.18698501586914,museum,CULTURAL,"trusted category, sample-audited clean"
overture:Galaxion:-22.99656:-43.25963,Galaxion,-22.996559143066406,-43.2596321105957,museum,CULTURAL,"trusted category, sample-audited clean"
overture:Havana Carioca rj:-22.91200:-43.18158,Havana Carioca rj,-22.912002563476562,-43.181583404541016,museum,CULTURAL,"trusted category, sample-audited clean"
overture:Ictiologia Museu Nacional:-22.90792:-43.22490,Ictiologia Museu Nacional,-22.907922744750977,-43.22489929199219,museum,CULTURAL,"trusted category, sample-audited clean"
overture:Imagens contam histórias de Niterói:-22.90341:-43.12780,Imagens contam histórias de Niterói,-22.903413772583008,-43.1277961730957,museum,CULTURAL,"trusted category, sample-audited clean"
overture:Incaer - Instituto Histórico-Cultural da Aeronáutica:-22.90546:-43.16860,Incaer - Instituto Histórico-Cultural da Aeronáutica,-22.905460357666016,-43.16859817504883,museum,CULTURAL,"trusted category, sample-audited clean"
overture:Instituto Brasileiro de Museus - Ibram:-22.91745:-43.18290,Instituto Brasileiro de Museus - Ibram,-22.917451858520508,-43.18289566040039,museum,CULTURAL,"trusted category, sample-audited clean"
overture:Instituto Soalthe+:-22.75084:-43.52650,Instituto Soalthe+,-22.750837326049805,-43.5265007019043,museum,CULTURAL,"trusted category, sample-audited clean"
overture:Interser:-22.97412:-43.18854,Interser,-22.974117279052734,-43.188541412353516,museum,CULTURAL,"trusted category, sample-audited clean"
overture:Jardim Botânico - Museu de Tom Jobim:-22.96455:-43.22531,Jardim Botânico - Museu de Tom Jobim,-22.964548110961914,-43.22530746459961,museum,CULTURAL,"trusted category, sample-audited clean"
overture:Joao e Maria Museum:-22.90084:-43.18162,Joao e Maria Museum,-22.900840759277344,-43.18162155151367,museum,CULTURAL,"trusted category, sample-audited clean"
overture:LaDQuim:-22.86524:-43.22918,LaDQuim,-22.86524200439453,-43.22917938232422,museum,CULTURAL,"trusted category, sample-audited clean"
overture:MAC - Museu de Arte Contemporânea de Niterói:-22.90653:-43.13177,MAC - Museu de Arte Contemporânea de Niterói,-22.906530380249023,-43.131771087646484,museum,CULTURAL,"trusted category, sample-audited clean"
overture:MAM Rio:-22.91342:-43.17183,MAM Rio,-22.913419723510742,-43.17182922363281,museum,CULTURAL,"trusted category, sample-audited clean"
overture:MIS / Museu da Imagem e do Som:-22.91409:-43.17860,MIS / Museu da Imagem e do Som,-22.91408920288086,-43.17859649658203,museum,CULTURAL,"trusted category, sample-audited clean"
overture:MIS Museu da Imagem e do Som:-22.97893:-43.18943,MIS Museu da Imagem e do Som,-22.978931427001953,-43.18943405151367,museum,CULTURAL,"trusted category, sample-audited clean"
overture:Memorial Pretos Novos:-22.89604:-43.19298,Memorial Pretos Novos,-22.896039962768555,-43.1929817199707,museum,CULTURAL,"trusted category, sample-audited clean"
overture:Memorial Roberto Silveira:-22.88949:-43.12780,Memorial Roberto Silveira,-22.889490127563477,-43.127803802490234,museum,CULTURAL,"trusted category, sample-audited clean"
overture:Meninas com Ciência - Museu Nacional/UFRJ:-22.90507:-43.22277,Meninas com Ciência - Museu Nacional/UFRJ,-22.905073165893555,-43.22277069091797,museum,CULTURAL,"trusted category, sample-audited clean"
overture:Mirante Do Boa Viagem - Ingá:-22.90220:-43.12472,Mirante Do Boa Viagem - Ingá,-22.902204513549805,-43.124717712402344,museum,CULTURAL,"trusted category, sample-audited clean"
overture:Monumento Natural Estadual Peter Lund:-22.84340:-43.31567,Monumento Natural Estadual Peter Lund,-22.843402862548828,-43.31566619873047,museum,CULTURAL,"trusted category, sample-audited clean"
overture:Mural Babilonia:-22.96034:-43.16975,Mural Babilonia,-22.960342407226562,-43.16975402832031,museum,CULTURAL,"trusted category, sample-audited clean"
overture:Musehum:-22.92996:-43.17651,Musehum,-22.929960250854492,-43.176513671875,museum,CULTURAL,"trusted category, sample-audited clean"
overture:Museo Militar Copacabana:-22.98571:-43.18505,Museo Militar Copacabana,-22.985713958740234,-43.185054779052734,museum,CULTURAL,"trusted category, sample-audited clean"
overture:Museo Naval Rio do Janeiro:-22.90612:-43.17680,Museo Naval Rio do Janeiro,-22.90612030029297,-43.17680358886719,museum,CULTURAL,"trusted category, sample-audited clean"
overture:Museo de Bellas Artes de Rio de Janeiro:-22.98778:-43.19389,Museo de Bellas Artes de Rio de Janeiro,-22.987783432006836,-43.19388961791992,museum,CULTURAL,"trusted category, sample-audited clean"
overture:Museu Aeroespacial:-22.88069:-43.38501,Museu Aeroespacial,-22.880685806274414,-43.385009765625,museum,CULTURAL,"trusted category, sample-audited clean"
overture:Museu Africano Rio de Janeiro:-22.96817:-43.18468,Museu Africano Rio de Janeiro,-22.96817398071289,-43.18467712402344,museum,CULTURAL,"trusted category, sample-audited clean"
overture:Museu Amsterdam Sauer:-22.98337:-43.21254,Museu Amsterdam Sauer,-22.98337173461914,-43.21253967285156,museum,CULTURAL,"trusted category, sample-audited clean"
overture:Museu Botafogo:-22.95494:-43.17791,Museu Botafogo,-22.954944610595703,-43.17790985107422,museum,CULTURAL,"trusted category, sample-audited clean"
overture:Museu CBF Experience:-22.99600:-43.36407,Museu CBF Experience,-22.996002197265625,-43.36406707763672,museum,CULTURAL,"trusted category, sample-audited clean"
overture:Museu Carmen Miranda:-22.94137:-43.17216,Museu Carmen Miranda,-22.941368103027344,-43.17216110229492,museum,CULTURAL,"trusted category, sample-audited clean"
overture:Museu Cartográfico do Seviço Geográfico do Exército:-22.89968:-43.18273,Museu Cartográfico do Seviço Geográfico do Exército,-22.899677276611328,-43.1827278137207,museum,CULTURAL,"trusted category, sample-audited clean"
overture:Museu Casa Bumba Meu Boi:-22.85610:-43.47367,Museu Casa Bumba Meu Boi,-22.85610008239746,-43.473670959472656,museum,CULTURAL,"trusted category, sample-audited clean"
overture:Museu Casa França Brasil:-22.90557:-43.19355,Museu Casa França Brasil,-22.90557289123535,-43.19355392456055,museum,CULTURAL,"trusted category, sample-audited clean"
overture:Museu Casa de Benjamin Constant:-22.92045:-43.18827,Museu Casa de Benjamin Constant,-22.92045021057129,-43.18826675415039,museum,CULTURAL,"trusted category, sample-audited clean"
overture:Museu Casa do Reitor:-22.76369:-43.69207,Museu Casa do Reitor,-22.763694763183594,-43.69206619262695,museum,CULTURAL,"trusted category, sample-audited clean"
overture:Museu Fluminense FC:-22.93624:-43.18465,Museu Fluminense FC,-22.93624496459961,-43.18465042114258,museum,CULTURAL,"trusted category, sample-audited clean"
overture:Museu Fotográfico Mauro Palombo:-22.88187:-43.12481,Museu Fotográfico Mauro Palombo,-22.881872177124023,-43.12480545043945,museum,CULTURAL,"trusted category, sample-audited clean"
overture:Museu Histórico da Cidade do Rio de Janeiro:-22.98120:-43.24038,Museu Histórico da Cidade do Rio de Janeiro,-22.981197357177734,-43.240379333496094,museum,CULTURAL,"trusted category, sample-audited clean"
overture:Museu Histórico de Campos dos Goytacazes:-22.93385:-43.17990,Museu Histórico de Campos dos Goytacazes,-22.933853149414062,-43.179901123046875,museum,CULTURAL,"trusted category, sample-audited clean"
overture:Museu Judaico do Rio de Janeiro:-22.90956:-43.17481,Museu Judaico do Rio de Janeiro,-22.90955924987793,-43.17481231689453,museum,CULTURAL,"trusted category, sample-audited clean"
overture:Museu Light da Energia:-22.90253:-43.18707,Museu Light da Energia,-22.90252685546875,-43.187068939208984,museum,CULTURAL,"trusted category, sample-audited clean"
overture:Museu Marechal Zenóbio da Costa:-22.92429:-43.23785,Museu Marechal Zenóbio da Costa,-22.924285888671875,-43.23784637451172,museum,CULTURAL,"trusted category, sample-audited clean"
overture:Museu Matheus Martani:-22.94015:-43.17823,Museu Matheus Martani,-22.94014549255371,-43.17823028564453,museum,CULTURAL,"trusted category, sample-audited clean"
overture:Museu Nacional:-23.01977:-43.46478,Museu Nacional,-23.019765853881836,-43.46478271484375,museum,CULTURAL,"trusted category, sample-audited clean"
overture:Museu Nacional de Belas Artes:-22.90935:-43.17569,Museu Nacional de Belas Artes,-22.909351348876953,-43.17568588256836,museum,CULTURAL,"trusted category, sample-audited clean"
overture:Museu Nacional dos Povos Indígenas OBS: Apenas os jardins estão abertos!:-22.95188:-43.19114,Museu Nacional dos Povos Indígenas OBS: Apenas os jardins estão abertos!,-22.951879501342773,-43.19114303588867,museum,CULTURAL,"trusted category, sample-audited clean"
overture:Museu Naval:-22.90394:-43.17298,Museu Naval,-22.903940200805664,-43.172977447509766,museum,CULTURAL,"trusted category, sample-audited clean"
overture:Museu Niteroi:-22.90750:-43.12653,Museu Niteroi,-22.907499313354492,-43.12652587890625,museum,CULTURAL,"trusted category, sample-audited clean"
overture:Museu Oi Futuro - Museu das Telecomunisações RJ:-22.91971:-43.17184,Museu Oi Futuro - Museu das Telecomunisações RJ,-22.919710159301758,-43.17184066772461,museum,CULTURAL,"trusted category, sample-audited clean"
overture:Museu Penitenciário:-22.91524:-43.19983,Museu Penitenciário,-22.915241241455078,-43.199832916259766,museum,CULTURAL,"trusted category, sample-audited clean"
overture:Museu Vascaino:-22.89118:-43.22891,Museu Vascaino,-22.89118003845215,-43.22890853881836,museum,CULTURAL,"trusted category, sample-audited clean"
overture:Museu Villa-Lobos:-22.95186:-43.19058,Museu Villa-Lobos,-22.95186424255371,-43.190582275390625,museum,CULTURAL,"trusted category, sample-audited clean"
overture:Museu da Escravidão e da Liberdade:-22.89622:-43.19428,Museu da Escravidão e da Liberdade,-22.896217346191406,-43.194278717041016,museum,CULTURAL,"trusted category, sample-audited clean"
overture:Museu da Feb - Petrópolis - RJ:-22.86812:-43.43610,Museu da Feb - Petrópolis - RJ,-22.86811637878418,-43.43610382080078,museum,CULTURAL,"trusted category, sample-audited clean"
overture:Museu da Força Expedicionária Brasileira:-22.91225:-43.17831,Museu da Força Expedicionária Brasileira,-22.91225242614746,-43.17831039428711,museum,CULTURAL,"trusted category, sample-audited clean"
overture:Museu da Geodiversidade:-22.85734:-43.23232,Museu da Geodiversidade,-22.857337951660156,-43.23231506347656,museum,CULTURAL,"trusted category, sample-audited clean"
overture:Museu da Geodiversidade Ufrj:-22.82855:-43.31737,Museu da Geodiversidade Ufrj,-22.828550338745117,-43.3173713684082,museum,CULTURAL,"trusted category, sample-audited clean"
overture:Museu da Ii Guerra Mundial:-22.91651:-43.17404,Museu da Ii Guerra Mundial,-22.916513442993164,-43.174041748046875,museum,CULTURAL,"trusted category, sample-audited clean"
overture:Museu da Imagem e do Som:-22.91370:-43.17221,Museu da Imagem e do Som,-22.913700103759766,-43.17220687866211,museum,CULTURAL,"trusted category, sample-audited clean"
overture:Museu da Imagem e do Som:-22.90578:-43.17094,Museu da Imagem e do Som,-22.905780792236328,-43.170936584472656,museum,CULTURAL,"trusted category, sample-audited clean"
overture:Museu da Imagem e do Som (MIS):-22.97860:-43.18895,Museu da Imagem e do Som (MIS),-22.978595733642578,-43.18894958496094,museum,CULTURAL,"trusted category, sample-audited clean"
overture:Museu da Imagem e do Som (MIS):-22.91399:-43.17856,Museu da Imagem e do Som (MIS),-22.91398811340332,-43.178558349609375,museum,CULTURAL,"trusted category, sample-audited clean"
overture:Museu da Justiça:-22.90498:-43.17282,Museu da Justiça,-22.904979705810547,-43.17282485961914,museum,CULTURAL,"trusted category, sample-audited clean"
overture:Museu da Limpeza Urbana:-22.87881:-43.21182,Museu da Limpeza Urbana,-22.878807067871094,-43.21181869506836,museum,CULTURAL,"trusted category, sample-audited clean"
overture:Museu da Marinha:-22.90052:-43.17472,Museu da Marinha,-22.900516510009766,-43.174720764160156,museum,CULTURAL,"trusted category, sample-audited clean"
overture:Museu da Pediatria:-22.94082:-43.19725,Museu da Pediatria,-22.94082260131836,-43.19725036621094,museum,CULTURAL,"trusted category, sample-audited clean"
overture:Museu da Pelada:-22.99871:-43.27261,Museu da Pelada,-22.998708724975586,-43.272605895996094,museum,CULTURAL,"trusted category, sample-audited clean"
overture:Museu da República:-22.92590:-43.17635,Museu da República,-22.9258975982666,-43.17634963989258,museum,CULTURAL,"trusted category, sample-audited clean"
overture:Museu de Arte Sacra:-22.97358:-43.20780,Museu de Arte Sacra,-22.973583221435547,-43.207801818847656,museum,CULTURAL,"trusted category, sample-audited clean"
overture:Museu de Bangu:-22.87881:-43.46346,Museu de Bangu,-22.878812789916992,-43.46345901489258,museum,CULTURAL,"trusted category, sample-audited clean"
"overture:Museu de Cera, Foz do Iguazu:-22.87789:-43.09943","Museu de Cera, Foz do Iguazu",-22.877893447875977,-43.099430084228516,museum,CULTURAL,"trusted category, sample-audited clean"
overture:Museu de Favela MUF:-22.98194:-43.19754,Museu de Favela MUF,-22.981935501098633,-43.197540283203125,museum,CULTURAL,"trusted category, sample-audited clean"
overture:Museu de Geologia da Urca:-22.95432:-43.16732,Museu de Geologia da Urca,-22.954320907592773,-43.167320251464844,museum,CULTURAL,"trusted category, sample-audited clean"
overture:Museu de História Natural da Quinta da Boavista:-22.95443:-43.18161,Museu de História Natural da Quinta da Boavista,-22.95443344116211,-43.181610107421875,museum,CULTURAL,"trusted category, sample-audited clean"
overture:Museu de Luiz Gonzaga:-22.89750:-43.22041,Museu de Luiz Gonzaga,-22.897497177124023,-43.22040939331055,museum,CULTURAL,"trusted category, sample-audited clean"
overture:Museu de Odontologia Professor Salles Cunha:-22.92292:-43.21181,Museu de Odontologia Professor Salles Cunha,-22.922924041748047,-43.211814880371094,museum,CULTURAL,"trusted category, sample-audited clean"
overture:Museu de Zoologia da UFRRJ:-22.76803:-43.67765,Museu de Zoologia da UFRRJ,-22.768028259277344,-43.67765426635742,museum,CULTURAL,"trusted category, sample-audited clean"
overture:Museu de pedras preciosas:-22.98370:-43.20927,Museu de pedras preciosas,-22.98370361328125,-43.20927429199219,museum,CULTURAL,"trusted category, sample-audited clean"
overture:Museu do Catavento Sao Paulo:-22.91140:-43.10727,Museu do Catavento Sao Paulo,-22.91140365600586,-43.107269287109375,museum,CULTURAL,"trusted category, sample-audited clean"
overture:Museu do Chocolate:-22.90133:-43.20309,Museu do Chocolate,-22.901330947875977,-43.203086853027344,museum,CULTURAL,"trusted category, sample-audited clean"
overture:Museu do Cocuruto:-22.95574:-43.16704,Museu do Cocuruto,-22.955738067626953,-43.16703796386719,museum,CULTURAL,"trusted category, sample-audited clean"
overture:Museu do Esporte do Exercito:-22.94528:-43.16315,Museu do Esporte do Exercito,-22.945280075073242,-43.16314697265625,museum,CULTURAL,"trusted category, sample-audited clean"
overture:Museu do Exercito:-22.91223:-43.23352,Museu do Exercito,-22.912229537963867,-43.2335205078125,museum,CULTURAL,"trusted category, sample-audited clean"
overture:Museu do Futebol:-22.91015:-43.23030,Museu do Futebol,-22.91014862060547,-43.23030471801758,museum,CULTURAL,"trusted category, sample-audited clean"
overture:Museu do Meio Ambiente:-22.97045:-43.22325,Museu do Meio Ambiente,-22.97044563293457,-43.22324752807617,museum,CULTURAL,"trusted category, sample-audited clean"
overture:Museu do Planetário:-22.97830:-43.23028,Museu do Planetário,-22.978300094604492,-43.230281829833984,museum,CULTURAL,"trusted category, sample-audited clean"
overture:Museu do Samba:-22.90155:-43.24081,Museu do Samba,-22.90155029296875,-43.240806579589844,museum,CULTURAL,"trusted category, sample-audited clean"
overture:Museu do Surf - By Rico:-22.89749:-43.19595,Museu do Surf - By Rico,-22.897493362426758,-43.195945739746094,museum,CULTURAL,"trusted category, sample-audited clean"
overture:Museu do amanhã:-22.96655:-43.18284,Museu do amanhã,-22.966554641723633,-43.18284225463867,museum,CULTURAL,"trusted category, sample-audited clean"
overture:Museu do bonde:-22.88931:-43.11869,Museu do bonde,-22.88930892944336,-43.118690490722656,museum,CULTURAL,"trusted category, sample-audited clean"
overture:Museu dos Azulejos:-22.85662:-43.32791,Museu dos Azulejos,-22.85662269592285,-43.32790756225586,museum,CULTURAL,"trusted category, sample-audited clean"
overture:Museum of Contemporary Art:-22.90731:-43.12596,Museum of Contemporary Art,-22.90730857849121,-43.12595748901367,museum,CULTURAL,"trusted category, sample-audited clean"
overture:Museum of Humanity:-22.81946:-43.39518,Museum of Humanity,-22.819459915161133,-43.39517593383789,museum,CULTURAL,"trusted category, sample-audited clean"
overture:Museum of Tiles:-22.88507:-43.27763,Museum of Tiles,-22.885074615478516,-43.27762985229492,museum,CULTURAL,"trusted category, sample-audited clean"
overture:Muzema Cit:-22.99031:-43.32258,Muzema Cit,-22.990306854248047,-43.32258224487305,museum,CULTURAL,"trusted category, sample-audited clean"
overture:National Museum of Brazil:-22.90577:-43.22653,National Museum of Brazil,-22.905765533447266,-43.22652816772461,museum,CULTURAL,"trusted category, sample-audited clean"
overture:Nave do Conhecimento Engenhão - 1ª Arena E-sports Pública do BR:-22.89480:-43.29410,Nave do Conhecimento Engenhão - 1ª Arena E-sports Pública do BR,-22.894798278808594,-43.29410171508789,museum,CULTURAL,"trusted category, sample-audited clean"
overture:Navio Museu Bauru:-23.00312:-43.42890,Navio Museu Bauru,-23.003124237060547,-43.42890167236328,museum,CULTURAL,"trusted category, sample-audited clean"
overture:O Museu da Imigração do Estado de São Paulo:-22.90138:-43.10899,O Museu da Imigração do Estado de São Paulo,-22.90138053894043,-43.108985900878906,museum,CULTURAL,"trusted category, sample-audited clean"
overture:Onde Tudo Começou - OTC:-22.90582:-43.22657,Onde Tudo Começou - OTC,-22.905824661254883,-43.226566314697266,museum,CULTURAL,"trusted category, sample-audited clean"
overture:Palácio Episcopal da Conceição:-22.89953:-43.18285,Palácio Episcopal da Conceição,-22.899534225463867,-43.18285369873047,museum,CULTURAL,"trusted category, sample-audited clean"
overture:Palácio da Justiça:-22.89397:-43.11786,Palácio da Justiça,-22.893970489501953,-43.11785888671875,museum,CULTURAL,"trusted category, sample-audited clean"
overture:Palácio do Grão-Pará:-22.82336:-43.59579,Palácio do Grão-Pará,-22.823362350463867,-43.595787048339844,museum,CULTURAL,"trusted category, sample-audited clean"
overture:Panteão Duque de Caxias:-22.90361:-43.18917,Panteão Duque de Caxias,-22.903614044189453,-43.18916702270508,museum,CULTURAL,"trusted category, sample-audited clean"
overture:Parque das Ruínas / Museu da Chácara do Céu:-22.91279:-43.17715,Parque das Ruínas / Museu da Chácara do Céu,-22.912790298461914,-43.177146911621094,museum,CULTURAL,"trusted category, sample-audited clean"
overture:Quilombo das Neves-Centro de Preservaca o Cultural da Arte Capoeira-CPCAC:-22.91550:-43.19091,Quilombo das Neves-Centro de Preservaca o Cultural da Arte Capoeira-CPCAC,-22.91550064086914,-43.190914154052734,museum,CULTURAL,"trusted category, sample-audited clean"
overture:Quinta da Boa Vista - Museu Nacional:-22.92644:-43.21583,Quinta da Boa Vista - Museu Nacional,-22.926443099975586,-43.2158317565918,museum,CULTURAL,"trusted category, sample-audited clean"
overture:Recanto do Museu:-22.98560:-43.18666,Recanto do Museu,-22.985599517822266,-43.1866569519043,museum,CULTURAL,"trusted category, sample-audited clean"
overture:Rio Illusions | Museu de Ilusões:-22.95458:-43.16734,Rio Illusions | Museu de Ilusões,-22.9545841217041,-43.167335510253906,museum,CULTURAL,"trusted category, sample-audited clean"
overture:Rio Museu Olímpico:-22.97544:-43.39299,Rio Museu Olímpico,-22.975435256958008,-43.39298629760742,museum,CULTURAL,"trusted category, sample-audited clean"
overture:Sala Museal Artes e Idéias:-22.90167:-43.18148,Sala Museal Artes e Idéias,-22.90167236328125,-43.18148422241211,museum,CULTURAL,"trusted category, sample-audited clean"
overture:Sitio Histórico Monte Zumba:-22.98735:-43.27915,Sitio Histórico Monte Zumba,-22.98735237121582,-43.27914810180664,museum,CULTURAL,"trusted category, sample-audited clean"
overture:Solar de Grandjean de Montigny:-22.97902:-43.23373,Solar de Grandjean de Montigny,-22.979021072387695,-43.23373031616211,museum,CULTURAL,"trusted category, sample-audited clean"
overture:Solar do Jambeiro:-22.90323:-43.12805,Solar do Jambeiro,-22.903234481811523,-43.128047943115234,museum,CULTURAL,"trusted category, sample-audited clean"
overture:Solarpucrio:-22.97897:-43.23339,Solarpucrio,-22.978971481323242,-43.2333869934082,museum,CULTURAL,"trusted category, sample-audited clean"
overture:Submarino Museu Riachuelo:-22.90412:-43.17204,Submarino Museu Riachuelo,-22.90412139892578,-43.17204284667969,museum,CULTURAL,"trusted category, sample-audited clean"
overture:TK Souvenir:-22.92209:-43.17625,TK Souvenir,-22.922090530395508,-43.176246643066406,museum,CULTURAL,"trusted category, sample-audited clean"
overture:Turbulências:-22.89689:-43.18195,Turbulências,-22.89689064025879,-43.18194580078125,museum,CULTURAL,"trusted category, sample-audited clean"
feiras_registry:Feira de Cidade De Deus (Quarta-Feira):-22.94809:-43.35928,Feira de Cidade De Deus (Quarta-Feira),-22.9480908,-43.3592755,recurring_cultural_event,CULTURAL,"trusted category, sample-audited clean"
"feiras_registry:Feira de Recreio Dos
Bandeirantes (Sábado):-23.02329:-43.48553","Feira de Recreio Dos
Bandeirantes (Sábado)",-23.0232945,-43.4855252,recurring_cultural_event,CULTURAL,"trusted category, sample-audited clean"
feiras_registry:Feira de Tijuca (Sexta-Feira):-22.92065:-43.22496,Feira de Tijuca (Sexta-Feira),-22.9206461,-43.2249591,recurring_cultural_event,CULTURAL,"trusted category, sample-audited clean"
overture:A Casa de Bambas:-22.82244:-43.29427,A Casa de Bambas,-22.82243537902832,-43.29426956176758,cultural_center,NOISE,"generic ""casa"" name, no documented heritage"
overture:A Garagem:-22.90664:-43.18018,A Garagem,-22.90664291381836,-43.18018341064453,cultural_center,NOISE,generic business name
overture:A Maison | Espaço Cultural da França:-22.91019:-43.17154,A Maison | Espaço Cultural da França,-22.910192489624023,-43.17153549194336,cultural_center,CULTURAL,French cultural center with real programming
overture:Abafu:-22.92262:-43.37627,Abafu,-22.922622680664062,-43.37626647949219,cultural_center,NOISE,"ambiguous single word, no clear referent"
overture:Academia Fluminense de Letras:-22.89459:-43.11707,Academia Fluminense de Letras,-22.89458656311035,-43.11707305908203,cultural_center,CULTURAL,"literary academy, real cultural institution"
overture:Académicos do Dendê Raízes:-22.79741:-43.19304,Académicos do Dendê Raízes,-22.79741096496582,-43.19303512573242,cultural_center,CULTURAL,samba school (escola de samba) heritage group
overture:Acaso Cultural:-22.94680:-43.18498,Acaso Cultural,-22.946800231933594,-43.18497848510742,cultural_center,NOISE,"vague small venue, no documented heritage/programming"
overture:Acervo Cultural e Histórico do GRES Estácio de Sá:-22.91275:-43.20187,Acervo Cultural e Histórico do GRES Estácio de Sá,-22.912750244140625,-43.201873779296875,cultural_center,CULTURAL,samba school historical/cultural archive
overture:Adaf:-22.90626:-43.10545,Adaf,-22.906259536743164,-43.10544967651367,cultural_center,NOISE,"ambiguous single word, no clear referent"
"overture:Amarathi, hub cultural:-22.90211:-43.17771","Amarathi, hub cultural",-22.902114868164062,-43.17770767211914,cultural_center,NOISE,"vague generic ""cultural hub"" business name"
overture:Arcanos:-22.88500:-43.32088,Arcanos,-22.885000228881836,-43.32087707519531,cultural_center,NOISE,"ambiguous single word, no clear referent"
overture:Arena Carioca Jovelina Pérola Negra:-22.80884:-43.36195,Arena Carioca Jovelina Pérola Negra,-22.808841705322266,-43.36194610595703,cultural_center,CULTURAL,municipal Arena Carioca venue honoring samba singer
overture:Arena Cultural Dicró:-22.83920:-43.28770,Arena Cultural Dicró,-22.839202880859375,-43.28770446777344,cultural_center,CULTURAL,municipal cultural arena
overture:Areninha Carioca Hermeto Pascoal:-22.87733:-43.47283,Areninha Carioca Hermeto Pascoal,-22.87732696533203,-43.47283172607422,cultural_center,CULTURAL,municipal Areninha cultural arena program
overture:Areninha Cultural Gilberto Gil:-22.87810:-43.41579,Areninha Cultural Gilberto Gil,-22.878103256225586,-43.415794372558594,cultural_center,CULTURAL,municipal Areninha cultural arena program
overture:Areninha Cultural Joao Bosco de Vista Alegre:-22.83230:-43.31245,Areninha Cultural Joao Bosco de Vista Alegre,-22.83230209350586,-43.31244659423828,cultural_center,CULTURAL,municipal Areninha cultural arena program
overture:Areninha Cultural Renato Russo:-22.80505:-43.17955,Areninha Cultural Renato Russo,-22.8050479888916,-43.1795539855957,cultural_center,CULTURAL,municipal Areninha cultural arena program
overture:Armazém Cultural das Artes:-22.89411:-43.19020,Armazém Cultural das Artes,-22.894107818603516,-43.1901969909668,cultural_center,CULTURAL,arts cultural warehouse/venue
overture:Arte Cultura e Poder:-22.91126:-43.23640,Arte Cultura e Poder,-22.911256790161133,-43.23640060424805,cultural_center,NOISE,"vague generic phrase, no clear institution"
overture:Associate - Ilha do Governador:-22.80380:-43.21053,Associate - Ilha do Governador,-22.80379867553711,-43.210533142089844,cultural_center,NOISE,"generic business name (""Associate"")"
overture:Associação Afrocultural Yorubá:-22.88366:-43.29517,Associação Afrocultural Yorubá,-22.883657455444336,-43.29517364501953,cultural_center,CULTURAL,Afro-Brazilian cultural association
overture:Associação Cultural Espaço Carioca:-22.87378:-43.31511,Associação Cultural Espaço Carioca,-22.873783111572266,-43.31510543823242,cultural_center,CULTURAL,cultural association with real programming
overture:Associação Cultural Grupo Afrolaje:-22.90385:-43.30330,Associação Cultural Grupo Afrolaje,-22.903852462768555,-43.30330276489258,cultural_center,CULTURAL,Afro-Brazilian cultural group association
overture:Associação Recordar É Viver:-22.85315:-43.26069,Associação Recordar É Viver,-22.8531494140625,-43.26069259643555,cultural_center,NOISE,"generic support association, not cultural heritage"
overture:Associação dos Amigos da Lona Cultural Hermeto Pascoal:-22.87739:-43.47266,Associação dos Amigos da Lona Cultural Hermeto Pascoal,-22.877389907836914,-43.47265625,cultural_center,CULTURAL,friends association of municipal cultural venue
overture:Asé Pingo D'água:-22.96599:-43.64803,Asé Pingo D'água,-22.965988159179688,-43.64802932739258,cultural_center,CULTURAL,"Candomblé terreiro, Afro-Brazilian religious-cultural heritage"
overture:BAC - Barracão de Arte e Cultura Sepetiba:-22.96741:-43.69054,BAC - Barracão de Arte e Cultura Sepetiba,-22.9674129486084,-43.6905403137207,cultural_center,CULTURAL,art and culture center
overture:BDA - Batalha do Ares:-22.83595:-43.41078,BDA - Batalha do Ares,-22.83595085144043,-43.41078186035156,cultural_center,NOISE,"street rap-battle event site, not a fixed heritage POI"
overture:Barricada - Centro Cultural Marginal Fernando Calado:-22.89650:-43.12567,Barricada - Centro Cultural Marginal Fernando Calado,-22.896503448486328,-43.12567138671875,cultural_center,CULTURAL,named cultural center
overture:Batalha do Camorim:-22.96579:-43.41481,Batalha do Camorim,-22.96579360961914,-43.41481018066406,cultural_center,NOISE,"street rap-battle event site, not a fixed heritage POI"
overture:Batalha do Parque:-22.84493:-43.36312,Batalha do Parque,-22.844928741455078,-43.363121032714844,cultural_center,NOISE,"street rap-battle event site, not a fixed heritage POI"
overture:Bloco Céu Na Terra:-22.92154:-43.18606,Bloco Céu Na Terra,-22.921537399291992,-43.18606185913086,cultural_center,NOISE,"ephemeral carnival parade group, not a fixed heritage site"
overture:Bloco Minha Raiz:-22.89750:-43.30708,Bloco Minha Raiz,-22.897502899169922,-43.30708312988281,cultural_center,NOISE,"ephemeral carnival parade group, not a fixed heritage site"
overture:Bota Dendê - Rio de Janeiro:-22.90580:-43.29222,Bota Dendê - Rio de Janeiro,-22.905803680419922,-43.29222106933594,cultural_center,NOISE,ambiguous business-sounding name
overture:Brabas da Conceito:-22.88099:-43.37029,Brabas da Conceito,-22.880990982055664,-43.37028503417969,cultural_center,NOISE,"ambiguous group name, no documented heritage site"
overture:Buda Senzala e Alunos:-22.78889:-43.16804,Buda Senzala e Alunos,-22.788890838623047,-43.16804122924805,cultural_center,NOISE,private capoeira training academy/group
overture:C.C.N Fruta do Pé:-22.91124:-43.59063,C.C.N Fruta do Pé,-22.911243438720703,-43.590633392333984,cultural_center,NOISE,"ambiguous acronym, unclear referent"
overture:CASARTI Casa do Artista Independente:-22.82613:-43.31207,CASARTI Casa do Artista Independente,-22.826129913330078,-43.31207275390625,cultural_center,CULTURAL,"house for independent artists, cultural space"
overture:CCBB Rio de Janeiro:-22.90094:-43.17645,CCBB Rio de Janeiro,-22.900941848754883,-43.17645263671875,cultural_center,CULTURAL,"Centro Cultural Banco do Brasil, major cultural institution"
overture:CCS Movimento:-22.91214:-43.18775,CCS Movimento,-22.912141799926758,-43.187747955322266,cultural_center,NOISE,"ambiguous acronym, unclear referent"
overture:CCSP Cardeal Orani Tempesta:-22.83088:-43.32612,CCSP Cardeal Orani Tempesta,-22.830881118774414,-43.32612228393555,cultural_center,NOISE,"ambiguous acronym, likely religious/social center not heritage"
overture:CRAB - Centro Sebrae de Referência do Artesanato Brasileiro:-22.90767:-43.18382,CRAB - Centro Sebrae de Referência do Artesanato Brasileiro,-22.907665252685547,-43.18381881713867,cultural_center,CULTURAL,Brazilian handicraft reference center
overture:CRAB Sebrae - Centro de Referencia do Artesanato Brasileiro:-22.90736:-43.18382,CRAB Sebrae - Centro de Referencia do Artesanato Brasileiro,-22.90735626220703,-43.18382263183594,cultural_center,CULTURAL,Brazilian handicraft reference center (duplicate)
overture:Caixa Cultural Rj:-22.90828:-43.17692,Caixa Cultural Rj,-22.908283233642578,-43.17692184448242,cultural_center,CULTURAL,well-known bank-sponsored cultural center
overture:Caminho Niemeyer:-22.89050:-43.12696,Caminho Niemeyer,-22.8905029296875,-43.126956939697266,cultural_center,CULTURAL,"Oscar Niemeyer architecture complex, heritage landmark"
overture:Campus Avançado:-22.90159:-43.13319,Campus Avançado,-22.90159034729004,-43.13318634033203,cultural_center,NOISE,vague generic university extension campus
overture:Capacete Centro Cultural:-22.92139:-43.18113,Capacete Centro Cultural,-22.9213924407959,-43.18112564086914,cultural_center,CULTURAL,known art residency cultural center
overture:Capoeira Ubemtem:-22.90128:-43.35661,Capoeira Ubemtem,-22.901281356811523,-43.35660934448242,cultural_center,NOISE,private capoeira training school
overture:Casa 136 Laranjeiras:-22.93592:-43.18094,Casa 136 Laranjeiras,-22.935924530029297,-43.18094253540039,cultural_center,NOISE,"generic address-style ""casa"" name"
overture:Casa 264:-22.89969:-43.12676,Casa 264,-22.899694442749023,-43.12676239013672,cultural_center,NOISE,"generic address-style ""casa"" name"
overture:Casa 7:-22.98364:-43.19485,Casa 7,-22.9836368560791,-43.194847106933594,cultural_center,NOISE,"ambiguous generic ""casa"" name"
overture:Casa Afrodai:-22.91438:-43.17957,Casa Afrodai,-22.91438102722168,-43.1795654296875,cultural_center,NOISE,"generic ""casa"" name, no documented heritage"
overture:Casa Amarela Providência:-22.90037:-43.19528,Casa Amarela Providência,-22.900367736816406,-43.19527816772461,cultural_center,NOISE,"generic community ""casa"" name, no documented heritage"
overture:Casa Amarela centro cultural e atelier:-22.85329:-43.36957,Casa Amarela centro cultural e atelier,-22.853288650512695,-43.369571685791016,cultural_center,CULTURAL,explicit cultural center and art studio
overture:Casa Anthropos:-22.95631:-43.19313,Casa Anthropos,-22.956314086914062,-43.19313430786133,cultural_center,NOISE,"ambiguous generic ""casa"" name"
overture:Casa Carnaval | Centro:-22.90166:-43.17522,Casa Carnaval | Centro,-22.901662826538086,-43.17522430419922,cultural_center,CULTURAL,carnival-culture themed cultural house
overture:Casa Coletiva | Rio de Janeiro RJ:-22.92051:-43.18569,Casa Coletiva | Rio de Janeiro RJ,-22.920507431030273,-43.185691833496094,cultural_center,NOISE,"generic ambiguous ""collective house"" name"
overture:Casa Cultural Manacá:-22.90875:-43.19495,Casa Cultural Manacá,-22.908748626708984,-43.1949462890625,cultural_center,CULTURAL,explicit cultural house designation
overture:Casa Cultural da Nossa Gente:-22.89432:-43.28986,Casa Cultural da Nossa Gente,-22.89432144165039,-43.28986358642578,cultural_center,CULTURAL,explicit cultural house designation
overture:Casa De Cultura:-22.88469:-43.30369,Casa De Cultura,-22.88469123840332,-43.303688049316406,cultural_center,CULTURAL,"explicit ""House of Culture"" designation"
overture:Casa Escalona Rio de Janeiro:-22.91351:-43.19422,Casa Escalona Rio de Janeiro,-22.913511276245117,-43.19422149658203,cultural_center,NOISE,"generic surname ""casa"", ambiguous"
overture:Casa Fred Coworking:-22.94810:-43.32983,Casa Fred Coworking,-22.948102951049805,-43.329830169677734,cultural_center,NOISE,explicit coworking business
overture:Casa Rosa da Gávea:-22.97883:-43.23455,Casa Rosa da Gávea,-22.978830337524414,-43.23455047607422,cultural_center,CULTURAL,"historic Casa Rosa, known heritage samba/cultural venue"
overture:Casa Sol:-22.91618:-43.19157,Casa Sol,-22.916183471679688,-43.19157028198242,cultural_center,NOISE,"generic ambiguous ""casa"" name"
overture:Casa Sol do Grajaú:-22.92226:-43.26688,Casa Sol do Grajaú,-22.922264099121094,-43.266876220703125,cultural_center,NOISE,"generic ambiguous ""casa"" name"
overture:Casa Subversa:-22.90691:-43.18388,Casa Subversa,-22.906911849975586,-43.183876037597656,cultural_center,CULTURAL,known alternative cultural/political collective space
overture:Casa da Tia Ciata:-22.89803:-43.18751,Casa da Tia Ciata,-22.898033142089844,-43.18750762939453,cultural_center,CULTURAL,"famous historic house, birthplace of samba"
overture:Casa da Águia:-22.99392:-43.26188,Casa da Águia,-22.99392318725586,-43.26187515258789,cultural_center,NOISE,"generic ambiguous ""casa"" name"
overture:Casa de Arte e Cultura Julieta de Serpa:-22.93641:-43.17448,Casa de Arte e Cultura Julieta de Serpa,-22.936410903930664,-43.17448043823242,cultural_center,CULTURAL,explicit arts/culture house in historic palacete
overture:Casa de Arte e Cultura Luiz Januário:-22.92275:-43.22023,Casa de Arte e Cultura Luiz Januário,-22.92275047302246,-43.2202262878418,cultural_center,CULTURAL,explicit arts/culture house designation
overture:Casa de Artes Paquetá:-22.75325:-43.11126,Casa de Artes Paquetá,-22.753250122070312,-43.11125564575195,cultural_center,CULTURAL,explicit arts house
overture:Casa de Artes e Culturas Percília Teles da Silva:-22.89181:-43.34465,Casa de Artes e Culturas Percília Teles da Silva,-22.891809463500977,-43.34464645385742,cultural_center,CULTURAL,explicit arts/culture house designation
overture:Casa de Artista:-22.89115:-43.12317,Casa de Artista,-22.89115333557129,-43.1231689453125,cultural_center,NOISE,"generic ""house of the artist"", no specific referent"
overture:Casa de Cultura:-22.87691:-43.27013,Casa de Cultura,-22.87691307067871,-43.2701301574707,cultural_center,CULTURAL,"explicit ""House of Culture"" designation"
overture:Casa de Cultura - Volta do Mundo e Conexões do Beco da Cultura:-22.90137:-43.17522,Casa de Cultura - Volta do Mundo e Conexões do Beco da Cultura,-22.9013729095459,-43.17522048950195,cultural_center,CULTURAL,explicit cultural house designation
overture:Casa de Cultura Elbe de Holanda:-22.81745:-43.19964,Casa de Cultura Elbe de Holanda,-22.81744956970215,-43.199642181396484,cultural_center,CULTURAL,explicit cultural house designation
overture:Casa de Cultura Laura Alvim:-22.98658:-43.19923,Casa de Cultura Laura Alvim,-22.9865779876709,-43.19922637939453,cultural_center,CULTURAL,well-known cultural center in Ipanema
overture:Casa de Cultura Marise Moreira de Brito:-22.87407:-43.77790,Casa de Cultura Marise Moreira de Brito,-22.874069213867188,-43.77790069580078,cultural_center,CULTURAL,explicit cultural house designation
overture:Casa de Cultura de Jacarepaguá:-22.92227:-43.37772,Casa de Cultura de Jacarepaguá,-22.922273635864258,-43.377716064453125,cultural_center,CULTURAL,explicit municipal house of culture
overture:Casa de Cultura de Nova Iguaçu:-22.76138:-43.45033,Casa de Cultura de Nova Iguaçu,-22.761377334594727,-43.45033264160156,cultural_center,CULTURAL,explicit municipal house of culture
overture:Casa de Oliveira Vianna:-22.88061:-43.10870,Casa de Oliveira Vianna,-22.88060760498047,-43.108699798583984,cultural_center,CULTURAL,house named after historic scholar figure
overture:Casa de Viseu:-22.84538:-43.30367,Casa de Viseu,-22.845378875732422,-43.303672790527344,cultural_center,CULTURAL,Portuguese regional heritage association house
overture:Casa do Nando:-22.90177:-43.18508,Casa do Nando,-22.90177345275879,-43.185081481933594,cultural_center,NOISE,personal home nickname
overture:Casa do Pandeiro:-22.90373:-43.17749,Casa do Pandeiro,-22.903732299804688,-43.177494049072266,cultural_center,NOISE,"likely commercial shop, no documented heritage"
overture:Casa do Propósito:-22.89569:-43.19484,Casa do Propósito,-22.895689010620117,-43.19484329223633,cultural_center,NOISE,"generic ""casa"", likely religious/social service center"
overture:Casa do Recreio Arte e Cultura:-23.02154:-43.47924,Casa do Recreio Arte e Cultura,-23.021535873413086,-43.47924041748047,cultural_center,CULTURAL,explicit arts and culture designation
overture:Casa do Saber Popular:-22.96603:-43.60577,Casa do Saber Popular,-22.966026306152344,-43.605770111083984,cultural_center,NOISE,private paid-course education business chain
overture:Casa do Saber Rio:-22.98240:-43.21749,Casa do Saber Rio,-22.982398986816406,-43.217491149902344,cultural_center,NOISE,private paid-course education business chain
overture:Casa dos Açores:-22.92093:-43.22099,Casa dos Açores,-22.92093276977539,-43.22099304199219,cultural_center,CULTURAL,Portuguese immigrant heritage cultural association
overture:Castelo Fiocruz Rj Brasil:-22.91194:-43.18394,Castelo Fiocruz Rj Brasil,-22.91193962097168,-43.183937072753906,cultural_center,CULTURAL,"Fiocruz Moorish Castle, architectural heritage landmark"
overture:Ccbb - Centro Cultural Banco do Brasil:-22.90916:-43.10199,Ccbb - Centro Cultural Banco do Brasil,-22.909160614013672,-43.101985931396484,cultural_center,CULTURAL,major cultural institution (Centro Cultural Banco do Brasil)
overture:Centro Carnavalesco Onça Preta:-22.89941:-43.18793,Centro Carnavalesco Onça Preta,-22.8994083404541,-43.18793487548828,cultural_center,CULTURAL,"carnival/samba clubhouse, cultural heritage"
overture:Centro Cultural Abrigo de Bondes:-22.88988:-43.11446,Centro Cultural Abrigo de Bondes,-22.889877319335938,-43.11445999145508,cultural_center,CULTURAL,heritage tram-shelter building converted to cultural center
overture:Centro Cultural Acao da Cidadania:-22.89664:-43.18660,Centro Cultural Acao da Cidadania,-22.896638870239258,-43.18660354614258,cultural_center,CULTURAL,"explicit cultural center, known citizenship NGO"
overture:Centro Cultural AfroRio:-22.87791:-43.32758,Centro Cultural AfroRio,-22.877906799316406,-43.32757568359375,cultural_center,CULTURAL,Afro-Brazilian cultural center
overture:Centro Cultural Atriz Chica Xa:-22.84918:-43.26642,Centro Cultural Atriz Chica Xa,-22.84918212890625,-43.266422271728516,cultural_center,CULTURAL,explicit cultural center named after actress
overture:Centro Cultural Banco Do Brasil:-22.98717:-43.19620,Centro Cultural Banco Do Brasil,-22.98717498779297,-43.19620132446289,cultural_center,CULTURAL,major cultural institution
overture:Centro Cultural Banco Do Brasil:-22.80200:-43.20460,Centro Cultural Banco Do Brasil,-22.802000045776367,-43.2046012878418,cultural_center,CULTURAL,major cultural institution
overture:Centro Cultural Banco do Brasil:-22.90096:-43.17648,Centro Cultural Banco do Brasil,-22.90096092224121,-43.176475524902344,cultural_center,CULTURAL,major cultural institution
overture:Centro Cultural Benjamin Peret:-22.91720:-43.17892,Centro Cultural Benjamin Peret,-22.91719627380371,-43.17892074584961,cultural_center,CULTURAL,explicit cultural center
overture:Centro Cultural Boa Viagem:-22.90590:-43.13216,Centro Cultural Boa Viagem,-22.905902862548828,-43.132164001464844,cultural_center,CULTURAL,explicit cultural center
overture:Centro Cultural Calça Larga:-22.92988:-43.22659,Centro Cultural Calça Larga,-22.929880142211914,-43.226585388183594,cultural_center,CULTURAL,explicit cultural center
overture:Centro Cultural Capiberibe 27:-22.90228:-43.20415,Centro Cultural Capiberibe 27,-22.90228271484375,-43.20414733886719,cultural_center,CULTURAL,explicit cultural center
overture:Centro Cultural Carioca:-22.90631:-43.18180,Centro Cultural Carioca,-22.906307220458984,-43.18179702758789,cultural_center,CULTURAL,known live-music/cultural venue in Centro
overture:Centro Cultural Cartola:-22.90155:-43.24086,Centro Cultural Cartola,-22.901554107666016,-43.2408561706543,cultural_center,CULTURAL,named after legendary samba composer Cartola
overture:Centro Cultural Casa da FEB:-22.91218:-43.17823,Centro Cultural Casa da FEB,-22.91217803955078,-43.1782341003418,cultural_center,CULTURAL,Brazilian Expeditionary Force historical/cultural center
overture:Centro Cultural Cauby Peixoto:-22.88027:-43.10320,Centro Cultural Cauby Peixoto,-22.880266189575195,-43.10320281982422,cultural_center,CULTURAL,named after famous singer
overture:Centro Cultural Cecília Conde:-22.85952:-43.26014,Centro Cultural Cecília Conde,-22.859516143798828,-43.26013946533203,cultural_center,CULTURAL,named after Brazilian musicologist
overture:Centro Cultural China Brasil Yuan Aiping:-23.00439:-43.31968,Centro Cultural China Brasil Yuan Aiping,-23.004392623901367,-43.319679260253906,cultural_center,CULTURAL,China-Brazil cultural center
overture:Centro Cultural Correia Lima:-22.92682:-43.17942,Centro Cultural Correia Lima,-22.92682456970215,-43.179420471191406,cultural_center,CULTURAL,explicit cultural center
overture:Centro Cultural Correios:-22.90116:-43.17590,Centro Cultural Correios,-22.90115737915039,-43.17589569091797,cultural_center,CULTURAL,"Post Office cultural center chain, heritage building"
overture:Centro Cultural Cândido José de Araújo:-22.89560:-43.19220,Centro Cultural Cândido José de Araújo,-22.895601272583008,-43.192203521728516,cultural_center,CULTURAL,explicit cultural center
overture:Centro Cultural Diversa:-22.90665:-43.18092,Centro Cultural Diversa,-22.906648635864258,-43.1809196472168,cultural_center,CULTURAL,explicit cultural center
overture:Centro Cultural Donana:-22.74681:-43.40686,Centro Cultural Donana,-22.746814727783203,-43.406864166259766,cultural_center,CULTURAL,explicit cultural center
overture:Centro Cultural Dragão Do Mar:-22.94484:-43.34161,Centro Cultural Dragão Do Mar,-22.944835662841797,-43.34160614013672,cultural_center,CULTURAL,explicit cultural center designation
overture:Centro Cultural Educar:-22.88001:-43.25290,Centro Cultural Educar,-22.8800106048584,-43.252899169921875,cultural_center,CULTURAL,explicit cultural center
overture:Centro Cultural FGV:-22.94097:-43.18013,Centro Cultural FGV,-22.94097137451172,-43.18012619018555,cultural_center,CULTURAL,"Getúlio Vargas Foundation cultural center, known institution"
overture:Centro Cultural Fundição Progresso:-22.91251:-43.18025,Centro Cultural Fundição Progresso,-22.912513732910156,-43.18024826049805,cultural_center,CULTURAL,"famous historic music venue, former foundry building"
overture:Centro Cultural Ilha do Governador:-22.80045:-43.19773,Centro Cultural Ilha do Governador,-22.80044937133789,-43.19773483276367,cultural_center,CULTURAL,explicit cultural center
overture:Centro Cultural Inclusartiz:-22.89592:-43.19201,Centro Cultural Inclusartiz,-22.89592170715332,-43.1920051574707,cultural_center,CULTURAL,known contemporary art institute
overture:Centro Cultural Infinito:-22.93351:-43.20042,Centro Cultural Infinito,-22.933513641357422,-43.20042037963867,cultural_center,CULTURAL,explicit cultural center
overture:Centro Cultural Itaporã:-22.92054:-43.21086,Centro Cultural Itaporã,-22.920541763305664,-43.21086120605469,cultural_center,CULTURAL,explicit cultural center
overture:Centro Cultural Japão:-22.93235:-43.17491,Centro Cultural Japão,-22.932350158691406,-43.17491149902344,cultural_center,CULTURAL,Japan cultural center
overture:Centro Cultural Jerusalém:-22.88164:-43.27538,Centro Cultural Jerusalém,-22.881643295288086,-43.27537536621094,cultural_center,CULTURAL,"explicit cultural center, likely Jewish community"
overture:Centro Cultural José Bonifácio:-22.89622:-43.19428,Centro Cultural José Bonifácio,-22.896223068237305,-43.194278717041016,cultural_center,CULTURAL,named after historic statesman José Bonifácio
overture:Centro Cultural João XXIII:-22.94747:-43.18579,Centro Cultural João XXIII,-22.947467803955078,-43.185791015625,cultural_center,CULTURAL,explicit cultural center named after Pope John XXIII
overture:Centro Cultural Justiça Federal:-22.91054:-43.17531,Centro Cultural Justiça Federal,-22.910539627075195,-43.17530822753906,cultural_center,CULTURAL,"Federal Justice cultural center, known institution"
overture:Centro Cultural La Salle - Salão de Festas:-22.89905:-43.10905,Centro Cultural La Salle - Salão de Festas,-22.899051666259766,-43.10905456542969,cultural_center,NOISE,"explicitly a party-rental hall (""Salão de Festas"")"
overture:Centro Cultural Lado B:-22.90257:-43.17544,Centro Cultural Lado B,-22.902565002441406,-43.17544174194336,cultural_center,CULTURAL,explicit cultural center
overture:Centro Cultural Lagoa:-22.96590:-43.20334,Centro Cultural Lagoa,-22.96590232849121,-43.203338623046875,cultural_center,CULTURAL,explicit cultural center
overture:Centro Cultural Light:-22.90272:-43.18710,Centro Cultural Light,-22.90272331237793,-43.187095642089844,cultural_center,CULTURAL,historic utility company cultural center
overture:Centro Cultural Lóttus:-22.90509:-43.29285,Centro Cultural Lóttus,-22.905094146728516,-43.29285430908203,cultural_center,CULTURAL,explicit cultural center
overture:Centro Cultural Marcelo Decolores:-22.87803:-43.12273,Centro Cultural Marcelo Decolores,-22.878028869628906,-43.12273025512695,cultural_center,CULTURAL,explicit cultural center
overture:Centro Cultural Maria Bonita:-22.87025:-43.77562,Centro Cultural Maria Bonita,-22.870250701904297,-43.77561950683594,cultural_center,CULTURAL,explicit cultural center named after historic figure
overture:Centro Cultural Marrom Music:-23.02163:-43.49923,Centro Cultural Marrom Music,-23.02163314819336,-43.49923324584961,cultural_center,NOISE,"business-sounding music venue name, not documented heritage"
overture:Centro Cultural Mister Watkins:-22.78490:-43.43152,Centro Cultural Mister Watkins,-22.784896850585938,-43.431522369384766,cultural_center,CULTURAL,explicit cultural center
overture:Centro Cultural Mordechai Anilevitch:-22.95189:-43.19150,Centro Cultural Mordechai Anilevitch,-22.951889038085938,-43.191497802734375,cultural_center,CULTURAL,"named after historic Jewish resistance figure, community center"
overture:Centro Cultural Municipal Laurinda Santos Lobo:-22.92002:-43.18856,Centro Cultural Municipal Laurinda Santos Lobo,-22.920024871826172,-43.188560485839844,cultural_center,CULTURAL,well-known municipal heritage cultural center in historic mansion
overture:Centro Cultural Municipal Parque das Ruínas:-22.91747:-43.18248,Centro Cultural Municipal Parque das Ruínas,-22.917470932006836,-43.18247985839844,cultural_center,CULTURAL,famous heritage ruins park and cultural center
overture:Centro Cultural Nossa Senhora das Mercês:-22.80789:-43.37109,Centro Cultural Nossa Senhora das Mercês,-22.807893753051758,-43.371089935302734,cultural_center,CULTURAL,explicit church-related cultural center
overture:Centro Cultural Oca dos Curumins:-22.86018:-43.26770,Centro Cultural Oca dos Curumins,-22.86018180847168,-43.267696380615234,cultural_center,CULTURAL,explicit cultural center
overture:Centro Cultural Oduvaldo Viana Filho:-22.93027:-43.17459,Centro Cultural Oduvaldo Viana Filho,-22.930269241333008,-43.17458724975586,cultural_center,CULTURAL,named after famous playwright
overture:Centro Cultural Omo Yoruba:-22.89212:-43.34472,Centro Cultural Omo Yoruba,-22.89212417602539,-43.34471893310547,cultural_center,CULTURAL,Afro-Brazilian Yoruba cultural center
overture:Centro Cultural PGE-RJ:-22.90392:-43.17575,Centro Cultural PGE-RJ,-22.903919219970703,-43.175750732421875,cultural_center,CULTURAL,institutional cultural center
overture:Centro Cultural Paschoal Carlos Magno:-22.90289:-43.10751,Centro Cultural Paschoal Carlos Magno,-22.902894973754883,-43.107513427734375,cultural_center,CULTURAL,named after theater pioneer
overture:Centro Cultural Pedro I:-22.88216:-43.58867,Centro Cultural Pedro I,-22.88216209411621,-43.58867263793945,cultural_center,CULTURAL,named after Emperor Pedro I
overture:Centro Cultural Pedro II:-22.92007:-43.67872,Centro Cultural Pedro II,-22.920072555541992,-43.67871856689453,cultural_center,CULTURAL,named after Emperor Pedro II
overture:Centro Cultural Pedro II - Posse:-22.88286:-43.55149,Centro Cultural Pedro II - Posse,-22.882858276367188,-43.55149459838867,cultural_center,CULTURAL,branch cultural center
overture:Centro Cultural Pedro Storani:-22.87936:-43.40737,Centro Cultural Pedro Storani,-22.879356384277344,-43.40736770629883,cultural_center,CULTURAL,explicit cultural center
overture:Centro Cultural Phabrika de Arthes:-22.82617:-43.35363,Centro Cultural Phabrika de Arthes,-22.826168060302734,-43.353633880615234,cultural_center,CULTURAL,explicit arts-factory cultural center
overture:Centro Cultural Prof Dila:-22.89694:-43.35447,Centro Cultural Prof Dila,-22.896940231323242,-43.354469299316406,cultural_center,CULTURAL,explicit cultural center
overture:Centro Cultural Professor Horacio Macedo:-22.85841:-43.23224,Centro Cultural Professor Horacio Macedo,-22.85840606689453,-43.232242584228516,cultural_center,CULTURAL,university-affiliated cultural center
overture:Centro Cultural Santa Cruz Dr. Antônio Nicolau Jorge:-22.92345:-43.69308,Centro Cultural Santa Cruz Dr. Antônio Nicolau Jorge,-22.923450469970703,-43.693077087402344,cultural_center,CULTURAL,explicit cultural center
overture:Centro Cultural Silva Tavares:-22.87751:-43.34251,Centro Cultural Silva Tavares,-22.877506256103516,-43.34251403808594,cultural_center,CULTURAL,explicit cultural center
overture:Centro Cultural Sindicato dos Rodoviários do Município do Rio de Janeiro:-22.89964:-43.18770,Centro Cultural Sindicato dos Rodoviários do Município do Rio de Janeiro,-22.89963722229004,-43.18770217895508,cultural_center,CULTURAL,union-affiliated but explicitly designated cultural center
overture:Centro Cultural Solar de Botafogo:-22.95633:-43.18626,Centro Cultural Solar de Botafogo,-22.956327438354492,-43.18626403808594,cultural_center,CULTURAL,historic mansion (Solar) converted to cultural center
overture:Centro Cultural Tambor de Cumba:-22.90363:-43.17763,Centro Cultural Tambor de Cumba,-22.90363311767578,-43.17763137817383,cultural_center,CULTURAL,Afro-Brazilian drum culture cultural center
overture:Centro Cultural Veneza:-22.95098:-43.17593,Centro Cultural Veneza,-22.95098304748535,-43.175926208496094,cultural_center,CULTURAL,explicit cultural center
overture:Centro Cultural Vera Cruz - Capoeira:-22.85038:-43.33092,Centro Cultural Vera Cruz - Capoeira,-22.85038185119629,-43.3309211730957,cultural_center,CULTURAL,"capoeira cultural center (heritage practice, public designation)"
overture:Centro Cultural Vovo Carlotinha Ccvocar:-22.91660:-43.20779,Centro Cultural Vovo Carlotinha Ccvocar,-22.916603088378906,-43.207786560058594,cultural_center,CULTURAL,explicit cultural center
overture:Centro Cultural Waly Salomão:-22.80681:-43.30365,Centro Cultural Waly Salomão,-22.806812286376953,-43.303646087646484,cultural_center,CULTURAL,named after famous poet Waly Salomão
overture:Centro Cultural Yoruba:-22.89564:-43.34933,Centro Cultural Yoruba,-22.89564323425293,-43.34933090209961,cultural_center,CULTURAL,Afro-Brazilian Yoruba cultural center
overture:Centro Cultural Zona Oeste:-22.88012:-43.45375,Centro Cultural Zona Oeste,-22.880123138427734,-43.45375442504883,cultural_center,CULTURAL,explicit cultural center
overture:Centro Cultural da Caixa Econômica Federal:-22.90769:-43.17330,Centro Cultural da Caixa Econômica Federal,-22.907690048217773,-43.173301696777344,cultural_center,CULTURAL,bank-sponsored cultural center
overture:Centro Cultural da Justiça Eleitoral:-22.90196:-43.17590,Centro Cultural da Justiça Eleitoral,-22.901962280273438,-43.175899505615234,cultural_center,CULTURAL,Electoral Court cultural center
overture:Centro Cultural da Marinha do Brasil:-22.79019:-43.42012,Centro Cultural da Marinha do Brasil,-22.79018783569336,-43.42011642456055,cultural_center,CULTURAL,Brazilian Navy cultural/heritage center with museum
overture:Centro Cultural da Policia Militar:-22.90913:-43.19479,Centro Cultural da Policia Militar,-22.909130096435547,-43.19478988647461,cultural_center,CULTURAL,Military Police cultural center/museum
overture:Centro Cultural do Capoeira Mestre Touro:-22.84566:-43.27918,Centro Cultural do Capoeira Mestre Touro,-22.845664978027344,-43.27918243408203,cultural_center,CULTURAL,capoeira cultural center named after a mestre
overture:Centro Cultural do Ministerio da Saude:-22.90480:-43.16955,Centro Cultural do Ministerio da Saude,-22.904802322387695,-43.169551849365234,cultural_center,CULTURAL,Ministry of Health heritage building cultural center
overture:Centro Cultural do Ministério da Saúde (CCMS):-22.90504:-43.16882,Centro Cultural do Ministério da Saúde (CCMS),-22.905038833618164,-43.168819427490234,cultural_center,CULTURAL,Ministry of Health heritage building cultural center (duplicate)
overture:Centro Cultural do Movimento Escoteiro:-22.89955:-43.17706,Centro Cultural do Movimento Escoteiro,-22.89954948425293,-43.17706298828125,cultural_center,NOISE,"scouting organization meeting facility, not cultural heritage"
overture:Centro Cultural do Poder Judiciário (CCPJ-Rio):-22.90466:-43.17294,Centro Cultural do Poder Judiciário (CCPJ-Rio),-22.9046630859375,-43.172935485839844,cultural_center,CULTURAL,Judiciary cultural center in heritage building
overture:Centro Cultural do Poder Judiciário - CCPJ-RJ:-22.90499:-43.17378,Centro Cultural do Poder Judiciário - CCPJ-RJ,-22.904985427856445,-43.17378234863281,cultural_center,CULTURAL,Judiciary cultural center in heritage building (duplicate)
overture:Centro Cultural do Poder Judiciário do Estado do RJ:-22.77965:-43.30868,Centro Cultural do Poder Judiciário do Estado do RJ,-22.779653549194336,-43.30868148803711,cultural_center,CULTURAL,"Judiciary cultural center, state level (duplicate)"
overture:Centro Cultural do Rio de Janeiro:-22.89856:-43.27171,Centro Cultural do Rio de Janeiro,-22.898557662963867,-43.27170944213867,cultural_center,CULTURAL,explicit cultural center
overture:Centro Cultural e Social Música e Arte Soul Emanuel:-22.85479:-43.60589,Centro Cultural e Social Música e Arte Soul Emanuel,-22.854793548583984,-43.605892181396484,cultural_center,CULTURAL,explicit music and arts cultural/social center
overture:Centro Cultural e Universitário de Botafogo:-22.95571:-43.18745,Centro Cultural e Universitário de Botafogo,-22.955713272094727,-43.18745040893555,cultural_center,CULTURAL,university-affiliated cultural center
overture:Centro De Arte E Cultura:-22.85715:-43.32933,Centro De Arte E Cultura,-22.857152938842773,-43.32932662963867,cultural_center,CULTURAL,explicit cultural center
overture:Centro EcoCultural Sueli Pontes:-23.00124:-43.34104,Centro EcoCultural Sueli Pontes,-23.001243591308594,-43.341041564941406,cultural_center,CULTURAL,explicit eco-cultural center
overture:Centro Loyola de Fé e Cultura:-22.98210:-43.24013,Centro Loyola de Fé e Cultura,-22.982099533081055,-43.24013137817383,cultural_center,CULTURAL,"Jesuit faith-and-culture center, real institution"
overture:Centro Luiz Gonzaga de Tradições Nordestinas:-22.89765:-43.22031,Centro Luiz Gonzaga de Tradições Nordestinas,-22.89764976501465,-43.220314025878906,cultural_center,CULTURAL,iconic Northeastern-traditions cultural center (Feira de São Cristóvão)
overture:Centro cultural Pedro II - Santíssimo:-22.88464:-43.55293,Centro cultural Pedro II - Santíssimo,-22.8846378326416,-43.55292892456055,cultural_center,CULTURAL,branch cultural center
overture:Centro cultural tia Eulália:-22.86504:-43.33367,Centro cultural tia Eulália,-22.86504364013672,-43.33366775512695,cultural_center,CULTURAL,explicit cultural center
overture:Centro de Arte Maria Teresa Vieira:-22.90699:-43.18151,Centro de Arte Maria Teresa Vieira,-22.906991958618164,-43.181514739990234,cultural_center,CULTURAL,explicit cultural center
overture:Centro de Arte e Cultura UFRRJ:-22.75884:-43.68820,Centro de Arte e Cultura UFRRJ,-22.75884437561035,-43.688201904296875,cultural_center,CULTURAL,university-affiliated cultural center
overture:Centro de Artes Calouste Gulbenkian:-22.90807:-43.19578,Centro de Artes Calouste Gulbenkian,-22.908071517944336,-43.19578170776367,cultural_center,CULTURAL,"named after Gulbenkian foundation, known cultural institution"
overture:Centro de Artes da Maré:-22.85353:-43.24661,Centro de Artes da Maré,-22.85352897644043,-43.24660873413086,cultural_center,CULTURAL,known community cultural center in Maré
overture:Centro de Cultura Italiana:-22.91730:-43.23524,Centro de Cultura Italiana,-22.91730499267578,-43.23524475097656,cultural_center,CULTURAL,Italian cultural center
overture:Centro de Cultura Social - RJ:-22.91463:-43.25048,Centro de Cultura Social - RJ,-22.914630889892578,-43.2504768371582,cultural_center,CULTURAL,explicit cultural/social center
overture:Centro de Letras e Artes:-22.95481:-43.17012,Centro de Letras e Artes,-22.954805374145508,-43.17012023925781,cultural_center,CULTURAL,explicit cultural center
overture:Centro de Línguas e Cultura da UFF:-22.89870:-43.13293,Centro de Línguas e Cultura da UFF,-22.898698806762695,-43.132930755615234,cultural_center,CULTURAL,university-affiliated language and culture center
overture:Centro de Tradições Ylê Asè Egi Omim:-22.93820:-43.20837,Centro de Tradições Ylê Asè Egi Omim,-22.938201904296875,-43.20836639404297,cultural_center,CULTURAL,Afro-Brazilian Candomblé cultural tradition center
overture:Centro do Samba:-22.90530:-43.18119,Centro do Samba,-22.90530014038086,-43.18118667602539,cultural_center,CULTURAL,samba cultural center
overture:Cidaddess:-22.89630:-43.20331,Cidaddess,-22.896299362182617,-43.20330810546875,cultural_center,NOISE,"garbled/ambiguous name, no clear referent"
overture:Cidade das Artes:-22.99934:-43.36579,Cidade das Artes,-22.99934196472168,-43.36579132080078,cultural_center,CULTURAL,major real Barra da Tijuca performing arts complex
overture:Coletivo Slam Caju:-22.87942:-43.22459,Coletivo Slam Caju,-22.879423141479492,-43.224586486816406,cultural_center,NOISE,"informal poetry collective, not a fixed heritage site"
overture:Conexão das artes:-22.83038:-43.39489,Conexão das artes,-22.830381393432617,-43.39488983154297,cultural_center,NOISE,generic small local arts group name
overture:Confraria do Garoto:-22.90940:-43.17694,Confraria do Garoto,-22.909400939941406,-43.176944732666016,cultural_center,NOISE,ambiguous private brotherhood/social name
overture:Conjunto Cultural da Caixa:-22.90794:-43.17710,Conjunto Cultural da Caixa,-22.907943725585938,-43.17710494995117,cultural_center,CULTURAL,"CAIXA Cultural, real institution with real programming"
overture:Cooperativa Cultural dos Esperantistas:-22.90857:-43.17775,Cooperativa Cultural dos Esperantistas,-22.908571243286133,-43.17775344848633,cultural_center,NOISE,niche private Esperanto association
overture:Cruzeiro do Sul Capoeiragem Merck:-22.93437:-43.36961,Cruzeiro do Sul Capoeiragem Merck,-22.934368133544922,-43.36961364746094,cultural_center,NOISE,informal sponsored capoeira group
overture:Cultura Parapedrense:-22.83708:-43.33302,Cultura Parapedrense,-22.837081909179688,-43.33301544189453,cultural_center,NOISE,generic local community cultural group
overture:Cultural Center Jerusalem:-22.88066:-43.27341,Cultural Center Jerusalem,-22.880664825439453,-43.27341079711914,cultural_center,NOISE,generic unverifiable name
overture:Cultural Center Meritiense:-22.77971:-43.36880,Cultural Center Meritiense,-22.77971076965332,-43.368797302246094,cultural_center,NOISE,generic unverifiable name
overture:Cultural Center Mr. Watkins:-22.78483:-43.43176,Cultural Center Mr. Watkins,-22.78483009338379,-43.431758880615234,cultural_center,NOISE,generic unverifiable name
overture:Cultural Center of the Masonic Supreme Council of Brazil:-22.89573:-43.21896,Cultural Center of the Masonic Supreme Council of Brazil,-22.895729064941406,-43.21895980834961,cultural_center,NOISE,private Masonic lodge headquarters
overture:Decult UERJ:-22.91145:-43.23633,Decult UERJ,-22.91145133972168,-43.236328125,cultural_center,NOISE,"university administrative culture office, not a site"
overture:Dia da Favela:-22.87692:-43.33566,Dia da Favela,-22.876922607421875,-43.33565902709961,cultural_center,NOISE,"event name, not a place"
overture:Eco - Espaço Cultural:-22.92645:-43.35968,Eco - Espaço Cultural,-22.926450729370117,-43.359676361083984,cultural_center,NOISE,"generic ""Espaço"" name"
overture:Ecocasa Silvestre:-22.94274:-43.20737,Ecocasa Silvestre,-22.9427433013916,-43.207366943359375,cultural_center,NOISE,residential/eco-house business name
overture:Ensina Mais:-23.01474:-43.46398,Ensina Mais,-23.014739990234375,-43.4639778137207,cultural_center,NOISE,tutoring business
overture:Escambo Cultural:-22.88693:-43.39254,Escambo Cultural,-22.886926651000977,-43.39253616333008,cultural_center,NOISE,generic barter/cultural collective
overture:Escolinha Dimenor Cidadão:-22.92426:-43.19368,Escolinha Dimenor Cidadão,-22.924259185791016,-43.19367599487305,cultural_center,NOISE,small NGO/school for children
overture:Espaco Cultural Correios Niteroi:-22.89490:-43.12366,Espaco Cultural Correios Niteroi,-22.8948974609375,-43.1236572265625,cultural_center,CULTURAL,"Correios Cultural, real chain with real exhibitions"
overture:Espaco Cultural Municipal Sergio Porto:-22.95869:-43.19934,Espaco Cultural Municipal Sergio Porto,-22.958688735961914,-43.199344635009766,cultural_center,CULTURAL,well-known Rio municipal cultural center (Humaitá)
overture:EspaÇO Da Comunidade:-22.75262:-43.29013,EspaÇO Da Comunidade,-22.75261688232422,-43.290130615234375,cultural_center,NOISE,generic community space
overture:Espaço Casa da Capoeiragem:-22.81682:-43.31135,Espaço Casa da Capoeiragem,-22.81682014465332,-43.31135177612305,cultural_center,NOISE,private capoeira academy
overture:Espaço Coisa D' Negro:-22.77313:-43.37676,Espaço Coisa D' Negro,-22.773134231567383,-43.37676239013672,cultural_center,NOISE,generic informal space
overture:Espaço Conversa e Cultura:-22.90599:-43.10165,Espaço Conversa e Cultura,-22.905990600585938,-43.101654052734375,cultural_center,NOISE,generic informal space
overture:Espaço Cultural ARTEIRA:-22.78635:-43.30811,Espaço Cultural ARTEIRA,-22.786346435546875,-43.30811309814453,cultural_center,NOISE,generic named space
overture:Espaço Cultural Aldair Sales:-22.88708:-43.60819,Espaço Cultural Aldair Sales,-22.8870849609375,-43.608192443847656,cultural_center,NOISE,generic space named after person
overture:Espaço Cultural Aslucianas:-22.83163:-43.27877,Espaço Cultural Aslucianas,-22.831634521484375,-43.27876663208008,cultural_center,NOISE,generic named space
overture:Espaço Cultural Bndes:-22.90833:-43.18019,Espaço Cultural Bndes,-22.90833282470703,-43.1801872253418,cultural_center,CULTURAL,"BNDES art gallery, real institution with real programming"
overture:Espaço Cultural Casa da Glória:-22.92159:-43.17591,Espaço Cultural Casa da Glória,-22.921585083007812,-43.1759147644043,cultural_center,NOISE,generic named space
overture:Espaço Cultural Casa de Jorge:-22.88944:-43.32017,Espaço Cultural Casa de Jorge,-22.889440536499023,-43.32017135620117,cultural_center,NOISE,generic space named after person
overture:Espaço Cultural Cozinha da Lapa:-22.91278:-43.18515,Espaço Cultural Cozinha da Lapa,-22.912776947021484,-43.18514633178711,cultural_center,NOISE,sounds like a restaurant/cooking space
overture:Espaço Cultural Debby Maia:-22.83375:-43.31772,Espaço Cultural Debby Maia,-22.833749771118164,-43.317718505859375,cultural_center,NOISE,generic space named after person
overture:Espaço Cultural Escola Sesc:-22.96029:-43.35923,Espaço Cultural Escola Sesc,-22.96029281616211,-43.359230041503906,cultural_center,CULTURAL,"SESC affiliated school/cultural space, real institution"
overture:Espaço Cultural Laguna:-22.91118:-43.22315,Espaço Cultural Laguna,-22.911178588867188,-43.223148345947266,cultural_center,NOISE,generic named space
overture:Espaço Cultural Laurindo Rosa:-22.89978:-43.54139,Espaço Cultural Laurindo Rosa,-22.8997802734375,-43.541385650634766,cultural_center,NOISE,generic space named after person
overture:Espaço Cultural MAIS:-22.89032:-43.28814,Espaço Cultural MAIS,-22.890323638916016,-43.28813552856445,cultural_center,NOISE,generic acronym name
overture:Espaço Cultural Marcio Conde:-22.87034:-43.45047,Espaço Cultural Marcio Conde,-22.87034034729004,-43.45046615600586,cultural_center,NOISE,generic space named after person
overture:Espaço Cultural Niltinho Tristeza:-22.85077:-43.26398,Espaço Cultural Niltinho Tristeza,-22.850770950317383,-43.26397705078125,cultural_center,NOISE,generic space named after person
overture:Espaço Cultural Sylvio Monteiro:-22.76130:-43.45029,Espaço Cultural Sylvio Monteiro,-22.761301040649414,-43.450294494628906,cultural_center,CULTURAL,"real public theater (matches Teatro Sylvio Monteiro, same coords)"
overture:Espaço Cultural Taquara:-22.92037:-43.37288,Espaço Cultural Taquara,-22.920372009277344,-43.37287902832031,cultural_center,NOISE,generic neighborhood-named space
overture:Espaço Cultural Viaduto de Realengo:-22.87559:-43.42795,Espaço Cultural Viaduto de Realengo,-22.87558937072754,-43.42795181274414,cultural_center,NOISE,"generic space tied to an overpass, not heritage"
overture:Espaço Cultural Villelarte:-22.75375:-43.44235,Espaço Cultural Villelarte,-22.753751754760742,-43.44234848022461,cultural_center,NOISE,generic named space
overture:Espaço Cultural de Angola:-22.91228:-43.17447,Espaço Cultural de Angola,-22.91228485107422,-43.17446517944336,cultural_center,NOISE,generic themed space
overture:Espaço Cultural e Esportivo CUFA - Marina Soares Athayde:-22.87647:-43.33537,Espaço Cultural e Esportivo CUFA - Marina Soares Athayde,-22.876466751098633,-43.33537292480469,cultural_center,NOISE,"local community/sports center, not heritage landmark"
overture:Espaço Cultural e Social Artes e Música:-22.96149:-43.61184,Espaço Cultural e Social Artes e Música,-22.96148681640625,-43.61184310913086,cultural_center,NOISE,generic named space
overture:Espaço MV:-22.88998:-43.11408,Espaço MV,-22.889978408813477,-43.114078521728516,cultural_center,NOISE,"generic acronym, unclear referent"
overture:Espaço Mistura Gente:-22.90177:-43.17825,Espaço Mistura Gente,-22.901765823364258,-43.17824935913086,cultural_center,NOISE,generic named space
overture:Espaço Movimento:-22.91623:-43.17786,Espaço Movimento,-22.916229248046875,-43.177860260009766,cultural_center,NOISE,generic named space
overture:Espaço Rede Troca de Saberes:-22.78174:-43.42736,Espaço Rede Troca de Saberes,-22.781740188598633,-43.42736053466797,cultural_center,NOISE,informal skill-exchange network
overture:Espaço Sobrado:-22.93434:-43.18073,Espaço Sobrado,-22.93433952331543,-43.180728912353516,cultural_center,NOISE,generic named space
overture:Espaço São Dom Dom:-22.90170:-43.13064,Espaço São Dom Dom,-22.901695251464844,-43.13064193725586,cultural_center,NOISE,generic named space
overture:Espaço Terra Mater:-22.92376:-43.17596,Espaço Terra Mater,-22.923757553100586,-43.17596435546875,cultural_center,NOISE,generic esoteric/spiritual space
overture:Espaço Tijolinho:-22.90888:-43.60551,Espaço Tijolinho,-22.90888023376465,-43.605506896972656,cultural_center,NOISE,generic named space
overture:Espaço Tom Jobim:-22.97078:-43.22482,Espaço Tom Jobim,-22.970783233642578,-43.224822998046875,cultural_center,CULTURAL,part of the real Tom Jobim heritage house/institute complex
overture:Estação do samba:-22.87971:-43.33414,Estação do samba,-22.87971305847168,-43.33414077758789,cultural_center,NOISE,"generic informal samba spot, no distinct site"
overture:Expo Itaguaí 2024:-22.86478:-43.77318,Expo Itaguaí 2024,-22.864782333374023,-43.7731819152832,cultural_center,NOISE,"one-off expo event, not a place"
overture:FT e Cia:-22.91286:-43.26313,FT e Cia,-22.912860870361328,-43.263126373291016,cultural_center,NOISE,ambiguous business-like name
overture:Família Beija-Flor:-22.80557:-43.42507,Família Beija-Flor,-22.805570602416992,-43.425071716308594,cultural_center,NOISE,"informal group, ambiguous referent"
overture:Febarj:-22.91360:-43.17972,Febarj,-22.91359519958496,-43.17972183227539,cultural_center,NOISE,ambiguous acronym
overture:Feira de São Cristóvão:-22.90729:-43.22304,Feira de São Cristóvão,-22.90729331970215,-43.22304153442383,cultural_center,CULTURAL,"famous Northeastern culture fair, real heritage landmark"
overture:Festival Panorama:-22.91631:-43.17749,Festival Panorama,-22.91631317138672,-43.177486419677734,cultural_center,NOISE,"recurring festival/event, not a fixed site"
overture:Funarte:-22.90868:-43.17335,Funarte,-22.908681869506836,-43.17334747314453,cultural_center,CULTURAL,"national arts foundation, real institution"
overture:Fundação Cultural Avatar:-22.90166:-43.12299,Fundação Cultural Avatar,-22.901655197143555,-43.122989654541016,cultural_center,NOISE,obscure unverifiable foundation
overture:Fundação de Cultura Não Alinhada:-22.90467:-43.17704,Fundação de Cultura Não Alinhada,-22.90467071533203,-43.177040100097656,cultural_center,NOISE,obscure unverifiable foundation
overture:Fundição Progresso:-22.91249:-43.18056,Fundição Progresso,-22.912487030029297,-43.18055725097656,cultural_center,CULTURAL,"historic industrial building, famous Lapa cultural venue"
overture:Futuros - Arte e Tecnologia:-22.92996:-43.17651,Futuros - Arte e Tecnologia,-22.929960250854492,-43.176513671875,cultural_center,NOISE,generic tech-art space
overture:Fórum de Ciência e Cultura da UFRJ:-22.94284:-43.17472,Fórum de Ciência e Cultura da UFRJ,-22.942842483520508,-43.174720764160156,cultural_center,CULTURAL,"real UFRJ institution, historic Praia Vermelha building"
overture:GRES Chatuba De Mesquita:-22.80206:-43.43996,GRES Chatuba De Mesquita,-22.80206298828125,-43.43995666503906,cultural_center,CULTURAL,real samba school (escola de samba)
overture:Galpão 91:-22.90343:-43.30251,Galpão 91,-22.90342903137207,-43.30250549316406,cultural_center,NOISE,generic warehouse cultural space
overture:Galpão Bela Maré:-22.85380:-43.24681,Galpão Bela Maré,-22.853801727294922,-43.24680709838867,cultural_center,CULTURAL,recognized Maré arts complex with real programming
overture:Galpão Gamboa:-22.89690:-43.19948,Galpão Gamboa,-22.89690399169922,-43.19947814941406,cultural_center,NOISE,generic warehouse space
overture:Galpão Ladeira das Artes:-22.94245:-43.20578,Galpão Ladeira das Artes,-22.942453384399414,-43.20578384399414,cultural_center,NOISE,generic warehouse space
overture:Galpão808:-22.89637:-43.28741,Galpão808,-22.896371841430664,-43.28740692138672,cultural_center,NOISE,generic warehouse space
overture:Germinal:-22.90766:-43.54101,Germinal,-22.907657623291016,-43.541011810302734,cultural_center,NOISE,"single ambiguous word, no clear referent"
overture:Gestão Cultural Rio:-22.89779:-43.18764,Gestão Cultural Rio,-22.89779281616211,-43.18764114379883,cultural_center,NOISE,sounds like a cultural management agency/business
overture:Gomeia Galpão Criativo:-22.79276:-43.30815,Gomeia Galpão Criativo,-22.792757034301758,-43.30815124511719,cultural_center,NOISE,generic creative warehouse
overture:HairaHaira:-22.97268:-43.28958,HairaHaira,-22.97268295288086,-43.289581298828125,cultural_center,NOISE,"ambiguous word, likely a business"
overture:Havana 59:-22.91193:-43.18272,Havana 59,-22.911930084228516,-43.18272018432617,cultural_center,NOISE,sounds like a themed bar/venue
overture:Humanitas:-22.92485:-43.22999,Humanitas,-22.924854278564453,-43.22998809814453,cultural_center,NOISE,"single ambiguous word, unclear referent"
overture:IN CENA Hub Cultural:-22.95109:-43.18746,IN CENA Hub Cultural,-22.95108985900879,-43.187461853027344,cultural_center,NOISE,generic hub name
overture:Ile Ase Oba n'Fe Okuta:-22.76726:-43.52810,Ile Ase Oba n'Fe Okuta,-22.767257690429688,-43.52809524536133,cultural_center,NOISE,private Afro-Brazilian religious temple
overture:Ilha dos Amores:-22.76278:-43.10884,Ilha dos Amores,-22.762775421142578,-43.10883712768555,cultural_center,NATURAL,"named as an island, geographic feature"
overture:Imperator - Centro Cultural João Nogueira:-22.90271:-43.28200,Imperator - Centro Cultural João Nogueira,-22.902711868286133,-43.28200149536133,cultural_center,CULTURAL,"restored historic cinema turned real cultural center, Méier"
overture:Instituição Cultural Krishnamurti:-22.90414:-43.18141,Instituição Cultural Krishnamurti,-22.90414047241211,-43.18141174316406,cultural_center,NOISE,private philosophical/spiritual organization
overture:Instituto AVES:-22.92764:-43.37056,Instituto AVES,-22.927635192871094,-43.37055587768555,cultural_center,NOISE,generic acronym institute
overture:Instituto Antônio Carlos Jobim:-22.97061:-43.22487,Instituto Antônio Carlos Jobim,-22.970609664916992,-43.22486877441406,cultural_center,CULTURAL,real Tom Jobim heritage house/institute
overture:Instituto Brando Barbosa:-22.96283:-43.22295,Instituto Brando Barbosa,-22.962831497192383,-43.22294616699219,cultural_center,NOISE,generic named institute
overture:Instituto Cervantes:-22.94601:-43.18466,Instituto Cervantes,-22.946006774902344,-43.18465805053711,cultural_center,CULTURAL,official Spanish national cultural institute
overture:Instituto Cultural Brasil Japão:-22.90967:-43.17149,Instituto Cultural Brasil Japão,-22.909669876098633,-43.17148971557617,cultural_center,CULTURAL,real bi-national cultural institute
overture:Instituto Cultural Cidade Viva:-22.89865:-43.17945,Instituto Cultural Cidade Viva,-22.898645401000977,-43.1794548034668,cultural_center,NOISE,generic named institute
overture:Instituto Cultural Cravo Albin:-22.94869:-43.16356,Instituto Cultural Cravo Albin,-22.948686599731445,-43.16355514526367,cultural_center,CULTURAL,"real, notable Brazilian popular music culture institute"
overture:Instituto Cultural Grupo 100% Suburbano:-22.84749:-43.26032,Instituto Cultural Grupo 100% Suburbano,-22.84749412536621,-43.260318756103516,cultural_center,NOISE,generic named institute
overture:Instituto Cultural Neide do Samba:-22.89600:-43.23785,Instituto Cultural Neide do Samba,-22.895999908447266,-43.237850189208984,cultural_center,NOISE,generic space named after person
overture:Instituto GINGAS:-22.90051:-43.11817,Instituto GINGAS,-22.900510787963867,-43.11817169189453,cultural_center,NOISE,generic acronym institute
overture:Instituto Souza Gomes:-22.83199:-43.34796,Instituto Souza Gomes,-22.831993103027344,-43.34796142578125,cultural_center,NOISE,generic named institute
overture:Instituto Territórios Diversos:-22.95505:-43.68669,Instituto Territórios Diversos,-22.955045700073242,-43.68669128417969,cultural_center,NOISE,generic named institute
overture:Instituto de Pesquisas das Culturas Negras:-22.91202:-43.18729,Instituto de Pesquisas das Culturas Negras,-22.912015914916992,-43.18729019165039,cultural_center,CULTURAL,recognized Afro-Brazilian culture research institute
overture:Instituto dos Magistrados do Brasil:-22.90456:-43.17264,Instituto dos Magistrados do Brasil,-22.90456199645996,-43.172637939453125,cultural_center,NOISE,"judges' professional association, not cultural"
overture:Istituto Italiano di Cultura di Rio de Janeiro:-22.91024:-43.17163,Istituto Italiano di Cultura di Rio de Janeiro,-22.910240173339844,-43.171630859375,cultural_center,CULTURAL,official Italian national cultural institute
overture:Jaime Arôxa Lapa - Centro Cultural Arariboia:-22.90763:-43.18428,Jaime Arôxa Lapa - Centro Cultural Arariboia,-22.907634735107422,-43.18428039550781,cultural_center,CULTURAL,well-known dance choreographer's real cultural center
overture:Jongo Da Serrinha:-22.86482:-43.33043,Jongo Da Serrinha,-22.864816665649414,-43.33042907714844,cultural_center,CULTURAL,recognized intangible cultural heritage jongo tradition
overture:Junina Fogo Santo:-22.88577:-43.22781,Junina Fogo Santo,-22.885774612426758,-43.227806091308594,cultural_center,NOISE,informal festa junina themed group
overture:Kariza Lounge and Kasa Kultural:-22.99412:-43.27131,Kariza Lounge and Kasa Kultural,-22.994117736816406,-43.271305084228516,cultural_center,NOISE,lounge/bar business
overture:Kasarão Kizomba:-22.91787:-43.25293,Kasarão Kizomba,-22.91787338256836,-43.252925872802734,cultural_center,NOISE,private dance club/business
overture:Lab 71:-22.95520:-43.19182,Lab 71,-22.955196380615234,-43.19181823730469,cultural_center,NOISE,generic ambiguous name
overture:Lago de Histórias:-22.95048:-43.16755,Lago de Histórias,-22.950477600097656,-43.16755294799805,cultural_center,NOISE,ambiguous invented-sounding name
overture:Lar de Cultura Nosso Cafofo:-22.88428:-43.61626,Lar de Cultura Nosso Cafofo,-22.884281158447266,-43.61625671386719,cultural_center,NOISE,"generic informal ""our home"" cultural space"
overture:Liga Libanesa do Brasil:-22.92083:-43.22115,Liga Libanesa do Brasil,-22.920827865600586,-43.22114944458008,cultural_center,NOISE,private ethnic social club
overture:Liga de Blocos e Bandas da Zona Portuária do RJ:-22.89809:-43.18534,Liga de Blocos e Bandas da Zona Portuária do RJ,-22.898090362548828,-43.18533706665039,cultural_center,NOISE,"carnival blocks association, not a fixed site"
overture:Limonada Cultural:-22.91311:-43.18129,Limonada Cultural,-22.913108825683594,-43.1812858581543,cultural_center,NOISE,generic quirky-named space
overture:Lira de Ouro:-22.78585:-43.31340,Lira de Ouro,-22.78584861755371,-43.31340026855469,cultural_center,NOISE,ambiguous small music/social group
overture:Lona Cultural Gilberto Gil:-22.87811:-43.41576,Lona Cultural Gilberto Gil,-22.87810707092285,-43.4157600402832,cultural_center,CULTURAL,official municipal Lona Cultural network venue
overture:Lona Cultural Jacob do Bandolim:-22.89737:-43.35273,Lona Cultural Jacob do Bandolim,-22.89737319946289,-43.35273361206055,cultural_center,CULTURAL,official municipal Lona Cultural network venue
overture:Lona Cultural Municipal Jacob do Bandolim:-22.92399:-43.35865,Lona Cultural Municipal Jacob do Bandolim,-22.92399024963379,-43.358646392822266,cultural_center,CULTURAL,official municipal Lona Cultural network venue
overture:Lona Cultural Terra Caetano Veloso:-22.83997:-43.37852,Lona Cultural Terra Caetano Veloso,-22.839969635009766,-43.37852478027344,cultural_center,CULTURAL,official municipal Lona Cultural network venue
overture:Lona Cultural de Anchieta:-22.82546:-43.40273,Lona Cultural de Anchieta,-22.825456619262695,-43.40272521972656,cultural_center,CULTURAL,official municipal Lona Cultural network venue
overture:MACquinho:-22.90568:-43.12611,MACquinho,-22.905677795410156,-43.12610626220703,cultural_center,CULTURAL,MAC Niterói-affiliated satellite/education space
overture:Maloka Espaço Cultural:-22.91048:-43.18677,Maloka Espaço Cultural,-22.910478591918945,-43.186771392822266,cultural_center,NOISE,generic named space
overture:Memorial Getúlio Vargas:-22.92165:-43.17352,Memorial Getúlio Vargas,-22.921648025512695,-43.173519134521484,cultural_center,CULTURAL,real public memorial/monument
overture:Microlins:-23.01746:-43.47515,Microlins,-23.017459869384766,-43.47515106201172,cultural_center,NOISE,vocational training franchise business
overture:Midrash Centro Cultural:-23.00850:-43.29478,Midrash Centro Cultural,-23.008495330810547,-43.294776916503906,cultural_center,NOISE,private religious congregation community center
overture:Motim:-22.91145:-43.24213,Motim,-22.91144561767578,-43.24213409423828,cultural_center,NOISE,"single ambiguous word, no clear referent"
overture:Municipal Cultural Center Dyla Sylvia de Sa:-22.89711:-43.35424,Municipal Cultural Center Dyla Sylvia de Sa,-22.89710807800293,-43.3542366027832,cultural_center,CULTURAL,explicitly municipal (official) cultural center
overture:Nave Knowledge:-22.83845:-43.26780,Nave Knowledge,-22.838451385498047,-43.26780319213867,cultural_center,NOISE,"digital education/tech center, not cultural heritage"
overture:Nave do Conhecimento Nova Brasília:-22.86507:-43.27289,Nave do Conhecimento Nova Brasília,-22.86507225036621,-43.27288818359375,cultural_center,NOISE,"municipal digital-literacy tech center, not cultural heritage"
overture:Nectar Som:-22.98678:-43.48883,Nectar Som,-22.986780166625977,-43.488834381103516,cultural_center,NOISE,sound studio/business
overture:Nova Acrópole Filial Tijuca:-22.92169:-43.22669,Nova Acrópole Filial Tijuca,-22.92169189453125,-43.226688385009766,cultural_center,NOISE,private philosophical organization branch
overture:Novas Fronteiras: Núcleo de Pesquisa em Migrações e Direitos Humanos:-22.89707:-43.10680,Novas Fronteiras: Núcleo de Pesquisa em Migrações e Direitos Humanos,-22.89706802368164,-43.10680389404297,cultural_center,NOISE,"academic research nucleus, not a cultural site"
overture:ONG Rocinha.org Comunidade Cultural:-22.98801:-43.24733,ONG Rocinha.org Comunidade Cultural,-22.988006591796875,-43.24733352661133,cultural_center,NOISE,informal favela community NGO
overture:Oduduwa Centro Cultural:-22.98013:-43.61599,Oduduwa Centro Cultural,-22.980133056640625,-43.61598587036133,cultural_center,NOISE,private Afro-Brazilian religious cultural center
overture:Oscar Romero Cultural Centre:-22.78154:-43.42560,Oscar Romero Cultural Centre,-22.781543731689453,-43.425601959228516,cultural_center,NOISE,private Catholic parish community center
overture:Othello Centro Cultural:-22.91578:-43.17726,Othello Centro Cultural,-22.91577911376953,-43.17726135253906,cultural_center,NOISE,generic named cultural center
overture:Pagode da Feira  RJ:-22.89409:-43.29446,Pagode da Feira  RJ,-22.894086837768555,-43.294456481933594,cultural_center,NOISE,"informal recurring music gathering, not a distinct site"
overture:Pai Kumbyalle:-22.91888:-43.23574,Pai Kumbyalle,-22.918880462646484,-43.235740661621094,cultural_center,NOISE,private Afro-Brazilian religious figure/site
overture:Paço Imperial:-22.90355:-43.17431,Paço Imperial,-22.90355110168457,-43.174312591552734,cultural_center,CULTURAL,"historic Imperial Palace, major heritage landmark"
overture:Pedro II - Carvalho Ramos:-22.88773:-43.58929,Pedro II - Carvalho Ramos,-22.88772964477539,-43.589290618896484,cultural_center,CULTURAL,unit of historic Colégio Pedro II school system
overture:People Tech And English:-22.92546:-43.55865,People Tech And English,-22.92545509338379,-43.55864715576172,cultural_center,NOISE,language/tech training business
overture:Pequena África:-22.89813:-43.18748,Pequena África,-22.89813232421875,-43.18748474121094,cultural_center,CULTURAL,"Little Africa, recognized historic heritage zone"
overture:Polo Cultural Ilha:-22.80777:-43.20554,Polo Cultural Ilha,-22.80777359008789,-43.205535888671875,cultural_center,NOISE,generic informal cultural pole
overture:Ponto de Cultura Ojuobá Axé:-22.77527:-43.31623,Ponto de Cultura Ojuobá Axé,-22.7752742767334,-43.31623458862305,cultural_center,NOISE,private Afro-Brazilian religious cultural group
overture:Prepara Cursos:-22.87096:-43.77714,Prepara Cursos,-22.87096405029297,-43.77714157104492,cultural_center,NOISE,test-prep/tutoring business
overture:Projeto Candelária:-22.90065:-43.17746,Projeto Candelária,-22.900650024414062,-43.17745590209961,cultural_center,NOISE,"generic social project, not a distinct site"
overture:Projeto Cultural Benjamin Filho:-22.90684:-43.18106,Projeto Cultural Benjamin Filho,-22.906837463378906,-43.18106460571289,cultural_center,NOISE,generic project named after person
overture:Projeto In.House:-23.01405:-43.30872,Projeto In.House,-23.014053344726562,-43.30872344970703,cultural_center,NOISE,generic business project
overture:QG Os Ousados:-22.88614:-43.25517,QG Os Ousados,-22.886140823364258,-43.25516891479492,cultural_center,NOISE,informal group/carnival bloco headquarters
overture:Quadra da Portela:-22.87089:-43.34296,Quadra da Portela,-22.870887756347656,-43.34295654296875,cultural_center,CULTURAL,historic Portela samba school headquarters
overture:Quarta Under:-22.94224:-43.34491,Quarta Under,-22.942243576049805,-43.344905853271484,cultural_center,NOISE,recurring party/event name
overture:Quilombo Cultural Brasil México França:-22.92073:-43.18115,Quilombo Cultural Brasil México França,-22.920726776123047,-43.18115234375,cultural_center,NOISE,generic informal multi-national cultural group
overture:Quintal Centro Cultural:-22.89834:-43.10062,Quintal Centro Cultural,-22.898340225219727,-43.100624084472656,cultural_center,NOISE,"generic ""backyard"" cultural center"
overture:Quintal da Yaya:-22.84457:-43.32494,Quintal da Yaya,-22.844566345214844,-43.32493591308594,cultural_center,NOISE,generic named space
overture:Quiosque moise:-22.85683:-43.24290,Quiosque moise,-22.85683250427246,-43.242897033691406,cultural_center,NOISE,kiosk/bar business
overture:Quitanda 23:-22.90474:-43.17649,Quitanda 23,-22.904743194580078,-43.17648696899414,cultural_center,NOISE,grocery shop business
overture:Raízes de Gericinó:-22.85581:-43.47392,Raízes de Gericinó,-22.855810165405273,-43.47392272949219,cultural_center,NOISE,generic community roots group
overture:Recipiente Porongo:-22.95816:-43.19287,Recipiente Porongo,-22.958160400390625,-43.192867279052734,cultural_center,NOISE,"ambiguous, likely small bar/business"
overture:Rena Cultural:-22.92439:-43.24955,Rena Cultural,-22.92439079284668,-43.24954605102539,cultural_center,NOISE,generic named space
overture:Renascença Clube:-22.92433:-43.24929,Renascença Clube,-22.924327850341797,-43.24929428100586,cultural_center,CULTURAL,historic Black social club with real historical standing
overture:Reserva Cultural Niterói:-22.89839:-43.13075,Reserva Cultural Niterói,-22.898391723632812,-43.13075256347656,cultural_center,NOISE,"commercial cinema chain, not heritage"
overture:Retiro dos Artistas:-22.93356:-43.35730,Retiro dos Artistas,-22.933555603027344,-43.357295989990234,cultural_center,NOISE,"informal artists' retreat, ambiguous"
overture:Rio Copa POP:-22.89641:-43.20319,Rio Copa POP,-22.896406173706055,-43.20318603515625,cultural_center,NOISE,sounds like a hotel/business chain
overture:Roberto Birindelli:-22.83150:-43.10589,Roberto Birindelli,-22.831501007080078,-43.10588836669922,cultural_center,NOISE,"personal name only, no clear referent"
overture:Rock Experience:-22.91368:-43.18118,Rock Experience,-22.913677215576172,-43.18117904663086,cultural_center,NOISE,entertainment business
overture:Roda Cultural Barreira do Vasco:-22.88965:-43.22924,Roda Cultural Barreira do Vasco,-22.889650344848633,-43.2292366027832,cultural_center,NOISE,"informal cultural circle, not a distinct site"
overture:Roda Cultural da C.D.A:-22.81721:-43.29148,Roda Cultural da C.D.A,-22.817209243774414,-43.29147720336914,cultural_center,NOISE,generic informal cultural circle
overture:Sala de Cultura - UFRRJ:-22.76469:-43.68225,Sala de Cultura - UFRRJ,-22.764692306518555,-43.682254791259766,cultural_center,CULTURAL,real university cultural space on UFRRJ campus
overture:Sala de Espetáculos Amir Haddad:-22.76279:-43.44409,Sala de Espetáculos Amir Haddad,-22.76279067993164,-43.444087982177734,cultural_center,CULTURAL,named real performance hall tied to known theater director
overture:Salvez:-23.02217:-43.48680,Salvez,-23.022174835205078,-43.48680114746094,cultural_center,NOISE,"single ambiguous word, likely business"
overture:Samba da Pedra do Sal:-22.89789:-43.18546,Samba da Pedra do Sal,-22.89789390563965,-43.185455322265625,cultural_center,CULTURAL,historic birthplace-of-samba heritage site
overture:Samba di Coroa:-22.84757:-43.32494,Samba di Coroa,-22.847570419311523,-43.32494354248047,cultural_center,NOISE,generic informal samba group
overture:Saravá Bien:-22.91531:-43.17668,Saravá Bien,-22.915311813354492,-43.17668151855469,cultural_center,NOISE,ambiguous bar-sounding name
overture:Secretaria Municipal de cultura:-22.81877:-43.41784,Secretaria Municipal de cultura,-22.81876564025879,-43.4178352355957,cultural_center,NOISE,"government administrative office, not a visitable landmark"
overture:Semear Centro Cultural:-23.02408:-43.47949,Semear Centro Cultural,-23.024076461791992,-43.4794921875,cultural_center,NOISE,generic named cultural center
overture:Semente do Futuro:-22.87500:-43.47322,Semente do Futuro,-22.875003814697266,-43.47321701049805,cultural_center,NOISE,generic NGO/social project name
overture:Sesc Tijuca:-22.92432:-43.24149,Sesc Tijuca,-22.924320220947266,-43.24148941040039,cultural_center,CULTURAL,real SESC institution with real programming
overture:Taura:-22.92120:-43.18713,Taura,-22.92120361328125,-43.1871337890625,cultural_center,NOISE,"single ambiguous word, no clear referent"
overture:Teatro EcoVilla Ri Happy:-22.97100:-43.22496,Teatro EcoVilla Ri Happy,-22.971004486083984,-43.22495651245117,cultural_center,NOISE,"small theater tied to toy-store/mall sponsor, commercial"
overture:Teatro Sylvio Monteiro:-22.76130:-43.45029,Teatro Sylvio Monteiro,-22.761301040649414,-43.450294494628906,cultural_center,CULTURAL,real public theater in Campo Grande
overture:Toca:-22.90102:-43.20303,Toca,-22.901020050048828,-43.203033447265625,cultural_center,NOISE,"single ambiguous word (""den""), no clear referent"
overture:Trap House:-22.89659:-43.48429,Trap House,-22.896591186523438,-43.48428726196289,cultural_center,NOISE,music-genre themed bar/venue business
overture:Unidos Da Barra Da Tijuca:-23.00197:-43.34862,Unidos Da Barra Da Tijuca,-23.001970291137695,-43.3486213684082,cultural_center,CULTURAL,samba school (escola de samba) naming pattern
overture:Velha Guarda do Dendê:-22.79771:-43.19326,Velha Guarda do Dendê,-22.797710418701172,-43.19325637817383,cultural_center,CULTURAL,traditional community samba old-guard heritage group
overture:Venha Conosco:-22.92693:-43.23645,Venha Conosco,-22.92692756652832,-43.2364501953125,cultural_center,NOISE,"generic ""come with us"" name, no clear referent"
overture:Vila do Largo:-22.93082:-43.17986,Vila do Largo,-22.930824279785156,-43.17986297607422,cultural_center,NOISE,generic named place
overture:Славянская Культура:-22.91571:-43.17777,Славянская Культура,-22.915714263916016,-43.17776870727539,cultural_center,NOISE,small immigrant community association
overture:(Village Palmeiras):-22.92328:-43.60556,(Village Palmeiras),-22.923282623291016,-43.60556411743164,landmark_and_historical_building,NOISE,residential condo development name
overture:200 (Cresa):-22.92274:-43.18384,200 (Cresa),-22.922740936279297,-43.183841705322266,landmark_and_historical_building,NOISE,"ambiguous, likely business/condo name"
overture:360 On The Park:-22.98718:-43.35572,360 On The Park,-22.987184524536133,-43.35572052001953,landmark_and_historical_building,NOISE,residential condo development name
overture:786 Prudente:-22.98519:-43.20414,786 Prudente,-22.985191345214844,-43.20414352416992,landmark_and_historical_building,NOISE,ambiguous address-like entry
overture:A Griff Do Bolo:-22.84878:-43.46575,A Griff Do Bolo,-22.848777770996094,-43.46574783325195,landmark_and_historical_building,NOISE,bakery business
overture:ASM Martins soluções LTDA:-22.94080:-43.56273,ASM Martins soluções LTDA,-22.94080352783203,-43.5627326965332,landmark_and_historical_building,NOISE,private company (LTDA)
overture:Acquabella:-23.01069:-43.33006,Acquabella,-23.010690689086914,-43.33005905151367,landmark_and_historical_building,NOISE,ambiguous business/spa name
overture:Rua da matriz:-22.86008:-43.27571,Rua da matriz,-22.86008071899414,-43.27571105957031,landmark_and_historical_building,NOISE,bare street name
overture:Rua das Amendoeira:-22.92018:-43.61562,Rua das Amendoeira,-22.920177459716797,-43.615623474121094,landmark_and_historical_building,NOISE,bare street name
overture:Rua mar grande:-22.81641:-43.29086,Rua mar grande,-22.81640625,-43.290855407714844,landmark_and_historical_building,NOISE,bare street name
overture:Rua timboacu:-22.93603:-43.32036,Rua timboacu,-22.93602752685547,-43.32036209106445,landmark_and_historical_building,NOISE,bare street name
overture:Rua três corações:-22.89018:-43.41999,Rua três corações,-22.890180587768555,-43.419986724853516,landmark_and_historical_building,NOISE,bare street name
overture:Rua ubirata:-22.87435:-43.26259,Rua ubirata,-22.874347686767578,-43.26259231567383,landmark_and_historical_building,NOISE,bare street name
overture:Rua Álvares de Azevedo 245:-22.90077:-43.11030,Rua Álvares de Azevedo 245,-22.900766372680664,-43.11029815673828,landmark_and_historical_building,NOISE,bare street address
overture:Rua Érico Coelho:-22.79776:-43.18459,Rua Érico Coelho,-22.797758102416992,-43.18458938598633,landmark_and_historical_building,NOISE,bare street name
overture:Ruas do Rio:-22.88785:-43.29910,Ruas do Rio,-22.887849807739258,-43.29909896850586,landmark_and_historical_building,NOISE,generic non-specific label
overture:Saint Germain:-23.00346:-43.32758,Saint Germain,-23.003459930419922,-43.327579498291016,landmark_and_historical_building,NOISE,residential condo name
overture:Saint Martin:-22.98529:-43.35954,Saint Martin,-22.985294342041016,-43.35954284667969,landmark_and_historical_building,NOISE,residential condo name
overture:Sala da Justiça:-22.90335:-43.35011,Sala da Justiça,-22.90335464477539,-43.3501091003418,landmark_and_historical_building,NOISE,"generic room label, not a public POI"
overture:Salão de Festa Mangueira 1:-22.90806:-43.23442,Salão de Festa Mangueira 1,-22.90806007385254,-43.23441696166992,landmark_and_historical_building,NOISE,party rental hall
overture:Sambódromo:-22.96419:-43.17361,Sambódromo,-22.964191436767578,-43.173606872558594,landmark_and_historical_building,CULTURAL,iconic Carnival parade venue/monument
overture:Sambódromo Setor 10-11-12-13:-22.91203:-43.19681,Sambódromo Setor 10-11-12-13,-22.91203498840332,-43.19681167602539,landmark_and_historical_building,CULTURAL,seating sector of the Sambódromo venue
overture:San Remo - Rio2:-22.97176:-43.38466,San Remo - Rio2,-22.971759796142578,-43.38466262817383,landmark_and_historical_building,NOISE,residential condo name
overture:Sanduba De RUA:-22.92096:-43.25045,Sanduba De RUA,-22.920963287353516,-43.25044631958008,landmark_and_historical_building,NOISE,food business
overture:Santa Cruz:-22.91322:-43.68637,Santa Cruz,-22.913223266601562,-43.68636703491211,landmark_and_historical_building,NOISE,bare bairro/neighborhood name
overture:Santa Monica Classic Houses:-22.99754:-43.39471,Santa Monica Classic Houses,-22.997535705566406,-43.394710540771484,landmark_and_historical_building,NOISE,residential development
overture:Santa Tereza Rj:-22.92681:-43.19363,Santa Tereza Rj,-22.92681121826172,-43.193634033203125,landmark_and_historical_building,NOISE,bare neighborhood name
overture:Santa cruz:-22.91959:-43.68437,Santa cruz,-22.919591903686523,-43.68437194824219,landmark_and_historical_building,NOISE,bare bairro name
overture:Santo Antônio da Prata:-22.76011:-43.40805,Santo Antônio da Prata,-22.760112762451172,-43.40804672241211,landmark_and_historical_building,NOISE,ambiguous locality name
overture:Santo Cristo_ M.P:-22.90491:-43.20236,Santo Cristo_ M.P,-22.90491485595703,-43.202362060546875,landmark_and_historical_building,NOISE,ambiguous personal/business tag
overture:Santorini:-23.00731:-43.31939,Santorini,-23.007314682006836,-43.319393157958984,landmark_and_historical_building,NOISE,condo name (Greek-island themed)
overture:Santos Apóstolos:-22.90354:-43.11599,Santos Apóstolos,-22.90354347229004,-43.11598587036133,landmark_and_historical_building,NOISE,"ambiguous name, no clear cultural referent"
overture:Sapo de Camará:-22.88437:-43.48724,Sapo de Camará,-22.884366989135742,-43.487239837646484,landmark_and_historical_building,NOISE,ambiguous locality name
overture:Sapucaia:-22.90455:-43.19891,Sapucaia,-22.90454864501953,-43.19891357421875,landmark_and_historical_building,NOISE,ambiguous locality name
overture:Saraiva:-22.96602:-43.19153,Saraiva,-22.966022491455078,-43.1915283203125,landmark_and_historical_building,NOISE,ambiguous business/surname
overture:Sea Coast Apartments:-23.00721:-43.44127,Sea Coast Apartments,-23.007213592529297,-43.44126892089844,landmark_and_historical_building,NOISE,residential development
overture:Selaron Steps:-22.91553:-43.17966,Selaron Steps,-22.9155330657959,-43.179656982421875,landmark_and_historical_building,CULTURAL,famous mosaic heritage staircase (Escadaria Selarón)
overture:Selarón Apartments:-22.91645:-43.17938,Selarón Apartments,-22.91644859313965,-43.17938232421875,landmark_and_historical_building,NOISE,residential building
overture:Selfie:-22.96456:-43.19302,Selfie,-22.964555740356445,-43.19301986694336,landmark_and_historical_building,NOISE,"ambiguous single word, no referent"
overture:Selva de Pedra:-22.98031:-43.21968,Selva de Pedra,-22.980314254760742,-43.21967697143555,landmark_and_historical_building,NOISE,private residential condominium complex
overture:Selvinha Bangu:-22.86323:-43.45798,Selvinha Bangu,-22.86322593688965,-43.457977294921875,landmark_and_historical_building,NOISE,ambiguous locality name
overture:Send Cooliving:-22.90951:-43.17781,Send Cooliving,-22.909509658813477,-43.17780685424805,landmark_and_historical_building,NOISE,coliving business
overture:Sepetiba:-22.95872:-43.70290,Sepetiba,-22.958721160888672,-43.702903747558594,landmark_and_historical_building,NOISE,bare district/locality name
overture:Serra Grande-Santa Cruz Rj:-22.94054:-43.68299,Serra Grande-Santa Cruz Rj,-22.940536499023438,-43.68299102783203,landmark_and_historical_building,NATURAL,mountain range (serra)
"overture:Serra da Carioca (bergskedja i Brasilien, Rio de Janeiro, lat -22,95, long -43,22):-22.94833:-43.22158","Serra da Carioca (bergskedja i Brasilien, Rio de Janeiro, lat -22,95, long -43,22)",-22.948331832885742,-43.22157669067383,landmark_and_historical_building,NATURAL,mountain range
overture:Serra do Grumari:-23.03345:-43.53566,Serra do Grumari,-23.0334529876709,-43.5356559753418,landmark_and_historical_building,NATURAL,mountain range
overture:Serra do Macaco (berg):-22.96134:-43.42627,Serra do Macaco (berg),-22.961341857910156,-43.426273345947266,landmark_and_historical_building,NATURAL,mountain/hill
overture:Serra do Marapicu:-22.83246:-43.57906,Serra do Marapicu,-22.832460403442383,-43.579063415527344,landmark_and_historical_building,NATURAL,mountain range
"overture:Serra do Quilombo (bergskedja i Brasilien, Rio de Janeiro, lat -22,95, long -43,45):-22.94633:-43.44986","Serra do Quilombo (bergskedja i Brasilien, Rio de Janeiro, lat -22,95, long -43,45)",-22.946332931518555,-43.44986343383789,landmark_and_historical_building,NATURAL,mountain range
overture:Serra do Vulcão / Serra Volcano:-22.85594:-43.45192,Serra do Vulcão / Serra Volcano,-22.855937957763672,-43.45192337036133,landmark_and_historical_building,NATURAL,mountain range
overture:Set Tom Jobim:-22.85189:-43.47499,Set Tom Jobim,-22.85188865661621,-43.47499084472656,landmark_and_historical_building,NOISE,"ambiguous truncated name, no clear referent"
overture:Setor dos aliados:-22.87211:-43.36197,Setor dos aliados,-22.872108459472656,-43.36196517944336,landmark_and_historical_building,NOISE,ambiguous sector/area name
overture:Siena Residenziale:-22.89539:-43.27305,Siena Residenziale,-22.895389556884766,-43.273048400878906,landmark_and_historical_building,NOISE,residential development
overture:Silver Bali:-23.00919:-43.43610,Silver Bali,-23.009193420410156,-43.43610382080078,landmark_and_historical_building,NOISE,condo name
overture:Singular Meier:-22.90823:-43.28358,Singular Meier,-22.908226013183594,-43.28357696533203,landmark_and_historical_building,NOISE,residential development
overture:Sitio Humayta:-22.90149:-43.53087,Sitio Humayta,-22.901487350463867,-43.5308723449707,landmark_and_historical_building,NOISE,"farm/sítio, no documented heritage"
overture:Skylux by Tegra:-22.89968:-43.17909,Skylux by Tegra,-22.899677276611328,-43.17909240722656,landmark_and_historical_building,NOISE,residential development
overture:Smmoficial:-22.91802:-43.37907,Smmoficial,-22.918020248413086,-43.37907409667969,landmark_and_historical_building,NOISE,business/social media handle
overture:Solar Belmonte:-22.95303:-43.18372,Solar Belmonte,-22.95302963256836,-43.1837158203125,landmark_and_historical_building,NOISE,"residential building, not a documented historic mansion"
overture:Solar Camabatela:-22.92457:-43.37065,Solar Camabatela,-22.924570083618164,-43.37064743041992,landmark_and_historical_building,NOISE,residential building
overture:Solar Clovis Bevilaqua:-22.92904:-43.23617,Solar Clovis Bevilaqua,-22.929040908813477,-43.23617172241211,landmark_and_historical_building,NOISE,residential building
overture:Solar Da Gabela:-22.91044:-43.58244,Solar Da Gabela,-22.910442352294922,-43.582435607910156,landmark_and_historical_building,NOISE,residential building
overture:Solar Das Hortênsias:-22.96125:-43.21339,Solar Das Hortênsias,-22.961254119873047,-43.21339416503906,landmark_and_historical_building,NOISE,residential building
overture:Solar Príncipe João:-22.98317:-43.20773,Solar Príncipe João,-22.983165740966797,-43.207733154296875,landmark_and_historical_building,NOISE,residential building
overture:Solar da Vila:-22.91721:-43.24416,Solar da Vila,-22.917207717895508,-43.244163513183594,landmark_and_historical_building,NOISE,residential building
overture:Solar das Acácias:-22.89912:-43.10768,Solar das Acácias,-22.899124145507812,-43.10768127441406,landmark_and_historical_building,NOISE,residential building
overture:Solar das Laranjeiras:-22.93522:-43.18913,Solar das Laranjeiras,-22.93522071838379,-43.189125061035156,landmark_and_historical_building,NOISE,"residential building, not a documented historic palace"
overture:Solar de Aveiro:-22.89962:-43.11545,Solar de Aveiro,-22.899616241455078,-43.11545181274414,landmark_and_historical_building,NOISE,residential building
overture:Solar do Grajau':-22.91786:-43.26098,Solar do Grajau',-22.91786003112793,-43.260982513427734,landmark_and_historical_building,NOISE,residential building
overture:Solar dos Ingleses condo:-22.87982:-43.26125,Solar dos Ingleses condo,-22.87981605529785,-43.26124954223633,landmark_and_historical_building,NOISE,explicitly a condo
overture:Somep:-22.84791:-43.26127,Somep,-22.8479061126709,-43.26127243041992,landmark_and_historical_building,NOISE,ambiguous business name
overture:Sonho Da Casa Própria:-22.87888:-43.27175,Sonho Da Casa Própria,-22.878883361816406,-43.271751403808594,landmark_and_historical_building,NOISE,real estate slogan
overture:Soul Península by Canopus:-22.98995:-43.34910,Soul Península by Canopus,-22.989952087402344,-43.34910202026367,landmark_and_historical_building,NOISE,residential development
overture:Soul Rio - Bairro de Fátima:-22.91658:-43.18810,Soul Rio - Bairro de Fátima,-22.916576385498047,-43.18810272216797,landmark_and_historical_building,NOISE,ambiguous business name
overture:Souto Bistrot Tropical:-22.98641:-43.19922,Souto Bistrot Tropical,-22.986408233642578,-43.199222564697266,landmark_and_historical_building,NOISE,restaurant
overture:Spazio Mário Guimarães:-22.75795:-43.46009,Spazio Mário Guimarães,-22.757946014404297,-43.4600944519043,landmark_and_historical_building,NOISE,residential development
overture:Spazio Reale:-22.93657:-43.35918,Spazio Reale,-22.936573028564453,-43.35918045043945,landmark_and_historical_building,NOISE,residential development
overture:Spazio Recoleta:-22.83963:-43.31741,Spazio Recoleta,-22.83962631225586,-43.317413330078125,landmark_and_historical_building,NOISE,residential development
overture:Spazio Recriart:-22.93157:-43.35348,Spazio Recriart,-22.931570053100586,-43.353477478027344,landmark_and_historical_building,NOISE,residential development
overture:Spazio Regence:-22.92727:-43.36511,Spazio Regence,-22.927265167236328,-43.365108489990234,landmark_and_historical_building,NOISE,residential development
overture:Spazio Reserva Imperial:-22.92452:-43.38975,Spazio Reserva Imperial,-22.92452049255371,-43.38975143432617,landmark_and_historical_building,NOISE,residential development
overture:Spazio Riverside:-22.88892:-43.30439,Spazio Riverside,-22.8889217376709,-43.304386138916016,landmark_and_historical_building,NOISE,residential development
overture:Spazio Rotterdam:-22.91773:-43.37182,Spazio Rotterdam,-22.9177303314209,-43.371822357177734,landmark_and_historical_building,NOISE,residential development
overture:Splendore Araguaia:-22.93595:-43.33879,Splendore Araguaia,-22.935949325561523,-43.33879470825195,landmark_and_historical_building,NOISE,residential development
overture:Stand Jardins Nova Iguaçu:-22.75841:-43.45808,Stand Jardins Nova Iguaçu,-22.758405685424805,-43.45808029174805,landmark_and_historical_building,NOISE,real estate sales stand
overture:Stand Novolar Penha:-22.83852:-43.27519,Stand Novolar Penha,-22.838516235351562,-43.27519226074219,landmark_and_historical_building,NOISE,real estate sales stand
overture:Stand de Vendas:-23.01407:-43.46740,Stand de Vendas,-23.014070510864258,-43.467403411865234,landmark_and_historical_building,NOISE,real estate sales stand
overture:Stardust:-22.94676:-43.33684,Stardust,-22.946760177612305,-43.33684158325195,landmark_and_historical_building,NOISE,ambiguous business/condo name
overture:Start Tijuca:-22.92568:-43.22602,Start Tijuca,-22.925683975219727,-43.226016998291016,landmark_and_historical_building,NOISE,business name
overture:Studio Privativo:-22.95296:-43.38087,Studio Privativo,-22.952960968017578,-43.38086700439453,landmark_and_historical_building,NOISE,private rental unit
overture:Studios 111:-22.91924:-43.22383,Studios 111,-22.919240951538086,-43.22382736206055,landmark_and_historical_building,NOISE,residential building
overture:Studios Nogueira Lopes:-22.91810:-43.18408,Studios Nogueira Lopes,-22.9180965423584,-43.18408203125,landmark_and_historical_building,NOISE,residential building
"overture:Sugar Loaf, Rio de Janeiro:-22.93300:-43.18311","Sugar Loaf, Rio de Janeiro",-22.93299674987793,-43.183109283447266,landmark_and_historical_building,NATURAL,granite peak (Pão de Açúcar)
overture:Summer Coast:-23.00342:-43.32877,Summer Coast,-23.003419876098633,-43.328765869140625,landmark_and_historical_building,NOISE,condo name
overture:SunDeck:-23.00120:-43.39119,SunDeck,-23.001203536987305,-43.39118576049805,landmark_and_historical_building,NOISE,condo name
overture:SunPlaza:-23.00112:-43.39001,SunPlaza,-23.001123428344727,-43.39000701904297,landmark_and_historical_building,NOISE,condo name
overture:Sunflower:-23.01755:-43.48231,Sunflower,-23.017547607421875,-43.4823112487793,landmark_and_historical_building,NOISE,ambiguous condo/business name
overture:Sunrise House Garden:-23.01535:-43.48157,Sunrise House Garden,-23.015352249145508,-43.4815673828125,landmark_and_historical_building,NOISE,residential development
overture:Sunset Icaraí LANÇAMENTO:-22.91196:-43.10723,Sunset Icaraí LANÇAMENTO,-22.911958694458008,-43.107234954833984,landmark_and_historical_building,NOISE,real estate launch listing
overture:Sunshine Drive Resort:-23.01026:-43.37023,Sunshine Drive Resort,-23.0102596282959,-43.37023162841797,landmark_and_historical_building,NOISE,resort/residential development
overture:Síndico Transparente - Serviços para Condomínios:-22.93699:-43.17736,Síndico Transparente - Serviços para Condomínios,-22.936992645263672,-43.1773567199707,landmark_and_historical_building,NOISE,condo management business
overture:Sítio São Luiz:-22.88929:-43.51638,Sítio São Luiz,-22.889286041259766,-43.516380310058594,landmark_and_historical_building,NOISE,"farm/sítio, no documented heritage"
overture:Sítio da Chaminé - Itaguaí:-22.89091:-43.32101,Sítio da Chaminé - Itaguaí,-22.890913009643555,-43.321006774902344,landmark_and_historical_building,NOISE,"farm/sítio, no documented heritage"
overture:Tancredo Martins Costa:-22.91287:-43.30024,Tancredo Martins Costa,-22.912872314453125,-43.30023956298828,landmark_and_historical_building,NOISE,ambiguous personal name/street
overture:Taquara:-22.93066:-43.39328,Taquara,-22.9306583404541,-43.393280029296875,landmark_and_historical_building,NOISE,bare neighborhood name
overture:Taquara - Jacarepaguá:-22.92155:-43.37099,Taquara - Jacarepaguá,-22.921550750732422,-43.37098693847656,landmark_and_historical_building,NOISE,bare neighborhood name
overture:Tatelise's House:-22.96856:-43.18586,Tatelise's House,-22.968564987182617,-43.18586349487305,landmark_and_historical_building,NOISE,personal home nickname
overture:Tellos 2:-22.89142:-43.27828,Tellos 2,-22.89141845703125,-43.27827835083008,landmark_and_historical_building,NOISE,ambiguous business name
overture:Terraço Panorâmico:-22.91414:-43.16709,Terraço Panorâmico,-22.914140701293945,-43.167091369628906,landmark_and_historical_building,NOISE,ambiguous private terrace/venue
overture:The Flower:-22.90720:-43.10249,The Flower,-22.907201766967773,-43.10248947143555,landmark_and_historical_building,NOISE,ambiguous condo/business name
overture:The Place Icarai:-22.90849:-43.10312,The Place Icarai,-22.90848731994629,-43.10312271118164,landmark_and_historical_building,NOISE,condo name
overture:The Wonderful World of Pink Jana:-22.96731:-43.38612,The Wonderful World of Pink Jana,-22.967309951782227,-43.3861198425293,landmark_and_historical_building,NOISE,personal/whimsical nickname
overture:Thierre Festas:-22.80517:-43.36127,Thierre Festas,-22.8051700592041,-43.361270904541016,landmark_and_historical_building,NOISE,party rental business
overture:Tijolinho:-22.92196:-43.25212,Tijolinho,-22.921955108642578,-43.25212097167969,landmark_and_historical_building,NOISE,ambiguous nickname
overture:Tijuca:-22.92601:-43.22654,Tijuca,-22.926008224487305,-43.22654342651367,landmark_and_historical_building,NOISE,bare neighborhood name
overture:Tijuca Central Building:-22.92357:-43.22915,Tijuca Central Building,-22.923574447631836,-43.22915267944336,landmark_and_historical_building,NOISE,office/residential building
overture:Tijuca Office Center:-22.92486:-43.22536,Tijuca Office Center,-22.92485809326172,-43.22536087036133,landmark_and_historical_building,NOISE,office building
overture:Tom Delfim Moreira Leblon:-22.98656:-43.22141,Tom Delfim Moreira Leblon,-22.986560821533203,-43.221405029296875,landmark_and_historical_building,NOISE,beachfront avenue segment/infrastructure
overture:Top Duplex:-23.02307:-43.48910,Top Duplex,-23.023069381713867,-43.489097595214844,landmark_and_historical_building,NOISE,real estate listing
overture:Torre Da Vivo Vila Isabel:-22.91250:-43.23972,Torre Da Vivo Vila Isabel,-22.91250228881836,-43.239723205566406,landmark_and_historical_building,NOISE,telecom tower infrastructure
overture:Torre Niemeyer:-23.00208:-43.32827,Torre Niemeyer,-23.00208282470703,-43.328269958496094,landmark_and_historical_building,NOISE,"residential tower branding, not a documented Niemeyer landmark"
overture:Tour de Nantes:-22.98519:-43.20576,Tour de Nantes,-22.98518943786621,-43.20576477050781,landmark_and_historical_building,NOISE,condo name
overture:Trakinas House:-22.87396:-43.34266,Trakinas House,-22.873958587646484,-43.342655181884766,landmark_and_historical_building,NOISE,personal home nickname
overture:Travessa Antônio Pedro 12:-22.90913:-43.10983,Travessa Antônio Pedro 12,-22.90912628173828,-43.10982894897461,landmark_and_historical_building,NOISE,bare street address
overture:Travessa Bernardo:-22.90202:-43.30797,Travessa Bernardo,-22.90201759338379,-43.30796813964844,landmark_and_historical_building,NOISE,bare street name
overture:Travessa Caldeira:-22.87063:-43.10278,Travessa Caldeira,-22.87063217163086,-43.102783203125,landmark_and_historical_building,NOISE,bare street name
overture:Travessa Cordeiro N 55:-22.88585:-43.29580,Travessa Cordeiro N 55,-22.885854721069336,-43.29579544067383,landmark_and_historical_building,NOISE,bare street address
overture:Travessa Cunha Galvão 1137:-22.93664:-43.34937,Travessa Cunha Galvão 1137,-22.9366397857666,-43.349365234375,landmark_and_historical_building,NOISE,bare street address
overture:Travessa Nossa Senhora de Fátima:-22.93746:-43.38710,Travessa Nossa Senhora de Fátima,-22.937458038330078,-43.38710403442383,landmark_and_historical_building,NOISE,bare street name
overture:Travessa Pastor Francisco Soren:-22.83467:-43.29758,Travessa Pastor Francisco Soren,-22.834667205810547,-43.29758071899414,landmark_and_historical_building,NOISE,bare street name
overture:Travessa seis:-22.86535:-43.23815,Travessa seis,-22.865346908569336,-43.2381477355957,landmark_and_historical_building,NOISE,bare street name
overture:Trendy E-Home:-22.93229:-43.24739,Trendy E-Home,-22.93229103088379,-43.24739074707031,landmark_and_historical_building,NOISE,condo/business branding
overture:Tribunal Regional do Trabalho da 1a Regiao Niteroi:-22.89371:-43.12130,Tribunal Regional do Trabalho da 1a Regiao Niteroi,-22.893707275390625,-43.12129592895508,landmark_and_historical_building,NOISE,government administrative building
overture:Trilha Morro da Babilônia -RJ:-22.94415:-43.38671,Trilha Morro da Babilônia -RJ,-22.944150924682617,-43.38671112060547,landmark_and_historical_building,NATURAL,hiking trail on a hill
overture:Trilha da Pedra da Gavea:-23.00149:-43.30536,Trilha da Pedra da Gavea,-23.001487731933594,-43.30535888671875,landmark_and_historical_building,NATURAL,hiking trail on a rock formation
overture:Triplex Leme:-22.96164:-43.16941,Triplex Leme,-22.96164321899414,-43.16940689086914,landmark_and_historical_building,NOISE,residential unit
overture:Twenty Botafogo:-22.95173:-43.19423,Twenty Botafogo,-22.95172882080078,-43.19422912597656,landmark_and_historical_building,NOISE,condo name
overture:Type Tijuca:-22.91222:-43.21792,Type Tijuca,-22.912216186523438,-43.21792221069336,landmark_and_historical_building,NOISE,condo name
overture:Union Square RJ:-22.97289:-43.39154,Union Square RJ,-22.9728946685791,-43.391536712646484,landmark_and_historical_building,NOISE,condo name
overture:Unique Offices:-22.92356:-43.36924,Unique Offices,-22.923561096191406,-43.369239807128906,landmark_and_historical_building,NOISE,office building
overture:Unique Tijuca:-22.92726:-43.23699,Unique Tijuca,-22.927255630493164,-43.23698806762695,landmark_and_historical_building,NOISE,condo name
overture:Up Barra:-22.95680:-43.34788,Up Barra,-22.956798553466797,-43.347877502441406,landmark_and_historical_building,NOISE,condo name
overture:Up Barra Mais:-22.96720:-43.64199,Up Barra Mais,-22.967199325561523,-43.64199447631836,landmark_and_historical_building,NOISE,condo name
overture:Up Life:-23.02213:-43.48738,Up Life,-23.022132873535156,-43.48737716674805,landmark_and_historical_building,NOISE,condo name
overture:Up Norte:-22.99833:-43.36510,Up Norte,-22.99832534790039,-43.3651008605957,landmark_and_historical_building,NOISE,condo name
overture:Up Nova Iguaçu:-22.75655:-43.44827,Up Nova Iguaçu,-22.756549835205078,-43.448265075683594,landmark_and_historical_building,NOISE,condo name
overture:Upa de magalhas bastos:-22.88100:-43.45863,Upa de magalhas bastos,-22.88100242614746,-43.45863342285156,landmark_and_historical_building,NOISE,emergency medical clinic
overture:VILA da light:-22.90185:-43.34839,VILA da light,-22.901851654052734,-43.348392486572266,landmark_and_historical_building,NOISE,ambiguous utility-related facility name
overture:VIVAZ Bandeirantes:-22.98877:-43.44082,VIVAZ Bandeirantes,-22.988773345947266,-43.44082260131836,landmark_and_historical_building,NOISE,residential development
overture:Vale Dourado:-22.94407:-43.33069,Vale Dourado,-22.94407081604004,-43.330692291259766,landmark_and_historical_building,NATURAL,valley/geographic feature name
overture:Vale das Orquídeas:-22.88170:-43.37354,Vale das Orquídeas,-22.881696701049805,-43.373538970947266,landmark_and_historical_building,NATURAL,valley/geographic feature name
overture:Vale do Stucky:-22.83008:-43.39949,Vale do Stucky,-22.830080032348633,-43.39949035644531,landmark_and_historical_building,NATURAL,valley/geographic feature name
overture:Vale dos Bentivis:-22.95235:-43.34263,Vale dos Bentivis,-22.952348709106445,-43.342628479003906,landmark_and_historical_building,NATURAL,valley/geographic feature name
overture:Varanda das Rosas:-23.00212:-43.34849,Varanda das Rosas,-23.00212287902832,-43.348487854003906,landmark_and_historical_building,NOISE,condo name
overture:Varanda dos Abreus:-23.01110:-43.31307,Varanda dos Abreus,-23.011096954345703,-43.313072204589844,landmark_and_historical_building,NOISE,condo name
overture:Varandas de Barra Bonita:-23.02083:-43.48692,Varandas de Barra Bonita,-23.020828247070312,-43.48691940307617,landmark_and_historical_building,NOISE,condo name
overture:Varandas de Botafogo:-22.95733:-43.19317,Varandas de Botafogo,-22.957334518432617,-43.19316864013672,landmark_and_historical_building,NOISE,condo name
overture:Vargem Grande:-22.97685:-43.49331,Vargem Grande,-22.97685432434082,-43.493309020996094,landmark_and_historical_building,NOISE,bare neighborhood name
overture:Vargem Pequena (bairro):-22.98056:-43.46361,Vargem Pequena (bairro),-22.98055648803711,-43.4636116027832,landmark_and_historical_building,NOISE,explicitly labeled a bairro
"overture:Vasco da Gama, Rio de Janeiro:-22.89194:-43.22695","Vasco da Gama, Rio de Janeiro",-22.891944885253906,-43.22694778442383,landmark_and_historical_building,CULTURAL,historic São Januário football stadium site
overture:Venda velha:-22.78828:-43.35119,Venda velha,-22.788278579711914,-43.351192474365234,landmark_and_historical_building,NOISE,generic/ambiguous shop reference
overture:Ventanas Nature:-22.99888:-43.41745,Ventanas Nature,-22.998884201049805,-43.41744613647461,landmark_and_historical_building,NOISE,condo name
overture:Ventura:-22.89208:-43.28113,Ventura,-22.8920841217041,-43.2811279296875,landmark_and_historical_building,NOISE,ambiguous condo/business name
overture:Verdes Encantos:-22.74869:-43.51750,Verdes Encantos,-22.748685836791992,-43.51749801635742,landmark_and_historical_building,NOISE,condo/neighborhood branding
overture:Verona Casablanca:-22.90173:-43.68262,Verona Casablanca,-22.901731491088867,-43.68262481689453,landmark_and_historical_building,NOISE,condo name
overture:Via Parque Offices:-22.98364:-43.36110,Via Parque Offices,-22.983638763427734,-43.3610954284668,landmark_and_historical_building,NOISE,office building
overture:Via Premiere:-22.98053:-43.42266,Via Premiere,-22.980527877807617,-43.422664642333984,landmark_and_historical_building,NOISE,condo name
overture:Viaduto Paulo De Frontin:-22.91563:-43.21008,Viaduto Paulo De Frontin,-22.915630340576172,-43.2100830078125,landmark_and_historical_building,NOISE,transit overpass infrastructure
overture:Viaduto de Todos os Santos:-22.89716:-43.28592,Viaduto de Todos os Santos,-22.897159576416016,-43.28591537475586,landmark_and_historical_building,NOISE,transit overpass infrastructure
overture:Victoria Park:-22.93734:-43.33269,Victoria Park,-22.93734359741211,-43.33268737792969,landmark_and_historical_building,NOISE,condo name
overture:Vila 838:-22.94374:-43.33284,Vila 838,-22.943737030029297,-43.33283615112305,landmark_and_historical_building,NOISE,condo name
overture:Vila Acorizal:-22.86873:-43.27951,Vila Acorizal,-22.868728637695312,-43.27950668334961,landmark_and_historical_building,NOISE,bare neighborhood name
"overture:Vila Aliança, Bangu, Rio de Janeiro - RJ:-22.87272:-43.47225","Vila Aliança, Bangu, Rio de Janeiro - RJ",-22.872724533081055,-43.472251892089844,landmark_and_historical_building,NOISE,bare neighborhood name
overture:Vila Aurélio - Manoel Machado:-22.85801:-43.33119,Vila Aurélio - Manoel Machado,-22.858009338378906,-43.33119201660156,landmark_and_historical_building,NOISE,bare neighborhood name
overture:Vila Avance:-23.01659:-43.47797,Vila Avance,-23.01658821105957,-43.47797393798828,landmark_and_historical_building,NOISE,condo name
overture:Vila Azul:-22.88592:-43.38945,Vila Azul,-22.885915756225586,-43.38945007324219,landmark_and_historical_building,NOISE,bare neighborhood name
overture:Vila Balbina:-22.98520:-43.62468,Vila Balbina,-22.985200881958008,-43.62468338012695,landmark_and_historical_building,NOISE,bare neighborhood name
overture:Vila Branca Campo Grande:-22.92095:-43.54560,Vila Branca Campo Grande,-22.92095375061035,-43.545597076416016,landmark_and_historical_building,NOISE,bare neighborhood name
overture:Vila Carioca:-22.91535:-43.24289,Vila Carioca,-22.91535186767578,-43.24289321899414,landmark_and_historical_building,NOISE,bare neighborhood name
overture:Vila Conquista:-22.83799:-43.34876,Vila Conquista,-22.837993621826172,-43.34876251220703,landmark_and_historical_building,NOISE,bare neighborhood name
overture:Vila De Vaz Lobo:-22.84922:-43.30333,Vila De Vaz Lobo,-22.849220275878906,-43.3033332824707,landmark_and_historical_building,NOISE,bare neighborhood name
overture:Vila Del Mar:-22.97087:-43.39526,Vila Del Mar,-22.970870971679688,-43.395259857177734,landmark_and_historical_building,NOISE,condo name
"overture:Vila Dona Julia, Anchieta:-22.82562:-43.40612","Vila Dona Julia, Anchieta",-22.82562255859375,-43.4061164855957,landmark_and_historical_building,NOISE,bare neighborhood name
overture:Vila Dos Mineiros:-22.87588:-43.77155,Vila Dos Mineiros,-22.87588119506836,-43.77155303955078,landmark_and_historical_building,NOISE,bare neighborhood name
overture:Vila Esplendida RJ:-22.84896:-43.31473,Vila Esplendida RJ,-22.848955154418945,-43.314727783203125,landmark_and_historical_building,NOISE,condo name
overture:Vila Guarapari:-22.81363:-43.37967,Vila Guarapari,-22.813627243041992,-43.379669189453125,landmark_and_historical_building,NOISE,bare neighborhood name
overture:Vila Isabel Ed.barao Da Vila:-22.91692:-43.25771,Vila Isabel Ed.barao Da Vila,-22.916921615600586,-43.25770568847656,landmark_and_historical_building,NOISE,residential building
overture:Vila Julieta Engenho Novo:-22.90667:-43.27207,Vila Julieta Engenho Novo,-22.90667152404785,-43.27206802368164,landmark_and_historical_building,NOISE,bare neighborhood name
overture:Vila Matina:-22.91661:-43.40373,Vila Matina,-22.916614532470703,-43.40372848510742,landmark_and_historical_building,NOISE,bare neighborhood name
overture:Vila Militar Copacabana - VMC - Exército - Army:-22.96251:-43.17918,Vila Militar Copacabana - VMC - Exército - Army,-22.962512969970703,-43.17918014526367,landmark_and_historical_building,NOISE,active military installation
overture:Vila Militar Dos Afonsos:-22.88626:-43.38008,Vila Militar Dos Afonsos,-22.88625717163086,-43.38007736206055,landmark_and_historical_building,NOISE,active military installation
overture:Vila Militar de Gericinó:-22.87064:-43.41909,Vila Militar de Gericinó,-22.870643615722656,-43.41908645629883,landmark_and_historical_building,NOISE,active military installation
overture:Vila Modelo:-22.88207:-43.41156,Vila Modelo,-22.882070541381836,-43.411563873291016,landmark_and_historical_building,NOISE,bare neighborhood name
overture:Vila Nini:-22.91759:-43.22490,Vila Nini,-22.91759490966797,-43.22490310668945,landmark_and_historical_building,NOISE,ambiguous condo/neighborhood name
overture:Vila Pan-Americana:-22.97304:-43.35803,Vila Pan-Americana,-22.97303581237793,-43.3580322265625,landmark_and_historical_building,NOISE,"former athletes' village, now residential condos"
overture:Vila Porta do Céu:-22.86683:-43.46247,Vila Porta do Céu,-22.866830825805664,-43.46247482299805,landmark_and_historical_building,NOISE,bare neighborhood name
overture:Vila Portuária:-22.90081:-43.20053,Vila Portuária,-22.90081214904785,-43.20053482055664,landmark_and_historical_building,NOISE,bare district name
overture:Vila Ritz:-22.91233:-43.28579,Vila Ritz,-22.912328720092773,-43.28579330444336,landmark_and_historical_building,NOISE,condo name
overture:Vila Rosa Residencias:-22.91649:-43.24394,Vila Rosa Residencias,-22.916494369506836,-43.24394226074219,landmark_and_historical_building,NOISE,explicitly residential
overture:Vila Rosado:-22.92849:-43.38124,Vila Rosado,-22.92848777770996,-43.38124084472656,landmark_and_historical_building,NOISE,bare neighborhood name
overture:Vila Solange:-22.87017:-43.34539,Vila Solange,-22.870174407958984,-43.34539031982422,landmark_and_historical_building,NOISE,residential condo development name
overture:Vila Souza Cabral:-22.90348:-43.21384,Vila Souza Cabral,-22.90347671508789,-43.21384048461914,landmark_and_historical_building,NOISE,residential condo development name
overture:Vila São Jorge:-22.91287:-43.23909,Vila São Jorge,-22.91286849975586,-43.23908996582031,landmark_and_historical_building,NOISE,residential condo development name
overture:Vila Trade Office:-22.91839:-43.25074,Vila Trade Office,-22.918392181396484,-43.2507438659668,landmark_and_historical_building,NOISE,private office building
overture:Vila Valqueire:-22.88963:-43.35717,Vila Valqueire,-22.889633178710938,-43.357173919677734,landmark_and_historical_building,NOISE,"generic neighborhood/residential name, not a distinct site"
overture:Vila cosmos:-22.85360:-43.30361,Vila cosmos,-22.85360336303711,-43.30360794067383,landmark_and_historical_building,NOISE,generic neighborhood/residential name
overture:Vila das Fontes RJ:-22.85069:-43.31545,Vila das Fontes RJ,-22.85069465637207,-43.31544876098633,landmark_and_historical_building,NOISE,residential condo development name
overture:Vila de Cascais:-22.90563:-43.09922,Vila de Cascais,-22.90563201904297,-43.09922409057617,landmark_and_historical_building,NOISE,residential condo development name
overture:Vila do Arco-íris:-22.93772:-43.38665,Vila do Arco-íris,-22.93772315979004,-43.386653900146484,landmark_and_historical_building,NOISE,residential condo development name
overture:Vila do Chaves:-22.74685:-43.69511,Vila do Chaves,-22.74684715270996,-43.69511032104492,landmark_and_historical_building,NOISE,residential development name
overture:Vila do Pan:-22.97112:-43.35834,Vila do Pan,-22.97111701965332,-43.358341217041016,landmark_and_historical_building,NOISE,"residential/sports village complex, not heritage"
overture:Vila do Sossego:-22.95019:-43.26120,Vila do Sossego,-22.950185775756836,-43.26119613647461,landmark_and_historical_building,NOISE,residential condo development name
overture:Vila dos Comerciários:-22.85518:-43.25751,Vila dos Comerciários,-22.855175018310547,-43.25750732421875,landmark_and_historical_building,NOISE,residential development name
overture:Vila dos Parreiras:-22.92402:-43.24676,Vila dos Parreiras,-22.92401885986328,-43.246761322021484,landmark_and_historical_building,NOISE,residential condo development name
overture:Vila jesus:-22.93642:-43.19271,Vila jesus,-22.936418533325195,-43.19270706176758,landmark_and_historical_building,NOISE,"residential/informal name, no clear referent"
overture:Vila medina:-22.90063:-43.21675,Vila medina,-22.9006290435791,-43.21675109863281,landmark_and_historical_building,NOISE,residential development name
overture:Vila são Luís:-22.77664:-43.29050,Vila são Luís,-22.776639938354492,-43.290504455566406,landmark_and_historical_building,NOISE,residential development name
overture:Vilagio Carioca:-22.84910:-43.31797,Vilagio Carioca,-22.849103927612305,-43.317970275878906,landmark_and_historical_building,NOISE,residential condo development name
overture:Villa Di Genova:-23.00673:-43.32631,Villa Di Genova,-23.00672721862793,-43.3263053894043,landmark_and_historical_building,NOISE,residential condo development name
overture:Villa Grajaú:-22.91956:-43.25587,Villa Grajaú,-22.919559478759766,-43.25587463378906,landmark_and_historical_building,NOISE,residential condo development name
overture:Villa Humaitá:-22.95361:-43.19855,Villa Humaitá,-22.9536075592041,-43.198551177978516,landmark_and_historical_building,NOISE,residential condo development name
overture:Villa Jardim Itanhangá:-22.99729:-43.31346,Villa Jardim Itanhangá,-22.99728775024414,-43.31345748901367,landmark_and_historical_building,NOISE,residential condo development name
overture:Villa Luna:-22.97041:-43.39406,Villa Luna,-22.970407485961914,-43.39406204223633,landmark_and_historical_building,NOISE,residential condo development name
overture:Villa Sole:-22.97076:-43.39176,Villa Sole,-22.97075843811035,-43.391761779785156,landmark_and_historical_building,NOISE,residential condo development name
overture:Villa Splendore:-22.89600:-43.28123,Villa Splendore,-22.89600372314453,-43.281227111816406,landmark_and_historical_building,NOISE,residential condo development name
overture:Villa Venturosa:-22.92133:-43.17584,Villa Venturosa,-22.92133331298828,-43.17584228515625,landmark_and_historical_building,NOISE,residential condo development name
overture:Villa Visconti:-22.95748:-43.19383,Villa Visconti,-22.957477569580078,-43.19382858276367,landmark_and_historical_building,NOISE,residential condo development name
overture:Villa messina:-22.97009:-43.39384,Villa messina,-22.970094680786133,-43.39384078979492,landmark_and_historical_building,NOISE,residential condo development name
overture:Village Atlanta:-22.90571:-43.69640,Village Atlanta,-22.90570640563965,-43.69640350341797,landmark_and_historical_building,NOISE,residential condo development name
overture:Village Boechat I:-22.87894:-43.36643,Village Boechat I,-22.878936767578125,-43.36642837524414,landmark_and_historical_building,NOISE,residential condo development name
overture:Village Botanique:-22.93181:-43.32760,Village Botanique,-22.93181037902832,-43.327598571777344,landmark_and_historical_building,NOISE,residential condo development name
overture:Village Caribe I:-22.90107:-43.35316,Village Caribe I,-22.901065826416016,-43.35316467285156,landmark_and_historical_building,NOISE,residential condo development name
overture:Village Del Riposo:-22.92781:-43.38387,Village Del Riposo,-22.927806854248047,-43.38386917114258,landmark_and_historical_building,NOISE,residential condo development name
overture:Village Firenze:-22.93606:-43.34565,Village Firenze,-22.93605613708496,-43.34564971923828,landmark_and_historical_building,NOISE,residential condo development name
overture:Village Florença:-22.94021:-43.33207,Village Florença,-22.940210342407227,-43.332069396972656,landmark_and_historical_building,NOISE,residential condo development name
overture:Village Freguesia Ilha do Governador:-22.78889:-43.17424,Village Freguesia Ilha do Governador,-22.788888931274414,-43.17424392700195,landmark_and_historical_building,NOISE,residential condo development name
overture:Village Livorno:-22.93318:-43.33447,Village Livorno,-22.933181762695312,-43.33446502685547,landmark_and_historical_building,NOISE,residential condo development name
overture:Village Park Itanhangá:-22.98495:-43.32963,Village Park Itanhangá,-22.984949111938477,-43.329627990722656,landmark_and_historical_building,NOISE,residential condo development name
overture:Village Sao Conrado:-22.99536:-43.25636,Village Sao Conrado,-22.9953556060791,-43.2563591003418,landmark_and_historical_building,NOISE,residential condo development name
overture:Village São Bento:-22.90256:-43.10371,Village São Bento,-22.902557373046875,-43.10371398925781,landmark_and_historical_building,NOISE,residential condo development name
overture:Village Vip Jacarepaguá:-22.96641:-43.40888,Village Vip Jacarepaguá,-22.96640968322754,-43.40888214111328,landmark_and_historical_building,NOISE,residential condo development name
overture:Village de Ibiza:-22.90234:-43.35227,Village de Ibiza,-22.902339935302734,-43.352272033691406,landmark_and_historical_building,NOISE,residential condo development name
overture:Village do Maciço:-22.98157:-43.46297,Village do Maciço,-22.981565475463867,-43.46297073364258,landmark_and_historical_building,NOISE,residential condo development name
overture:Village do capenha:-22.93362:-43.35005,Village do capenha,-22.933618545532227,-43.35005187988281,landmark_and_historical_building,NOISE,residential condo development name
overture:Village du Parc:-22.90222:-43.10984,Village du Parc,-22.902217864990234,-43.109840393066406,landmark_and_historical_building,NOISE,residential condo development name
overture:Villagio Arboretto:-22.92335:-43.55127,Villagio Arboretto,-22.923351287841797,-43.551265716552734,landmark_and_historical_building,NOISE,residential condo development name
overture:Villagio Silvestre Condo Club:-22.86750:-43.54498,Villagio Silvestre Condo Club,-22.867502212524414,-43.544979095458984,landmark_and_historical_building,NOISE,explicitly a residential condo club
overture:Villagio do Campo I:-22.88621:-43.59780,Villagio do Campo I,-22.886205673217773,-43.59779739379883,landmark_and_historical_building,NOISE,residential condo development name
overture:Villas of Patativas:-22.88362:-43.62683,Villas of Patativas,-22.883621215820312,-43.626834869384766,landmark_and_historical_building,NOISE,residential condo development name
overture:Ville Roma:-22.93026:-43.38517,Ville Roma,-22.930259704589844,-43.38517379760742,landmark_and_historical_building,NOISE,residential condo development name
overture:Ville Verte Residências:-22.98265:-43.49634,Ville Verte Residências,-22.982646942138672,-43.496337890625,landmark_and_historical_building,NOISE,explicitly residential development
overture:Vinlanda:-22.94279:-43.18159,Vinlanda,-22.942787170410156,-43.18159484863281,landmark_and_historical_building,NOISE,"ambiguous single word, likely residential"
overture:Visao do Morro:-22.77412:-43.43545,Visao do Morro,-22.774118423461914,-43.43545150756836,landmark_and_historical_building,NOISE,ambiguous private/residential name referencing a hill
overture:Vista Chinesa:-22.97327:-43.24947,Vista Chinesa,-22.9732666015625,-43.249473571777344,landmark_and_historical_building,CULTURAL,historic Chinese pavilion/monument built 1903 at the overlook
overture:Vista Ipanema:-22.98573:-43.19954,Vista Ipanema,-22.985734939575195,-43.19953918457031,landmark_and_historical_building,NOISE,likely residential building name
overture:Visto do Museu do Artes Comtemporary:-22.90372:-43.11696,Visto do Museu do Artes Comtemporary,-22.903715133666992,-43.11695861816406,landmark_and_historical_building,NOISE,"mistagged viewpoint reference, not the museum itself"
overture:Vitale Flow:-22.83388:-43.32715,Vitale Flow,-22.833879470825195,-43.3271484375,landmark_and_historical_building,NOISE,residential/business development name
overture:Vitale On 2 quartos Rua Piaui. Perto do Norte Shopping:-22.89080:-43.63633,Vitale On 2 quartos Rua Piaui. Perto do Norte Shopping,-22.89080047607422,-43.63633346557617,landmark_and_historical_building,NOISE,real-estate listing text
overture:Vitta Green:-22.94041:-43.55691,Vitta Green,-22.940412521362305,-43.556907653808594,landmark_and_historical_building,NOISE,residential development name
overture:Viure - Ilha Pura:-22.98501:-43.41507,Viure - Ilha Pura,-22.985010147094727,-43.41506576538086,landmark_and_historical_building,NOISE,residential condo development name
overture:Viva Mais Engenho Novo:-22.89792:-43.26383,Viva Mais Engenho Novo,-22.897924423217773,-43.263832092285156,landmark_and_historical_building,NOISE,residential development name
overture:Viva Vida Zona Norte:-22.81182:-43.35501,Viva Vida Zona Norte,-22.81182289123535,-43.35501480102539,landmark_and_historical_building,NOISE,residential development name
overture:Viva Vida Zona Oeste:-22.94066:-43.66294,Viva Vida Zona Oeste,-22.940658569335938,-43.662940979003906,landmark_and_historical_building,NOISE,residential development name
overture:Vivaz Andaraí:-22.92799:-43.25192,Vivaz Andaraí,-22.92798614501953,-43.251922607421875,landmark_and_historical_building,NOISE,residential condo development name
overture:Vivaz Bandeirantes:-22.96607:-43.40985,Vivaz Bandeirantes,-22.966073989868164,-43.409854888916016,landmark_and_historical_building,NOISE,residential condo development name
overture:Vivaz Prime Zona Norte:-22.89080:-43.29284,Vivaz Prime Zona Norte,-22.89080238342285,-43.292842864990234,landmark_and_historical_building,NOISE,residential condo development name
overture:Vivaz Ramos:-22.85353:-43.25689,Vivaz Ramos,-22.853534698486328,-43.25688552856445,landmark_and_historical_building,NOISE,residential condo development name
overture:Vivaz São Cristóvão:-22.89007:-43.22602,Vivaz São Cristóvão,-22.890073776245117,-43.22602081298828,landmark_and_historical_building,NOISE,residential condo development name
overture:Vivenda das Coleirinhas:-22.88348:-43.62845,Vivenda das Coleirinhas,-22.883481979370117,-43.628448486328125,landmark_and_historical_building,NOISE,residential development name
overture:Vivendas 3200:-23.01061:-43.32736,Vivendas 3200,-23.01061248779297,-43.32735824584961,landmark_and_historical_building,NOISE,residential condo development name
overture:Vivendas Cassia Furtado:-22.78039:-43.40635,Vivendas Cassia Furtado,-22.7803897857666,-43.40635299682617,landmark_and_historical_building,NOISE,residential condo development name
overture:Vivendas Da Serra. Freguesia:-22.93374:-43.32940,Vivendas Da Serra. Freguesia,-22.93373680114746,-43.32939529418945,landmark_and_historical_building,NOISE,residential condo development name
overture:Vivendas Do Bosque:-22.99772:-43.37958,Vivendas Do Bosque,-22.997722625732422,-43.37957763671875,landmark_and_historical_building,NOISE,residential condo development name
overture:Vivendas Do Paraíso:-22.92037:-43.69986,Vivendas Do Paraíso,-22.92037010192871,-43.69985580444336,landmark_and_historical_building,NOISE,residential condo development name
overture:Vivendas Luís Felipe:-22.81912:-43.42636,Vivendas Luís Felipe,-22.819120407104492,-43.426361083984375,landmark_and_historical_building,NOISE,residential condo development name
overture:Vivendas da Colina:-22.77441:-43.43179,Vivendas da Colina,-22.77440643310547,-43.431785583496094,landmark_and_historical_building,NOISE,residential condo development name
overture:Vivendas da Freguesia:-22.94281:-43.33365,Vivendas da Freguesia,-22.942806243896484,-43.333648681640625,landmark_and_historical_building,NOISE,residential condo development name
overture:Vivendas de Sagres:-22.94140:-43.57578,Vivendas de Sagres,-22.941404342651367,-43.575775146484375,landmark_and_historical_building,NOISE,residential condo development name
overture:Vivendas do Imperador:-22.81231:-43.42480,Vivendas do Imperador,-22.812307357788086,-43.42479705810547,landmark_and_historical_building,NOISE,residential condo development name
overture:Viver Bem RJ:-22.89687:-43.20303,Viver Bem RJ,-22.896873474121094,-43.203033447265625,landmark_and_historical_building,NOISE,residential development name
overture:Viver Mais Campo Grande:-22.89561:-43.54953,Viver Mais Campo Grande,-22.895612716674805,-43.54952621459961,landmark_and_historical_building,NOISE,residential development name
overture:Volp 40:-22.95061:-43.18331,Volp 40,-22.950613021850586,-43.18330764770508,landmark_and_historical_building,NOISE,"ambiguous name, no clear cultural referent"
overture:WCA Elétrica:-22.81135:-43.36472,WCA Elétrica,-22.81134605407715,-43.364715576171875,landmark_and_historical_building,NOISE,private electrical shop
overture:Wave by Yoo:-23.01035:-43.33107,Wave by Yoo,-23.01034927368164,-43.33107376098633,landmark_and_historical_building,NOISE,branded residential development
overture:WayCondo:-22.90398:-43.17523,WayCondo,-22.903976440429688,-43.175228118896484,landmark_and_historical_building,NOISE,explicitly a condominium
overture:Weekend:-23.00920:-43.34246,Weekend,-23.009199142456055,-43.342464447021484,landmark_and_historical_building,NOISE,"ambiguous single word, no clear referent"
overture:Wimbledon Park:-23.00150:-43.34663,Wimbledon Park,-23.001502990722656,-43.34663391113281,landmark_and_historical_building,NOISE,residential development name
overture:Xmgpfshop02:-22.91168:-43.56015,Xmgpfshop02,-22.91167640686035,-43.56014633178711,landmark_and_historical_building,NOISE,generic shop
overture:Zoifer:-22.99751:-43.34825,Zoifer,-22.997512817382812,-43.34824752807617,landmark_and_historical_building,NOISE,"ambiguous single word, no clear referent"
overture:avenida santa cruz:-22.88283:-43.48829,avenida santa cruz,-22.882829666137695,-43.488285064697266,landmark_and_historical_building,NOISE,bare street name/address
overture:campo grande:-22.92714:-43.56147,campo grande,-22.927143096923828,-43.561466217041016,landmark_and_historical_building,NOISE,"generic district name, not a distinct site"
overture:complexo do orelha:-22.90834:-43.28859,complexo do orelha,-22.90833854675293,-43.28858947753906,landmark_and_historical_building,NOISE,ambiguous informal complex name
overture:condominium of acacias:-22.85035:-43.48206,condominium of acacias,-22.850345611572266,-43.482059478759766,landmark_and_historical_building,NOISE,explicitly a condominium
overture:conjunto maravilha:-22.92319:-43.54715,conjunto maravilha,-22.923192977905273,-43.54715347290039,landmark_and_historical_building,NOISE,residential housing complex
overture:edifício solar barão de minas:-22.97336:-43.18705,edifício solar barão de minas,-22.973358154296875,-43.18704605102539,landmark_and_historical_building,NOISE,"generic apartment building, no documented heritage status"
overture:freguesia:-22.78916:-43.16984,freguesia,-22.78915786743164,-43.16984176635742,landmark_and_historical_building,NOISE,"generic neighborhood name, not a distinct site"
overture:jardim palmares:-22.88631:-43.63909,jardim palmares,-22.886308670043945,-43.63908767700195,landmark_and_historical_building,NOISE,residential garden development name
overture:lar doce lar:-22.83553:-43.30171,lar doce lar,-22.835529327392578,-43.30170822143555,landmark_and_historical_building,NOISE,personal home nickname
overture:largo do Pelourinho Salvador Bahia:-22.78225:-43.31718,largo do Pelourinho Salvador Bahia,-22.78224754333496,-43.31718444824219,landmark_and_historical_building,NOISE,"name references Salvador's plaza, mistagged/themed business in Rio, not the real site"
overture:nova holanda:-22.85535:-43.24160,nova holanda,-22.8553466796875,-43.24159622192383,landmark_and_historical_building,NOISE,"favela/community neighborhood name, not a distinct built heritage site"
overture:paz de gandhi:-22.76870:-43.42830,paz de gandhi,-22.76870346069336,-43.42829895019531,landmark_and_historical_building,NOISE,"ambiguous phrase, no clear monument referent"
overture:rua anchieta:-22.96257:-43.17033,rua anchieta,-22.962570190429688,-43.17033004760742,landmark_and_historical_building,NOISE,bare street name
overture:rua hanibal porto:-22.82286:-43.32452,rua hanibal porto,-22.822860717773438,-43.32451629638672,landmark_and_historical_building,NOISE,bare street name
overture:rua maués:-22.83698:-43.31528,rua maués,-22.83698272705078,-43.315277099609375,landmark_and_historical_building,NOISE,bare street name
overture:Álvares de Azevedo:-22.90441:-43.10935,Álvares de Azevedo,-22.9044132232666,-43.10934829711914,landmark_and_historical_building,NOISE,"ambiguous named reference, no distinct site indicated"
overture:Área 5:-22.86693:-43.27944,Área 5,-22.866933822631836,-43.27943801879883,landmark_and_historical_building,NOISE,ambiguous generic label
overture:Éden:-22.79090:-43.39051,Éden,-22.790903091430664,-43.390506744384766,landmark_and_historical_building,NOISE,"ambiguous single word, no clear referent"
overture:Ícono Parque Residências:-22.90727:-43.59574,Ícono Parque Residências,-22.907268524169922,-43.595741271972656,landmark_and_historical_building,NOISE,explicitly a residential development
overture:Жардим Ботанико (исторический район Рио-де-Жанейро):-22.96667:-43.21667,Жардим Ботанико (исторический район Рио-де-Жанейро),-22.96666717529297,-43.21666717529297,landmark_and_historical_building,CULTURAL,Jardim Botânico historic district of Rio de Janeiro
overture:ซ่องโสเภณี:-22.83690:-43.34880,ซ่องโสเภณี,-22.83690071105957,-43.34880065917969,landmark_and_historical_building,NOISE,"private business (brothel), not a cultural site"
overture:360k Estudio:-22.90881:-43.10421,360k Estudio,-22.908809661865234,-43.104209899902344,topic_concert_venue,NOISE,private studio business
overture:A CASA De Prata:-22.89581:-43.47287,A CASA De Prata,-22.89580726623535,-43.472869873046875,topic_concert_venue,NOISE,ambiguous private venue/business name
overture:A Casa Índigo:-22.93818:-43.19796,A Casa Índigo,-22.938180923461914,-43.19796371459961,topic_concert_venue,NOISE,ambiguous private venue/business name
overture:A Festa:-22.85725:-43.25740,A Festa,-22.857250213623047,-43.25740051269531,topic_concert_venue,NOISE,"generic ""the party"" label, no clear referent"
overture:A boa do Rio:-22.89655:-43.18649,A boa do Rio,-22.896554946899414,-43.186485290527344,topic_concert_venue,NOISE,"ambiguous slang phrase, no clear referent"
overture:AMAJU Espaço Eventos:-22.84432:-43.32159,AMAJU Espaço Eventos,-22.84432029724121,-43.32158660888672,topic_concert_venue,NOISE,private event rental space
overture:AMOR:-22.92762:-43.22968,AMOR,-22.927616119384766,-43.22967529296875,topic_concert_venue,NOISE,"single word, no clear referent"
overture:AO VIVO:-22.81140:-43.43354,AO VIVO,-22.811403274536133,-43.433536529541016,topic_concert_venue,NOISE,"ambiguous phrase, no clear referent"
overture:ARES Casa do Marinheiro:-22.82927:-43.26864,ARES Casa do Marinheiro,-22.829267501831055,-43.268638610839844,topic_concert_venue,NOISE,ambiguous private business name
overture:ATO       Paulo Denizot:-22.91773:-43.17817,ATO       Paulo Denizot,-22.9177303314209,-43.17817306518555,topic_concert_venue,NOISE,"ambiguous name, no clear referent"
overture:Aabb Campos:-22.88784:-43.46648,Aabb Campos,-22.887840270996094,-43.46647644042969,topic_concert_venue,NOISE,"private social/sports club, no heritage standing"
overture:Abadá Capoeira Anchieta-Rj:-22.83583:-43.41029,Abadá Capoeira Anchieta-Rj,-22.835832595825195,-43.4102897644043,topic_concert_venue,NOISE,private capoeira training franchise
overture:Academicos do Engenho da Rainha:-22.87096:-43.29536,Academicos do Engenho da Rainha,-22.87095832824707,-43.29536437988281,topic_concert_venue,CULTURAL,notable Rio samba school with real historical standing
overture:Ae Galera E Pra Todo Mundo Descer Para O Complexo Esportivo Da Rocinha:-22.98082:-43.19739,Ae Galera E Pra Todo Mundo Descer Para O Complexo Esportivo Da Rocinha,-22.98082160949707,-43.1973876953125,topic_concert_venue,NOISE,informal slang tag for a sports complex
overture:Afoxé Filhos de Gandhi RJ:-22.89927:-43.18775,Afoxé Filhos de Gandhi RJ,-22.899267196655273,-43.187747955322266,topic_concert_venue,NOISE,"local carnival group, not a documented physical heritage site"
overture:Agape Eventos:-22.88491:-43.54270,Agape Eventos,-22.884912490844727,-43.54269790649414,topic_concert_venue,NOISE,private event rental space
overture:Aidê Casa De Festas:-22.83626:-43.35789,Aidê Casa De Festas,-22.836261749267578,-43.35789108276367,topic_concert_venue,NOISE,private party rental hall
overture:Alameda do recreio:-23.01962:-43.47137,Alameda do recreio,-23.019622802734375,-43.47136688232422,topic_concert_venue,NOISE,generic street name
overture:Alegria Total Espaço Para Eventos:-22.85446:-43.76339,Alegria Total Espaço Para Eventos,-22.85445785522461,-43.763389587402344,topic_concert_venue,NOISE,private event rental space
overture:Alegria do Céu - Espaço para festas e eventos:-22.92945:-43.33197,Alegria do Céu - Espaço para festas e eventos,-22.929452896118164,-43.33197021484375,topic_concert_venue,NOISE,private event rental space
overture:Alto Jardim:-22.76515:-43.33631,Alto Jardim,-22.765148162841797,-43.33631134033203,topic_concert_venue,NOISE,ambiguous residential-sounding name
overture:Alto da Colina Festas e Eventos:-22.90184:-43.30735,Alto da Colina Festas e Eventos,-22.901840209960938,-43.307350158691406,topic_concert_venue,NOISE,private event rental space
overture:Amigos sobre as ondas:-22.89942:-43.30616,Amigos sobre as ondas,-22.899423599243164,-43.306156158447266,topic_concert_venue,NOISE,ambiguous informal group name
overture:Amor de Verão Rj:-22.84347:-43.29874,Amor de Verão Rj,-22.843473434448242,-43.298736572265625,topic_concert_venue,NOISE,ambiguous business/venue name
overture:Amor em Dirigir:-22.90335:-43.18330,Amor em Dirigir,-22.903352737426758,-43.18329620361328,topic_concert_venue,NOISE,likely driving school business
overture:Andrade eventos - Salão de festas:-22.89065:-43.47210,Andrade eventos - Salão de festas,-22.89064598083496,-43.47209548950195,topic_concert_venue,NOISE,explicitly a party rental hall
overture:Anime Nikity Evento:-22.89769:-43.12406,Anime Nikity Evento,-22.897693634033203,-43.124061584472656,topic_concert_venue,NOISE,private event business
overture:Aprazivel 55:-22.92261:-43.18731,Aprazivel 55,-22.9226131439209,-43.187313079833984,topic_concert_venue,NOISE,likely private restaurant/venue
overture:Aquarela Festas:-22.78562:-43.57173,Aquarela Festas,-22.78561782836914,-43.57173156738281,topic_concert_venue,NOISE,private party rental business
overture:Arco-irís Festas e decoração:-22.75891:-43.40369,Arco-irís Festas e decoração,-22.7589054107666,-43.4036865234375,topic_concert_venue,NOISE,private party decoration business
overture:Arena 10 e meio # Top10:-22.98257:-43.46515,Arena 10 e meio # Top10,-22.982568740844727,-43.46514892578125,topic_concert_venue,NOISE,private sports arena business
overture:Arena Brahma Copa:-22.96560:-43.17443,Arena Brahma Copa,-22.96560287475586,-43.1744270324707,topic_concert_venue,NOISE,branded/sponsored sports arena business
overture:Arena Braço Forte:-22.75820:-43.40704,Arena Braço Forte,-22.758195877075195,-43.407039642333984,topic_concert_venue,NOISE,private sports arena business
overture:Arena Campinho Eventos:-22.88158:-43.61782,Arena Campinho Eventos,-22.881580352783203,-43.617820739746094,topic_concert_venue,NOISE,private event business
overture:Arena Cantareira:-22.89926:-43.13089,Arena Cantareira,-22.899255752563477,-43.13089370727539,topic_concert_venue,NOISE,private sports arena business
overture:Arena Cultural Fernando Torres:-22.83115:-43.38387,Arena Cultural Fernando Torres,-22.831148147583008,-43.383872985839844,topic_concert_venue,NOISE,"small private venue, no documented public programming"
overture:Arena Da Bola:-22.81891:-43.31127,Arena Da Bola,-22.818910598754883,-43.31127166748047,topic_concert_venue,NOISE,private sports/futsal business
overture:Arena Estudio:-22.95659:-43.18257,Arena Estudio,-22.956586837768555,-43.18257141113281,topic_concert_venue,NOISE,private studio business
overture:Arena Festa F.C.:-22.89186:-43.34827,Arena Festa F.C.,-22.891860961914062,-43.348270416259766,topic_concert_venue,NOISE,private sports/party business
overture:Arena Gardênia:-22.96144:-43.35100,Arena Gardênia,-22.961442947387695,-43.35100173950195,topic_concert_venue,NOISE,private sports arena business
overture:Arena Mato Alto:-22.89994:-43.34251,Arena Mato Alto,-22.899940490722656,-43.342506408691406,topic_concert_venue,NOISE,private sports arena business
overture:Arena Monte Líbano:-22.88251:-43.59726,Arena Monte Líbano,-22.882505416870117,-43.597259521484375,topic_concert_venue,NOISE,"private social club, no heritage standing"
overture:Arena Music:-23.00422:-43.31361,Arena Music,-23.004222869873047,-43.3136100769043,topic_concert_venue,NOISE,private music venue business
overture:Arena Padre Miguel:-22.88748:-43.44458,Arena Padre Miguel,-22.887481689453125,-43.444583892822266,topic_concert_venue,NOISE,private sports arena business
overture:Arena Park Madureira:-22.87045:-43.44733,Arena Park Madureira,-22.870447158813477,-43.44732666015625,topic_concert_venue,NOISE,private sports arena business
overture:Arena show de bola:-22.75313:-43.36171,Arena show de bola,-22.75313377380371,-43.36170959472656,topic_concert_venue,NOISE,private sports business
overture:Armazem Paraiba:-23.00297:-43.31734,Armazem Paraiba,-23.002973556518555,-43.317344665527344,topic_concert_venue,NOISE,"likely a store, no documented heritage status"
overture:Arraiá D'Ajuda:-22.76242:-43.46527,Arraiá D'Ajuda,-22.762422561645508,-43.465267181396484,topic_concert_venue,NOISE,private festival/party venue business
overture:Associação Gardenia Azul:-22.95942:-43.35275,Associação Gardenia Azul,-22.95941925048828,-43.352745056152344,topic_concert_venue,NOISE,generic residents association
overture:Associação de Surf da Rocinha - A.S.R:-22.98199:-43.24094,Associação de Surf da Rocinha - A.S.R,-22.98199462890625,-43.24094009399414,topic_concert_venue,NOISE,"sports association, not cultural heritage"
overture:Auditório Gustavo Dutra (Gustavão):-22.76621:-43.64339,Auditório Gustavo Dutra (Gustavão),-22.766210556030273,-43.64338684082031,topic_concert_venue,CULTURAL,named public auditorium hosting cultural events
overture:Auguri - Casa de Festas:-22.89215:-43.29549,Auguri - Casa de Festas,-22.89215087890625,-43.29548645019531,topic_concert_venue,NOISE,explicitly a party rental house
overture:BAILE DA VILA Operaria:-22.78737:-43.29506,BAILE DA VILA Operaria,-22.78737449645996,-43.2950553894043,topic_concert_venue,NOISE,"informal neighborhood dance/party event, not a distinct site"
overture:BAIXO Taquara:-22.93542:-43.37892,BAIXO Taquara,-22.935422897338867,-43.37892150878906,topic_concert_venue,NOISE,informal neighborhood nightlife nickname
overture:BLOCO Pirlim-Pim-Pim:-22.79137:-43.32521,BLOCO Pirlim-Pim-Pim,-22.791372299194336,-43.3252067565918,topic_concert_venue,NOISE,"informal carnival street block, not a heritage site"
overture:BOHO a Festa:-22.90978:-43.19996,BOHO a Festa,-22.909780502319336,-43.1999626159668,topic_concert_venue,NOISE,private party venue business
overture:Back to 2000:-22.91449:-43.18333,Back to 2000,-22.914493560791016,-43.18333053588867,topic_concert_venue,NOISE,ambiguous private bar/party venue
overture:Back2Black:-22.90779:-43.21045,Back2Black,-22.907785415649414,-43.21044921875,topic_concert_venue,NOISE,ambiguous private bar/business
overture:Bagunça:-23.01133:-43.32296,Bagunça,-23.011333465576172,-43.32296371459961,topic_concert_venue,NOISE,ambiguous private venue name
overture:Baile  da  Providencia:-22.89989:-43.19316,Baile  da  Providencia,-22.89989471435547,-43.19315719604492,topic_concert_venue,NOISE,"informal funk party event, not a distinct heritage site"
overture:Baile Da Provi Centro da Cidade:-22.89934:-43.19802,Baile Da Provi Centro da Cidade,-22.89933967590332,-43.198020935058594,topic_concert_venue,NOISE,informal funk party event
overture:Baile da Preta:-22.98054:-43.21559,Baile da Preta,-22.980539321899414,-43.2155876159668,topic_concert_venue,NOISE,informal funk party event
overture:Baile da Santinha:-22.83989:-43.30468,Baile da Santinha,-22.839893341064453,-43.3046760559082,topic_concert_venue,NOISE,informal funk party event
overture:Baile do Parque União:-22.85081:-43.24517,Baile do Parque União,-22.850811004638672,-43.245174407958984,topic_concert_venue,NOISE,informal funk party event
overture:Baile do Zé:-22.95100:-43.35445,Baile do Zé,-22.950998306274414,-43.35445022583008,topic_concert_venue,NOISE,informal funk party event
overture:Bairro Celina:-22.89601:-43.59513,Bairro Celina,-22.896005630493164,-43.59513473510742,topic_concert_venue,NOISE,generic residential neighborhood name
overture:Bairro São Cristóvão - RJ:-22.90077:-43.21835,Bairro São Cristóvão - RJ,-22.900772094726562,-43.218345642089844,topic_concert_venue,NOISE,"generic neighborhood reference, not a distinct site"
overture:Balada Prime:-22.84047:-43.31356,Balada Prime,-22.840473175048828,-43.31355667114258,topic_concert_venue,NOISE,private nightclub business
overture:Ballroom Alto:-22.95430:-43.26263,Ballroom Alto,-22.954301834106445,-43.262630462646484,topic_concert_venue,NOISE,private nightclub/venue business
overture:Banca Do Blues:-22.91216:-43.17501,Banca Do Blues,-22.912155151367188,-43.17500686645508,topic_concert_venue,NOISE,private bar/shop business
overture:Banda Foliões da Saenz Peña:-22.92511:-43.23214,Banda Foliões da Saenz Peña,-22.925113677978516,-43.23214340209961,topic_concert_venue,NOISE,"informal carnival band, not a physical heritage site"
overture:Banda da Saens-Peña:-22.92805:-43.23142,Banda da Saens-Peña,-22.92804718017578,-43.23141860961914,topic_concert_venue,NOISE,"informal carnival band, not a physical heritage site"
overture:Bar Senarium Lapa:-22.90826:-43.18401,Bar Senarium Lapa,-22.90826416015625,-43.18400573730469,topic_concert_venue,NOISE,private bar business
overture:Bar da Mangueira:-22.83370:-43.40539,Bar da Mangueira,-22.83370018005371,-43.405391693115234,topic_concert_venue,NOISE,private bar business
overture:Barra Azul - Casa de Festas:-22.75431:-43.40990,Barra Azul - Casa de Festas,-22.754310607910156,-43.4099006652832,topic_concert_venue,NOISE,explicitly a party rental house
overture:Barracao do Pagode:-22.77668:-43.30249,Barracao do Pagode,-22.77667808532715,-43.302486419677734,topic_concert_venue,NOISE,"informal music venue, not documented heritage"
overture:Barracão da Unidos do Viradouro:-22.89993:-43.20647,Barracão da Unidos do Viradouro,-22.899932861328125,-43.20647048950195,topic_concert_venue,CULTURAL,headquarters of a notable Rio samba school with historical standing
overture:Barretos SALAO Festas:-22.74995:-43.30120,Barretos SALAO Festas,-22.74994659423828,-43.30119705200195,topic_concert_venue,NOISE,explicitly a party rental hall
overture:Bartequim:-22.90421:-43.29544,Bartequim,-22.904207229614258,-43.295440673828125,topic_concert_venue,NOISE,private bar business
overture:Batalha Do Pontilhão:-22.92585:-43.36865,Batalha Do Pontilhão,-22.925846099853516,-43.368648529052734,topic_concert_venue,NOISE,"informal funk party/battle spot, not a documented historic site"
overture:Batuke De Batom:-22.82589:-43.16941,Batuke De Batom,-22.82588768005371,-43.16940689086914,topic_concert_venue,NOISE,informal party/event name
overture:Bear Nation:-22.91288:-43.18534,Bear Nation,-22.91288185119629,-43.18534469604492,topic_concert_venue,NOISE,private bar/club business
overture:Bellart Eventos:-22.89225:-43.32156,Bellart Eventos,-22.892248153686523,-43.321563720703125,topic_concert_venue,NOISE,private event rental business
overture:Bemi.eventos:-22.88662:-43.46556,Bemi.eventos,-22.88662338256836,-43.46556091308594,topic_concert_venue,NOISE,generic events-business name
overture:Bendito Domingo:-22.91366:-43.17235,Bendito Domingo,-22.913660049438477,-43.1723518371582,topic_concert_venue,NOISE,"ambiguous name, no clear cultural referent"
overture:BetsFests:-22.84434:-43.29898,BetsFests,-22.844343185424805,-43.298980712890625,topic_concert_venue,NOISE,private events business
overture:Big Fest Salão de Festas:-22.92858:-43.56179,Big Fest Salão de Festas,-22.9285831451416,-43.561790466308594,topic_concert_venue,NOISE,party-rental hall
overture:Bilac fest house:-22.76551:-43.32711,Bilac fest house,-22.76551055908203,-43.327110290527344,topic_concert_venue,NOISE,private fest-house business
overture:Biologic:-22.92439:-43.29122,Biologic,-22.92439079284668,-43.291221618652344,topic_concert_venue,NOISE,ambiguous business name
overture:BisPark:-22.78042:-43.56053,BisPark,-22.780420303344727,-43.56053161621094,topic_concert_venue,NOISE,parking/business
overture:Black House:-22.88490:-43.42739,Black House,-22.88489532470703,-43.427391052246094,topic_concert_venue,NOISE,generic party-house business name
overture:Bloco Banda da Freguesia:-22.93857:-43.33987,Bloco Banda da Freguesia,-22.938570022583008,-43.339866638183594,topic_concert_venue,NOISE,"informal neighborhood carnival bloco, not a fixed heritage site"
overture:Bloco Banda do Pechincha:-22.92837:-43.35448,Bloco Banda do Pechincha,-22.92836570739746,-43.3544807434082,topic_concert_venue,NOISE,informal neighborhood carnival bloco
overture:Bloco Cardosão de Laranjeiras:-22.93806:-43.18866,Bloco Cardosão de Laranjeiras,-22.938058853149414,-43.18865966796875,topic_concert_venue,NOISE,informal neighborhood carnival bloco
overture:Bloco Empolga às 9:-22.98453:-43.18940,Bloco Empolga às 9,-22.984527587890625,-43.189395904541016,topic_concert_venue,NOISE,informal neighborhood carnival bloco
overture:Bloco Esquina Chic de Padre Miguel:-22.87163:-43.45219,Bloco Esquina Chic de Padre Miguel,-22.871625900268555,-43.452186584472656,topic_concert_venue,NOISE,informal neighborhood carnival bloco
overture:Bloco Vizinha Fofoqueira:-22.86153:-43.35431,Bloco Vizinha Fofoqueira,-22.861530303955078,-43.354312896728516,topic_concert_venue,NOISE,informal neighborhood carnival bloco
overture:Bloco da Sá Ferreira:-22.98166:-43.19021,Bloco da Sá Ferreira,-22.98165512084961,-43.19021224975586,topic_concert_venue,NOISE,informal neighborhood carnival bloco
overture:Boate Enigma:-22.78902:-43.31259,Boate Enigma,-22.78902244567871,-43.31258773803711,topic_concert_venue,NOISE,private nightclub
overture:Boate do Chico:-22.85919:-43.78017,Boate do Chico,-22.85919189453125,-43.78017044067383,topic_concert_venue,NOISE,private nightclub
overture:Bola Show:-22.93023:-43.68016,Bola Show,-22.930233001708984,-43.68015670776367,topic_concert_venue,NOISE,ambiguous private business
overture:Bonifacio Divulgaçoes:-22.98600:-43.32980,Bonifacio Divulgaçoes,-22.98600196838379,-43.329803466796875,topic_concert_venue,NOISE,advertising/promo business
overture:Bosque da Fazenda Eventos RJ:-22.91923:-43.41634,Bosque da Fazenda Eventos RJ,-22.919233322143555,-43.41633605957031,topic_concert_venue,NOISE,"private event venue, not a historic garden"
overture:Boteco Bem Carioca:-22.90719:-43.18383,Boteco Bem Carioca,-22.907190322875977,-43.1838264465332,topic_concert_venue,NOISE,bar/restaurant
overture:Boteco de Panela:-22.93836:-43.19200,Boteco de Panela,-22.938358306884766,-43.19199752807617,topic_concert_venue,NOISE,bar/restaurant
overture:Botequim do Império:-22.87432:-43.33609,Botequim do Império,-22.87431526184082,-43.33609390258789,topic_concert_venue,NOISE,bar/restaurant
overture:Boulevard Olímpico - Porto Maravilha:-22.89284:-43.19196,Boulevard Olímpico - Porto Maravilha,-22.892841339111328,-43.19195556640625,topic_concert_venue,CULTURAL,waterfront revitalization boulevard with murals/heritage significance
overture:Braga's Espaço  Festas:-22.77989:-43.36993,Braga's Espaço  Festas,-22.77989387512207,-43.36993408203125,topic_concert_venue,NOISE,party-rental hall
overture:Braseria Festas e Eventos:-22.81863:-43.20014,Braseria Festas e Eventos,-22.818628311157227,-43.200138092041016,topic_concert_venue,NOISE,event venue/restaurant
overture:Brava Arena Jockey:-22.97236:-43.22198,Brava Arena Jockey,-22.972362518310547,-43.22198486328125,topic_concert_venue,NOISE,modern sports/event arena
overture:Busão Kids:-22.88966:-43.55992,Busão Kids,-22.889657974243164,-43.55992126464844,topic_concert_venue,NOISE,kids business
overture:CASA LIRA:-22.93470:-43.19361,CASA LIRA,-22.93470001220703,-43.19361114501953,topic_concert_venue,NOISE,"ambiguous generic ""casa"" name"
overture:CASA VERDE Eventos:-22.90225:-43.30686,CASA VERDE Eventos,-22.902250289916992,-43.306861877441406,topic_concert_venue,NOISE,private event venue
overture:CDD ROCK Baile:-22.95090:-43.35429,CDD ROCK Baile,-22.950897216796875,-43.35429000854492,topic_concert_venue,NOISE,private dance venue/business
overture:CEAFI Escola de Dança:-22.83701:-43.32431,CEAFI Escola de Dança,-22.83700942993164,-43.32430648803711,topic_concert_venue,NOISE,private dance school
overture:CRV Imagem:-23.00494:-43.32120,CRV Imagem,-23.00493812561035,-43.321197509765625,topic_concert_venue,NOISE,private photography/imaging business
overture:CT Carioca:-22.90815:-43.19125,CT Carioca,-22.908151626586914,-43.191246032714844,topic_concert_venue,NOISE,private training center
overture:CT Marcus Moraes:-22.90155:-43.35471,CT Marcus Moraes,-22.90155029296875,-43.354713439941406,topic_concert_venue,NOISE,private training center
overture:CT Rafael Rexponsa:-22.98676:-43.21335,CT Rafael Rexponsa,-22.98676300048828,-43.21335220336914,topic_concert_venue,NOISE,private training center
overture:CT Santíssimo de Tênis de Mesa:-22.88003:-43.51340,CT Santíssimo de Tênis de Mesa,-22.880033493041992,-43.51340103149414,topic_concert_venue,NOISE,private sports training center
overture:Caboclos Brasil M.C.:-22.91217:-43.56044,Caboclos Brasil M.C.,-22.91217041015625,-43.56044006347656,topic_concert_venue,NOISE,private motorcycle club
overture:Cachopão:-22.98780:-43.25131,Cachopão,-22.987796783447266,-43.25130844116211,topic_concert_venue,NOISE,"ambiguous single word, likely restaurant/bar"
overture:California Sunshine:-22.75923:-43.43166,California Sunshine,-22.759233474731445,-43.43165588378906,topic_concert_venue,NOISE,generic business name
overture:Califórnia Casa de Festas:-22.75648:-43.43348,Califórnia Casa de Festas,-22.756484985351562,-43.43347930908203,topic_concert_venue,NOISE,party-rental hall
overture:Camarote Liesa:-22.90867:-43.19759,Camarote Liesa,-22.908672332763672,-43.19758987426758,topic_concert_venue,NOISE,"private VIP sambadrome box, not heritage site"
overture:Caminho do Vento:-22.91083:-43.41505,Caminho do Vento,-22.91083335876465,-43.41504669189453,topic_concert_venue,NOISE,"ambiguous name, no clear cultural referent"
overture:Camisa de Estampa:-22.87961:-43.25305,Camisa de Estampa,-22.87961196899414,-43.253047943115234,topic_concert_venue,NOISE,t-shirt printing shop
overture:Campo De Deodoro - Promorar Ii:-22.85211:-43.39650,Campo De Deodoro - Promorar Ii,-22.852113723754883,-43.39649963378906,topic_concert_venue,NOISE,residential housing complex field
overture:Campo Grande - Santa Cruz:-22.91018:-43.56596,Campo Grande - Santa Cruz,-22.91017723083496,-43.56596374511719,topic_concert_venue,NOISE,generic district/locality label
overture:Canecão | Rio de Janeiro RJ:-22.95600:-43.17757,Canecão | Rio de Janeiro RJ,-22.956003189086914,-43.17757034301758,topic_concert_venue,CULTURAL,historic iconic Rio music venue
overture:Cantareira Niteroi:-22.89914:-43.13039,Cantareira Niteroi,-22.89914321899414,-43.13038635253906,topic_concert_venue,NOISE,"ambiguous, appears unrelated infrastructure name"
overture:Cantinho Azul:-22.85274:-43.25281,Cantinho Azul,-22.85274314880371,-43.252811431884766,topic_concert_venue,NOISE,generic business name
overture:Cantinho da Pedra - Eventos:-22.93328:-43.39455,Cantinho da Pedra - Eventos,-22.93328094482422,-43.39454650878906,topic_concert_venue,NOISE,private event venue
overture:Carlini's SITIO:-22.92077:-43.54021,Carlini's SITIO,-22.9207706451416,-43.54020690917969,topic_concert_venue,NOISE,"private farm/sítio, no documented heritage"
overture:Carna Black:-22.90903:-43.17724,Carna Black,-22.909027099609375,-43.17723846435547,topic_concert_venue,NOISE,ambiguous carnival-related business
overture:CarnaRio - o site do Carnaval carioca:-22.90075:-43.20473,CarnaRio - o site do Carnaval carioca,-22.900753021240234,-43.20473098754883,topic_concert_venue,NOISE,"website/brand, not a physical POI"
overture:Carnaval:-22.88843:-43.11467,Carnaval,-22.8884334564209,-43.11467361450195,topic_concert_venue,NOISE,"ambiguous single word, no clear referent"
overture:Carnaval da Intendente Magalhães:-22.84663:-43.28254,Carnaval da Intendente Magalhães,-22.846630096435547,-43.28253936767578,topic_concert_venue,NOISE,ephemeral street carnival gathering
overture:Carnaval da Rua Nóbrega:-22.90360:-43.10371,Carnaval da Rua Nóbrega,-22.903600692749023,-43.10371017456055,topic_concert_venue,NOISE,ephemeral street carnival gathering
overture:Carnaval de Rio:-22.97687:-43.19004,Carnaval de Rio,-22.97687339782715,-43.19003677368164,topic_concert_venue,NOISE,generic/ambiguous carnival listing
overture:Casa 402 Ipanema:-22.98105:-43.21254,Casa 402 Ipanema,-22.981050491333008,-43.21254348754883,topic_concert_venue,NOISE,"generic residential ""casa"""
overture:Casa Aberta Bazar:-22.82630:-43.40445,Casa Aberta Bazar,-22.826303482055664,-43.40445327758789,topic_concert_venue,NOISE,shop/bazaar
overture:Casa Abreu:-22.92551:-43.33759,Casa Abreu,-22.925512313842773,-43.337589263916016,topic_concert_venue,NOISE,"generic ""casa"", no clear heritage referent"
overture:Casa Alto Gávea:-22.98217:-43.24593,Casa Alto Gávea,-22.982173919677734,-43.24592590332031,topic_concert_venue,NOISE,"generic ""casa"" business/residential"
overture:Casa Amanita:-22.91860:-43.18882,Casa Amanita,-22.918598175048828,-43.18882369995117,topic_concert_venue,NOISE,"generic ""casa"" business"
overture:Casa Amarela Festas e Eventos EIRELI:-22.77924:-43.37923,Casa Amarela Festas e Eventos EIRELI,-22.779239654541016,-43.37923049926758,topic_concert_venue,NOISE,registered event-rental company
overture:Casa Azul Festas:-22.84619:-43.35712,Casa Azul Festas,-22.846193313598633,-43.35711669921875,topic_concert_venue,NOISE,party-rental hall
overture:Casa Bella Eventos:-22.91047:-43.51488,Casa Bella Eventos,-22.910472869873047,-43.51487731933594,topic_concert_venue,NOISE,private event venue
overture:Casa Caminhoá:-22.96445:-43.22691,Casa Caminhoá,-22.964445114135742,-43.226905822753906,topic_concert_venue,NOISE,"generic ""casa"", no clear heritage referent"
overture:Casa Da Mata:-22.81294:-43.20322,Casa Da Mata,-22.81294059753418,-43.203224182128906,topic_concert_venue,NOISE,"generic ""casa"""
overture:Casa De Festa Casa Verde:-22.84262:-43.33913,Casa De Festa Casa Verde,-22.84262466430664,-43.339134216308594,topic_concert_venue,NOISE,party-rental hall
overture:Casa De Rações Letinha E Manolo:-22.78836:-43.54794,Casa De Rações Letinha E Manolo,-22.78836441040039,-43.54793930053711,topic_concert_venue,NOISE,pet-food shop
overture:Casa Feliz Festas:-22.82296:-43.30365,Casa Feliz Festas,-22.822961807250977,-43.303646087646484,topic_concert_venue,NOISE,party-rental hall
overture:Casa Jardim Clarice:-22.96211:-43.33575,Casa Jardim Clarice,-22.96211051940918,-43.33574676513672,topic_concert_venue,NOISE,"generic ""casa""/venue"
overture:Casa Jardim Eventos:-22.76498:-43.31274,Casa Jardim Eventos,-22.76498031616211,-43.312740325927734,topic_concert_venue,NOISE,private event venue
overture:Casa Porcini:-22.95338:-43.19529,Casa Porcini,-22.95338249206543,-43.19529342651367,topic_concert_venue,NOISE,"generic ""casa"", likely restaurant"
overture:Casa Real Eventos:-22.95000:-43.55756,Casa Real Eventos,-22.950000762939453,-43.55756378173828,topic_concert_venue,NOISE,private event venue
overture:Casa Rosendo:-22.92134:-43.61113,Casa Rosendo,-22.921340942382812,-43.61113357543945,topic_concert_venue,NOISE,"generic ""casa"""
overture:Casa Savana:-22.90163:-43.18556,Casa Savana,-22.901634216308594,-43.1855583190918,topic_concert_venue,NOISE,"generic ""casa"" business"
overture:Casa Show:-22.80533:-43.21172,Casa Show,-22.805330276489258,-43.21172332763672,topic_concert_venue,NOISE,generic show-venue business
overture:Casa Tropical Festas:-22.82233:-43.18862,Casa Tropical Festas,-22.822330474853516,-43.188621520996094,topic_concert_venue,NOISE,party-rental hall
overture:Casa Vazia:-22.91015:-43.66000,Casa Vazia,-22.9101505279541,-43.660003662109375,topic_concert_venue,NOISE,"personal nickname (""empty house"")"
overture:Casa Verde:-22.84084:-43.31453,Casa Verde,-22.840837478637695,-43.31452941894531,topic_concert_venue,NOISE,"generic ""casa"", ambiguous"
overture:Casa Verde Salão de Festas:-22.78149:-43.38342,Casa Verde Salão de Festas,-22.78148651123047,-43.3834228515625,topic_concert_venue,NOISE,party-rental hall
overture:Casa da Gávea:-22.97412:-43.22712,Casa da Gávea,-22.974119186401367,-43.22712326049805,topic_concert_venue,NOISE,"generic ""casa"" business"
overture:Casa da Piscina:-22.88102:-43.31011,Casa da Piscina,-22.881019592285156,-43.31010818481445,topic_concert_venue,NOISE,"generic ""casa"" (pool house)"
overture:Casa de Festa Cristal kids:-22.93718:-43.70003,Casa de Festa Cristal kids,-22.937183380126953,-43.70003128051758,topic_concert_venue,NOISE,party-rental hall
overture:Casa de Festa Evidence :-22.87220:-43.46215,Casa de Festa Evidence ,-22.87220001220703,-43.46215057373047,topic_concert_venue,NOISE,party-rental hall
overture:Casa de Festa Mansão Colonial:-22.84433:-43.31756,Casa de Festa Mansão Colonial,-22.844331741333008,-43.317562103271484,topic_concert_venue,NOISE,"party-rental hall with generic ""colonial mansion"" theme name"
overture:Casa de Festa Terraço da Gávea:-22.97201:-43.28147,Casa de Festa Terraço da Gávea,-22.97200584411621,-43.28146743774414,topic_concert_venue,NOISE,party-rental hall
overture:Casa de Festa The Place:-23.00947:-43.29652,Casa de Festa The Place,-23.009471893310547,-43.29651641845703,topic_concert_venue,NOISE,party-rental hall
overture:Casa de Festa Toki-to:-22.81906:-43.36410,Casa de Festa Toki-to,-22.819061279296875,-43.36410140991211,topic_concert_venue,NOISE,party-rental hall
overture:Casa de Festas Casa Bonita:-22.80712:-43.21097,Casa de Festas Casa Bonita,-22.8071231842041,-43.21097183227539,topic_concert_venue,NOISE,party-rental hall
overture:Casa de Festas Deise:-22.83699:-43.37415,Casa de Festas Deise,-22.836994171142578,-43.37415313720703,topic_concert_venue,NOISE,party-rental hall
overture:Casa de Festas Estrela da Manhã:-22.80907:-43.35811,Casa de Festas Estrela da Manhã,-22.809070587158203,-43.35811233520508,topic_concert_venue,NOISE,party-rental hall
overture:Casa de Festas GMG:-22.75010:-43.30182,Casa de Festas GMG,-22.750102996826172,-43.301822662353516,topic_concert_venue,NOISE,party-rental hall
overture:Casa de Festas Hope:-22.85948:-43.77715,Casa de Festas Hope,-22.85947608947754,-43.77714920043945,topic_concert_venue,NOISE,party-rental hall
overture:Casa de Festas Jardim Secreto:-22.91379:-43.63715,Casa de Festas Jardim Secreto,-22.913789749145508,-43.63715362548828,topic_concert_venue,NOISE,party-rental hall
overture:Casa de Festas Lilian Alves:-22.93428:-43.19290,Casa de Festas Lilian Alves,-22.934284210205078,-43.192901611328125,topic_concert_venue,NOISE,party-rental hall
overture:Casa de Festas Moment' s:-22.94636:-43.59664,Casa de Festas Moment' s,-22.94635772705078,-43.596641540527344,topic_concert_venue,NOISE,party-rental hall
overture:Casa de Festas Realiza:-22.77774:-43.40287,Casa de Festas Realiza,-22.777740478515625,-43.402870178222656,topic_concert_venue,NOISE,party-rental hall
overture:Casa de Festas Sonho Meu - Viegas:-22.89469:-43.49289,Casa de Festas Sonho Meu - Viegas,-22.894689559936523,-43.49289321899414,topic_concert_venue,NOISE,party-rental hall
overture:Casa de Festas da Adriana:-22.95376:-43.34090,Casa de Festas da Adriana,-22.95375633239746,-43.34089660644531,topic_concert_venue,NOISE,party-rental hall
overture:Casa de Festas e Eventos - Bistrô 160 - Campo Grande:-22.88582:-43.46437,Casa de Festas e Eventos - Bistrô 160 - Campo Grande,-22.885820388793945,-43.4643669128418,topic_concert_venue,NOISE,private event venue/restaurant
overture:Casa de Pedra 64:-22.98242:-43.20631,Casa de Pedra 64,-22.982419967651367,-43.20631408691406,topic_concert_venue,NOISE,"generic ""casa"", address-like"
overture:Casa de Pedra Festas e Eventos:-22.79095:-43.17795,Casa de Pedra Festas e Eventos,-22.790950775146484,-43.17795181274414,topic_concert_venue,NOISE,party-rental hall
overture:Casa de Shows:-22.91309:-43.17133,Casa de Shows,-22.913089752197266,-43.17132568359375,topic_concert_venue,NOISE,generic unnamed show venue
overture:Casa de Tras Os Montes e Alto Douro:-22.92119:-43.22094,Casa de Tras Os Montes e Alto Douro,-22.921192169189453,-43.22093963623047,topic_concert_venue,CULTURAL,real Portuguese regional immigrant cultural association
overture:Casa de festa:-22.95630:-43.38528,Casa de festa,-22.956298828125,-43.385284423828125,topic_concert_venue,NOISE,generic unnamed party venue
overture:Casa de festa Espaço Verde:-22.85552:-43.26792,Casa de festa Espaço Verde,-22.855518341064453,-43.267921447753906,topic_concert_venue,NOISE,party-rental hall
overture:Casa do Lagarto:-23.02173:-43.45251,Casa do Lagarto,-23.021728515625,-43.4525146484375,topic_concert_venue,NOISE,"generic ""casa"""
overture:Casa do Portão Vermelho:-22.93653:-43.18835,Casa do Portão Vermelho,-22.936532974243164,-43.18834686279297,topic_concert_venue,NOISE,"generic ""casa"""
overture:CasaBela Eventos:-22.88043:-43.58828,CasaBela Eventos,-22.880430221557617,-43.58828353881836,topic_concert_venue,NOISE,private event venue
overture:CasarÃO 4.5:-22.94869:-43.34751,CasarÃO 4.5,-22.948686599731445,-43.347511291503906,topic_concert_venue,NOISE,"generic casarão, business-suffix numbering suggests venue"
overture:Casarão Rosa:-22.85950:-43.26442,Casarão Rosa,-22.859500885009766,-43.2644157409668,topic_concert_venue,NOISE,"generic casarão, no confirmed heritage"
overture:Casarão Santa Teresa:-22.93140:-43.19787,Casarão Santa Teresa,-22.93140411376953,-43.197872161865234,topic_concert_venue,CULTURAL,historic mansion in Santa Teresa heritage district
overture:Casarão Verde:-22.80528:-43.37464,Casarão Verde,-22.805280685424805,-43.37464141845703,topic_concert_venue,NOISE,"generic casarão, no confirmed heritage"
overture:Castelinho Coroa Grande:-22.87836:-43.76846,Castelinho Coroa Grande,-22.878358840942383,-43.76845932006836,topic_concert_venue,NOISE,"ambiguous ""little castle"", no confirmed heritage"
overture:Castelo Encantado:-22.92045:-43.55044,Castelo Encantado,-22.920446395874023,-43.55044174194336,topic_concert_venue,NOISE,"themed business name (""enchanted castle"")"
overture:Castelo Studio:-22.91388:-43.10215,Castelo Studio,-22.913883209228516,-43.102149963378906,topic_concert_venue,NOISE,private photography/recording studio
overture:Castelo do Alto:-22.96161:-43.27309,Castelo do Alto,-22.961605072021484,-43.273094177246094,topic_concert_venue,NOISE,"ambiguous, likely residential complex name"
overture:Casuarinas Festas e Eventos:-22.94402:-43.37194,Casuarinas Festas e Eventos,-22.94402313232422,-43.3719367980957,topic_concert_venue,NOISE,party-rental hall
overture:Caxias Music Festival:-22.78846:-43.31049,Caxias Music Festival,-22.7884578704834,-43.31048583984375,topic_concert_venue,NOISE,"ephemeral festival event, not fixed heritage site"
overture:Caza Lagoa :-22.96919:-43.21731,Caza Lagoa ,-22.96919059753418,-43.21731185913086,topic_concert_venue,NOISE,generic business near Lagoa
overture:Cazinha 021 :-22.91312:-43.18103,Cazinha 021 ,-22.91312026977539,-43.1810302734375,topic_concert_venue,NOISE,generic small business
overture:Cdm Pto Norte Empresarial:-22.88712:-43.28570,Cdm Pto Norte Empresarial,-22.887117385864258,-43.285701751708984,topic_concert_venue,NOISE,business/office complex
overture:Celebrae.Inhauma:-22.87137:-43.28339,Celebrae.Inhauma,-22.871370315551758,-43.28338623046875,topic_concert_venue,NOISE,private event business
overture:Celebrare Casa de Festas:-22.76289:-43.32706,Celebrare Casa de Festas,-22.76288604736328,-43.327064514160156,topic_concert_venue,NOISE,party-rental hall
overture:Celebridade Casa de Festas:-22.87432:-43.78938,Celebridade Casa de Festas,-22.874319076538086,-43.78937530517578,topic_concert_venue,NOISE,party-rental hall
overture:Center Music Carioca Artur da Távola:-22.93526:-43.24435,Center Music Carioca Artur da Távola,-22.935264587402344,-43.24435043334961,topic_concert_venue,NOISE,private music school/training center
overture:Centro Coreográfico:-22.92718:-43.23924,Centro Coreográfico,-22.927183151245117,-43.23923873901367,topic_concert_venue,CULTURAL,municipal choreography/dance cultural institution
overture:Centro De Krav Maga De Nova Iguaçu:-22.75082:-43.44773,Centro De Krav Maga De Nova Iguaçu,-22.750823974609375,-43.447731018066406,topic_concert_venue,NOISE,private martial arts training business
overture:Centro Educacional  Cantinho do Saber:-22.83059:-43.60088,Centro Educacional  Cantinho do Saber,-22.830585479736328,-43.60087966918945,topic_concert_venue,NOISE,private school
overture:Centro Esportivo de Praia Geração:-22.96832:-43.17852,Centro Esportivo de Praia Geração,-22.96831512451172,-43.178524017333984,topic_concert_venue,NOISE,"sports facility, not cultural"
overture:Centro Metropolitano - Barra da Tijuca:-22.97288:-43.39175,Centro Metropolitano - Barra da Tijuca,-22.972883224487305,-43.391746520996094,topic_concert_venue,NOISE,business/office complex
overture:Centro Municipal De Tradições Nordestinas São Gonçalo:-22.85360:-43.09930,Centro Municipal De Tradições Nordestinas São Gonçalo,-22.853595733642578,-43.09930419921875,topic_concert_venue,CULTURAL,municipal cultural center for Northeastern Brazilian traditions
overture:Centro de Convenções RB1:-22.89720:-43.18031,Centro de Convenções RB1,-22.89720344543457,-43.1803092956543,topic_concert_venue,NOISE,generic convention/event center
overture:Centro de Convivência Padre Miguel:-22.87879:-43.44928,Centro de Convivência Padre Miguel,-22.87879180908203,-43.449275970458984,topic_concert_venue,NOISE,generic community/social services center
overture:Centro de Movimento Priscila de Assis:-22.88498:-43.29010,Centro de Movimento Priscila de Assis,-22.884984970092773,-43.290103912353516,topic_concert_venue,NOISE,private dance/movement studio
overture:Centro de Treinamento Aliados:-22.93115:-43.55550,Centro de Treinamento Aliados,-22.931150436401367,-43.55550003051758,topic_concert_venue,NOISE,private training center/gym
overture:Centro de Treinamento Surf Conectado:-23.03156:-43.47496,Centro de Treinamento Surf Conectado,-23.031557083129883,-43.47496032714844,topic_concert_venue,NOISE,private surf training center
overture:Cercadinho RJ:-22.99082:-43.23159,Cercadinho RJ,-22.990821838378906,-43.23158645629883,topic_concert_venue,NOISE,"ambiguous, likely private enclosure/business"
overture:Certo Sábado:-22.84254:-43.33915,Certo Sábado,-22.842544555664062,-43.33915328979492,topic_concert_venue,NOISE,ambiguous event name
overture:Charme Baixo Marechal:-22.86195:-43.37198,Charme Baixo Marechal,-22.861948013305664,-43.37198257446289,topic_concert_venue,NOISE,ambiguous business name
overture:Charme do Rio Antigo:-22.91213:-43.18259,Charme do Rio Antigo,-22.912128448486328,-43.18259048461914,topic_concert_venue,NOISE,"themed business name, not a specific heritage site"
overture:Chefe É Chefe Né Pai:-22.88508:-43.26247,Chefe É Chefe Né Pai,-22.885080337524414,-43.26246643066406,topic_concert_venue,NOISE,informal business/restaurant name
overture:Chez Bisutti Rio Das Pedras:-22.98357:-43.19941,Chez Bisutti Rio Das Pedras,-22.983570098876953,-43.19941329956055,topic_concert_venue,NOISE,restaurant
overture:Choperia Varandão:-22.99471:-43.31955,Choperia Varandão,-22.99471092224121,-43.31955337524414,topic_concert_venue,NOISE,bar/beer hall
overture:Choro no Recreio:-23.01667:-43.45079,Choro no Recreio,-23.016674041748047,-43.4507942199707,topic_concert_venue,NOISE,"likely live-music bar, not a heritage site"
overture:Chácara Santo Antônio - Teresópolis:-22.85556:-43.38002,Chácara Santo Antônio - Teresópolis,-22.855558395385742,-43.38002014160156,topic_concert_venue,NOISE,"private chácara/farm, no documented heritage"
overture:Chácara da Moreninha:-22.75306:-43.11157,Chácara da Moreninha,-22.753063201904297,-43.111572265625,topic_concert_venue,NOISE,"private chácara/farm, no documented heritage"
overture:Cidade das artes:-22.99778:-43.36503,Cidade das artes,-22.99777603149414,-43.365028381347656,topic_concert_venue,CULTURAL,major performing arts center (Cidade das Artes)
overture:Cidade do Samba RJ:-22.89572:-43.19756,Cidade do Samba RJ,-22.89571762084961,-43.19755554199219,topic_concert_venue,CULTURAL,major samba/carnival cultural institution
overture:Cigana dos Ventos:-23.00054:-43.63013,Cigana dos Ventos,-23.00054359436035,-43.630126953125,topic_concert_venue,NOISE,ambiguous business name
overture:Cindy Festas:-22.88036:-43.44125,Cindy Festas,-22.88036346435547,-43.44124984741211,topic_concert_venue,NOISE,party-rental business
overture:Cine Lapa:-22.91375:-43.17929,Cine Lapa,-22.913753509521484,-43.179290771484375,topic_concert_venue,CULTURAL,historic cinema in Lapa heritage district
overture:Cine Teatro Drive-In:-22.91132:-43.17799,Cine Teatro Drive-In,-22.911317825317383,-43.17798614501953,topic_concert_venue,NOISE,"ambiguous themed venue, not confirmed heritage cinema"
overture:Citibank Hall:-22.98313:-43.36281,Citibank Hall,-22.983131408691406,-43.36281204223633,topic_concert_venue,CULTURAL,major concert/performance arena with real programming
overture:Clanm:-22.92709:-43.23915,Clanm,-22.927091598510742,-43.23915100097656,topic_concert_venue,NOISE,"ambiguous single word, no clear referent"
overture:Clube Paratodos da Pavuna:-22.80893:-43.37834,Clube Paratodos da Pavuna,-22.80893325805664,-43.37834167480469,topic_concert_venue,NOISE,"generic neighborhood social club, no confirmed heritage"
overture:Clube Pau Ferro:-22.83663:-43.32166,Clube Pau Ferro,-22.83662986755371,-43.32166290283203,topic_concert_venue,NOISE,"generic social club, no confirmed heritage"
overture:Clube do Cavalo Itaguaí:-22.87270:-43.78097,Clube do Cavalo Itaguaí,-22.872697830200195,-43.780967712402344,topic_concert_venue,NOISE,private horse club
overture:Clube do Forró:-22.89975:-43.17765,Clube do Forró,-22.89975357055664,-43.17764663696289,topic_concert_venue,NOISE,private forró dance bar/club
overture:Clube do Vasquinho:-22.91586:-43.36338,Clube do Vasquinho,-22.915857315063477,-43.36338424682617,topic_concert_venue,NOISE,informal fan-club bar
overture:Cola Nos Pretinhos:-22.76132:-43.33886,Cola Nos Pretinhos,-22.761320114135742,-43.338863372802734,topic_concert_venue,NOISE,ambiguous slang business/event name
overture:Complexo Do Castelinho:-22.79838:-43.39621,Complexo Do Castelinho,-22.798376083374023,-43.396209716796875,topic_concert_venue,NOISE,ambiguous residential/business complex
overture:Complexo da Mangueirinha- Caxias:-22.77807:-43.31957,Complexo da Mangueirinha- Caxias,-22.77806854248047,-43.3195686340332,topic_concert_venue,NOISE,residential complex
overture:Complexo do Metrô:-22.81272:-43.36011,Complexo do Metrô,-22.812715530395508,-43.360111236572266,topic_concert_venue,NOISE,transit infrastructure
overture:Concentração do Sambódromo:-22.90466:-43.19086,Concentração do Sambódromo,-22.9046573638916,-43.190860748291016,topic_concert_venue,CULTURAL,staging area of the iconic Sambódromo carnival complex
overture:Conexao Guarani:-22.77217:-43.33595,Conexao Guarani,-22.772174835205078,-43.33594512939453,topic_concert_venue,NOISE,ambiguous business name
overture:Conjunto Cesarinho:-22.92377:-43.63952,Conjunto Cesarinho,-22.92376708984375,-43.639522552490234,topic_concert_venue,NOISE,residential housing complex
overture:Conjunto Promorar l e II:-22.85996:-43.39798,Conjunto Promorar l e II,-22.859960556030273,-43.39798355102539,topic_concert_venue,NOISE,residential housing complex
overture:Cordão da Bola Preta:-22.91024:-43.18332,Cordão da Bola Preta,-22.910236358642578,-43.18332290649414,topic_concert_venue,CULTURAL,historic centenary Rio carnival bloco (est. 1918)
overture:Correntes De Sangue MC:-22.88086:-43.48383,Correntes De Sangue MC,-22.880859375,-43.48382568359375,topic_concert_venue,NOISE,private motorcycle club
overture:Costelada Gaúcha Casa do Minho RJ:-22.96644:-43.18736,Costelada Gaúcha Casa do Minho RJ,-22.966442108154297,-43.18736267089844,topic_concert_venue,NOISE,restaurant
overture:Coworking Town:-22.97511:-43.18777,Coworking Town,-22.975112915039062,-43.18777084350586,topic_concert_venue,NOISE,coworking business
overture:Crazy For Beer:-22.91131:-43.55838,Crazy For Beer,-22.91131019592285,-43.558380126953125,topic_concert_venue,NOISE,bar
overture:Cristo Redentor Rio de Janeiro:-22.95205:-43.21074,Cristo Redentor Rio de Janeiro,-22.952051162719727,-43.21074295043945,topic_concert_venue,CULTURAL,iconic monument (Christ the Redeemer statue)
overture:Cross Arena Nova Piam:-22.74657:-43.39647,Cross Arena Nova Piam,-22.746570587158203,-43.3964729309082,topic_concert_venue,NOISE,sports arena/gym business
overture:Crystal Lounge Eventos:-22.97614:-43.32376,Crystal Lounge Eventos,-22.976137161254883,-43.32376480102539,topic_concert_venue,NOISE,private event venue
overture:Curso de ator:-22.95444:-43.19545,Curso de ator,-22.95444107055664,-43.19545364379883,topic_concert_venue,NOISE,acting school/course business
overture:Cyndi L'espace Casa de Festas:-22.87982:-43.44173,Cyndi L'espace Casa de Festas,-22.87982177734375,-43.44172668457031,topic_concert_venue,NOISE,party-rental hall
overture:Círculo de Brigantia:-22.92159:-43.22419,Círculo de Brigantia,-22.921592712402344,-43.22419357299805,topic_concert_venue,NOISE,"ambiguous private social circle, no confirmed heritage"
overture:D' Vives - Festa e evento:-22.80163:-43.36515,D' Vives - Festa e evento,-22.801626205444336,-43.36514663696289,topic_concert_venue,NOISE,private event venue
overture:D.R.I EAV Parque Lage:-22.96018:-43.21228,D.R.I EAV Parque Lage,-22.960180282592773,-43.212284088134766,topic_concert_venue,CULTURAL,"Escola de Artes Visuais do Parque Lage, renowned art school in historic park"
overture:DJRoza:-22.87399:-43.27909,DJRoza,-22.873992919921875,-43.279090881347656,topic_concert_venue,NOISE,individual DJ/business
overture:DaPraça:-22.86948:-43.25941,DaPraça,-22.869476318359375,-43.25940704345703,topic_concert_venue,NOISE,ambiguous business name
overture:De 4 É Melhor Produções:-23.00053:-43.34958,De 4 É Melhor Produções,-23.000532150268555,-43.34957504272461,topic_concert_venue,NOISE,production company business
overture:De Cara Pro Gol:-22.92177:-43.26747,De Cara Pro Gol,-22.921770095825195,-43.2674674987793,topic_concert_venue,NOISE,ambiguous sports-themed bar name
overture:Deby festas:-22.78459:-43.42042,Deby festas,-22.784587860107422,-43.4204216003418,topic_concert_venue,NOISE,party-rental business
overture:Deposito LGM:-23.02559:-43.48023,Deposito LGM,-23.025588989257812,-43.480228424072266,topic_concert_venue,NOISE,warehouse/storage business
overture:Desativado:-22.88921:-43.60667,Desativado,-22.88921356201172,-43.606666564941406,topic_concert_venue,NOISE,deactivated/no clear referent
overture:Desejos Lounge:-22.78987:-43.29783,Desejos Lounge,-22.78986930847168,-43.29783248901367,topic_concert_venue,NOISE,private lounge/bar business
overture:Devaneios:-22.77991:-43.41768,Devaneios,-22.7799129486084,-43.41767883300781,topic_concert_venue,NOISE,"ambiguous business name, no clear cultural referent"
overture:Dia feliz:-22.81412:-43.35931,Dia feliz,-22.814117431640625,-43.35930633544922,topic_concert_venue,NOISE,generic venue/business name
overture:Dimension Lasers:-22.97449:-43.36452,Dimension Lasers,-22.974485397338867,-43.36452102661133,topic_concert_venue,NOISE,laser tag entertainment business
overture:Dimension RJ:-22.97291:-43.38476,Dimension RJ,-22.972911834716797,-43.384761810302734,topic_concert_venue,NOISE,ambiguous business name
overture:Disco Dance:-22.86720:-43.25712,Disco Dance,-22.867198944091797,-43.25712203979492,topic_concert_venue,NOISE,dance club business
overture:Discípulos do Asfalto MC:-22.97185:-43.28336,Discípulos do Asfalto MC,-22.971851348876953,-43.28335952758789,topic_concert_venue,NOISE,"motorcycle club, not a heritage institution"
overture:Dlm  Formaturas  e  Eventos:-22.84122:-43.32056,Dlm  Formaturas  e  Eventos,-22.84122085571289,-43.320560455322266,topic_concert_venue,NOISE,graduation/event planning company
overture:Domingo a vontade:-22.88775:-43.47689,Domingo a vontade,-22.887752532958984,-43.47689437866211,topic_concert_venue,NOISE,bar/restaurant generic name
overture:Domingueira da Paulinha:-22.96165:-43.16624,Domingueira da Paulinha,-22.961650848388672,-43.166236877441406,topic_concert_venue,NOISE,private party venue
overture:Dra Taianny Mendes:-22.91312:-43.18111,Dra Taianny Mendes,-22.91312026977539,-43.18111038208008,topic_concert_venue,NOISE,medical/dental clinic
overture:Dra Thayenne:-22.85910:-43.38804,Dra Thayenne,-22.85910415649414,-43.388038635253906,topic_concert_venue,NOISE,medical/dental clinic
overture:Dream Realm:-22.74975:-43.40998,Dream Realm,-22.749752044677734,-43.40998458862305,topic_concert_venue,NOISE,private business venue
overture:ELA:-22.91038:-43.17392,ELA,-22.910383224487305,-43.17392349243164,topic_concert_venue,NOISE,"ambiguous single word, no referent"
overture:Elandre Casa de Festas:-22.87732:-43.33865,Elandre Casa de Festas,-22.877315521240234,-43.338653564453125,topic_concert_venue,NOISE,party rental hall
overture:Elite Espaço Festas:-22.75130:-43.51929,Elite Espaço Festas,-22.751300811767578,-43.519290924072266,topic_concert_venue,NOISE,party rental hall
overture:Ella Debutantes Caxias - RJ:-22.78643:-43.31458,Ella Debutantes Caxias - RJ,-22.786428451538086,-43.3145751953125,topic_concert_venue,NOISE,debutante party services business
overture:Ellegance Hall:-22.80072:-43.37453,Ellegance Hall,-22.800724029541016,-43.374534606933594,topic_concert_venue,NOISE,event hall business
overture:Embala 30+:-22.97284:-43.37353,Embala 30+,-22.972843170166016,-43.373531341552734,topic_concert_venue,NOISE,adult dance party event business
overture:Empire choperia:-22.79649:-43.31544,Empire choperia,-22.796493530273438,-43.3154411315918,topic_concert_venue,NOISE,bar/pub business
overture:Escala Eventos:-23.00307:-43.32667,Escala Eventos,-23.003068923950195,-43.32666778564453,topic_concert_venue,NOISE,event planning company
overture:Escola de Dança Jaime Arôxa Barra:-22.99354:-43.25624,Escola de Dança Jaime Arôxa Barra,-22.99354362487793,-43.25624084472656,topic_concert_venue,NOISE,private dance school franchise
overture:Escola de Samba Grande Rio:-22.89562:-43.20238,Escola de Samba Grande Rio,-22.89562225341797,-43.20238494873047,topic_concert_venue,CULTURAL,historic samba school institution
overture:Escola de Samba Mocidade:-22.86116:-43.44831,Escola de Samba Mocidade,-22.861164093017578,-43.448307037353516,topic_concert_venue,CULTURAL,historic samba school institution
overture:Escola de Samba Portela:-22.87094:-43.34318,Escola de Samba Portela,-22.87093734741211,-43.34318161010742,topic_concert_venue,CULTURAL,historic and iconic samba school
overture:EspaSol:-22.87124:-43.25513,EspaSol,-22.871240615844727,-43.255126953125,topic_concert_venue,NOISE,ambiguous business name
overture:Espaco Cafe Cultural / CDPD-RJ Theater:-22.95223:-43.19585,Espaco Cafe Cultural / CDPD-RJ Theater,-22.95223045349121,-43.19585037231445,topic_concert_venue,CULTURAL,cultural cafe/theater with programming
overture:EspaÇO De Festas Ravi:-22.81353:-43.31583,EspaÇO De Festas Ravi,-22.81353187561035,-43.315826416015625,topic_concert_venue,NOISE,party rental hall
overture:EspaÇO SertÃO:-22.96670:-43.32135,EspaÇO SertÃO,-22.966703414916992,-43.321346282958984,topic_concert_venue,NOISE,ambiguous business venue
overture:Espaço  BAM:-22.84430:-43.35657,Espaço  BAM,-22.844301223754883,-43.3565673828125,topic_concert_venue,NOISE,ambiguous private venue
overture:Espaço  Efraim:-22.80526:-43.32048,Espaço  Efraim,-22.80526351928711,-43.32047653198242,topic_concert_venue,NOISE,ambiguous private venue
overture:Espaço  Samara's      Contato  986 646 938:-22.83982:-43.40432,Espaço  Samara's      Contato  986 646 938,-22.839820861816406,-43.40432357788086,topic_concert_venue,NOISE,private venue with contact phone number
overture:Espaço 10 - Festas e eventos:-22.80164:-43.37974,Espaço 10 - Festas e eventos,-22.80164337158203,-43.37974166870117,topic_concert_venue,NOISE,party rental hall
overture:Espaço 100 - Casa de Festas:-22.76502:-43.33493,Espaço 100 - Casa de Festas,-22.765024185180664,-43.33492660522461,topic_concert_venue,NOISE,party rental hall
overture:Espaço 130:-22.89627:-43.34341,Espaço 130,-22.896270751953125,-43.34341049194336,topic_concert_venue,NOISE,ambiguous private venue
overture:Espaço 130 Sulacap:-22.88972:-43.40033,Espaço 130 Sulacap,-22.88971519470215,-43.400325775146484,topic_concert_venue,NOISE,ambiguous private venue
overture:Espaço 1800:-22.78444:-43.36285,Espaço 1800,-22.784442901611328,-43.362850189208984,topic_concert_venue,NOISE,ambiguous private venue
overture:Espaço 2 Irmãos:-22.91457:-43.58262,Espaço 2 Irmãos,-22.91457176208496,-43.58262252807617,topic_concert_venue,NOISE,ambiguous private venue
overture:Espaço 2142:-22.80997:-43.42910,Espaço 2142,-22.809974670410156,-43.42910385131836,topic_concert_venue,NOISE,ambiguous private venue
overture:Espaço 222 Festas e Eventos:-22.84599:-43.30116,Espaço 222 Festas e Eventos,-22.84598731994629,-43.30116271972656,topic_concert_venue,NOISE,party rental hall
overture:Espaço 285:-22.79274:-43.33292,Espaço 285,-22.792741775512695,-43.33292007446289,topic_concert_venue,NOISE,ambiguous private venue
overture:Espaço 325:-22.80940:-43.41571,Espaço 325,-22.80940055847168,-43.41571044921875,topic_concert_venue,NOISE,ambiguous private venue
overture:Espaço 37:-22.81877:-43.61533,Espaço 37,-22.81877326965332,-43.615325927734375,topic_concert_venue,NOISE,ambiguous private venue
"overture:Espaço 42 - Festas, eventos, cultura e lazer:-22.89309:-43.59755","Espaço 42 - Festas, eventos, cultura e lazer",-22.89308738708496,-43.59754943847656,topic_concert_venue,NOISE,"party rental hall despite ""cultura"" in name"
overture:Espaço 509:-22.82825:-43.41066,Espaço 509,-22.828250885009766,-43.4106559753418,topic_concert_venue,NOISE,ambiguous private venue
overture:Espaço 746 - Locação De Espaço Para Festas E Eventos:-22.83518:-43.27538,Espaço 746 - Locação De Espaço Para Festas E Eventos,-22.835180282592773,-43.27537536621094,topic_concert_venue,NOISE,explicit party rental hall
overture:Espaço 80:-22.85636:-43.47359,Espaço 80,-22.85636329650879,-43.47359085083008,topic_concert_venue,NOISE,ambiguous private venue
overture:Espaço 82 Events:-22.85683:-43.26707,Espaço 82 Events,-22.856830596923828,-43.267066955566406,topic_concert_venue,NOISE,event rental venue
overture:Espaço Alegria:-22.92149:-43.61655,Espaço Alegria,-22.921493530273438,-43.61655044555664,topic_concert_venue,NOISE,ambiguous private venue
overture:Espaço Alfa:-23.02851:-43.47289,Espaço Alfa,-23.02851104736328,-43.47289276123047,topic_concert_venue,NOISE,ambiguous private venue
overture:Espaço Amarelo:-22.85746:-43.54440,Espaço Amarelo,-22.85745620727539,-43.54439926147461,topic_concert_venue,NOISE,ambiguous private venue
overture:Espaço Amora�:-22.92376:-43.25534,Espaço Amora�,-22.923755645751953,-43.255340576171875,topic_concert_venue,NOISE,ambiguous private venue
overture:Espaço Andréia Oliveira:-22.84228:-43.34844,Espaço Andréia Oliveira,-22.842281341552734,-43.34844207763672,topic_concert_venue,NOISE,personal-name private venue
overture:Espaço Araquem:-22.85777:-43.46376,Espaço Araquem,-22.857770919799805,-43.4637565612793,topic_concert_venue,NOISE,ambiguous private venue
overture:Espaço Arthur Festas:-22.88241:-43.56846,Espaço Arthur Festas,-22.882413864135742,-43.56846237182617,topic_concert_venue,NOISE,party rental hall
overture:Espaço Astral 10:-22.88097:-43.44226,Espaço Astral 10,-22.880971908569336,-43.442264556884766,topic_concert_venue,NOISE,ambiguous private venue
overture:Espaço B - Estetica e Beleza:-22.77404:-43.42498,Espaço B - Estetica e Beleza,-22.774038314819336,-43.42498016357422,topic_concert_venue,NOISE,beauty salon business
overture:Espaço Babaçu:-22.81456:-43.19566,Espaço Babaçu,-22.81456184387207,-43.19566345214844,topic_concert_venue,NOISE,ambiguous private venue
overture:Espaço Bandeck:-22.88581:-43.50156,Espaço Bandeck,-22.885805130004883,-43.501556396484375,topic_concert_venue,NOISE,ambiguous private venue
overture:Espaço Barros:-22.86457:-43.33109,Espaço Barros,-22.86456871032715,-43.331092834472656,topic_concert_venue,NOISE,personal-name private venue
overture:Espaço Bela Vista:-22.91673:-43.63669,Espaço Bela Vista,-22.916730880737305,-43.63669204711914,topic_concert_venue,NOISE,ambiguous private venue
overture:Espaço Belle Festas:-22.77627:-43.31385,Espaço Belle Festas,-22.776268005371094,-43.313846588134766,topic_concert_venue,NOISE,party rental hall
overture:Espaço Bia Marques:-22.87922:-43.66510,Espaço Bia Marques,-22.87921905517578,-43.665096282958984,topic_concert_venue,NOISE,personal-name private venue
overture:Espaço CM Festas e Eventos:-22.87333:-43.63103,Espaço CM Festas e Eventos,-22.873332977294922,-43.63103103637695,topic_concert_venue,NOISE,party rental hall
overture:Espaço CUFA 1:-22.87613:-43.33681,Espaço CUFA 1,-22.876127243041992,-43.336814880371094,topic_concert_venue,NOISE,"community/NGO facility, not a heritage site"
overture:Espaço Caldeirão do Bororó:-22.89173:-43.26396,Espaço Caldeirão do Bororó,-22.891725540161133,-43.26395797729492,topic_concert_venue,NOISE,ambiguous private venue
overture:Espaço Calçada:-22.98660:-43.32919,Espaço Calçada,-22.986600875854492,-43.32918930053711,topic_concert_venue,NOISE,ambiguous private venue
overture:Espaço Capuchinhos:-22.91942:-43.21480,Espaço Capuchinhos,-22.91942024230957,-43.21480178833008,topic_concert_venue,NOISE,ambiguous private venue
overture:Espaço Cara de Pau:-22.85338:-43.49699,Espaço Cara de Pau,-22.853382110595703,-43.49699401855469,topic_concert_venue,NOISE,ambiguous private venue
overture:Espaço Carmem Miranda:-22.81504:-43.19096,Espaço Carmem Miranda,-22.81504249572754,-43.190956115722656,topic_concert_venue,NOISE,"generic venue using celebrity name, not a heritage site"
overture:Espaço Carolla Thomaz Blond:-22.77776:-43.42551,Espaço Carolla Thomaz Blond,-22.777755737304688,-43.42551040649414,topic_concert_venue,NOISE,personal-name private venue
overture:Espaço Carvalho:-22.87915:-43.29908,Espaço Carvalho,-22.879146575927734,-43.299076080322266,topic_concert_venue,NOISE,personal-name private venue
overture:Espaço Casa:-22.99290:-43.36406,Espaço Casa,-22.992897033691406,-43.36405944824219,topic_concert_venue,NOISE,ambiguous private venue
overture:Espaço Casa Blanca:-22.92107:-43.52996,Espaço Casa Blanca,-22.921070098876953,-43.52995681762695,topic_concert_venue,NOISE,ambiguous private venue
overture:Espaço Casa Cader:-23.01095:-43.32671,Espaço Casa Cader,-23.010950088500977,-43.32670593261719,topic_concert_venue,NOISE,ambiguous private venue
overture:Espaço Casa Grande ll:-22.97639:-43.63789,Espaço Casa Grande ll,-22.976394653320312,-43.63788986206055,topic_concert_venue,NOISE,ambiguous private venue
overture:Espaço Casa Verde:-22.90704:-43.58316,Espaço Casa Verde,-22.90704345703125,-43.58315658569336,topic_concert_venue,NOISE,ambiguous private venue
overture:Espaço Caselli's:-22.88792:-43.57290,Espaço Caselli's,-22.887920379638672,-43.57290267944336,topic_concert_venue,NOISE,ambiguous private venue
overture:Espaço Castelle:-22.87963:-43.44837,Espaço Castelle,-22.8796329498291,-43.44837188720703,topic_concert_venue,NOISE,ambiguous private venue
overture:Espaço Catavento:-22.88188:-43.52267,Espaço Catavento,-22.88188362121582,-43.52267074584961,topic_concert_venue,NOISE,ambiguous private venue
overture:Espaço Cidadão.:-22.75221:-43.52193,Espaço Cidadão.,-22.75221061706543,-43.52192687988281,topic_concert_venue,NOISE,"government citizen-services center, not cultural"
overture:Espaço Coliseu Eventos Vargem Grande:-22.97775:-43.49927,Espaço Coliseu Eventos Vargem Grande,-22.977746963500977,-43.499267578125,topic_concert_venue,NOISE,event rental hall
overture:Espaço Columbia:-22.88444:-43.35423,Espaço Columbia,-22.88443946838379,-43.35423278808594,topic_concert_venue,NOISE,ambiguous private venue
overture:Espaço Cultural Arlindo Cruz:-22.87435:-43.42841,Espaço Cultural Arlindo Cruz,-22.874351501464844,-43.42841339111328,topic_concert_venue,CULTURAL,cultural space honoring famed samba musician
overture:Espaço Cultural Bebetha Riso:-22.99399:-43.26190,Espaço Cultural Bebetha Riso,-22.993989944458008,-43.261898040771484,topic_concert_venue,NOISE,"generic name suggests kids party space, not real institution"
overture:Espaço Cultural Nova Iguaçu:-22.76195:-43.45167,Espaço Cultural Nova Iguaçu,-22.761953353881836,-43.45166778564453,topic_concert_venue,CULTURAL,municipal cultural center
overture:Espaço Cultural Rose Baiana - Palco Marina Garcia:-22.79026:-43.18498,Espaço Cultural Rose Baiana - Palco Marina Garcia,-22.790260314941406,-43.18498229980469,topic_concert_venue,CULTURAL,named performance venue/stage
overture:Espaço Cultural Sparta:-22.90374:-43.19583,Espaço Cultural Sparta,-22.90374183654785,-43.19582748413086,topic_concert_venue,NOISE,"generic academy/gym branding, not a real cultural institution"
overture:Espaço Culturals:-22.91488:-43.17871,Espaço Culturals,-22.914880752563477,-43.178714752197266,topic_concert_venue,NOISE,"generic name, likely party venue"
overture:Espaço D:-22.86668:-43.42093,Espaço D,-22.86667823791504,-43.42092514038086,topic_concert_venue,NOISE,"ambiguous single letter, no referent"
overture:Espaço Dançando a Vida:-22.91708:-43.23316,Espaço Dançando a Vida,-22.91707992553711,-43.233158111572266,topic_concert_venue,NOISE,dance studio business
overture:Espaço De Festas Show De Bola:-22.87246:-43.28233,Espaço De Festas Show De Bola,-22.87246322631836,-43.28233337402344,topic_concert_venue,NOISE,party rental hall
overture:Espaço Dicasa Festas:-22.79171:-43.40368,Espaço Dicasa Festas,-22.79170799255371,-43.40367889404297,topic_concert_venue,NOISE,party rental hall
overture:Espaço Donalda Festas:-22.95485:-43.60709,Espaço Donalda Festas,-22.954853057861328,-43.607093811035156,topic_concert_venue,NOISE,party rental hall
overture:Espaço Donana:-22.91528:-43.19155,Espaço Donana,-22.9152774810791,-43.191551208496094,topic_concert_venue,NOISE,ambiguous private venue
overture:Espaço Dora Garcia:-22.83669:-43.37772,Espaço Dora Garcia,-22.836692810058594,-43.377723693847656,topic_concert_venue,NOISE,personal-name private venue
overture:Espaço Ebenézer Festas E Eventos:-22.82016:-43.29787,Espaço Ebenézer Festas E Eventos,-22.82015609741211,-43.297874450683594,topic_concert_venue,NOISE,party rental hall
overture:Espaço Elite:-22.87544:-43.40815,Espaço Elite,-22.87544059753418,-43.408145904541016,topic_concert_venue,NOISE,ambiguous private venue
overture:Espaço Ellite:-22.77139:-43.41820,Espaço Ellite,-22.771390914916992,-43.4182014465332,topic_concert_venue,NOISE,ambiguous private venue
overture:Espaço Encontro:-22.85331:-43.26641,Espaço Encontro,-22.853313446044922,-43.26641082763672,topic_concert_venue,NOISE,ambiguous private venue
overture:Espaço Engenhão:-22.89362:-43.29534,Espaço Engenhão,-22.89362335205078,-43.29534149169922,topic_concert_venue,NOISE,ambiguous private venue near stadium
overture:Espaço Estação:-22.94468:-43.68892,Espaço Estação,-22.944677352905273,-43.68891906738281,topic_concert_venue,NOISE,ambiguous private venue
overture:Espaço Eventos:-22.89227:-43.22691,Espaço Eventos,-22.89227294921875,-43.226905822753906,topic_concert_venue,NOISE,generic event rental venue
overture:Espaço Família Feliz:-22.89591:-43.49617,Espaço Família Feliz,-22.89591407775879,-43.49617004394531,topic_concert_venue,NOISE,ambiguous private venue
overture:Espaço Fashion Salão de Festas:-22.75995:-43.45113,Espaço Fashion Salão de Festas,-22.759950637817383,-43.451133728027344,topic_concert_venue,NOISE,party rental hall
overture:Espaço Fest trampolim:-22.99039:-43.25291,Espaço Fest trampolim,-22.99039077758789,-43.252906799316406,topic_concert_venue,NOISE,trampoline party business
overture:Espaço Festa:-22.79082:-43.30408,Espaço Festa,-22.790817260742188,-43.304080963134766,topic_concert_venue,NOISE,party rental hall
overture:Espaço Festa Boa:-22.77463:-43.42068,Espaço Festa Boa,-22.774629592895508,-43.42068099975586,topic_concert_venue,NOISE,party rental hall
overture:Espaço Festas:-22.88288:-43.44076,Espaço Festas,-22.882883071899414,-43.44076156616211,topic_concert_venue,NOISE,party rental hall
overture:Espaço Festas Sonho Realizado:-22.95141:-43.67933,Espaço Festas Sonho Realizado,-22.9514102935791,-43.67932891845703,topic_concert_venue,NOISE,party rental hall
overture:Espaço Festeja:-22.80407:-43.37958,Espaço Festeja,-22.80406951904297,-43.379581451416016,topic_concert_venue,NOISE,party rental hall
overture:Espaço Florescer Expansão do Ser:-22.84601:-43.31147,Espaço Florescer Expansão do Ser,-22.846010208129883,-43.311466217041016,topic_concert_venue,NOISE,wellness/self-help business
overture:Espaço G:-22.90107:-43.71008,Espaço G,-22.901071548461914,-43.7100830078125,topic_concert_venue,NOISE,"ambiguous single letter, no referent"
overture:Espaço G.A Festas e Eventos:-22.76420:-43.34892,Espaço G.A Festas e Eventos,-22.764196395874023,-43.34892272949219,topic_concert_venue,NOISE,party rental hall
overture:Espaço Gileade:-22.83547:-43.34137,Espaço Gileade,-22.83547019958496,-43.341373443603516,topic_concert_venue,NOISE,ambiguous private venue
overture:Espaço Green Ville:-22.92769:-43.32968,Espaço Green Ville,-22.927690505981445,-43.329681396484375,topic_concert_venue,NOISE,ambiguous private venue
overture:Espaço Ground:-22.93018:-43.51652,Espaço Ground,-22.93018341064453,-43.51652145385742,topic_concert_venue,NOISE,ambiguous private venue
overture:Espaço Guarani:-22.88762:-43.31837,Espaço Guarani,-22.887624740600586,-43.31836700439453,topic_concert_venue,NOISE,ambiguous private venue
overture:Espaço Gávea:-22.98428:-43.24068,Espaço Gávea,-22.984277725219727,-43.24067687988281,topic_concert_venue,NOISE,ambiguous private venue
overture:Espaço Harmonia:-22.98763:-43.56310,Espaço Harmonia,-22.98763084411621,-43.56310272216797,topic_concert_venue,NOISE,ambiguous private venue
overture:Espaço Imperial:-22.96712:-43.70823,Espaço Imperial,-22.967117309570312,-43.70822525024414,topic_concert_venue,NOISE,ambiguous private venue
overture:Espaço JS - Festas E Eventos:-22.92918:-43.54506,Espaço JS - Festas E Eventos,-22.929182052612305,-43.5450553894043,topic_concert_venue,NOISE,party rental hall
overture:Espaço Jockey:-22.97294:-43.22412,Espaço Jockey,-22.972938537597656,-43.22412109375,topic_concert_venue,NOISE,ambiguous private venue near jockey club
overture:Espaço KAKA Festas:-22.98274:-43.22892,Espaço KAKA Festas,-22.98274040222168,-43.22892379760742,topic_concert_venue,NOISE,party rental hall
overture:Espaço KS Casa de Festas:-22.81325:-43.43148,Espaço KS Casa de Festas,-22.81325340270996,-43.431480407714844,topic_concert_venue,NOISE,party rental hall
overture:Espaço Kaledônia:-22.84471:-43.26368,Espaço Kaledônia,-22.84471321105957,-43.2636833190918,topic_concert_venue,NOISE,ambiguous private venue
overture:Espaço Kids Festas:-22.88450:-43.35714,Espaço Kids Festas,-22.884504318237305,-43.357139587402344,topic_concert_venue,NOISE,children's party rental hall
overture:Espaço LaLu Festas e Eventos.:-22.78415:-43.42756,Espaço LaLu Festas e Eventos.,-22.784151077270508,-43.427555084228516,topic_concert_venue,NOISE,party rental hall
overture:Espaço Lara:-22.84198:-43.34935,Espaço Lara,-22.841981887817383,-43.3493537902832,topic_concert_venue,NOISE,ambiguous private venue
overture:Espaço Leal Festa:-22.75702:-43.31324,Espaço Leal Festa,-22.757020950317383,-43.313236236572266,topic_concert_venue,NOISE,party rental hall
overture:Espaço Lumi 270:-22.90547:-43.26694,Espaço Lumi 270,-22.905466079711914,-43.26694107055664,topic_concert_venue,NOISE,ambiguous private venue
overture:Espaço Lumiar:-22.78693:-43.29629,Espaço Lumiar,-22.786930084228516,-43.29629135131836,topic_concert_venue,NOISE,ambiguous private venue
overture:Espaço Luz:-22.92324:-43.35556,Espaço Luz,-22.923240661621094,-43.35555648803711,topic_concert_venue,NOISE,ambiguous private venue
overture:Espaço Luzier:-22.87763:-43.54367,Espaço Luzier,-22.87763023376465,-43.543670654296875,topic_concert_venue,NOISE,ambiguous private venue
overture:Espaço M7:-22.88954:-43.52679,Espaço M7,-22.889543533325195,-43.52678680419922,topic_concert_venue,NOISE,ambiguous private venue
overture:Espaço MOURA:-22.87290:-43.53239,Espaço MOURA,-22.872900009155273,-43.53239059448242,topic_concert_venue,NOISE,personal-name private venue
overture:Espaço MaJu Festas:-22.87250:-43.49430,Espaço MaJu Festas,-22.87250328063965,-43.49429702758789,topic_concert_venue,NOISE,party rental hall
overture:Espaço Madur:-22.93313:-43.70190,Espaço Madur,-22.93313217163086,-43.70189666748047,topic_concert_venue,NOISE,ambiguous private venue
overture:Espaço Magalhães:-22.87364:-43.41537,Espaço Magalhães,-22.873640060424805,-43.41537094116211,topic_concert_venue,NOISE,personal-name private venue
overture:Espaço Maravilha:-22.90031:-43.35668,Espaço Maravilha,-22.900306701660156,-43.3566780090332,topic_concert_venue,NOISE,ambiguous private venue
overture:Espaço Maravilha.:-22.87069:-43.36669,Espaço Maravilha.,-22.87069320678711,-43.36669158935547,topic_concert_venue,NOISE,ambiguous private venue
overture:Espaço Margö Festas:-22.95519:-43.68983,Espaço Margö Festas,-22.95519256591797,-43.68983459472656,topic_concert_venue,NOISE,party rental hall
overture:Espaço Mary Lu Festas:-22.75336:-43.42427,Espaço Mary Lu Festas,-22.753360748291016,-43.42427062988281,topic_concert_venue,NOISE,party rental hall
overture:Espaço Mattos:-22.81987:-43.30217,Espaço Mattos,-22.81987190246582,-43.30217361450195,topic_concert_venue,NOISE,personal-name private venue
overture:Espaço Michel:-22.80748:-43.41190,Espaço Michel,-22.80748176574707,-43.411903381347656,topic_concert_venue,NOISE,personal-name private venue
overture:Espaço Mix Festas:-22.84793:-43.29014,Espaço Mix Festas,-22.847930908203125,-43.290138244628906,topic_concert_venue,NOISE,party rental hall
overture:Espaço Mix ViVer:-22.88390:-43.56530,Espaço Mix ViVer,-22.883895874023438,-43.565303802490234,topic_concert_venue,NOISE,ambiguous private venue
overture:Espaço Mundo Rio:-22.98330:-43.36620,Espaço Mundo Rio,-22.98330307006836,-43.36620330810547,topic_concert_venue,NOISE,ambiguous private venue
overture:Espaço P:-22.82352:-43.34930,Espaço P,-22.823524475097656,-43.34929656982422,topic_concert_venue,NOISE,"ambiguous single letter, no referent"
overture:Espaço Paccha:-23.02040:-43.45121,Espaço Paccha,-23.020402908325195,-43.45121383666992,topic_concert_venue,NOISE,ambiguous private venue
overture:Espaço Pacoti:-22.93154:-43.35927,Espaço Pacoti,-22.931541442871094,-43.35926818847656,topic_concert_venue,NOISE,ambiguous private venue
overture:Espaço Pacuí Eventos:-22.97219:-43.49362,Espaço Pacuí Eventos,-22.972190856933594,-43.493621826171875,topic_concert_venue,NOISE,event rental venue
overture:Espaço Peter's Festas:-22.87919:-43.30869,Espaço Peter's Festas,-22.879186630249023,-43.308692932128906,topic_concert_venue,NOISE,party rental hall
overture:Espaço Piscina Julya:-22.91789:-43.60290,Espaço Piscina Julya,-22.917890548706055,-43.602901458740234,topic_concert_venue,NOISE,private pool/party venue
overture:Espaço Pomar:-22.92715:-43.31839,Espaço Pomar,-22.927148818969727,-43.318389892578125,topic_concert_venue,NOISE,ambiguous private venue
overture:Espaço Pretas Rainhas:-22.92481:-43.20821,Espaço Pretas Rainhas,-22.9248104095459,-43.20820617675781,topic_concert_venue,NOISE,ambiguous private venue
overture:Espaço Quality:-22.91668:-43.36171,Espaço Quality,-22.916683197021484,-43.36171340942383,topic_concert_venue,NOISE,ambiguous private venue
overture:Espaço Real Eventos:-22.98457:-43.56903,Espaço Real Eventos,-22.984573364257812,-43.569026947021484,topic_concert_venue,NOISE,event rental venue
overture:Espaço Regina eventos:-22.92187:-43.61866,Espaço Regina eventos,-22.921873092651367,-43.6186637878418,topic_concert_venue,NOISE,party rental hall
overture:Espaço Relaxa Negão :-22.78743:-43.36904,Espaço Relaxa Negão ,-22.787433624267578,-43.369041442871094,topic_concert_venue,NOISE,ambiguous private venue
overture:Espaço Riber Festas:-22.78160:-43.37413,Espaço Riber Festas,-22.781604766845703,-43.37413024902344,topic_concert_venue,NOISE,party rental hall
overture:Espaço Santa América Festas e Eventos:-22.98343:-43.49018,Espaço Santa América Festas e Eventos,-22.98343276977539,-43.49018478393555,topic_concert_venue,NOISE,party rental hall
"overture:Espaço Santa Varandas -  festas, eventos e parcerias:-22.94790:-43.19403","Espaço Santa Varandas -  festas, eventos e parcerias",-22.947895050048828,-43.194034576416016,topic_concert_venue,NOISE,party rental hall
overture:Espaço Sepol:-22.88281:-43.31462,Espaço Sepol,-22.8828125,-43.31462097167969,topic_concert_venue,NOISE,ambiguous private venue
overture:Espaço Shalon:-22.98015:-43.46135,Espaço Shalon,-22.98015022277832,-43.46135330200195,topic_concert_venue,NOISE,ambiguous private venue
overture:Espaço Silva Festa e Eventos:-22.87026:-43.54903,Espaço Silva Festa e Eventos,-22.870264053344727,-43.54902648925781,topic_concert_venue,NOISE,party rental hall
overture:Espaço Sim.:-22.89265:-43.27699,Espaço Sim.,-22.892654418945312,-43.27698516845703,topic_concert_venue,NOISE,ambiguous private venue
overture:Espaço Stilo Vip:-22.76599:-43.35723,Espaço Stilo Vip,-22.765993118286133,-43.35723114013672,topic_concert_venue,NOISE,ambiguous private venue
overture:Espaço Styllus:-22.88321:-43.58425,Espaço Styllus,-22.88321304321289,-43.584251403808594,topic_concert_venue,NOISE,ambiguous private venue
overture:Espaço TERRA:-22.88169:-43.53513,Espaço TERRA,-22.881689071655273,-43.53512954711914,topic_concert_venue,NOISE,ambiguous private venue
overture:Espaço Terraço:-22.96985:-43.33609,Espaço Terraço,-22.9698486328125,-43.336090087890625,topic_concert_venue,NOISE,ambiguous private venue
overture:Espaço Total:-22.99508:-43.25885,Espaço Total,-22.995080947875977,-43.258846282958984,topic_concert_venue,NOISE,ambiguous private venue
overture:Espaço Velasco:-22.87418:-43.42832,Espaço Velasco,-22.874183654785156,-43.428321838378906,topic_concert_venue,NOISE,personal-name private venue
overture:Espaço Verde Eventos:-22.85179:-43.27974,Espaço Verde Eventos,-22.85179328918457,-43.27974319458008,topic_concert_venue,NOISE,event rental venue
overture:Espaço Verde Festas E Eventos:-22.90862:-43.70004,Espaço Verde Festas E Eventos,-22.90862274169922,-43.70003890991211,topic_concert_venue,NOISE,party rental hall
overture:Espaço Verde km 39:-22.75145:-43.46600,Espaço Verde km 39,-22.75145149230957,-43.465999603271484,topic_concert_venue,NOISE,ambiguous private venue
overture:Espaço Vereda:-22.77505:-43.32703,Espaço Vereda,-22.775053024291992,-43.3270263671875,topic_concert_venue,NOISE,ambiguous private venue
overture:Espaço Vicenzo:-22.96986:-43.63059,Espaço Vicenzo,-22.96986198425293,-43.63058853149414,topic_concert_venue,NOISE,personal-name private venue
overture:Espaço Vila Premier - Requinte e conforto:-22.78986:-43.37482,Espaço Vila Premier - Requinte e conforto,-22.78985595703125,-43.374820709228516,topic_concert_venue,NOISE,party rental hall
overture:Espaço Vilar Festas:-22.78496:-43.36211,Espaço Vilar Festas,-22.784963607788086,-43.36211013793945,topic_concert_venue,NOISE,party rental hall
overture:Espaço Villa Norte:-22.88957:-43.30855,Espaço Villa Norte,-22.889568328857422,-43.30855178833008,topic_concert_venue,NOISE,ambiguous private venue
overture:Espaço Vip:-22.87029:-43.76650,Espaço Vip,-22.870288848876953,-43.766502380371094,topic_concert_venue,NOISE,ambiguous private venue
overture:Espaço Vip Seropédica:-22.79717:-43.64992,Espaço Vip Seropédica,-22.79716682434082,-43.64992141723633,topic_concert_venue,NOISE,ambiguous private venue
"overture:Espaço Viver - Unindo Pessoas, Conectando Ideias:-22.90290:-43.18518","Espaço Viver - Unindo Pessoas, Conectando Ideias",-22.90290069580078,-43.185176849365234,topic_concert_venue,NOISE,generic slogan-named event/coworking space
overture:Espaço Vivian Lima:-22.87124:-43.56448,Espaço Vivian Lima,-22.871240615844727,-43.564483642578125,topic_concert_venue,NOISE,personal-name private venue
overture:Espaço Vá:-22.98756:-43.30958,Espaço Vá,-22.987560272216797,-43.3095817565918,topic_concert_venue,NOISE,ambiguous private venue
overture:Espaço Xamânico Ninho da Águia:-22.96576:-43.49927,Espaço Xamânico Ninho da Águia,-22.965763092041016,-43.499271392822266,topic_concert_venue,NOISE,private shamanic/spiritual retreat business
overture:Espaço Ypê Inhoaíba:-22.90153:-43.59795,Espaço Ypê Inhoaíba,-22.901533126831055,-43.59795379638672,topic_concert_venue,NOISE,generic party rental hall
overture:Espaço Zoeh:-22.78146:-43.42553,Espaço Zoeh,-22.78145980834961,-43.42552947998047,topic_concert_venue,NOISE,generic party rental hall
overture:Espaço carol miranda:-22.81981:-43.37775,Espaço carol miranda,-22.81981086730957,-43.37774658203125,topic_concert_venue,NOISE,personal-name event space
overture:Espaço da Ladeira:-22.94042:-43.34531,Espaço da Ladeira,-22.94041633605957,-43.345306396484375,topic_concert_venue,NOISE,generic event space
overture:Espaço da Saúde:-22.93394:-43.69732,Espaço da Saúde,-22.933935165405273,-43.69731521606445,topic_concert_venue,NOISE,generic health/community space
overture:Espaço de Eventos Alfa e Ômega:-22.89162:-43.43600,Espaço de Eventos Alfa e Ômega,-22.89162254333496,-43.435997009277344,topic_concert_venue,NOISE,generic event rental hall
overture:Espaço de Eventos Open House:-22.89606:-43.60503,Espaço de Eventos Open House,-22.89606285095215,-43.60502624511719,topic_concert_venue,NOISE,generic event rental hall
overture:Espaço de Festa:-22.91597:-43.19548,Espaço de Festa,-22.915966033935547,-43.19548416137695,topic_concert_venue,NOISE,generic party rental hall
overture:Espaço de Festa Brauna:-22.87559:-43.44884,Espaço de Festa Brauna,-22.875585556030273,-43.4488410949707,topic_concert_venue,NOISE,generic party rental hall
overture:Espaço de Festa Tinildex:-22.83250:-43.36575,Espaço de Festa Tinildex,-22.832500457763672,-43.365745544433594,topic_concert_venue,NOISE,generic party rental hall
overture:Espaço de Festas 93:-22.77409:-43.41738,Espaço de Festas 93,-22.774089813232422,-43.41737747192383,topic_concert_venue,NOISE,generic party rental hall
overture:Espaço de Festas Pilar do Sul:-22.95615:-43.60403,Espaço de Festas Pilar do Sul,-22.95615005493164,-43.604026794433594,topic_concert_venue,NOISE,generic party rental hall
overture:Espaço de Festas Pimenta Doce:-22.96839:-43.70012,Espaço de Festas Pimenta Doce,-22.968393325805664,-43.70011520385742,topic_concert_venue,NOISE,generic party rental hall
overture:Espaço de Festas e Eventos Caxiense:-22.79957:-43.29208,Espaço de Festas e Eventos Caxiense,-22.799570083618164,-43.292076110839844,topic_concert_venue,NOISE,generic party rental hall
overture:Espaço de Inclusão ISERJ:-22.91345:-43.21740,Espaço de Inclusão ISERJ,-22.913450241088867,-43.217403411865234,topic_concert_venue,NOISE,"institutional inclusion program space, not heritage"
overture:Espaço de festa  Peixe:-22.85272:-43.48471,Espaço de festa  Peixe,-22.85271644592285,-43.48471450805664,topic_concert_venue,NOISE,generic party rental hall
overture:Espaço de festa flor do Oriente:-22.86108:-43.46796,Espaço de festa flor do Oriente,-22.861080169677734,-43.467960357666016,topic_concert_venue,NOISE,generic party rental hall
overture:Espaço de festas Meireles:-22.76919:-43.38300,Espaço de festas Meireles,-22.769193649291992,-43.38300323486328,topic_concert_venue,NOISE,generic party rental hall
overture:Espaço do Conhecimento Jayme Leite:-22.91719:-43.23174,Espaço do Conhecimento Jayme Leite,-22.917192459106445,-43.23173904418945,topic_concert_venue,NOISE,generic community/education space
overture:Espaço do Galo:-22.83705:-43.27824,Espaço do Galo,-22.837053298950195,-43.278236389160156,topic_concert_venue,NOISE,generic event space
overture:Espaço festas e eventos Ella's:-22.76986:-43.51754,Espaço festas e eventos Ella's,-22.769861221313477,-43.51754379272461,topic_concert_venue,NOISE,generic party rental hall
overture:Espaço para Festas Momento Meu:-22.86986:-43.41844,Espaço para Festas Momento Meu,-22.869861602783203,-43.41844177246094,topic_concert_venue,NOISE,generic party rental hall
overture:Espaço para eventos:-22.87561:-43.44416,Espaço para eventos,-22.8756103515625,-43.44416046142578,topic_concert_venue,NOISE,generic event rental space
overture:Espaço para eventos Pool Party:-22.88367:-43.48389,Espaço para eventos Pool Party,-22.883670806884766,-43.483890533447266,topic_concert_venue,NOISE,generic pool-party rental venue
overture:Espaço para festa em Vilar dos Teles - São João Meriti RJ:-22.77358:-43.35693,Espaço para festa em Vilar dos Teles - São João Meriti RJ,-22.773582458496094,-43.35693359375,topic_concert_venue,NOISE,generic party rental space
overture:Espaço para festas katitas:-22.79112:-43.54990,Espaço para festas katitas,-22.791120529174805,-43.549896240234375,topic_concert_venue,NOISE,generic party rental hall
overture:Espaço École Du Vin:-22.97060:-43.18557,Espaço École Du Vin,-22.970596313476562,-43.18557357788086,topic_concert_venue,NOISE,private wine school business
overture:Estacao do Faz de Conta:-22.91883:-43.37679,Estacao do Faz de Conta,-22.918825149536133,-43.376792907714844,topic_concert_venue,NOISE,private kids' play venue
overture:Estadio Jornalista Mario Filho - Estadio Do Maracana:-22.98280:-43.21789,Estadio Jornalista Mario Filho - Estadio Do Maracana,-22.982803344726562,-43.217891693115234,topic_concert_venue,CULTURAL,"Maracanã Stadium, iconic cultural/sports landmark"
overture:Estação Ferroviária Casa de Cultura de Itaguaí:-22.87369:-43.77745,Estação Ferroviária Casa de Cultura de Itaguaí,-22.87369155883789,-43.77744674682617,topic_concert_venue,CULTURAL,historic railway station turned cultural center
overture:Estação alegria - Agora é festa:-22.76499:-43.42256,Estação alegria - Agora é festa,-22.764991760253906,-43.42256164550781,topic_concert_venue,NOISE,party event brand
overture:Estrada do Sape - Turiaçu RJ:-22.86046:-43.35013,Estrada do Sape - Turiaçu RJ,-22.860462188720703,-43.350128173828125,topic_concert_venue,NOISE,bare road name
"overture:Estrada do pedregoso,mendanha,tingui,posse:-22.84914:-43.56649","Estrada do pedregoso,mendanha,tingui,posse",-22.849138259887695,-43.56648635864258,topic_concert_venue,NOISE,bare road name
overture:Estrela da Manhã:-22.79739:-43.35865,Estrela da Manhã,-22.797388076782227,-43.358646392822266,topic_concert_venue,NOISE,ambiguous business name
overture:Estrela do Mar Casa de Festas:-23.02477:-43.45789,Estrela do Mar Casa de Festas,-23.0247745513916,-43.457889556884766,topic_concert_venue,NOISE,party house business
overture:Estrelas Festas:-22.88231:-43.28791,Estrelas Festas,-22.88231086730957,-43.28791046142578,topic_concert_venue,NOISE,generic party business
overture:Estudio Toca Do Bandido:-22.97849:-43.32403,Estudio Toca Do Bandido,-22.978487014770508,-43.32402801513672,topic_concert_venue,NOISE,private recording studio
overture:Estúdio 11:-22.89922:-43.13031,Estúdio 11,-22.89922332763672,-43.130306243896484,topic_concert_venue,NOISE,private studio business
overture:Estúdio Casa Grande:-22.95516:-43.18442,Estúdio Casa Grande,-22.95516014099121,-43.18442153930664,topic_concert_venue,NOISE,private recording studio
overture:Estúdio Refúgio:-22.75308:-43.46610,Estúdio Refúgio,-22.753076553344727,-43.46609878540039,topic_concert_venue,NOISE,private studio business
overture:Estúdio Roupa Nova:-23.00120:-43.35214,Estúdio Roupa Nova,-23.001197814941406,-43.352142333984375,topic_concert_venue,NOISE,private band recording studio
overture:EuroShow:-22.83530:-43.28899,EuroShow,-22.83530044555664,-43.28898620605469,topic_concert_venue,NOISE,private business
overture:Eventos Guaratiba:-22.95166:-43.39194,Eventos Guaratiba,-22.95166015625,-43.39194107055664,topic_concert_venue,NOISE,event planning business
overture:Eventos Lelê Carlos:-22.87804:-43.42124,Eventos Lelê Carlos,-22.878036499023438,-43.42123794555664,topic_concert_venue,NOISE,event planning business
overture:Expo.riocervejeiro:-22.91815:-43.17636,Expo.riocervejeiro,-22.91815185546875,-43.17636489868164,topic_concert_venue,NOISE,beer expo business
overture:FESTLIP:-22.83213:-43.34426,FESTLIP,-22.832134246826172,-43.344261169433594,topic_concert_venue,NOISE,private business
overture:FORRÓ do RACHA COCO:-22.93449:-43.19957,FORRÓ do RACHA COCO,-22.934490203857422,-43.19956588745117,topic_concert_venue,NOISE,recurring dance-party event
overture:FPaiva Produções:-22.92343:-43.55127,FPaiva Produções,-22.92342758178711,-43.551273345947266,topic_concert_venue,NOISE,production company
overture:Fantasy Festas:-22.80709:-43.41127,Fantasy Festas,-22.807090759277344,-43.41127014160156,topic_concert_venue,NOISE,party rental business
overture:Farmasi Arena Brasil:-22.97551:-43.39055,Farmasi Arena Brasil,-22.975513458251953,-43.39054870605469,topic_concert_venue,NOISE,commercial cosmetics-brand arena
overture:Farra Delas:-22.99082:-43.23159,Farra Delas,-22.990821838378906,-43.23158645629883,topic_concert_venue,NOISE,nightlife event brand
overture:Favela Nova Brasília -:-22.86613:-43.27237,Favela Nova Brasília -,-22.866127014160156,-43.27236557006836,topic_concert_venue,NOISE,residential favela neighborhood name
overture:Favela e Lugar de Paz e alegria pras Crianças:-22.86881:-43.47219,Favela e Lugar de Paz e alegria pras Crianças,-22.868810653686523,-43.47218704223633,topic_concert_venue,NOISE,"descriptive neighborhood label, not a site"
overture:Faveleira:-22.82580:-43.34200,Faveleira,-22.825796127319336,-43.34199905395508,topic_concert_venue,NOISE,ambiguous single word
overture:Fazenda Alegria:-22.97592:-43.45673,Fazenda Alegria,-22.975915908813477,-43.45672607421875,topic_concert_venue,NOISE,"farm event venue, no heritage status"
overture:Fazenda Arpoador sitio para festas e eventos:-22.90426:-43.70842,Fazenda Arpoador sitio para festas e eventos,-22.904260635375977,-43.70842361450195,topic_concert_venue,NOISE,farm rented for parties
overture:Feijoada do Rena:-22.92433:-43.24924,Feijoada do Rena,-22.924325942993164,-43.249244689941406,topic_concert_venue,NOISE,restaurant/food business
overture:Feira das Yabás:-22.86780:-43.34438,Feira das Yabás,-22.8677978515625,-43.344383239746094,topic_concert_venue,CULTURAL,historic Afro-Brazilian culture fair in Madureira
overture:Festa Mug:-22.94902:-43.17962,Festa Mug,-22.94902229309082,-43.17961883544922,topic_concert_venue,NOISE,private business
overture:Festa Nossa Epoca 80902000:-22.87629:-43.37233,Festa Nossa Epoca 80902000,-22.87628746032715,-43.37232971191406,topic_concert_venue,NOISE,bar/club with phone-number suffix
overture:Festa de santo antonio:-22.78786:-43.31037,Festa de santo antonio,-22.78786277770996,-43.31037139892578,topic_concert_venue,NOISE,generic religious festival listing
overture:Festas e Eventos quadra do bloco raízes da Tijuca:-22.92918:-43.23000,Festas e Eventos quadra do bloco raízes da Tijuca,-22.929182052612305,-43.230003356933594,topic_concert_venue,NOISE,rentable carnival-bloco rehearsal court
overture:Festeja Rio:-23.00436:-43.30453,Festeja Rio,-23.00436019897461,-43.30453109741211,topic_concert_venue,NOISE,event planning company
"overture:Festival da Cachaça, Cultura e Sabores de Paraty:-22.87180:-43.78201","Festival da Cachaça, Cultura e Sabores de Paraty",-22.871797561645508,-43.78200912475586,topic_concert_venue,NOISE,"recurring festival brand, not a fixed site"
overture:Festival da Pinga Paraty:-23.01470:-43.51957,Festival da Pinga Paraty,-23.014699935913086,-43.51957321166992,topic_concert_venue,NOISE,"recurring festival brand, not a fixed site"
overture:Festval Eventos:-22.87938:-43.32586,Festval Eventos,-22.879384994506836,-43.32585906982422,topic_concert_venue,NOISE,event planning company
overture:Fill Equipe:-22.82217:-43.30526,Fill Equipe,-22.82217025756836,-43.30525588989258,topic_concert_venue,NOISE,private business/crew
overture:Fim de Tarde:-22.77998:-43.31200,Fim de Tarde,-22.779977798461914,-43.31200408935547,topic_concert_venue,NOISE,ambiguous business name
overture:Flahaxco:-22.91609:-43.22840,Flahaxco,-22.91609001159668,-43.22840118408203,topic_concert_venue,NOISE,ambiguous unclear referent
overture:Floresta Produções Artísticas:-22.94145:-43.20455,Floresta Produções Artísticas,-22.94144630432129,-43.20454788208008,topic_concert_venue,NOISE,production company
overture:Florestinha Clube:-22.95974:-43.38913,Florestinha Clube,-22.95974349975586,-43.38912582397461,topic_concert_venue,NOISE,"private social club, no documented heritage"
overture:Foco Assessoria Esportiva:-22.91088:-43.10988,Foco Assessoria Esportiva,-22.910884857177734,-43.10988235473633,topic_concert_venue,NOISE,sports consultancy business
overture:Foda-SE:-22.81806:-43.40110,Foda-SE,-22.818056106567383,-43.401100158691406,topic_concert_venue,NOISE,private business
overture:FoodPark Valqueire:-22.88194:-43.36702,FoodPark Valqueire,-22.881940841674805,-43.36702346801758,topic_concert_venue,NOISE,food court business
overture:Foragidos da lei MG:-22.88036:-43.22496,Foragidos da lei MG,-22.88036346435547,-43.22495651245117,topic_concert_venue,NOISE,ambiguous bar/group name
overture:Forest Lounge:-22.91661:-43.18304,Forest Lounge,-22.916610717773438,-43.183040618896484,topic_concert_venue,NOISE,bar/lounge business
overture:Formigário Estúdio:-22.76059:-43.45464,Formigário Estúdio,-22.76059341430664,-43.45463943481445,topic_concert_venue,NOISE,private recording studio
overture:Forró do Sítio do Moa:-22.93857:-43.69714,Forró do Sítio do Moa,-22.938570022583008,-43.69713592529297,topic_concert_venue,NOISE,forró event at private farm
overture:Forte De Copacabana - Jornal Extra:-22.98330:-43.18955,Forte De Copacabana - Jornal Extra,-22.98330307006836,-43.189552307128906,topic_concert_venue,CULTURAL,historic Fort Copacabana military/heritage site
overture:Fosso:-22.93282:-43.19812,Fosso,-22.932823181152344,-43.198116302490234,topic_concert_venue,NOISE,ambiguous single word
overture:Fresh Water Festival:-22.97889:-43.48750,Fresh Water Festival,-22.9788875579834,-43.48749923706055,topic_concert_venue,NOISE,recurring festival event
overture:Fun Page Arts:-22.96084:-43.35616,Fun Page Arts,-22.960840225219727,-43.35615921020508,topic_concert_venue,NOISE,private business
overture:Fun Pic RJ:-22.90757:-43.27605,Fun Pic RJ,-22.907569885253906,-43.27605438232422,topic_concert_venue,NOISE,private business
overture:Fundação Teatro Municipal do Rio de Janeiro:-22.88058:-43.27799,Fundação Teatro Municipal do Rio de Janeiro,-22.880582809448242,-43.277992248535156,topic_concert_venue,CULTURAL,historic Municipal Theatre of Rio
overture:FÊNIX:-22.86913:-43.48647,FÊNIX,-22.869129180908203,-43.48646545410156,topic_concert_venue,NOISE,ambiguous single word
overture:G.R.E.S Império Ricardense:-22.83946:-43.40025,G.R.E.S Império Ricardense,-22.839462280273438,-43.40025329589844,topic_concert_venue,NOISE,"minor local samba school, no documented notable standing"
overture:G.R.E.S. Acadêmicos da Abolição:-22.88894:-43.29645,G.R.E.S. Acadêmicos da Abolição,-22.888940811157227,-43.296451568603516,topic_concert_venue,NOISE,minor local samba school
overture:G.R.E.S. Arrastão de Cascadura:-22.87752:-43.32299,G.R.E.S. Arrastão de Cascadura,-22.87752342224121,-43.32299041748047,topic_concert_venue,NOISE,minor local samba school
overture:G.R.E.S. Delírio da Zona Oeste:-22.89983:-43.54966,G.R.E.S. Delírio da Zona Oeste,-22.899829864501953,-43.549659729003906,topic_concert_venue,NOISE,minor local samba school
overture:G.R.E.S. Império Serrano:-22.87420:-43.33647,G.R.E.S. Império Serrano,-22.874202728271484,-43.33647155761719,topic_concert_venue,CULTURAL,historic top-tier samba school (founded 1947)
overture:G.R.E.S. Mocidade Independente de Padre Miguel:-22.97305:-43.38464,G.R.E.S. Mocidade Independente de Padre Miguel,-22.973054885864258,-43.3846435546875,topic_concert_venue,CULTURAL,major Grupo Especial samba school
overture:G.R.E.S. Sereno de Campo Grande:-22.90782:-43.56512,G.R.E.S. Sereno de Campo Grande,-22.90782356262207,-43.565120697021484,topic_concert_venue,NOISE,minor local samba school
overture:G.R.E.S. Tradição:-22.88253:-43.34572,G.R.E.S. Tradição,-22.882532119750977,-43.34572219848633,topic_concert_venue,NOISE,minor local samba school
overture:GRBC Bambas do Curuzu:-22.89613:-43.23052,GRBC Bambas do Curuzu,-22.896129608154297,-43.23052215576172,topic_concert_venue,NOISE,minor local carnival bloco
overture:GRBC Mocidade do Cosme Velho:-22.94007:-43.20295,GRBC Mocidade do Cosme Velho,-22.940073013305664,-43.20295333862305,topic_concert_venue,NOISE,minor local carnival bloco
overture:GRES Beija Flor de Nilópolis:-22.81362:-43.41969,GRES Beija Flor de Nilópolis,-22.81361961364746,-43.4196891784668,topic_concert_venue,CULTURAL,one of Rio's most prestigious historic samba schools
overture:GRES Difícil é o Nome:-22.88254:-43.29615,GRES Difícil é o Nome,-22.88254165649414,-43.296146392822266,topic_concert_venue,NOISE,minor local samba school
overture:GRES Estácio de Sá:-22.91261:-43.20177,GRES Estácio de Sá,-22.912607192993164,-43.2017707824707,topic_concert_venue,CULTURAL,historic pioneering samba school (1927)
overture:GRES Imperadores Rubro-Negros:-22.86454:-43.36483,GRES Imperadores Rubro-Negros,-22.86454200744629,-43.36482620239258,topic_concert_venue,NOISE,minor local samba school
overture:GRES Imperatriz Leopoldinense:-22.85614:-43.26279,GRES Imperatriz Leopoldinense,-22.856142044067383,-43.26279067993164,topic_concert_venue,CULTURAL,major Grupo Especial samba school
overture:GRES Império Serrano:-22.89435:-43.19639,GRES Império Serrano,-22.894351959228516,-43.19639205932617,topic_concert_venue,CULTURAL,historic top-tier samba school
overture:GRES Sereno de Campo Grande:-22.90516:-43.55684,GRES Sereno de Campo Grande,-22.905160903930664,-43.55683898925781,topic_concert_venue,NOISE,minor local samba school
overture:GRES Unidos de Vila Isabel:-22.91373:-43.23657,GRES Unidos de Vila Isabel,-22.91373062133789,-43.236568450927734,topic_concert_venue,CULTURAL,major Grupo Especial samba school
overture:GRES União da Ilha do Governador:-22.81377:-43.18890,GRES União da Ilha do Governador,-22.813766479492188,-43.188899993896484,topic_concert_venue,CULTURAL,major historic samba school
overture:GTA Salão de Festas:-22.85736:-43.45438,GTA Salão de Festas,-22.857364654541016,-43.454383850097656,topic_concert_venue,NOISE,party rental hall
overture:GaHub:-22.91601:-43.18396,GaHub,-22.916011810302734,-43.183963775634766,topic_concert_venue,NOISE,private business
overture:Galeria Jardim:-23.00695:-43.54052,Galeria Jardim,-23.00695037841797,-43.5405158996582,topic_concert_venue,NOISE,generic shopping/business gallery
overture:Galpão das Artes:-22.97054:-43.22462,Galpão das Artes,-22.97054100036621,-43.22462463378906,topic_concert_venue,NOISE,generic unverified arts venue name
overture:Garden Hall:-22.80082:-43.37528,Garden Hall,-22.800823211669922,-43.375282287597656,topic_concert_venue,NOISE,event hall business
overture:Garden Place Festas:-22.85455:-43.48060,Garden Place Festas,-22.85454750061035,-43.48059844970703,topic_concert_venue,NOISE,party rental hall
overture:Garota Vip:-22.90359:-43.22219,Garota Vip,-22.903593063354492,-43.222190856933594,topic_concert_venue,NOISE,private nightlife business
overture:Gavea 150:-22.99869:-43.27085,Gavea 150,-22.998693466186523,-43.270851135253906,topic_concert_venue,NOISE,bare address-like name
overture:Gavea Gourmet FoodPark:-22.97713:-43.21912,Gavea Gourmet FoodPark,-22.977130889892578,-43.21912384033203,topic_concert_venue,NOISE,food court business
overture:Ginga Tropical:-22.95102:-43.17593,Ginga Tropical,-22.951019287109375,-43.175926208496094,topic_concert_venue,NOISE,private dance/business name
overture:Gol Certo - Braço Forte:-22.77241:-43.41745,Gol Certo - Braço Forte,-22.77240562438965,-43.41745376586914,topic_concert_venue,NOISE,sports training academy
overture:Goldies Cute:-23.00932:-43.29575,Goldies Cute,-23.00931739807129,-43.295745849609375,topic_concert_venue,NOISE,private business
overture:Gres Arrastão de Cascadura:-22.87746:-43.32289,Gres Arrastão de Cascadura,-22.877460479736328,-43.32289123535156,topic_concert_venue,NOISE,minor local samba school (duplicate)
overture:Gres Unidos Da Vila Kennedy:-22.85557:-43.49469,Gres Unidos Da Vila Kennedy,-22.855567932128906,-43.494693756103516,topic_concert_venue,NOISE,minor local samba school
overture:Ground Eventos :-22.78603:-43.43352,Ground Eventos ,-22.786027908325195,-43.43351745605469,topic_concert_venue,NOISE,event planning company
overture:Grupo Expressão:-22.95301:-43.19624,Grupo Expressão,-22.953006744384766,-43.19623947143555,topic_concert_venue,NOISE,ambiguous group/business name
overture:Grupo Firmamento:-22.91396:-43.16873,Grupo Firmamento,-22.913955688476562,-43.16872787475586,topic_concert_venue,NOISE,ambiguous group/business name
overture:Grupo de Capoeira Maré de Bambas:-22.86531:-43.24194,Grupo de Capoeira Maré de Bambas,-22.865310668945312,-43.24193572998047,topic_concert_venue,NOISE,local capoeira training group
overture:Grêmio Recreativo Escola de Samba Educativa Império da Tijuca:-22.93953:-43.24546,Grêmio Recreativo Escola de Samba Educativa Império da Tijuca,-22.939525604248047,-43.24545669555664,topic_concert_venue,NOISE,minor local samba school
overture:Grêmio Recreativo Paratodos:-22.80616:-43.36784,Grêmio Recreativo Paratodos,-22.80615997314453,-43.36783981323242,topic_concert_venue,NOISE,minor local recreational club
overture:Guerreirinhos Flu Tijuca:-22.91703:-43.21067,Guerreirinhos Flu Tijuca,-22.91702651977539,-43.210670471191406,topic_concert_venue,NOISE,"fan/kids club, not heritage"
overture:Gênesis Festas e Eventos:-22.96018:-43.69794,Gênesis Festas e Eventos,-22.960180282592773,-43.69793701171875,topic_concert_venue,NOISE,event planning company
overture:HAUS Entretenimento:-22.87963:-43.33481,HAUS Entretenimento,-22.879629135131836,-43.33481216430664,topic_concert_venue,NOISE,entertainment business
overture:Hang Gliding Rio Adventure:-22.99916:-43.26191,Hang Gliding Rio Adventure,-22.999160766601562,-43.26191329956055,topic_concert_venue,NOISE,adventure-tour business
overture:Hartt Festas E Eventos:-22.85668:-43.36540,Hartt Festas E Eventos,-22.8566837310791,-43.36539840698242,topic_concert_venue,NOISE,event planning company
overture:Hellas - Casa de Festas:-22.76693:-43.37398,Hellas - Casa de Festas,-22.76693344116211,-43.37398147583008,topic_concert_venue,NOISE,party house business
overture:Hidro Brasil - HB:-22.75667:-43.40748,Hidro Brasil - HB,-22.75666618347168,-43.40747833251953,topic_concert_venue,NOISE,private business
overture:Hip Hop Zona Norte:-22.89290:-43.29506,Hip Hop Zona Norte,-22.892900466918945,-43.29506301879883,topic_concert_venue,NOISE,ambiguous event/brand name
overture:Honório Gurgel:-22.83732:-43.36331,Honório Gurgel,-22.837322235107422,-43.36330795288086,topic_concert_venue,NOISE,bare neighborhood/station name
overture:I Love Baile Funk:-22.86645:-43.23984,I Love Baile Funk,-22.8664493560791,-43.239837646484375,topic_concert_venue,NOISE,"event/brand page, not a site"
overture:IEAD  Ministério Libertos Por Cristo:-22.90000:-43.11938,IEAD  Ministério Libertos Por Cristo,-22.899999618530273,-43.119384765625,topic_concert_venue,NOISE,"modern evangelical ministry, not heritage"
overture:IRAJA:-22.82871:-43.33163,IRAJA,-22.828706741333008,-43.331634521484375,topic_concert_venue,NOISE,bare neighborhood name
overture:Ideal Entretenimento:-23.00395:-43.42491,Ideal Entretenimento,-23.003948211669922,-43.42490768432617,topic_concert_venue,NOISE,entertainment business
overture:Ilha Cultural a arte está na rua:-23.00416:-43.30927,Ilha Cultural a arte está na rua,-23.00415802001953,-43.309268951416016,topic_concert_venue,NOISE,"ambiguous org/project name, not a confirmed site"
overture:Ilha Da Barra:-22.97014:-43.33420,Ilha Da Barra,-22.970138549804688,-43.33420181274414,topic_concert_venue,NATURAL,island/geographic feature
overture:Ilha Lounge:-22.80809:-43.18259,Ilha Lounge,-22.808090209960938,-43.182586669921875,topic_concert_venue,NOISE,bar/lounge business
overture:Ilê Orixá Odé Messan Orun:-22.84988:-43.52749,Ilê Orixá Odé Messan Orun,-22.849884033203125,-43.52749252319336,topic_concert_venue,CULTURAL,named Afro-Brazilian religious terreiro
overture:Império Serrano:-22.87398:-43.33683,Império Serrano,-22.873981475830078,-43.33682632446289,topic_concert_venue,CULTURAL,historic top-tier samba school
overture:Império Show:-22.89076:-43.22369,Império Show,-22.89076042175293,-43.22368621826172,topic_concert_venue,NOISE,private event venue
overture:Instawalk Rio:-22.91500:-43.18700,Instawalk Rio,-22.914997100830078,-43.18700408935547,topic_concert_venue,NOISE,photo-tour business
overture:Instituto Zé Gotinha:-22.94722:-43.16202,Instituto Zé Gotinha,-22.94721794128418,-43.16202163696289,topic_concert_venue,NOISE,health/vaccination institute
overture:Ipanema Beatch:-22.88787:-43.29914,Ipanema Beatch,-22.88787078857422,-43.29914093017578,topic_concert_venue,NATURAL,Ipanema beach
overture:Itajubara Teleferico Estação Baiana:-22.85830:-43.26584,Itajubara Teleferico Estação Baiana,-22.858295440673828,-43.26584243774414,topic_concert_venue,NOISE,private residential cable-car infrastructure
overture:Jardim Magarça - Festas e Eventos:-22.93648:-43.58066,Jardim Magarça - Festas e Eventos,-22.936477661132812,-43.58066177368164,topic_concert_venue,NOISE,party garden rental venue
overture:Jardim Suspenso:-22.93221:-43.23717,Jardim Suspenso,-22.932205200195312,-43.23717498779297,topic_concert_venue,NOISE,"generic garden/condo name, not a documented heritage site"
overture:Jardins do Itanhangá:-22.98135:-43.33287,Jardins do Itanhangá,-22.981348037719727,-43.3328742980957,topic_concert_venue,NOISE,residential condo development name
overture:Jazzmania:-22.98698:-43.19724,Jazzmania,-22.986982345581055,-43.19723892211914,topic_concert_venue,CULTURAL,legendary historic Rio jazz club
overture:Joa Jungle Rooftop:-23.00382:-43.28022,Joa Jungle Rooftop,-23.003820419311523,-43.28022003173828,topic_concert_venue,NOISE,bar/lounge business
overture:Jogo das Estrelas:-22.91194:-43.23021,Jogo das Estrelas,-22.911941528320312,-43.23020553588867,topic_concert_venue,NOISE,ambiguous event name
overture:Johnny Bacana Produções:-22.89384:-43.57174,Johnny Bacana Produções,-22.893840789794922,-43.57174301147461,topic_concert_venue,NOISE,production company
overture:Juventus Academy Botafogo:-22.94969:-43.18714,Juventus Academy Botafogo,-22.94969367980957,-43.18714141845703,topic_concert_venue,NOISE,franchise football training academy
overture:Kadosch Festas:-22.84760:-43.52269,Kadosch Festas,-22.84760093688965,-43.5226936340332,topic_concert_venue,NOISE,party rental business
overture:LCV Terraço para festas e reuniões:-22.82880:-43.32830,LCV Terraço para festas e reuniões,-22.828800201416016,-43.32829666137695,topic_concert_venue,NOISE,event terrace rental
overture:LED:-22.91966:-43.17890,LED,-22.91965675354004,-43.17890167236328,topic_concert_venue,NOISE,ambiguous unclear referent
overture:Labs A+ Carioca:-22.90466:-43.17704,Labs A+ Carioca,-22.90465545654297,-43.17704391479492,topic_concert_venue,NOISE,private lab/business
overture:LadumaOficial:-22.95699:-43.33667,LadumaOficial,-22.956993103027344,-43.336666107177734,topic_concert_venue,NOISE,private brand/business
overture:Lannes House:-22.91045:-43.36021,Lannes House,-22.910451889038086,-43.36021041870117,topic_concert_venue,NOISE,ambiguous event venue name
overture:Largo da Barra da Tijuca:-23.00743:-43.30803,Largo da Barra da Tijuca,-23.00742530822754,-43.30802536010742,topic_concert_venue,NOISE,"modern local square, no documented heritage"
overture:Largo do 40:-22.94724:-43.60467,Largo do 40,-22.94723892211914,-43.60466766357422,topic_concert_venue,NOISE,"local square, no documented heritage"
overture:Largo do Barreto Gramacho Duque de Caxias:-22.75753:-43.30590,Largo do Barreto Gramacho Duque de Caxias,-22.75752830505371,-43.3058967590332,topic_concert_venue,NOISE,"local square, no documented heritage"
overture:Laço de Ouro Eventos:-22.93738:-43.37030,Laço de Ouro Eventos,-22.937376022338867,-43.370296478271484,topic_concert_venue,NOISE,event planning company
overture:Le Garden:-22.95679:-43.38076,Le Garden,-22.956790924072266,-43.380760192871094,topic_concert_venue,NOISE,event venue business
overture:Leah:-22.88142:-43.35641,Leah,-22.88142204284668,-43.356414794921875,topic_concert_venue,NOISE,ambiguous single name
overture:Leitão's House:-22.96277:-43.32990,Leitão's House,-22.962772369384766,-43.329898834228516,topic_concert_venue,NOISE,ambiguous event venue name
overture:Lions Arena CT:-22.90272:-43.57411,Lions Arena CT,-22.902721405029297,-43.57411193847656,topic_concert_venue,NOISE,sports training center
overture:Lista Festa Planet Espaço Hall:-22.94497:-43.34600,Lista Festa Planet Espaço Hall,-22.94497299194336,-43.34600067138672,topic_concert_venue,NOISE,party rental hall
overture:Live Tim:-22.91010:-43.20474,Live Tim,-22.91010284423828,-43.20473861694336,topic_concert_venue,NOISE,telecom-branded live event
overture:Locapisos Locapisos:-22.88502:-43.22853,Locapisos Locapisos,-22.8850154876709,-43.22853469848633,topic_concert_venue,NOISE,flooring rental business
overture:Lona Cultural Sandra de Sá:-22.90210:-43.70736,Lona Cultural Sandra de Sá,-22.902097702026367,-43.707359313964844,topic_concert_venue,CULTURAL,municipal public cultural center (Lona Cultural program)
overture:Lona Cultural de Jacarepaguá:-22.92414:-43.35836,Lona Cultural de Jacarepaguá,-22.92413902282715,-43.35835647583008,topic_concert_venue,CULTURAL,municipal public cultural center (Lona Cultural program)
overture:Look:-22.79313:-43.30442,Look,-22.79313087463379,-43.30441665649414,topic_concert_venue,NOISE,ambiguous single word
overture:LoveLands:-22.91808:-43.16915,LoveLands,-22.918081283569336,-43.169151306152344,topic_concert_venue,NOISE,private nightlife business
overture:Lu Art Espaço Festas:-22.77060:-43.35891,Lu Art Espaço Festas,-22.770601272583008,-43.35890579223633,topic_concert_venue,NOISE,party rental hall
overture:LuMar Casa de Festas:-22.80484:-43.40816,LuMar Casa de Festas,-22.80483627319336,-43.40815734863281,topic_concert_venue,NOISE,party house business
overture:Luiz Faustino Eventos:-22.93156:-43.55543,Luiz Faustino Eventos,-22.931556701660156,-43.55542755126953,topic_concert_venue,NOISE,event planning business
overture:Luz do Sol:-22.83475:-43.40959,Luz do Sol,-22.834749221801758,-43.40959167480469,topic_concert_venue,NOISE,ambiguous business name
overture:LÉO RAMOS - Stand up Comedy:-22.80679:-43.20863,LÉO RAMOS - Stand up Comedy,-22.806785583496094,-43.2086296081543,topic_concert_venue,NOISE,comedy show business
overture:MAGIC SHOW:-22.89012:-43.24266,MAGIC SHOW,-22.89012336730957,-43.24265670776367,topic_concert_venue,NOISE,private show business
overture:MANSÃO VP:-22.84501:-43.31470,MANSÃO VP,-22.845012664794922,-43.31470489501953,topic_concert_venue,NOISE,"event mansion venue, not historic"
overture:MM Espaço Festas:-22.86023:-43.78715,MM Espaço Festas,-22.860233306884766,-43.78715133666992,topic_concert_venue,NOISE,party rental hall
overture:MPG Produções Artísticas:-22.90467:-43.17704,MPG Produções Artísticas,-22.9046688079834,-43.177040100097656,topic_concert_venue,NOISE,production company
overture:MSC Cruzeiros - MSC Musica:-22.88264:-43.24413,MSC Cruzeiros - MSC Musica,-22.88263702392578,-43.24412536621094,topic_concert_venue,NOISE,cruise line business
overture:Madah Gigoia:-23.00178:-43.30777,Madah Gigoia,-23.00178337097168,-43.307769775390625,topic_concert_venue,NOISE,ambiguous private business
overture:Madean Secret:-22.94068:-43.68034,Madean Secret,-22.9406795501709,-43.680335998535156,topic_concert_venue,NOISE,ambiguous private business
overture:Magnifica casa de festas e eventos:-22.78343:-43.54309,Magnifica casa de festas e eventos,-22.783432006835938,-43.543087005615234,topic_concert_venue,NOISE,private party/event rental hall
overture:Magrinho:-22.74936:-43.47494,Magrinho,-22.749357223510742,-43.474937438964844,topic_concert_venue,NOISE,"ambiguous single word, no clear referent"
overture:Mais 5521 entretenimento:-22.89227:-43.30804,Mais 5521 entretenimento,-22.892274856567383,-43.30803680419922,topic_concert_venue,NOISE,private entertainment business
overture:Maison Supreme:-22.86423:-43.35981,Maison Supreme,-22.864229202270508,-43.35981369018555,topic_concert_venue,NOISE,generic private venue name
overture:Maison Ágape Eventos:-22.88403:-43.56387,Maison Ágape Eventos,-22.884033203125,-43.563865661621094,topic_concert_venue,NOISE,private events venue
overture:Majestade Show:-22.91378:-43.17912,Majestade Show,-22.913782119750977,-43.17911911010742,topic_concert_venue,NOISE,private show/event business
overture:Malandramente a Festa Original:-22.88070:-43.35392,Malandramente a Festa Original,-22.880704879760742,-43.35391616821289,topic_concert_venue,NOISE,private party event business
overture:Malena Salão de Festas:-22.88218:-43.46231,Malena Salão de Festas,-22.882183074951172,-43.46230697631836,topic_concert_venue,NOISE,party rental hall (Salão de Festas)
overture:Malê - Espaço Cultural e Gastronômico:-22.91319:-43.18114,Malê - Espaço Cultural e Gastronômico,-22.913192749023438,-43.18114471435547,topic_concert_venue,NOISE,"generic Espaço gastronomic venue, no real cultural programming"
overture:Mangabeira Festas:-22.77590:-43.37199,Mangabeira Festas,-22.775901794433594,-43.37199020385742,topic_concert_venue,NOISE,party rental venue
overture:Mangue Sup:-23.01088:-43.29731,Mangue Sup,-23.010883331298828,-43.297306060791016,topic_concert_venue,NOISE,ambiguous private business
overture:Mansao Rosa - Alto da Boa Vista:-22.97186:-43.35941,Mansao Rosa - Alto da Boa Vista,-22.97185707092285,-43.35940933227539,topic_concert_venue,NOISE,private residential/venue with scenic name
overture:Mansao da Colina Producao de Eventos:-22.95346:-43.37620,Mansao da Colina Producao de Eventos,-22.953460693359375,-43.37620162963867,topic_concert_venue,NOISE,private event production company
overture:Mansão 021 - Coworking:-23.00671:-43.29880,Mansão 021 - Coworking,-23.006710052490234,-43.29880142211914,topic_concert_venue,NOISE,private coworking business
overture:Mansão Alto Estácio:-22.91780:-43.20784,Mansão Alto Estácio,-22.917800903320312,-43.20784378051758,topic_concert_venue,NOISE,residential-sounding private property
overture:Mansão Azul:-22.82998:-43.40396,Mansão Azul,-22.82998275756836,-43.40396499633789,topic_concert_venue,NOISE,residential-sounding private property
overture:Mansão Laranjeiras:-22.92959:-43.18960,Mansão Laranjeiras,-22.929590225219727,-43.18960189819336,topic_concert_venue,NOISE,residential-sounding private property
overture:Mansão Prime - Achieta:-22.82182:-43.40154,Mansão Prime - Achieta,-22.82181739807129,-43.40153884887695,topic_concert_venue,NOISE,residential-sounding private property
overture:Mansão Santorini:-22.85021:-43.33112,Mansão Santorini,-22.850210189819336,-43.331119537353516,topic_concert_venue,NOISE,residential-sounding private property
overture:Mansão Victor:-22.91751:-43.35473,Mansão Victor,-22.917510986328125,-43.354732513427734,topic_concert_venue,NOISE,residential-sounding private property
overture:Manège Lordello:-22.91313:-43.20967,Manège Lordello,-22.91312599182129,-43.20966720581055,topic_concert_venue,NOISE,private equestrian riding school
overture:Marcellino Luta Livre:-22.95687:-43.35513,Marcellino Luta Livre,-22.956865310668945,-43.35512924194336,topic_concert_venue,NOISE,private martial arts gym
overture:Mazarha - Festa de Black Music:-22.90186:-43.17505,Mazarha - Festa de Black Music,-22.901857376098633,-43.175052642822266,topic_concert_venue,NOISE,private party event
overture:McDia Feliz - Loja Maxwell:-22.92308:-43.24894,McDia Feliz - Loja Maxwell,-22.923078536987305,-43.248939514160156,topic_concert_venue,NOISE,charity event at a retail store
overture:Mcdesom Producao De Eventos:-22.91128:-43.17522,Mcdesom Producao De Eventos,-22.911279678344727,-43.17522430419922,topic_concert_venue,NOISE,private event production company
overture:Mega Eventos -Festas e Eventos:-22.88661:-43.62019,Mega Eventos -Festas e Eventos,-22.88661003112793,-43.62019348144531,topic_concert_venue,NOISE,party rental venue
overture:Mercado Kalakuta:-22.94273:-43.33924,Mercado Kalakuta,-22.942731857299805,-43.33924102783203,topic_concert_venue,NOISE,"private bar/venue, not a historic market"
overture:Meriti Plaza Salão de Festas:-22.80369:-43.37626,Meriti Plaza Salão de Festas,-22.803688049316406,-43.37625503540039,topic_concert_venue,NOISE,party rental hall (Salão de Festas)
overture:Meu Espaço  - CRIS:-22.89031:-43.28981,Meu Espaço  - CRIS,-22.890310287475586,-43.2898063659668,topic_concert_venue,NOISE,generic Espaço private venue
overture:Mini Sítio Flor:-22.83175:-43.55119,Mini Sítio Flor,-22.831748962402344,-43.551185607910156,topic_concert_venue,NOISE,small farm/sítio with no heritage status
overture:Ministério Forte Sede e filiais:-22.77768:-43.30838,Ministério Forte Sede e filiais,-22.77768325805664,-43.308380126953125,topic_concert_venue,NOISE,modern church ministry headquarters
overture:Mk Polo House:-22.95464:-43.37949,Mk Polo House,-22.954639434814453,-43.379486083984375,topic_concert_venue,NOISE,private business (polo/house venue)
"overture:Mont Royal, Montreal Canada:-22.94518:-43.16017","Mont Royal, Montreal Canada",-22.94518280029297,-43.1601676940918,topic_concert_venue,NOISE,residential development with marketing name
"overture:Monte Do Barata , Realengo:-22.89539:-43.44731","Monte Do Barata , Realengo",-22.8953857421875,-43.44731140136719,topic_concert_venue,NATURAL,named hill (Monte) in Realengo
overture:Monte Sinai Festas:-22.77927:-43.41526,Monte Sinai Festas,-22.779272079467773,-43.41526412963867,topic_concert_venue,NOISE,private party venue despite biblical name
overture:Morro Do Tuiuti Rj:-22.90001:-43.23397,Morro Do Tuiuti Rj,-22.900005340576172,-43.233970642089844,topic_concert_venue,NATURAL,hill (Morro do Tuiuti)
overture:Mucheli Festa & Eventos:-22.81763:-43.40863,Mucheli Festa & Eventos,-22.81763458251953,-43.40863037109375,topic_concert_venue,NOISE,private party event business
overture:Mulheres de Pedra:-23.00298:-43.63909,Mulheres de Pedra,-23.002981185913086,-43.63909149169922,topic_concert_venue,NATURAL,natural rock formation (Mulheres de Pedra)
overture:Mundial lash congress:-23.00224:-43.63309,Mundial lash congress,-23.002243041992188,-43.63309097290039,topic_concert_venue,NOISE,private beauty industry congress
overture:Mundo Feliz - Casa de Festas:-22.84817:-43.26683,Mundo Feliz - Casa de Festas,-22.848173141479492,-43.26683044433594,topic_concert_venue,NOISE,party rental hall (Casa de Festas)
overture:Mundo das Festas:-22.79421:-43.38353,Mundo das Festas,-22.79421043395996,-43.38352584838867,topic_concert_venue,NOISE,party rental venue
overture:Muniz:-22.92478:-43.51741,Muniz,-22.92478370666504,-43.51740646362305,topic_concert_venue,NOISE,"ambiguous single word, no clear referent"
overture:Mônica Festas e Foods:-22.96279:-43.35288,Mônica Festas e Foods,-22.962791442871094,-43.352882385253906,topic_concert_venue,NOISE,party/catering business
overture:NBA House:-22.89602:-43.18166,NBA House,-22.896015167236328,-43.18165588378906,topic_concert_venue,NOISE,private themed business
overture:NG Festas de Realengo:-22.86403:-43.44264,NG Festas de Realengo,-22.864025115966797,-43.44264221191406,topic_concert_venue,NOISE,party rental venue
overture:Na Casa da Bete:-22.84008:-43.26675,Na Casa da Bete,-22.84008026123047,-43.26675033569336,topic_concert_venue,NOISE,personal home nickname
overture:Na Praia12 - Recreio:-23.03028:-43.47147,Na Praia12 - Recreio,-23.030284881591797,-43.471466064453125,topic_concert_venue,NOISE,private beachside business
overture:NaMedida - Puc-Rio:-22.97950:-43.23299,NaMedida - Puc-Rio,-22.979503631591797,-43.23299026489258,topic_concert_venue,NOISE,private shop/service business
overture:NamastÊ Alternativo:-22.87094:-43.45015,NamastÊ Alternativo,-22.870939254760742,-43.45014953613281,topic_concert_venue,NOISE,private wellness/therapy business
overture:Namastê:-22.91513:-43.35474,Namastê,-22.915130615234375,-43.354740142822266,topic_concert_venue,NOISE,private yoga studio
overture:Nathalya Alcantara Beauty Studio:-22.82604:-43.60226,Nathalya Alcantara Beauty Studio,-22.826040267944336,-43.602256774902344,topic_concert_venue,NOISE,private beauty salon
overture:New Wave:-22.89030:-43.56567,New Wave,-22.890300750732422,-43.56566619873047,topic_concert_venue,NOISE,ambiguous private business
overture:NextPro:-23.01024:-43.33441,NextPro,-23.010244369506836,-43.33441162109375,topic_concert_venue,NOISE,ambiguous private business
overture:Night Bus:-23.00100:-43.32856,Night Bus,-23.00100326538086,-43.32856369018555,topic_concert_venue,NOISE,transit/party bus service
overture:Ninique festas:-22.86818:-43.09965,Ninique festas,-22.86817741394043,-43.09965133666992,topic_concert_venue,NOISE,party rental business
overture:Niño de Artes Luiz Mendonça:-22.91309:-43.18297,Niño de Artes Luiz Mendonça,-22.9130916595459,-43.1829719543457,topic_concert_venue,NOISE,private art academy named after person
overture:No Mundo da Bola:-22.91028:-43.18317,No Mundo da Bola,-22.910280227661133,-43.18316650390625,topic_concert_venue,NOISE,private sports business
overture:NoctuRoofTop:-22.99920:-43.40874,NoctuRoofTop,-22.999204635620117,-43.40874481201172,topic_concert_venue,NOISE,private rooftop bar/nightclub
overture:Noites Cariocas:-22.89590:-43.18164,Noites Cariocas,-22.895904541015625,-43.181636810302734,topic_concert_venue,NOISE,private nightlife venue
overture:Nosso Samba:-22.99322:-43.23848,Nosso Samba,-22.993223190307617,-43.23848342895508,topic_concert_venue,NOISE,"private bar/venue, not a heritage institution"
overture:Nosso Sim:-22.87083:-43.29526,Nosso Sim,-22.870830535888672,-43.29526138305664,topic_concert_venue,NOISE,ambiguous private business
overture:Nova Órbita Produções Artísticas:-22.85413:-43.31632,Nova Órbita Produções Artísticas,-22.854129791259766,-43.31631851196289,topic_concert_venue,NOISE,private artistic production company
overture:Nova.York:-22.82170:-43.37710,Nova.York,-22.82170295715332,-43.37710189819336,topic_concert_venue,NOISE,private bar/business with borrowed name
overture:Novidade Shows:-22.86096:-43.45418,Novidade Shows,-22.860963821411133,-43.45418167114258,topic_concert_venue,NOISE,private show/event production business
overture:Novo Espaço- Festas & Eventos:-22.82417:-43.41257,Novo Espaço- Festas & Eventos,-22.824172973632812,-43.41257095336914,topic_concert_venue,NOISE,party rental venue
overture:Novo Som:-22.91781:-43.22750,Novo Som,-22.917810440063477,-43.227500915527344,topic_concert_venue,NOISE,ambiguous private business
overture:Novo Tempo Comendador Soares RJ:-22.74935:-43.48170,Novo Tempo Comendador Soares RJ,-22.749353408813477,-43.4817008972168,topic_concert_venue,NOISE,modern church branch
overture:Novos Bambas do Velho Samba:-22.91335:-43.18148,Novos Bambas do Velho Samba,-22.913352966308594,-43.18148422241211,topic_concert_venue,NOISE,"informal samba gathering group, not heritage institution"
overture:Nuaa Festas:-22.84257:-43.28493,Nuaa Festas,-22.84256935119629,-43.28492736816406,topic_concert_venue,NOISE,party rental venue
overture:Nó da Dança:-22.92095:-43.21751,Nó da Dança,-22.92095184326172,-43.21751022338867,topic_concert_venue,NOISE,private dance school
overture:Núcleo IDEA:-22.76124:-43.45827,Núcleo IDEA,-22.761240005493164,-43.45827102661133,topic_concert_venue,NOISE,private institute/business
overture:Núcleo Terapeutico Unindo Corações :-22.95608:-43.20164,Núcleo Terapeutico Unindo Corações ,-22.956083297729492,-43.20164108276367,topic_concert_venue,NOISE,private therapy clinic
overture:Núcleo de Artes Leblon:-22.97954:-43.22243,Núcleo de Artes Leblon,-22.979536056518555,-43.22243118286133,topic_concert_venue,NOISE,private art school
overture:O Altar:-22.91210:-43.52290,O Altar,-22.9121036529541,-43.52290344238281,topic_concert_venue,NOISE,"ambiguous single reference, no clear referent"
overture:O Corcunda De Notre Dame:-22.97506:-43.22841,O Corcunda De Notre Dame,-22.975055694580078,-43.22841262817383,topic_concert_venue,NOISE,private bar/restaurant with borrowed name
overture:O Rancho do sapê:-22.84582:-43.79195,O Rancho do sapê,-22.845823287963867,-43.79194641113281,topic_concert_venue,NOISE,farm/ranch with no documented heritage
overture:O Reino da Gataria:-23.00121:-43.34890,O Reino da Gataria,-23.00121307373047,-43.34889602661133,topic_concert_venue,NOISE,private themed business
overture:OLugar Arte Contemporânea:-22.90102:-43.20303,OLugar Arte Contemporânea,-22.901020050048828,-43.203033447265625,topic_concert_venue,NOISE,"private art gallery, not established museum"
overture:OMO OBA:-22.76766:-43.59132,OMO OBA,-22.767658233642578,-43.5913200378418,topic_concert_venue,NOISE,ambiguous private religious/business space
overture:Ocupação Manuel Congo:-22.91039:-43.17687,Ocupação Manuel Congo,-22.91039276123047,-43.1768684387207,topic_concert_venue,NOISE,"residential housing occupation, not a heritage tourist site"
overture:Opção Festa:-22.74999:-43.39120,Opção Festa,-22.74998664855957,-43.391197204589844,topic_concert_venue,NOISE,private party event
overture:Ordem dos Músicos do Brasil:-22.90787:-43.17543,Ordem dos Músicos do Brasil,-22.90787124633789,-43.1754264831543,topic_concert_venue,NOISE,"professional association office, not a tourist POI"
overture:Orquestra Católica do Rio de Janeiro:-22.86715:-43.46487,Orquestra Católica do Rio de Janeiro,-22.86715316772461,-43.464866638183594,topic_concert_venue,NOISE,"musical organization office, not a visitable heritage site"
overture:Orquestra Petrobrás Sinfônica:-22.93974:-43.18042,Orquestra Petrobrás Sinfônica,-22.93974494934082,-43.180419921875,topic_concert_venue,NOISE,orchestra organization office
overture:Orquestra Sinfônica Brasileira:-22.90456:-43.17757,Orquestra Sinfônica Brasileira,-22.904560089111328,-43.17757034301758,topic_concert_venue,NOISE,orchestra organization office
overture:Oxi Geniu's Academia:-22.91371:-43.54272,Oxi Geniu's Academia,-22.91370964050293,-43.54271697998047,topic_concert_venue,NOISE,private gym
overture:P9 Lounge:-22.85099:-43.24566,P9 Lounge,-22.850990295410156,-43.245662689208984,topic_concert_venue,NOISE,private bar/lounge
overture:PARA SHOWS:-22.97871:-43.33918,PARA SHOWS,-22.97870635986328,-43.33917999267578,topic_concert_venue,NOISE,private show venue business
overture:PS Festas:-22.88861:-43.43845,PS Festas,-22.88861083984375,-43.438446044921875,topic_concert_venue,NOISE,party rental business
overture:Pagode 4 Linhas:-22.86444:-43.36447,Pagode 4 Linhas,-22.864444732666016,-43.36446762084961,topic_concert_venue,NOISE,private pagode bar
overture:Pagode 40 Graus:-22.89226:-43.30804,Pagode 40 Graus,-22.892263412475586,-43.308040618896484,topic_concert_venue,NOISE,private pagode bar
overture:Pagode Da Praça Do Galo Cdd:-22.94993:-43.36117,Pagode Da Praça Do Galo Cdd,-22.94993019104004,-43.36117172241211,topic_concert_venue,NOISE,informal pagode event at a square
overture:Pagode Do Trabalhador:-22.82421:-43.34548,Pagode Do Trabalhador,-22.824209213256836,-43.34547805786133,topic_concert_venue,NOISE,private pagode bar
overture:Pagode Show de Bola:-22.88037:-43.29639,Pagode Show de Bola,-22.880374908447266,-43.296390533447266,topic_concert_venue,NOISE,private pagode/sports bar
overture:Pagode da Ligação:-22.80344:-43.32220,Pagode da Ligação,-22.803436279296875,-43.32220458984375,topic_concert_venue,NOISE,private pagode bar
overture:Pagode de Lei:-22.88233:-43.26403,Pagode de Lei,-22.8823299407959,-43.26403045654297,topic_concert_venue,NOISE,private pagode bar
overture:Pagode do Batuta:-22.89362:-43.29534,Pagode do Batuta,-22.89362335205078,-43.29534149169922,topic_concert_venue,NOISE,private pagode bar
overture:Pagodin da Lú:-22.99111:-43.25056,Pagodin da Lú,-22.991111755371094,-43.25056076049805,topic_concert_venue,NOISE,private pagode bar
overture:Paiol do Alto:-22.97393:-43.28490,Paiol do Alto,-22.973926544189453,-43.28489685058594,topic_concert_venue,NOISE,private bar/venue
overture:Palace Hall:-22.88562:-43.55776,Palace Hall,-22.885622024536133,-43.55775833129883,topic_concert_venue,NOISE,private event hall
overture:Palestra:-22.86120:-43.34518,Palestra,-22.861204147338867,-43.345184326171875,topic_concert_venue,NOISE,"ambiguous single word, no clear referent"
overture:Palmeiras da Ilha Eventos:-23.00833:-43.53867,Palmeiras da Ilha Eventos,-23.008333206176758,-43.538673400878906,topic_concert_venue,NOISE,party rental venue
overture:Palácio Maçônico do Lavradio:-22.91051:-43.18281,Palácio Maçônico do Lavradio,-22.910512924194336,-43.18281173706055,topic_concert_venue,CULTURAL,historic Masonic Palace building in Centro
overture:Parada 330:-22.82100:-43.33144,Parada 330,-22.821002960205078,-43.33143615722656,topic_concert_venue,NOISE,generic bus stop/transit marker
overture:Parada Obrigatória:-22.76415:-43.36697,Parada Obrigatória,-22.7641544342041,-43.366966247558594,topic_concert_venue,NOISE,ambiguous private bar name
overture:Parque Criativo:-22.92781:-43.17370,Parque Criativo,-22.927810668945312,-43.17369842529297,topic_concert_venue,NOISE,ambiguous private business
overture:Parque Itamaraty Eventos:-22.96212:-43.27422,Parque Itamaraty Eventos,-22.962120056152344,-43.27421569824219,topic_concert_venue,NOISE,private events park
overture:Parque de Eventos Cabuçu:-22.78043:-43.54649,Parque de Eventos Cabuçu,-22.780431747436523,-43.54648971557617,topic_concert_venue,NOISE,private events park
overture:Patota de Cosme:-22.90618:-43.18164,Patota de Cosme,-22.90618324279785,-43.181636810302734,topic_concert_venue,NOISE,"informal social group, not a fixed POI"
overture:Patronato Festas e Eventos:-22.76363:-43.43939,Patronato Festas e Eventos,-22.76363182067871,-43.439388275146484,topic_concert_venue,NOISE,party rental venue
overture:Paulu's Festas e Eventos:-22.77432:-43.35346,Paulu's Festas e Eventos,-22.774316787719727,-43.35346221923828,topic_concert_venue,NOISE,party rental venue
overture:Piscina Festas de Bonsucesso - RJ:-22.86047:-43.25412,Piscina Festas de Bonsucesso - RJ,-22.8604736328125,-43.25412368774414,topic_concert_venue,NOISE,private pool party venue
overture:Pistão De BANGU:-22.87837:-43.46484,Pistão De BANGU,-22.87837028503418,-43.46483612060547,topic_concert_venue,NOISE,ambiguous private reference
overture:Pizza Da Praça:-22.86949:-43.25925,Pizza Da Praça,-22.869489669799805,-43.259246826171875,topic_concert_venue,NOISE,private pizza restaurant
overture:Plana - Performance e Treinamento Esportivo:-22.92243:-43.26411,Plana - Performance e Treinamento Esportivo,-22.92243003845215,-43.26410675048828,topic_concert_venue,NOISE,private sports training business
overture:Planeta Infantil:-22.82674:-43.27564,Planeta Infantil,-22.826736450195312,-43.275638580322266,topic_concert_venue,NOISE,private children's entertainment business
overture:Pontal Lucce:-22.83144:-43.27405,Pontal Lucce,-22.83144187927246,-43.274051666259766,topic_concert_venue,NOISE,residential development name
overture:Pontal do Guity:-22.89478:-43.45308,Pontal do Guity,-22.894777297973633,-43.45307540893555,topic_concert_venue,NOISE,private venue with personal nickname
overture:Ponto De Cultura Samba Teresa:-22.89420:-43.28885,Ponto De Cultura Samba Teresa,-22.894195556640625,-43.288848876953125,topic_concert_venue,CULTURAL,official Ponto de Cultura community cultural center
overture:Pool Party -Festa na Piscina:-22.83144:-43.40393,Pool Party -Festa na Piscina,-22.83144187927246,-43.4039306640625,topic_concert_venue,NOISE,private pool party venue
overture:Pop Ciencia:-22.90812:-43.23089,Pop Ciencia,-22.908117294311523,-43.230892181396484,topic_concert_venue,NOISE,private science outreach business
"overture:Porto do Rio de Janeiro, Armazém 24.:-22.89166:-43.21445","Porto do Rio de Janeiro, Armazém 24.",-22.89166259765625,-43.21445083618164,topic_concert_venue,CULTURAL,historic port warehouse (Porto Maravilha heritage zone)
overture:Portão Lá de Casa 2025:-22.89183:-43.43716,Portão Lá de Casa 2025,-22.891830444335938,-43.43716049194336,topic_concert_venue,NOISE,private house party listing
overture:Pra Falar de Amor:-22.90241:-43.10034,Pra Falar de Amor,-22.90241050720215,-43.100341796875,topic_concert_venue,NOISE,ambiguous private bar/event name
overture:Praça Inhangá Copacabana:-22.96602:-43.18147,Praça Inhangá Copacabana,-22.966018676757812,-43.18147277832031,topic_concert_venue,CULTURAL,historic public square in Copacabana
overture:Praça Paulo Da Portela Madureira:-22.86993:-43.49866,Praça Paulo Da Portela Madureira,-22.86992835998535,-43.4986572265625,topic_concert_venue,CULTURAL,public square honoring samba pioneer Paulo da Portela
overture:Projac - Central Globo de Produções:-23.00255:-43.30944,Projac - Central Globo de Produções,-23.00255012512207,-43.3094367980957,topic_concert_venue,NOISE,private TV production studio complex
overture:Projeto Secreto:-23.00837:-43.29552,Projeto Secreto,-23.008373260498047,-43.2955207824707,topic_concert_venue,NOISE,ambiguous private business name
overture:Projeto Vozes e Cores:-22.91169:-43.23640,Projeto Vozes e Cores,-22.91168975830078,-43.23639678955078,topic_concert_venue,NOISE,social/cultural project with no fixed heritage site
overture:Psicologo Lemuel Gonçalves:-22.86909:-43.64397,Psicologo Lemuel Gonçalves,-22.86909294128418,-43.64397048950195,topic_concert_venue,NOISE,private psychologist practice
overture:Puro Luxo:-22.98186:-43.24065,Puro Luxo,-22.981863021850586,-43.24065017700195,topic_concert_venue,NOISE,ambiguous private business
"overture:Pólen - Inovação, Empreendedorismo e Internacionalização:-22.86653:-43.25371","Pólen - Inovação, Empreendedorismo e Internacionalização",-22.866533279418945,-43.25371170043945,topic_concert_venue,NOISE,private innovation/business hub
overture:Quadra Da Unidos De Padre Miguel:-22.87079:-43.44744,Quadra Da Unidos De Padre Miguel,-22.870786666870117,-43.447444915771484,topic_concert_venue,CULTURAL,rehearsal quadra of Unidos de Padre Miguel samba school
overture:Quadra Do Manguerinha:-22.80542:-43.40034,Quadra Do Manguerinha,-22.805416107177734,-43.40034484863281,topic_concert_venue,CULTURAL,samba school rehearsal quadra (Manguerinha)
overture:Quadra da Escola de Samba Grande Rio:-22.79199:-43.31019,Quadra da Escola de Samba Grande Rio,-22.7919864654541,-43.31018829345703,topic_concert_venue,CULTURAL,rehearsal quadra of Grande Rio samba school
overture:Quadra do Salgueiro:-22.92143:-43.24425,Quadra do Salgueiro,-22.921428680419922,-43.2442512512207,topic_concert_venue,CULTURAL,rehearsal quadra of Salgueiro samba school
overture:Quadrilha Junina Explosão:-22.91893:-43.53823,Quadrilha Junina Explosão,-22.918930053710938,-43.538230895996094,topic_concert_venue,NOISE,informal recurring quadrilha junina event group
overture:Qualistage:-22.98295:-43.36262,Qualistage,-22.98295021057129,-43.36262130737305,topic_concert_venue,NOISE,private commercial event venue
overture:Quarto Andar:-22.90390:-43.18172,Quarto Andar,-22.903900146484375,-43.18172073364258,topic_concert_venue,NOISE,real estate business
overture:Queen Party Eventos:-22.84426:-43.31734,Queen Party Eventos,-22.844263076782227,-43.31734085083008,topic_concert_venue,NOISE,party rental business
"overture:Quem fez, fez:-22.97274:-43.38673","Quem fez, fez",-22.972740173339844,-43.3867301940918,topic_concert_venue,NOISE,ambiguous private business phrase
overture:Quilombo de Irajá:-22.84754:-43.32512,Quilombo de Irajá,-22.84754180908203,-43.32511901855469,topic_concert_venue,CULTURAL,historic Afro-Brazilian quilombo heritage community
overture:Quinta De Luxo:-22.91670:-43.61655,Quinta De Luxo,-22.916698455810547,-43.616546630859375,topic_concert_venue,NOISE,private event/residential venue
overture:Quinta do Ninho:-22.99624:-43.50790,Quinta do Ninho,-22.996240615844727,-43.507896423339844,topic_concert_venue,NOISE,private event/residential venue
overture:Quinta dos Covardes:-22.91051:-43.18565,Quinta dos Covardes,-22.91050910949707,-43.185646057128906,topic_concert_venue,NOISE,private venue with odd name
overture:Quintal da Casa:-22.97737:-43.46081,Quintal da Casa,-22.977373123168945,-43.460811614990234,topic_concert_venue,NOISE,private backyard venue
overture:Quintal de Madureira:-22.86645:-43.34445,Quintal de Madureira,-22.866445541381836,-43.34444808959961,topic_concert_venue,NOISE,private/informal venue
overture:Quintal do Jazz:-22.91406:-43.25083,Quintal do Jazz,-22.9140625,-43.250831604003906,topic_concert_venue,NOISE,private jazz bar
overture:Quintal do Terreiro RJ:-22.88483:-43.43692,Quintal do Terreiro RJ,-22.884830474853516,-43.43691635131836,topic_concert_venue,NOISE,private religious backyard venue
overture:Quintal dos Xarás:-22.84944:-43.37749,Quintal dos Xarás,-22.849443435668945,-43.37749099731445,topic_concert_venue,NOISE,private venue with personal nickname
overture:Quintal festas:-22.79687:-43.33120,Quintal festas,-22.796873092651367,-43.33120346069336,topic_concert_venue,NOISE,party rental venue
overture:Quintaldojeito:-22.93411:-43.68932,Quintaldojeito,-22.934110641479492,-43.68932342529297,topic_concert_venue,NOISE,ambiguous private business
overture:Quintaneja Universitária:-22.92127:-43.52767,Quintaneja Universitária,-22.9212703704834,-43.527671813964844,topic_concert_venue,NOISE,student housing/republic
overture:Quiosque área de lazer:-22.77128:-43.38101,Quiosque área de lazer,-22.771284103393555,-43.381011962890625,topic_concert_venue,NOISE,generic leisure kiosk
overture:R&D Espaço 556:-22.84883:-43.33284,R&D Espaço 556,-22.848833084106445,-43.33284378051758,topic_concert_venue,NOISE,generic private events space
overture:RIO Sunset:-22.92351:-43.22598,RIO Sunset,-22.923513412475586,-43.225982666015625,topic_concert_venue,NOISE,private rooftop bar
overture:Rampa de Voo Livre Pedra Bonita:-22.91670:-43.40070,Rampa de Voo Livre Pedra Bonita,-22.91670036315918,-43.40070343017578,topic_concert_venue,NATURAL,hang-gliding ramp at Pedra Bonita natural landmark
"overture:Rampa, Lugar de Criação:-22.98164:-43.19478","Rampa, Lugar de Criação",-22.981639862060547,-43.19478225708008,topic_concert_venue,NOISE,ambiguous private creative business
overture:Rancho Curva do Rio:-22.81236:-43.73695,Rancho Curva do Rio,-22.812360763549805,-43.73694610595703,topic_concert_venue,NOISE,farm/ranch with no documented heritage
overture:Rancho DOS Pequenos:-22.80855:-43.74217,Rancho DOS Pequenos,-22.808547973632812,-43.74216842651367,topic_concert_venue,NOISE,farm/ranch with no documented heritage
overture:Rancho Da Mina Sta Cruz:-22.92804:-43.68462,Rancho Da Mina Sta Cruz,-22.928043365478516,-43.68461608886719,topic_concert_venue,NOISE,private religious terreiro venue
overture:Rancho M.R:-22.93686:-43.31800,Rancho M.R,-22.936857223510742,-43.3180046081543,topic_concert_venue,NOISE,farm/ranch with no documented heritage
overture:Reallity:-22.79231:-43.36505,Reallity,-22.792306900024414,-43.36505126953125,topic_concert_venue,NOISE,ambiguous private business
overture:Rebolation • A Festa:-22.91319:-43.18111,Rebolation • A Festa,-22.913190841674805,-43.18111038208008,topic_concert_venue,NOISE,private party event
overture:Recanto Bela Flor:-22.98890:-43.53632,Recanto Bela Flor,-22.988903045654297,-43.53631591796875,topic_concert_venue,NOISE,private retreat venue
overture:Recanto D'Maria Festas e Eventos:-22.91994:-43.51417,Recanto D'Maria Festas e Eventos,-22.919940948486328,-43.5141716003418,topic_concert_venue,NOISE,party rental venue
overture:Recanto Da Tradição Rio De Janeiro:-22.88417:-43.29578,Recanto Da Tradição Rio De Janeiro,-22.884170532226562,-43.295780181884766,topic_concert_venue,NOISE,ambiguous private venue
overture:Recanto Das Palmeiras Santa Cruz Rj:-22.89661:-43.67783,Recanto Das Palmeiras Santa Cruz Rj,-22.896608352661133,-43.67782974243164,topic_concert_venue,NOISE,residential/private venue
overture:Recanto das Pedras:-22.88127:-43.76504,Recanto das Pedras,-22.88127326965332,-43.76504135131836,topic_concert_venue,NOISE,private venue with personal nickname
overture:Recanto do Barão:-22.91630:-43.19250,Recanto do Barão,-22.916303634643555,-43.1925048828125,topic_concert_venue,NOISE,private venue with personal nickname
overture:Recanto do Guerreiro:-22.88225:-43.60535,Recanto do Guerreiro,-22.882251739501953,-43.60535430908203,topic_concert_venue,NOISE,private venue with personal nickname
overture:Recanto do Sonhos - Salão de Festas & Eventos:-22.92317:-43.61952,Recanto do Sonhos - Salão de Festas & Eventos,-22.923168182373047,-43.6195182800293,topic_concert_venue,NOISE,party rental hall (Salão de Festas)
overture:Recanto do Vale:-22.96502:-43.58937,Recanto do Vale,-22.965023040771484,-43.5893669128418,topic_concert_venue,NOISE,private venue with personal nickname
overture:Recanto dos Olivais:-22.86890:-43.34624,Recanto dos Olivais,-22.868900299072266,-43.34624481201172,topic_concert_venue,NOISE,residential/private venue
overture:Recanto dos Tintureiros:-22.88072:-43.47268,Recanto dos Tintureiros,-22.88071632385254,-43.47268295288086,topic_concert_venue,NOISE,private venue with personal nickname
overture:Recife Recepções:-22.75268:-43.49737,Recife Recepções,-22.7526798248291,-43.49736785888672,topic_concert_venue,NOISE,private event reception business
overture:Rede Educativa UFF - Niterói:-22.89694:-43.12548,Rede Educativa UFF - Niterói,-22.896940231323242,-43.12548065185547,topic_concert_venue,NOISE,university administrative/educational network office
overture:Reluar Festas:-22.79444:-43.39822,Reluar Festas,-22.794443130493164,-43.398216247558594,topic_concert_venue,NOISE,party rental venue
overture:Resenha Top:-22.89233:-43.41795,Resenha Top,-22.892330169677734,-43.417945861816406,topic_concert_venue,NOISE,ambiguous private bar/hangout
overture:Resenha do Jony:-22.87697:-43.33725,Resenha do Jony,-22.87696647644043,-43.337249755859375,topic_concert_venue,NOISE,private hangout with personal nickname
overture:Resenhô festas e eventos:-22.76800:-43.38584,Resenhô festas e eventos,-22.76799774169922,-43.38583755493164,topic_concert_venue,NOISE,party rental venue
overture:Reserva One Eventos:-23.01118:-43.43767,Reserva One Eventos,-23.011180877685547,-43.43767166137695,topic_concert_venue,NOISE,party rental venue
overture:Reserva de Marapendi:-23.00942:-43.43689,Reserva de Marapendi,-23.009416580200195,-43.4368896484375,topic_concert_venue,NATURAL,Marapendi ecological reserve
overture:Restaurante Rancho Oeste RJ:-22.98552:-43.46011,Restaurante Rancho Oeste RJ,-22.98552131652832,-43.460113525390625,topic_concert_venue,NOISE,private restaurant
overture:Reveillon Ribalta:-22.99924:-43.40926,Reveillon Ribalta,-22.999244689941406,-43.409263610839844,topic_concert_venue,NOISE,New Year event at a private venue
overture:Reveillon do Morro:-22.95131:-43.18059,Reveillon do Morro,-22.951313018798828,-43.18059158325195,topic_concert_venue,NOISE,"New Year event name, not the hill itself"
overture:Ribalta - Barra da Tijuca:-22.96703:-43.64261,Ribalta - Barra da Tijuca,-22.96702766418457,-43.642608642578125,topic_concert_venue,NOISE,private nightclub/event venue
overture:Rio Beer Rock Festival:-22.92660:-43.23515,Rio Beer Rock Festival,-22.926599502563477,-43.235145568847656,topic_concert_venue,NOISE,"recurring festival event, not a fixed heritage POI"
overture:Rio Bossa Club:-22.97540:-43.18850,Rio Bossa Club,-22.975400924682617,-43.188499450683594,topic_concert_venue,NOISE,"private nightclub, not a historic club"
overture:Rio Carnaval:-22.90238:-43.18404,Rio Carnaval,-22.90238380432129,-43.18404006958008,topic_concert_venue,NOISE,"ambiguous generic reference, no clear POI"
overture:Rio Centro - Pavilhão 5:-22.96505:-43.17993,Rio Centro - Pavilhão 5,-22.96505355834961,-43.179931640625,topic_concert_venue,NOISE,modern convention center pavilion
overture:Rio Coliseum:-22.90606:-43.18119,Rio Coliseum,-22.906063079833984,-43.181190490722656,topic_concert_venue,NOISE,private event/concert venue
overture:Rio Da Prata Campo Grande:-22.92103:-43.53312,Rio Da Prata Campo Grande,-22.921030044555664,-43.533119201660156,topic_concert_venue,NOISE,ambiguous private restaurant/venue
overture:Rio De Janeiro I RJ:-22.89933:-43.20900,Rio De Janeiro I RJ,-22.899330139160156,-43.20900344848633,topic_concert_venue,NOISE,sounds like an apartment building/condo name
overture:Rio Exxperience:-22.90313:-43.19936,Rio Exxperience,-22.903127670288086,-43.19935989379883,topic_concert_venue,NOISE,generic tour/business name
overture:Rio Sampa:-22.91423:-43.20647,Rio Sampa,-22.914234161376953,-43.20646667480469,topic_concert_venue,NOISE,ambiguous business name
overture:Rio Sampa - RJ:-22.82418:-43.32194,Rio Sampa - RJ,-22.824180603027344,-43.32194137573242,topic_concert_venue,NOISE,ambiguous business name
overture:Rio Sporting Sunset:-22.98896:-43.36632,Rio Sporting Sunset,-22.988964080810547,-43.36631774902344,topic_concert_venue,NOISE,sounds like residential/condo development
overture:Rio Zona Sul:-22.95740:-43.19435,Rio Zona Sul,-22.9574031829834,-43.19435119628906,topic_concert_venue,NOISE,supermarket chain business
overture:Rio a Seus Pés:-22.93420:-43.23262,Rio a Seus Pés,-22.934200286865234,-43.23262405395508,topic_concert_venue,NOISE,ambiguous generic name
overture:Rio jogos:-22.91639:-43.37733,Rio jogos,-22.916393280029297,-43.37732696533203,topic_concert_venue,NOISE,"ambiguous, no clear referent"
overture:Rio2C:-22.99905:-43.36604,Rio2C,-22.99905014038086,-43.36604309082031,topic_concert_venue,NOISE,private events/conference business
overture:Ritz Social Club:-22.97719:-43.18952,Ritz Social Club,-22.97719383239746,-43.189517974853516,topic_concert_venue,NOISE,"unverified generic social club, no documented heritage"
overture:Roda Cultural do Méier:-22.90019:-43.28121,Roda Cultural do Méier,-22.900190353393555,-43.281211853027344,topic_concert_venue,NOISE,"informal recurring community gathering, not a fixed institution"
overture:Roda de Samba do Grupo Clareou:-22.89257:-43.34914,Roda de Samba do Grupo Clareou,-22.89257049560547,-43.34913635253906,topic_concert_venue,NOISE,"informal samba gathering, not a heritage site"
overture:Rodizio Lescamar:-22.78554:-43.30775,Rodizio Lescamar,-22.785537719726562,-43.30774688720703,topic_concert_venue,NOISE,restaurant business
overture:Rokh.rio:-23.00878:-43.29161,Rokh.rio,-23.0087833404541,-43.29161071777344,topic_concert_venue,NOISE,ambiguous business name
overture:Rose Figueiredo Terapeuta:-22.78572:-43.31017,Rose Figueiredo Terapeuta,-22.785720825195312,-43.31017303466797,topic_concert_venue,NOISE,private therapy clinic
overture:Rotary Club RJ Grajau:-22.92266:-43.22562,Rotary Club RJ Grajau,-22.922657012939453,-43.225624084472656,topic_concert_venue,NOISE,"private service club, not cultural heritage"
overture:Rua Leandro Mota:-22.90429:-43.10195,Rua Leandro Mota,-22.904285430908203,-43.101951599121094,topic_concert_venue,NOISE,bare street name
overture:Rua Nova Forever:-22.97372:-43.33361,Rua Nova Forever,-22.973716735839844,-43.3336067199707,topic_concert_venue,NOISE,"ambiguous, no clear referent"
overture:Rua Nóbrega:-22.90314:-43.10391,Rua Nóbrega,-22.90313720703125,-43.103912353515625,topic_concert_venue,NOISE,bare street name
overture:Rua do Monte:-22.89777:-43.19078,Rua do Monte,-22.897768020629883,-43.19078063964844,topic_concert_venue,NOISE,bare street name
overture:Rádio Solimões Ltda:-22.75393:-43.44997,Rádio Solimões Ltda,-22.753934860229492,-43.44996643066406,topic_concert_venue,NOISE,private radio station business
overture:Réveillon Amor Carioca:-22.96998:-43.28067,Réveillon Amor Carioca,-22.96997833251953,-43.28067398071289,topic_concert_venue,NOISE,temporary New Year's Eve event/business
overture:Réveillon Cheers:-22.95380:-43.17701,Réveillon Cheers,-22.953798294067383,-43.1770133972168,topic_concert_venue,NOISE,bar New Year's Eve event
overture:SALÃO De FESTA:-22.89462:-43.25618,SALÃO De FESTA,-22.894620895385742,-43.25617599487305,topic_concert_venue,NOISE,generic party rental hall
overture:SITÍO 3 Nascentes:-22.86334:-43.24039,SITÍO 3 Nascentes,-22.863340377807617,-43.240386962890625,topic_concert_venue,NOISE,farm/sítio with no documented heritage
overture:Sacadura 154:-22.89738:-43.18659,Sacadura 154,-22.897382736206055,-43.186588287353516,topic_concert_venue,NOISE,bare address
overture:Sai de Baixo Center:-22.88580:-43.46645,Sai de Baixo Center,-22.88580322265625,-43.466453552246094,topic_concert_venue,NOISE,ambiguous shopping/business center
overture:Sala Cultural Mestra Joana Cavalcante:-22.89510:-43.57402,Sala Cultural Mestra Joana Cavalcante,-22.895103454589844,-43.57402038574219,topic_concert_venue,CULTURAL,named cultural academy honoring a cultural mestra with real programming
overture:Sala Marília Pêra:-22.98092:-43.22281,Sala Marília Pêra,-22.980924606323242,-43.222808837890625,topic_concert_venue,CULTURAL,named theater hall honoring famous actress
overture:Salao De FESTA GAP:-22.86269:-43.29288,Salao De FESTA GAP,-22.86269187927246,-43.29288101196289,topic_concert_venue,NOISE,generic party rental hall
overture:Salao Enkontrus:-22.88025:-43.48323,Salao Enkontrus,-22.880250930786133,-43.48322677612305,topic_concert_venue,NOISE,generic party rental hall
overture:Salao Espaço girassol:-22.84579:-43.60806,Salao Espaço girassol,-22.84579086303711,-43.608062744140625,topic_concert_venue,NOISE,generic party rental hall
overture:Salao de Festas:-22.76377:-43.43835,Salao de Festas,-22.763769149780273,-43.43834686279297,topic_concert_venue,NOISE,generic party rental hall
overture:Salao de Festas Versailles:-22.88617:-43.57985,Salao de Festas Versailles,-22.886167526245117,-43.57985305786133,topic_concert_venue,NOISE,generic party rental hall
overture:Salaõ de Festas VIP:-22.98934:-43.45570,Salaõ de Festas VIP,-22.989341735839844,-43.4556999206543,topic_concert_venue,NOISE,generic party rental hall
overture:Salgueiro Histórico:-22.92198:-43.24410,Salgueiro Histórico,-22.92198371887207,-43.24409866333008,topic_concert_venue,CULTURAL,historic Salgueiro samba school with real cultural standing
overture:SalÂO Sollar:-22.91238:-43.60493,SalÂO Sollar,-22.912378311157227,-43.60493469238281,topic_concert_venue,NOISE,generic party rental hall
overture:Salão 1290 Festas e Eventos:-22.88677:-43.58923,Salão 1290 Festas e Eventos,-22.88677215576172,-43.5892333984375,topic_concert_venue,NOISE,generic party rental hall
overture:Salão 5 Estrelas:-22.86061:-43.46569,Salão 5 Estrelas,-22.860612869262695,-43.46569061279297,topic_concert_venue,NOISE,generic party rental hall
overture:Salão Castelo das Festas:-22.82742:-43.30283,Salão Castelo das Festas,-22.827423095703125,-43.302833557128906,topic_concert_venue,NOISE,generic party rental hall
overture:Salão De Festas Espaço França:-22.75357:-43.51830,Salão De Festas Espaço França,-22.75357437133789,-43.5182991027832,topic_concert_venue,NOISE,generic party rental hall
overture:Salão De Festas Espaço Rosa:-22.89940:-43.53924,Salão De Festas Espaço Rosa,-22.89940071105957,-43.539241790771484,topic_concert_venue,NOISE,generic party rental hall
overture:Salão De Festas Espaço Silva:-22.86232:-43.49082,Salão De Festas Espaço Silva,-22.862319946289062,-43.49081802368164,topic_concert_venue,NOISE,generic party rental hall
overture:Salão De Festas e Eventos : Seu Dia De Estrela:-22.89769:-43.19668,Salão De Festas e Eventos : Seu Dia De Estrela,-22.897687911987305,-43.19668197631836,topic_concert_venue,NOISE,generic party rental hall
overture:Salão Espaço Tudo é Festa:-22.79460:-43.32119,Salão Espaço Tudo é Festa,-22.794599533081055,-43.321189880371094,topic_concert_venue,NOISE,generic party rental hall
overture:Salão Festas Sol Nascente:-22.88263:-43.41670,Salão Festas Sol Nascente,-22.88262939453125,-43.41670227050781,topic_concert_venue,NOISE,generic party rental hall
overture:Salão Karapa Festa:-22.82631:-43.31073,Salão Karapa Festa,-22.826313018798828,-43.310726165771484,topic_concert_venue,NOISE,generic party rental hall
overture:Salão Panteras:-22.83636:-43.30567,Salão Panteras,-22.836360931396484,-43.30567169189453,topic_concert_venue,NOISE,generic party rental hall
overture:Salão Quintal di Casa:-22.86735:-43.52486,Salão Quintal di Casa,-22.867353439331055,-43.52485656738281,topic_concert_venue,NOISE,generic party rental hall
overture:Salão Raio de Sol:-22.86983:-43.48152,Salão Raio de Sol,-22.86983299255371,-43.48152160644531,topic_concert_venue,NOISE,generic party rental hall
overture:Salão Realize:-22.86935:-43.67509,Salão Realize,-22.869354248046875,-43.675086975097656,topic_concert_venue,NOISE,generic party rental hall
overture:Salão Skulashow:-22.89338:-43.43458,Salão Skulashow,-22.893381118774414,-43.4345817565918,topic_concert_venue,NOISE,generic party rental hall
overture:Salão Top Festa:-22.77063:-43.52826,Salão Top Festa,-22.770633697509766,-43.52825927734375,topic_concert_venue,NOISE,generic party rental hall
overture:Salão Três corações:-22.89202:-43.48876,Salão Três corações,-22.89202117919922,-43.48876190185547,topic_concert_venue,NOISE,generic party rental hall
overture:Salão Verde:-22.80613:-43.36322,Salão Verde,-22.806129455566406,-43.36322021484375,topic_concert_venue,NOISE,generic party rental hall
overture:Salão Victória's Festas:-22.74799:-43.38621,Salão Victória's Festas,-22.74799346923828,-43.38621139526367,topic_concert_venue,NOISE,generic party rental hall
overture:Salão de Festa:-22.82116:-43.17292,Salão de Festa,-22.821163177490234,-43.172916412353516,topic_concert_venue,NOISE,generic party rental hall
overture:Salão de Festa Casa Amarela:-22.78775:-43.36250,Salão de Festa Casa Amarela,-22.787750244140625,-43.36249542236328,topic_concert_venue,NOISE,generic party rental hall
overture:Salão de Festa Imperador:-22.87503:-43.41198,Salão de Festa Imperador,-22.875028610229492,-43.411983489990234,topic_concert_venue,NOISE,generic party rental hall
overture:Salão de Festa Mix:-22.83565:-43.35132,Salão de Festa Mix,-22.835649490356445,-43.351318359375,topic_concert_venue,NOISE,generic party rental hall
overture:Salão de Festa Oficina:-22.83447:-43.34670,Salão de Festa Oficina,-22.8344669342041,-43.34669876098633,topic_concert_venue,NOISE,generic party rental hall
overture:Salão de Festas - Espaço Realce:-22.87432:-43.58369,Salão de Festas - Espaço Realce,-22.87432289123535,-43.58368682861328,topic_concert_venue,NOISE,generic party rental hall
overture:Salão de Festas - Ramos:-22.85889:-43.26215,Salão de Festas - Ramos,-22.858890533447266,-43.26215362548828,topic_concert_venue,NOISE,generic party rental hall
overture:Salão de Festas Be Happy:-22.92191:-43.66243,Salão de Festas Be Happy,-22.921913146972656,-43.66242599487305,topic_concert_venue,NOISE,generic party rental hall
overture:Salão de Festas Casa Branca:-22.95175:-43.60313,Salão de Festas Casa Branca,-22.951753616333008,-43.603126525878906,topic_concert_venue,NOISE,generic party rental hall
overture:Salão de Festas Casa Fiorio:-22.88252:-43.49960,Salão de Festas Casa Fiorio,-22.882522583007812,-43.49959945678711,topic_concert_venue,NOISE,generic party rental hall
overture:Salão de Festas Dom Bosco:-22.89549:-43.25836,Salão de Festas Dom Bosco,-22.895488739013672,-43.25836181640625,topic_concert_venue,NOISE,generic party rental hall
overture:Salão de Festas Dream of Party:-22.75765:-43.47194,Salão de Festas Dream of Party,-22.757646560668945,-43.47194290161133,topic_concert_venue,NOISE,generic party rental hall
overture:Salão de Festas Eliane:-22.95076:-43.59668,Salão de Festas Eliane,-22.95075798034668,-43.596675872802734,topic_concert_venue,NOISE,generic party rental hall
overture:Salão de Festas Espaço Decora:-22.97075:-43.33485,Salão de Festas Espaço Decora,-22.970746994018555,-43.33485412597656,topic_concert_venue,NOISE,generic party rental hall
overture:Salão de Festas Espaço Fenix:-22.76330:-43.43307,Salão de Festas Espaço Fenix,-22.763296127319336,-43.43307113647461,topic_concert_venue,NOISE,generic party rental hall
overture:Salão de Festas Fortaleza:-22.85383:-43.48938,Salão de Festas Fortaleza,-22.853832244873047,-43.489383697509766,topic_concert_venue,NOISE,generic party rental hall
overture:Salão de Festas Giselle e Ágatha:-22.85124:-43.36589,Salão de Festas Giselle e Ágatha,-22.851240158081055,-43.36588668823242,topic_concert_venue,NOISE,generic party rental hall
overture:Salão de Festas Glória:-22.87051:-43.41813,Salão de Festas Glória,-22.870513916015625,-43.418128967285156,topic_concert_venue,NOISE,generic party rental hall
overture:Salão de Festas Gold Star:-22.87312:-43.40987,Salão de Festas Gold Star,-22.873123168945312,-43.40987014770508,topic_concert_venue,NOISE,generic party rental hall
overture:Salão de Festas Green Garden:-22.86932:-43.25732,Salão de Festas Green Garden,-22.869321823120117,-43.257320404052734,topic_concert_venue,NOISE,generic party rental hall
overture:Salão de Festas Jeane Piquet:-22.86643:-43.43740,Salão de Festas Jeane Piquet,-22.86643409729004,-43.43740463256836,topic_concert_venue,NOISE,generic party rental hall
overture:Salão de Festas L.M ou Salão da Janaina:-22.90955:-43.53296,Salão de Festas L.M ou Salão da Janaina,-22.9095516204834,-43.532958984375,topic_concert_venue,NOISE,generic party rental hall
overture:Salão de Festas Lírios:-22.84844:-43.37690,Salão de Festas Lírios,-22.848440170288086,-43.37690353393555,topic_concert_venue,NOISE,generic party rental hall
overture:Salão de Festas NJ:-22.91456:-43.67990,Salão de Festas NJ,-22.914560317993164,-43.679901123046875,topic_concert_venue,NOISE,generic party rental hall
overture:Salão de Festas Neves:-22.89393:-43.44201,Salão de Festas Neves,-22.893930435180664,-43.44200897216797,topic_concert_venue,NOISE,generic party rental hall
overture:Salão de Festas Oficina da Alegria:-22.80584:-43.36026,Salão de Festas Oficina da Alegria,-22.805843353271484,-43.360260009765625,topic_concert_venue,NOISE,generic party rental hall
overture:Salão de Festas PEGE:-22.88699:-43.41368,Salão de Festas PEGE,-22.88698959350586,-43.41367721557617,topic_concert_venue,NOISE,generic party rental hall
"overture:Salão de Festas Paraty,  Foto e Filmagem.:-22.80816:-43.36043","Salão de Festas Paraty,  Foto e Filmagem.",-22.80816078186035,-43.36043167114258,topic_concert_venue,NOISE,generic party rental hall with photo service
overture:Salão de Festas Pimentinha:-22.89558:-43.60561,Salão de Festas Pimentinha,-22.895578384399414,-43.60560607910156,topic_concert_venue,NOISE,generic party rental hall
overture:Salão de Festas Regina:-22.91442:-43.64103,Salão de Festas Regina,-22.914419174194336,-43.64103317260742,topic_concert_venue,NOISE,generic party rental hall
overture:Salão de Festas Stylus:-22.77871:-43.30838,Salão de Festas Stylus,-22.778705596923828,-43.308380126953125,topic_concert_venue,NOISE,generic party rental hall
overture:Salão de Festas Vera Cruz :-22.92411:-43.63818,Salão de Festas Vera Cruz ,-22.924108505249023,-43.63818359375,topic_concert_venue,NOISE,generic party rental hall
overture:Salão de Festas Vitória:-22.76578:-43.41074,Salão de Festas Vitória,-22.765783309936523,-43.410743713378906,topic_concert_venue,NOISE,generic party rental hall
overture:Salão de Festas do Cacá:-22.91519:-43.63184,Salão de Festas do Cacá,-22.915193557739258,-43.63184356689453,topic_concert_venue,NOISE,generic party rental hall
overture:Salão de Festas e Eventos - CTIR:-22.89624:-43.54649,Salão de Festas e Eventos - CTIR,-22.896240234375,-43.546485900878906,topic_concert_venue,NOISE,generic party rental hall
overture:Salão de Festas e Eventos Esperança:-22.93130:-43.66851,Salão de Festas e Eventos Esperança,-22.931303024291992,-43.66851043701172,topic_concert_venue,NOISE,generic party rental hall
overture:Salão de Festas e Eventos na Brisa:-22.97940:-43.66792,Salão de Festas e Eventos na Brisa,-22.97940444946289,-43.66791915893555,topic_concert_venue,NOISE,generic party rental hall
"overture:Salão de Festas: ""Bomba Festas"":-22.78570:-43.40389","Salão de Festas: ""Bomba Festas""",-22.78569984436035,-43.40388870239258,topic_concert_venue,NOISE,generic party rental hall
overture:Salão de festa Realizando Sonhos:-22.97201:-43.64017,Salão de festa Realizando Sonhos,-22.972013473510742,-43.64017105102539,topic_concert_venue,NOISE,generic party rental hall
overture:Salão de festa do Celio.:-22.90189:-43.20193,Salão de festa do Celio.,-22.901893615722656,-43.20193099975586,topic_concert_venue,NOISE,personal-name party hall
overture:Salão de festas Hora de Brincar:-22.77946:-43.29375,Salão de festas Hora de Brincar,-22.779455184936523,-43.29374694824219,topic_concert_venue,NOISE,generic party rental hall
overture:Salão de festas Opção.:-22.86429:-43.45722,Salão de festas Opção.,-22.864286422729492,-43.45722198486328,topic_concert_venue,NOISE,generic party rental hall
overture:Salão de festas espaço fac:-22.95124:-43.68075,Salão de festas espaço fac,-22.95124053955078,-43.68075180053711,topic_concert_venue,NOISE,generic party rental hall
overture:Salão do Edy:-22.91700:-43.28384,Salão do Edy,-22.917003631591797,-43.283836364746094,topic_concert_venue,NOISE,personal-name party hall
overture:Salão do Nem:-22.90752:-43.65579,Salão do Nem,-22.907520294189453,-43.655792236328125,topic_concert_venue,NOISE,personal-name party hall
overture:Salão dos Felix:-22.87071:-43.25521,Salão dos Felix,-22.870712280273438,-43.25521469116211,topic_concert_venue,NOISE,personal-name party hall
overture:Salão espeço Jambeiro:-22.88007:-43.37044,Salão espeço Jambeiro,-22.88007354736328,-43.37044143676758,topic_concert_venue,NOISE,generic party rental hall
overture:Samba D' Maria:-22.89784:-43.27311,Samba D' Maria,-22.897842407226562,-43.27311325073242,topic_concert_venue,NOISE,private bar/venue name
overture:Samba Do Bolete:-22.88527:-43.56219,Samba Do Bolete,-22.885272979736328,-43.56219482421875,topic_concert_venue,NOISE,private bar/venue name
overture:Samba Duro:-22.88483:-43.43692,Samba Duro,-22.884830474853516,-43.43691635131836,topic_concert_venue,NOISE,private bar/venue name
overture:Samba Galeria:-22.99631:-43.25951,Samba Galeria,-22.996313095092773,-43.2595100402832,topic_concert_venue,NOISE,private bar/venue name
overture:Samba In Favela:-22.98214:-43.21538,Samba In Favela,-22.98213768005371,-43.21537780761719,topic_concert_venue,NOISE,tourist samba show business
overture:Samba da Alforria:-22.92160:-43.26148,Samba da Alforria,-22.921598434448242,-43.26148223876953,topic_concert_venue,NOISE,informal samba gathering
overture:Samba das Laranjeiras:-22.93820:-43.19491,Samba das Laranjeiras,-22.93819808959961,-43.19491195678711,topic_concert_venue,NOISE,informal samba gathering
overture:Samba do Amigo Meu:-22.82556:-43.16936,Samba do Amigo Meu,-22.825557708740234,-43.16936111450195,topic_concert_venue,NOISE,informal samba gathering
overture:Samba do Pechincha:-22.93136:-43.35919,Samba do Pechincha,-22.931360244750977,-43.35919189453125,topic_concert_venue,NOISE,informal samba gathering
overture:Samba do Senado:-22.90882:-43.18251,Samba do Senado,-22.908823013305664,-43.18251037597656,topic_concert_venue,NOISE,informal samba gathering
overture:Samba do Tijolinho 2:-22.93108:-43.20404,Samba do Tijolinho 2,-22.93108367919922,-43.204036712646484,topic_concert_venue,NOISE,informal samba gathering
overture:Samba dos Amigos:-22.86530:-43.10072,Samba dos Amigos,-22.86530113220215,-43.1007194519043,topic_concert_venue,NOISE,informal samba gathering
overture:Samba nas Laranjeiras:-22.93594:-43.19106,Samba nas Laranjeiras,-22.935935974121094,-43.19105529785156,topic_concert_venue,NOISE,informal samba gathering
overture:Samba no Quintal:-22.84515:-43.26184,Samba no Quintal,-22.845151901245117,-43.261837005615234,topic_concert_venue,NOISE,informal samba gathering
overture:Sambadromo:-22.97485:-43.18774,Sambadromo,-22.974849700927734,-43.18773651123047,topic_concert_venue,CULTURAL,iconic Niemeyer-designed Carnival parade landmark
overture:Sambatv:-22.79679:-43.19310,Sambatv,-22.796785354614258,-43.19309616088867,topic_concert_venue,NOISE,ambiguous media business name
overture:Sambinha da Mangueira:-22.90332:-43.24081,Sambinha da Mangueira,-22.9033203125,-43.240806579589844,topic_concert_venue,NOISE,informal samba gathering
overture:Sambinha do Corcovado:-22.94128:-43.20531,Sambinha do Corcovado,-22.941280364990234,-43.20530700683594,topic_concert_venue,NOISE,informal samba gathering
overture:Sandra Werneck Buffet:-22.92449:-43.25481,Sandra Werneck Buffet,-22.924488067626953,-43.25481033325195,topic_concert_venue,NOISE,private catering business
"overture:Santa Teresa, Largo Das Neves:-22.91716:-43.19015","Santa Teresa, Largo Das Neves",-22.91716194152832,-43.19015121459961,topic_concert_venue,CULTURAL,historic bohemian square in Santa Teresa
overture:Santhorini Hall RJ:-22.96627:-43.64517,Santhorini Hall RJ,-22.96627426147461,-43.645172119140625,topic_concert_venue,NOISE,private event hall business
overture:Santo Samba RJ:-22.92218:-43.18703,Santo Samba RJ,-22.92218017578125,-43.18703079223633,topic_concert_venue,NOISE,informal samba/business name
overture:Santuário de Seu Zé Pelintra:-22.91403:-43.18018,Santuário de Seu Zé Pelintra,-22.914026260375977,-43.180179595947266,topic_concert_venue,NOISE,"informal folk shrine, no documented heritage status"
overture:Sapatinho's Salão de Festas:-22.87653:-43.36665,Sapatinho's Salão de Festas,-22.87652587890625,-43.36664962768555,topic_concert_venue,NOISE,generic party rental hall
overture:Sardinhada do Rocha:-22.89685:-43.25285,Sardinhada do Rocha,-22.8968505859375,-43.252845764160156,topic_concert_venue,NOISE,informal food party event
overture:Scala Rio:-22.90909:-43.17722,Scala Rio,-22.909086227416992,-43.177215576171875,topic_concert_venue,NOISE,private event venue business
overture:Segue O Baile:-22.88844:-43.11470,Segue O Baile,-22.888442993164062,-43.11470031738281,topic_concert_venue,NOISE,informal party/event
overture:Segunda SEM Limite - Fuzzion CLUB:-22.89206:-43.57397,Segunda SEM Limite - Fuzzion CLUB,-22.892061233520508,-43.573974609375,topic_concert_venue,NOISE,private nightclub business
overture:Segunda Sem Lei:-22.82980:-43.31934,Segunda Sem Lei,-22.829803466796875,-43.3193359375,topic_concert_venue,NOISE,informal party/event
overture:Seleção Brasileira a Festa:-22.97865:-43.23022,Seleção Brasileira a Festa,-22.978652954101562,-43.23021697998047,topic_concert_venue,NOISE,informal party/event
overture:Selini Pub:-22.88752:-43.27631,Selini Pub,-22.887523651123047,-43.27630615234375,topic_concert_venue,NOISE,private pub/bar
overture:Sem Simpatia:-22.78445:-43.32289,Sem Simpatia,-22.78445053100586,-43.3228874206543,topic_concert_venue,NOISE,"ambiguous, no clear referent"
overture:Sereno Copa:-22.96377:-43.18151,Sereno Copa,-22.96376609802246,-43.181514739990234,topic_concert_venue,NOISE,private bar/restaurant name
overture:Seriguela Garden:-22.87652:-43.45003,Seriguela Garden,-22.87652015686035,-43.45003128051758,topic_concert_venue,NOISE,private event venue business
overture:Sertanejo Palace Hall:-22.93161:-43.55552,Sertanejo Palace Hall,-22.931608200073242,-43.55551528930664,topic_concert_venue,NOISE,private event hall business
overture:Sesc São João de Meriti:-22.80391:-43.36728,Sesc São João de Meriti,-22.803913116455078,-43.36727523803711,topic_concert_venue,CULTURAL,Sesc cultural center with real programming
overture:Sexta Firme:-22.84923:-43.35054,Sexta Firme,-22.849233627319336,-43.35054016113281,topic_concert_venue,NOISE,informal party/event
overture:Sextas Intenções:-22.87802:-43.42131,Sextas Intenções,-22.878023147583008,-43.42131042480469,topic_concert_venue,NOISE,informal party/event
overture:Shelter Eventos - Casa de Festas:-22.75713:-43.43575,Shelter Eventos - Casa de Festas,-22.75712776184082,-43.435752868652344,topic_concert_venue,NOISE,private event hall business
overture:Show Biju de Campo Grande:-22.90205:-43.55978,Show Biju de Campo Grande,-22.902050018310547,-43.559776306152344,topic_concert_venue,NOISE,informal show/event
overture:Show da Ivete no Rio - Tour Madison:-22.97367:-43.39382,Show da Ivete no Rio - Tour Madison,-22.97367286682129,-43.393821716308594,topic_concert_venue,NOISE,touring concert event
overture:Show de Bola:-22.88107:-43.29719,Show de Bola,-22.881071090698242,-43.29718780517578,topic_concert_venue,NOISE,informal show/event
overture:Shows Olaria:-22.84220:-43.26688,Shows Olaria,-22.84220314025879,-43.266876220703125,topic_concert_venue,NOISE,informal show/event
overture:Shrek O Musical:-22.90602:-43.18226,Shrek O Musical,-22.906021118164062,-43.18225860595703,topic_concert_venue,NOISE,touring commercial musical show
overture:Sidônio Paes - Cascadura:-22.87861:-43.31926,Sidônio Paes - Cascadura,-22.87860870361328,-43.31925964355469,topic_concert_venue,NOISE,ambiguous street/person name
overture:Silvana nunes:-22.76415:-43.44064,Silvana nunes,-22.764148712158203,-43.440643310546875,topic_concert_venue,NOISE,"personal name, no clear referent"
overture:Sitio Arena Nordeste:-22.87536:-43.63237,Sitio Arena Nordeste,-22.875356674194336,-43.63236999511719,topic_concert_venue,NOISE,farm/sítio with no documented heritage
overture:Sitio Balbinos:-22.86184:-43.67757,Sitio Balbinos,-22.86184310913086,-43.67757034301758,topic_concert_venue,NOISE,farm/sítio with no documented heritage
overture:Sitio Belo Vale :-22.97119:-43.53731,Sitio Belo Vale ,-22.971193313598633,-43.53731155395508,topic_concert_venue,NOISE,farm/sítio with no documented heritage
overture:Sitio Brilhante:-22.97702:-43.66503,Sitio Brilhante,-22.977020263671875,-43.66503143310547,topic_concert_venue,NOISE,farm/sítio with no documented heritage
overture:Sitio Do Miguel:-22.87186:-43.53653,Sitio Do Miguel,-22.871858596801758,-43.536529541015625,topic_concert_venue,NOISE,farm/sítio with no documented heritage
overture:Sitio Esmeralda:-22.93633:-43.55388,Sitio Esmeralda,-22.936325073242188,-43.55388259887695,topic_concert_venue,NOISE,farm/sítio with no documented heritage
overture:Sitio Pedaço Do Paraiso - Vargem Grande:-22.99275:-43.50629,Sitio Pedaço Do Paraiso - Vargem Grande,-22.99275016784668,-43.506290435791016,topic_concert_venue,NOISE,farm/sítio with no documented heritage
overture:Sitio Raio de Sol:-22.83658:-43.28205,Sitio Raio de Sol,-22.836584091186523,-43.282047271728516,topic_concert_venue,NOISE,farm/sítio with no documented heritage
overture:Sitio Realize:-22.80367:-43.37490,Sitio Realize,-22.80367088317871,-43.37490463256836,topic_concert_venue,NOISE,farm/sítio with no documented heritage
overture:Sitio Saavedra:-22.88854:-43.37020,Sitio Saavedra,-22.88854217529297,-43.370201110839844,topic_concert_venue,NOISE,farm/sítio with no documented heritage
overture:Sitio das Palmeiras:-22.91840:-43.43452,Sitio das Palmeiras,-22.91840362548828,-43.43452072143555,topic_concert_venue,NOISE,farm/sítio with no documented heritage
overture:Sitio do Boi:-22.97390:-43.64812,Sitio do Boi,-22.97390365600586,-43.64812088012695,topic_concert_venue,NOISE,farm/sítio with no documented heritage
overture:Sitio do Mendanha:-22.85500:-43.46484,Sitio do Mendanha,-22.854997634887695,-43.46484375,topic_concert_venue,NOISE,farm/sítio with no documented heritage
overture:Sitiokasarao:-22.90800:-43.19751,Sitiokasarao,-22.908000946044922,-43.197505950927734,topic_concert_venue,NOISE,"ambiguous, no clear referent"
overture:Soccer show  guadalupe:-22.83657:-43.38402,Soccer show  guadalupe,-22.836570739746094,-43.3840217590332,topic_concert_venue,NOISE,informal show/event
overture:Social REI DELAS:-22.78739:-43.31310,Social REI DELAS,-22.787389755249023,-43.31309509277344,topic_concert_venue,NOISE,private business/event name
overture:Solar Ouro Preto:-22.94594:-43.18454,Solar Ouro Preto,-22.945940017700195,-43.18454360961914,topic_concert_venue,NOISE,"likely residential condo name, no documented heritage"
overture:Solar das Heras:-22.97242:-43.61499,Solar das Heras,-22.972423553466797,-43.614990234375,topic_concert_venue,NOISE,"likely residential condo name, no documented heritage"
overture:Solar do Porto:-22.90158:-43.18549,Solar do Porto,-22.90158462524414,-43.18549346923828,topic_concert_venue,NOISE,"likely residential condo name, no documented heritage"
overture:Solução Eventos:-22.76007:-43.47066,Solução Eventos,-22.760072708129883,-43.47065734863281,topic_concert_venue,NOISE,private events business
overture:Sonho tão Real:-22.90375:-43.27819,Sonho tão Real,-22.90375328063965,-43.2781867980957,topic_concert_venue,NOISE,"ambiguous, no clear referent"
overture:Space B.:-22.76259:-43.48642,Space B.,-22.762590408325195,-43.48642349243164,topic_concert_venue,NOISE,ambiguous private business
overture:Spariam na Babilônia Feira Hype:-22.97042:-43.22439,Spariam na Babilônia Feira Hype,-22.97041893005371,-43.224388122558594,topic_concert_venue,NOISE,"trendy market event, not heritage"
overture:Start It Up:-22.90294:-43.17772,Start It Up,-22.902936935424805,-43.1777229309082,topic_concert_venue,NOISE,private business/startup
overture:Studio Furiati:-22.98249:-43.19090,Studio Furiati,-22.982494354248047,-43.190895080566406,topic_concert_venue,NOISE,private photo studio business
overture:Studio Grazy Sousa:-22.87357:-43.23954,Studio Grazy Sousa,-22.873573303222656,-43.239540100097656,topic_concert_venue,NOISE,private studio business
overture:Studio Impactor:-22.75550:-43.46373,Studio Impactor,-22.75550079345703,-43.46372604370117,topic_concert_venue,NOISE,private studio business
overture:Studio RFS:-22.82271:-43.39501,Studio RFS,-22.82270622253418,-43.3950080871582,topic_concert_venue,NOISE,private studio business
overture:Studio da Nonna:-22.91195:-43.61587,Studio da Nonna,-22.91195297241211,-43.61587142944336,topic_concert_venue,NOISE,private studio/restaurant business
overture:Sítio 3 amigos:-22.84422:-43.25940,Sítio 3 amigos,-22.844221115112305,-43.2593994140625,topic_concert_venue,NOISE,farm/sítio with no documented heritage
overture:Sítio 300:-22.92430:-43.33794,Sítio 300,-22.924299240112305,-43.33794403076172,topic_concert_venue,NOISE,farm/sítio with no documented heritage
overture:Sítio Ares da Serra:-22.95616:-43.67998,Sítio Ares da Serra,-22.95616340637207,-43.67997741699219,topic_concert_venue,NOISE,farm/sítio with no documented heritage
overture:Sítio Calciolândia:-22.91259:-43.51976,Sítio Calciolândia,-22.91259002685547,-43.51976013183594,topic_concert_venue,NOISE,farm/sítio with no documented heritage
overture:Sítio Canaã:-22.88771:-43.67793,Sítio Canaã,-22.887712478637695,-43.67792892456055,topic_concert_venue,NOISE,farm/sítio with no documented heritage
overture:Sítio Canto da Paz.:-22.76825:-43.52398,Sítio Canto da Paz.,-22.768245697021484,-43.52397537231445,topic_concert_venue,NOISE,farm/sítio with no documented heritage
overture:Sítio Casarão da Prata:-22.91658:-43.50708,Sítio Casarão da Prata,-22.916580200195312,-43.507076263427734,topic_concert_venue,NOISE,"private event venue, no documented heritage"
overture:Sítio Cores de Ipê:-22.80880:-43.60144,Sítio Cores de Ipê,-22.80880355834961,-43.6014404296875,topic_concert_venue,NOISE,farm/sítio with no documented heritage
overture:Sítio Das Mangueiras:-22.90034:-43.48965,Sítio Das Mangueiras,-22.900339126586914,-43.48965072631836,topic_concert_venue,NOISE,farm/sítio with no documented heritage
overture:Sítio Do Baiaco:-22.91932:-43.52467,Sítio Do Baiaco,-22.919315338134766,-43.52466583251953,topic_concert_venue,NOISE,"unremarkable farm/sítio, no heritage status"
overture:Sítio Dois Irmãos - Colônia:-22.94483:-43.39551,Sítio Dois Irmãos - Colônia,-22.944828033447266,-43.395511627197266,topic_concert_venue,NOISE,"private farm/sítio, no heritage status"
overture:Sítio Dona Rosa:-22.88964:-43.66838,Sítio Dona Rosa,-22.8896427154541,-43.66837692260742,topic_concert_venue,NOISE,"private farm/sítio, no heritage status"
overture:Sítio Duros na Queda:-22.94070:-43.68487,Sítio Duros na Queda,-22.94070053100586,-43.684871673583984,topic_concert_venue,NOISE,"private farm/sítio, no heritage status"
overture:Sítio Encantado:-22.84847:-43.52333,Sítio Encantado,-22.84847068786621,-43.52333068847656,topic_concert_venue,NOISE,"private farm/sítio, no heritage status"
overture:Sítio Espaco Verde Rio da Prata Campo Grande RJ:-22.91202:-43.51691,Sítio Espaco Verde Rio da Prata Campo Grande RJ,-22.912023544311523,-43.51690673828125,topic_concert_venue,NOISE,"private farm/event space, no heritage status"
overture:Sítio Flor da Mata:-22.91740:-43.51746,Sítio Flor da Mata,-22.917400360107422,-43.51746368408203,topic_concert_venue,NOISE,"private farm/sítio, no heritage status"
overture:Sítio Green Garden:-22.84945:-43.48313,Sítio Green Garden,-22.84945297241211,-43.48312759399414,topic_concert_venue,NOISE,"private farm/sítio, no heritage status"
overture:Sítio Haroldo Grande:-22.97019:-43.42125,Sítio Haroldo Grande,-22.970190048217773,-43.4212532043457,topic_concert_venue,NOISE,"private farm/sítio, no heritage status"
overture:Sítio Jambo Rosa:-22.79264:-43.55011,Sítio Jambo Rosa,-22.792638778686523,-43.550113677978516,topic_concert_venue,NOISE,"private farm/sítio, no heritage status"
overture:Sítio Minitour Limaloc:-22.85877:-43.34139,Sítio Minitour Limaloc,-22.8587703704834,-43.341392517089844,topic_concert_venue,NOISE,"private farm/sítio, no heritage status"
overture:Sítio Monte Horebe:-22.96174:-43.39354,Sítio Monte Horebe,-22.96173858642578,-43.39353561401367,topic_concert_venue,NOISE,"private farm/sítio, no heritage status"
overture:Sítio Monte Sião:-22.86103:-43.50266,Sítio Monte Sião,-22.86103057861328,-43.502655029296875,topic_concert_venue,NOISE,"private farm/sítio, no heritage status"
overture:Sítio Paraíso - RJ:-22.93600:-43.66724,Sítio Paraíso - RJ,-22.93600082397461,-43.667240142822266,topic_concert_venue,NOISE,"private farm/sítio, no heritage status"
overture:Sítio Pedacinho do Céu:-22.94169:-43.55572,Sítio Pedacinho do Céu,-22.941686630249023,-43.555721282958984,topic_concert_venue,NOISE,"private farm/sítio, no heritage status"
overture:Sítio Pestana Eventos:-22.95248:-43.56024,Sítio Pestana Eventos,-22.95248031616211,-43.56024169921875,topic_concert_venue,NOISE,private farm turned event-rental venue
overture:Sítio Portal do Vale:-22.90983:-43.27367,Sítio Portal do Vale,-22.90983009338379,-43.2736701965332,topic_concert_venue,NOISE,"private farm/sítio, no heritage status"
overture:Sítio Primavera:-22.91365:-43.38206,Sítio Primavera,-22.913650512695312,-43.38206100463867,topic_concert_venue,NOISE,"private farm/sítio, no heritage status"
overture:Sítio Pôr do Sol:-22.81707:-43.63700,Sítio Pôr do Sol,-22.817068099975586,-43.63700485229492,topic_concert_venue,NOISE,"private farm/sítio, no heritage status"
overture:Sítio Quinta da Lininha - Seropédica:-22.79567:-43.64727,Sítio Quinta da Lininha - Seropédica,-22.795673370361328,-43.64727020263672,topic_concert_venue,NOISE,"private farm/sítio, no heritage status"
overture:Sítio Real Paraíso:-22.82248:-43.60334,Sítio Real Paraíso,-22.82248306274414,-43.60334014892578,topic_concert_venue,NOISE,"private farm/sítio, no heritage status"
overture:Sítio Recanto do Sol:-22.88752:-43.22731,Sítio Recanto do Sol,-22.887523651123047,-43.22731399536133,topic_concert_venue,NOISE,"private farm/sítio, no heritage status"
overture:Sítio Recanto do Sossego:-22.86399:-43.35307,Sítio Recanto do Sossego,-22.863994598388672,-43.35307312011719,topic_concert_venue,NOISE,"private farm/sítio, no heritage status"
overture:Sítio Repouso do Guerreiro:-22.76656:-43.64338,Sítio Repouso do Guerreiro,-22.766563415527344,-43.64338302612305,topic_concert_venue,NOISE,"private farm/sítio, no heritage status"
overture:Sítio Santa Catarina:-22.85641:-43.77401,Sítio Santa Catarina,-22.85641098022461,-43.77400588989258,topic_concert_venue,NOISE,"private farm/sítio, no heritage status"
overture:Sítio Santa Fé:-22.88504:-43.25608,Sítio Santa Fé,-22.88504409790039,-43.25608444213867,topic_concert_venue,NOISE,"private farm/sítio, no heritage status"
overture:Sítio Santa Terezinha:-22.96128:-43.64883,Sítio Santa Terezinha,-22.961280822753906,-43.648834228515625,topic_concert_venue,NOISE,"private farm/sítio, no heritage status"
overture:Sítio Shalom Tinguá/RJ:-22.85373:-43.34235,Sítio Shalom Tinguá/RJ,-22.85373306274414,-43.34235382080078,topic_concert_venue,NOISE,"private farm/sítio, no heritage status"
overture:Sítio Sossego:-22.93893:-43.64635,Sítio Sossego,-22.93893051147461,-43.6463508605957,topic_concert_venue,NOISE,"private farm/sítio, no heritage status"
overture:Sítio São Pedro - Ssp:-22.75111:-43.48327,Sítio São Pedro - Ssp,-22.751113891601562,-43.48326873779297,topic_concert_venue,NOISE,"private farm/sítio, no heritage status"
overture:Sítio TJ:-22.81864:-43.61800,Sítio TJ,-22.818639755249023,-43.61799621582031,topic_concert_venue,NOISE,"private farm/sítio, no heritage status"
overture:Sítio Valdir Bigode:-22.93346:-43.56762,Sítio Valdir Bigode,-22.93345832824707,-43.567623138427734,topic_concert_venue,NOISE,"private farm/sítio, no heritage status"
overture:Sítio Verde Morada:-22.87943:-43.46993,Sítio Verde Morada,-22.879425048828125,-43.46992874145508,topic_concert_venue,NOISE,"private farm/sítio, no heritage status"
overture:Sítio Vida Plena:-22.85904:-43.31106,Sítio Vida Plena,-22.85903549194336,-43.31106185913086,topic_concert_venue,NOISE,"private farm/sítio, no heritage status"
overture:Sítio West Hall:-22.95322:-43.56207,Sítio West Hall,-22.953224182128906,-43.56207275390625,topic_concert_venue,NOISE,private farm turned event-rental hall
overture:Sítio das Pedras:-22.98609:-43.45740,Sítio das Pedras,-22.986093521118164,-43.4573974609375,topic_concert_venue,NOISE,"private farm/sítio, no heritage status"
overture:Sítio do Gugu - Pedra de Guaratiba:-22.91093:-43.54717,Sítio do Gugu - Pedra de Guaratiba,-22.910930633544922,-43.54717254638672,topic_concert_venue,NOISE,"private farm/sítio, no heritage status"
overture:Sítio do Guilherme - Chaperó:-22.81879:-43.75766,Sítio do Guilherme - Chaperó,-22.818790435791016,-43.757659912109375,topic_concert_venue,NOISE,"private farm/sítio, no heritage status"
overture:Sítio do Manolo Festas e Eventos:-22.87291:-43.54644,Sítio do Manolo Festas e Eventos,-22.87291145324707,-43.54643630981445,topic_concert_venue,NOISE,private party-rental farm venue
overture:Sítio do Pontal:-23.02352:-43.51938,Sítio do Pontal,-23.023523330688477,-43.519378662109375,topic_concert_venue,NOISE,"private farm/sítio, no heritage status"
overture:Sítio do Toquinho:-22.89834:-43.44551,Sítio do Toquinho,-22.898338317871094,-43.44551467895508,topic_concert_venue,NOISE,"private farm/sítio, no heritage status"
overture:TERTU's Espaço de festas:-22.87011:-43.56388,TERTU's Espaço de festas,-22.870113372802734,-43.563880920410156,topic_concert_venue,NOISE,generic party-rental hall
overture:TEX:-22.98463:-43.22518,TEX,-22.98462677001953,-43.225181579589844,topic_concert_venue,NOISE,"ambiguous single word, no clear referent"
overture:TIM Music Noites Cariocas:-22.95133:-43.18055,TIM Music Noites Cariocas,-22.95132827758789,-43.18054962158203,topic_concert_venue,NOISE,"sponsored event series, not a fixed cultural site"
overture:TOP FEST:-22.85337:-43.48409,TOP FEST,-22.853368759155273,-43.48408508300781,topic_concert_venue,NOISE,generic event-rental business
overture:TOP FESTA:-22.93709:-43.69553,TOP FESTA,-22.937091827392578,-43.695533752441406,topic_concert_venue,NOISE,generic event-rental business
overture:TR  Festa.:-22.80590:-43.44033,TR  Festa.,-22.8059024810791,-43.44032669067383,topic_concert_venue,NOISE,generic party-rental business
overture:Tabernáculo Expressão dos Céus.:-22.99427:-43.25540,Tabernáculo Expressão dos Céus.,-22.994274139404297,-43.255401611328125,topic_concert_venue,NOISE,"small generic evangelical chapel, no heritage significance"
overture:Talarico Show Room:-22.90426:-43.29754,Talarico Show Room,-22.904260635375977,-43.29753875732422,topic_concert_venue,NOISE,private commercial showroom
overture:Tardezinha Prime:-22.90707:-43.50893,Tardezinha Prime,-22.90707015991211,-43.50893020629883,topic_concert_venue,NOISE,private bar/event business
overture:Tarja Preta:-22.85633:-43.34846,Tarja Preta,-22.8563289642334,-43.34845733642578,topic_concert_venue,NOISE,generic bar/business name
overture:Tatiana Lima Provençal:-23.02456:-43.45854,Tatiana Lima Provençal,-23.024560928344727,-43.45854187011719,topic_concert_venue,NOISE,"personal/business name, likely a shop"
overture:Teatro Bangu Shopping:-22.87868:-43.46589,Teatro Bangu Shopping,-22.878684997558594,-43.465885162353516,topic_concert_venue,CULTURAL,real theater venue with programming
overture:Teatro Brigitte Blair:-22.97797:-43.19111,Teatro Brigitte Blair,-22.977968215942383,-43.19111251831055,topic_concert_venue,CULTURAL,real theater venue with programming
overture:Teatro Clara Nunes:-22.96779:-43.23140,Teatro Clara Nunes,-22.967790603637695,-43.23140335083008,topic_concert_venue,CULTURAL,real theater venue with programming
overture:Teatro Dirceu De Mattos:-22.93355:-43.20044,Teatro Dirceu De Mattos,-22.933551788330078,-43.200443267822266,topic_concert_venue,CULTURAL,real theater venue with programming
overture:Teatro Glaucio Rocha:-22.90755:-43.28867,Teatro Glaucio Rocha,-22.907550811767578,-43.288665771484375,topic_concert_venue,CULTURAL,real theater venue with programming
overture:Teatro Ii do Ccbb:-22.90110:-43.17648,Teatro Ii do Ccbb,-22.901100158691406,-43.176483154296875,topic_concert_venue,CULTURAL,"theater within Centro Cultural Banco do Brasil, real programming"
overture:Teatro Iracema de Alencar:-22.93350:-43.35720,Teatro Iracema de Alencar,-22.933502197265625,-43.35719680786133,topic_concert_venue,CULTURAL,real theater venue with programming
overture:Teatro Justiça:-22.91043:-43.17558,Teatro Justiça,-22.910429000854492,-43.17558288574219,topic_concert_venue,CULTURAL,real theater venue with programming
overture:Teatro Municipal Procópio Ferreira:-22.79062:-43.30826,Teatro Municipal Procópio Ferreira,-22.790618896484375,-43.308258056640625,topic_concert_venue,CULTURAL,named theater with real programming
overture:Teatro Popular Oscar Niemeyer:-22.88995:-43.12827,Teatro Popular Oscar Niemeyer,-22.889949798583984,-43.128273010253906,topic_concert_venue,CULTURAL,"Niemeyer-designed public theater, cultural landmark"
overture:Teatro Quality:-22.93818:-43.34793,Teatro Quality,-22.938182830810547,-43.34792709350586,topic_concert_venue,CULTURAL,real theater venue with programming
overture:Teatro Silvio Monteiro:-22.97154:-43.36233,Teatro Silvio Monteiro,-22.971542358398438,-43.362327575683594,topic_concert_venue,CULTURAL,real theater venue with programming
overture:Teatro Tom Jobim:-22.97094:-43.22482,Teatro Tom Jobim,-22.970943450927734,-43.224822998046875,topic_concert_venue,CULTURAL,"notable theater in Jardim Botânico, named for famous composer"
overture:Teatro do Liceu:-22.90725:-43.19314,Teatro do Liceu,-22.907245635986328,-43.193138122558594,topic_concert_venue,CULTURAL,real theater venue with programming
overture:Teatro dos Grandes Atores - Barra da Tijuca:-22.93578:-43.33853,Teatro dos Grandes Atores - Barra da Tijuca,-22.93578338623047,-43.338531494140625,topic_concert_venue,CULTURAL,real theater venue with programming
overture:Telemusic:-22.98615:-43.18975,Telemusic,-22.986154556274414,-43.18974685668945,topic_concert_venue,NOISE,private music retail/business
overture:Telhadão do Tuiuti:-22.89895:-43.23426,Telhadão do Tuiuti,-22.89894676208496,-43.23426055908203,topic_concert_venue,CULTURAL,rehearsal hall of Unidos do Tuiuti samba school
overture:Tempo de Recreio:-22.89616:-43.12412,Tempo de Recreio,-22.896163940429688,-43.12411880493164,topic_concert_venue,NOISE,private children's recreation business
overture:Terapia para mulheres reais:-22.89217:-43.44935,Terapia para mulheres reais,-22.892173767089844,-43.4493522644043,topic_concert_venue,NOISE,private therapy business
overture:Terraço Do Samba:-22.83886:-43.40351,Terraço Do Samba,-22.838863372802734,-43.40351104736328,topic_concert_venue,NOISE,generic bar/rooftop venue name
overture:Terraço Lagoa:-22.97634:-43.21788,Terraço Lagoa,-22.976341247558594,-43.21787643432617,topic_concert_venue,NOISE,private restaurant/bar
overture:Terraço Meso:-22.87327:-43.45728,Terraço Meso,-22.873268127441406,-43.457279205322266,topic_concert_venue,NOISE,private restaurant business
overture:Terreiro da NEGRA Valéria:-22.80566:-43.38625,Terreiro da NEGRA Valéria,-22.805660247802734,-43.386253356933594,topic_concert_venue,CULTURAL,"Afro-Brazilian religious terreiro, cultural/religious site"
overture:Terreirão Samba:-22.90768:-43.19609,Terreirão Samba,-22.907682418823242,-43.19609069824219,topic_concert_venue,CULTURAL,"Terreirão do Samba, historic downtown samba/carnival venue"
"overture:Texugo, o Entregador:-23.02440:-43.48238","Texugo, o Entregador",-23.02440071105957,-43.482383728027344,topic_concert_venue,NOISE,personal/business delivery name
overture:The Choice Rio De Janeiro:-23.00709:-43.31288,The Choice Rio De Janeiro,-23.00709342956543,-43.31288146972656,topic_concert_venue,NOISE,"private business, no clear cultural referent"
overture:The Connect :-22.91813:-43.37883,The Connect ,-22.91813087463379,-43.37882614135742,topic_concert_venue,NOISE,ambiguous private business name
overture:The Forum:-22.98771:-43.48125,The Forum,-22.987714767456055,-43.48125457763672,topic_concert_venue,NOISE,ambiguous private event venue
overture:Theatro Municipal:-22.90836:-43.17729,Theatro Municipal,-22.90835952758789,-43.17729187011719,topic_concert_venue,CULTURAL,"iconic historic municipal theater, major heritage landmark"
overture:Theatro Municipal do Rio de Janeiro:-22.88461:-43.29129,Theatro Municipal do Rio de Janeiro,-22.884613037109375,-43.291290283203125,topic_concert_venue,CULTURAL,"iconic historic municipal theater, major heritage landmark"
overture:Thriller Live Brasil Tour:-22.98312:-43.36269,Thriller Live Brasil Tour,-22.983123779296875,-43.36268615722656,topic_concert_venue,NOISE,"touring show, not a fixed cultural site"
overture:Toca Eventos:-22.91730:-43.22362,Toca Eventos,-22.917299270629883,-43.2236213684082,topic_concert_venue,NOISE,private event-rental business
overture:Toca do Minone:-22.89432:-43.54053,Toca do Minone,-22.894323348999023,-43.540531158447266,topic_concert_venue,NOISE,ambiguous private bar/restaurant
overture:Top of Pestana:-22.97511:-43.18777,Top of Pestana,-22.975112915039062,-43.18777084350586,topic_concert_venue,NOISE,hotel rooftop bar business
overture:Torre Empresarial Rio Sul:-22.95743:-43.17648,Torre Empresarial Rio Sul,-22.95743179321289,-43.176483154296875,topic_concert_venue,NOISE,commercial office tower
overture:Triade Coworking:-22.99321:-43.25528,Triade Coworking,-22.993206024169922,-43.25528335571289,topic_concert_venue,NOISE,private coworking business
overture:Trompete da Hora:-22.90568:-43.17744,Trompete da Hora,-22.905683517456055,-43.17744064331055,topic_concert_venue,NOISE,ambiguous private business name
overture:Tropaseventos:-22.79390:-43.43271,Tropaseventos,-22.79389762878418,-43.432708740234375,topic_concert_venue,NOISE,private event-rental business
overture:Tudo Bem Rio:-22.95074:-43.19173,Tudo Bem Rio,-22.95073890686035,-43.19172668457031,topic_concert_venue,NOISE,ambiguous private business
overture:Tupiniquim:-22.87641:-43.33094,Tupiniquim,-22.876413345336914,-43.330936431884766,topic_concert_venue,NOISE,"ambiguous single word, likely bar/restaurant name"
overture:Turma da Mônica no Mundo do Circo:-22.89729:-43.12864,Turma da Mônica no Mundo do Circo,-22.897287368774414,-43.12864303588867,topic_concert_venue,NOISE,commercial themed circus attraction
overture:Twelve Nights Experience:-22.93518:-43.69894,Twelve Nights Experience,-22.935182571411133,-43.69894027709961,topic_concert_venue,NOISE,private event/experience business
overture:Tô Nem Aí Pra Nada:-22.91934:-43.21366,Tô Nem Aí Pra Nada,-22.919340133666992,-43.213661193847656,topic_concert_venue,NOISE,generic bar/business name
overture:Tô de Boa:-22.95506:-43.33752,Tô de Boa,-22.955055236816406,-43.337520599365234,topic_concert_venue,NOISE,generic bar/business name
overture:Tô na Rua:-22.98095:-43.19717,Tô na Rua,-22.980945587158203,-43.197174072265625,topic_concert_venue,NOISE,generic bar/business name
overture:UFF Espaço Orla:-22.90301:-43.13023,UFF Espaço Orla,-22.90300750732422,-43.13023376464844,topic_concert_venue,NOISE,"generic university waterfront event space, no distinct heritage significance"
overture:Unidos do Viradouro:-22.85907:-43.10450,Unidos do Viradouro,-22.859073638916016,-43.1045036315918,topic_concert_venue,CULTURAL,"historic samba school, cultural institution"
overture:Universibrownie:-22.91130:-43.21278,Universibrownie,-22.911300659179688,-43.21278381347656,topic_concert_venue,NOISE,private bakery business
overture:Vai ter festa.:-22.89041:-43.32263,Vai ter festa.,-22.89040756225586,-43.3226318359375,topic_concert_venue,NOISE,"generic phrase, not a real place"
overture:Valao de Olaria:-22.85189:-43.27707,Valao de Olaria,-22.85188865661621,-43.27707290649414,topic_concert_venue,NATURAL,drainage canal/waterway
overture:Vale Encantado:-22.96719:-43.29590,Vale Encantado,-22.967191696166992,-43.295902252197266,topic_concert_venue,NATURAL,"named valley, geographic landscape feature"
overture:Vale dos Unicórnios Drogados:-22.86598:-43.25156,Vale dos Unicórnios Drogados,-22.86598014831543,-43.25156021118164,topic_concert_venue,NOISE,"joke/meme name, no clear referent"
overture:Valentino's Festas:-23.00018:-43.63592,Valentino's Festas,-23.00017547607422,-43.63591766357422,topic_concert_venue,NOISE,generic party-rental business
overture:Varanda's Lounge:-22.95417:-43.65453,Varanda's Lounge,-22.95417022705078,-43.65453338623047,topic_concert_venue,NOISE,private bar/lounge business
overture:Varandão Dom Leal:-22.79575:-43.42757,Varandão Dom Leal,-22.795753479003906,-43.42756652832031,topic_concert_venue,NOISE,ambiguous private venue name
overture:Venitte Festas:-22.90407:-43.25597,Venitte Festas,-22.904071807861328,-43.2559700012207,topic_concert_venue,NOISE,generic event-rental business
overture:Versailles Festas e Eventos:-22.77271:-43.37356,Versailles Festas e Eventos,-22.772708892822266,-43.37356185913086,topic_concert_venue,NOISE,generic event-rental business
overture:Verão Rio - O Globo:-22.93297:-43.17475,Verão Rio - O Globo,-22.93297004699707,-43.17475128173828,topic_concert_venue,NOISE,"seasonal media-sponsored event, not a fixed site"
overture:Via Apa 36:-22.82136:-43.31187,Via Apa 36,-22.82136344909668,-43.31187057495117,topic_concert_venue,NOISE,bare address-like label
overture:Via Show:-22.79845:-43.35522,Via Show,-22.79845428466797,-43.355220794677734,topic_concert_venue,NOISE,private event-rental business
overture:Viaduto Prefeito Negrão De Lima - Madureira:-22.87663:-43.33543,Viaduto Prefeito Negrão De Lima - Madureira,-22.876630783081055,-43.335426330566406,topic_concert_venue,NOISE,generic transit overpass infrastructure
overture:Viaduto de Madureira:-22.87582:-43.33512,Viaduto de Madureira,-22.875818252563477,-43.33512496948242,topic_concert_venue,NOISE,generic transit overpass infrastructure
overture:Vibe Carioca Eventos:-23.00117:-43.36342,Vibe Carioca Eventos,-23.001171112060547,-43.36341857910156,topic_concert_venue,NOISE,private event-rental business
overture:Victória Casa De festas:-22.83559:-43.27974,Victória Casa De festas,-22.835594177246094,-43.27974319458008,topic_concert_venue,NOISE,generic party-rental hall
overture:Vila Anime:-22.88000:-43.46561,Vila Anime,-22.880002975463867,-43.465614318847656,topic_concert_venue,NOISE,private anime-themed shop
overture:Vila Kennedy Quafá:-22.85285:-43.48424,Vila Kennedy Quafá,-22.85285186767578,-43.4842414855957,topic_concert_venue,NOISE,residential housing complex name
overture:Vila Militar dos Sargentos da Aeronáutica:-22.81419:-43.23801,Vila Militar dos Sargentos da Aeronáutica,-22.814193725585938,-43.238014221191406,topic_concert_venue,NOISE,"military residential housing, not cultural POI"
overture:Vila Mimosa:-22.81298:-43.37740,Vila Mimosa,-22.812976837158203,-43.377403259277344,topic_concert_venue,NOISE,"red-light district area name, not cultural heritage"
overture:Vila das Pitangas Casa de Festas:-22.91964:-43.22641,Vila das Pitangas Casa de Festas,-22.919639587402344,-43.22640609741211,topic_concert_venue,NOISE,generic party-rental hall
overture:Vila do Céu Show:-22.90928:-43.60603,Vila do Céu Show,-22.90928077697754,-43.60603332519531,topic_concert_venue,NOISE,private event-rental venue
overture:Vila Áurea:-22.99595:-43.26017,Vila Áurea,-22.99595069885254,-43.26017379760742,topic_concert_venue,NOISE,residential area name
overture:Vilar Festas:-22.78514:-43.36309,Vilar Festas,-22.785144805908203,-43.363094329833984,topic_concert_venue,NOISE,generic event-rental business
overture:Villa Cecília:-22.97688:-43.27848,Villa Cecília,-22.976879119873047,-43.27848434448242,topic_concert_venue,NOISE,ambiguous residential/venue name
overture:Villa Lounge Festas:-22.88601:-43.36647,Villa Lounge Festas,-22.88600730895996,-43.36647033691406,topic_concert_venue,NOISE,generic event-rental business
overture:Villa Rio Eventos:-22.92798:-43.17552,Villa Rio Eventos,-22.927980422973633,-43.17552185058594,topic_concert_venue,NOISE,generic event-rental business
overture:VillaRio401:-22.99563:-43.27015,VillaRio401,-22.99563217163086,-43.2701530456543,topic_concert_venue,NOISE,residential condo unit label
overture:Village • RJ:-22.97385:-43.22264,Village • RJ,-22.973848342895508,-43.2226448059082,topic_concert_venue,NOISE,ambiguous residential/business name
overture:Vinícius Lava Jato:-22.89216:-43.58186,Vinícius Lava Jato,-22.892160415649414,-43.58185577392578,topic_concert_venue,NOISE,private car wash business
overture:Vision Espaço PARA Eventos:-22.95390:-43.33435,Vision Espaço PARA Eventos,-22.953895568847656,-43.3343505859375,topic_concert_venue,NOISE,generic party-rental hall
overture:Visão TV:-22.87435:-43.27241,Visão TV,-22.87434959411621,-43.27241134643555,topic_concert_venue,NOISE,private electronics/media shop
overture:Vivo Rio:-22.92123:-43.55054,Vivo Rio,-22.92123031616211,-43.55054473876953,topic_concert_venue,CULTURAL,well-known concert/exhibition cultural venue
overture:WV:-22.80652:-43.42596,WV,-22.8065242767334,-43.42596435546875,topic_concert_venue,NOISE,"ambiguous initials, no clear referent"
overture:Walber Gás:-22.88237:-43.31547,Walber Gás,-22.88237190246582,-43.31547164916992,topic_concert_venue,NOISE,private gas delivery business
overture:White Music:-22.79665:-43.29523,White Music,-22.79665184020996,-43.295230865478516,topic_concert_venue,NOISE,private music shop/school business
overture:Workshopplace:-22.90152:-43.18100,Workshopplace,-22.90152359008789,-43.18100357055664,topic_concert_venue,NOISE,private workshop-space business
overture:Ygor - Executivo de Vendas Automotiva:-23.00982:-43.45049,Ygor - Executivo de Vendas Automotiva,-23.009822845458984,-43.45048904418945,topic_concert_venue,NOISE,"personal name, car sales business"
overture:Zags  Eventos:-22.85315:-43.32410,Zags  Eventos,-22.853153228759766,-43.324100494384766,topic_concert_venue,NOISE,generic event-rental business
overture:Zona Oeste:-22.88369:-43.43859,Zona Oeste,-22.88369369506836,-43.438594818115234,topic_concert_venue,NOISE,"broad administrative zone name, not a specific site"
overture:Zurique Festas:-22.80145:-43.18910,Zurique Festas,-22.801450729370117,-43.18910217285156,topic_concert_venue,NOISE,generic event-rental business
overture:casaparisfestas:-22.87812:-43.45144,casaparisfestas,-22.87812042236328,-43.451438903808594,topic_concert_venue,NOISE,private party-rental business
overture:praça km 32:-22.82985:-43.61964,praça km 32,-22.82985496520996,-43.61964416503906,topic_concert_venue,NOISE,"bare kilometer-marker label, no cultural significance"
overture:quintaldadel:-22.93616:-43.67433,quintaldadel,-22.936159133911133,-43.67433166503906,topic_concert_venue,NOISE,"ambiguous single word, no clear referent"
overture:theHouse:-22.85004:-43.34930,theHouse,-22.85003662109375,-43.34929656982422,topic_concert_venue,NOISE,ambiguous private business name
overture:Águas da Prata • RJ:-22.92497:-43.51445,Águas da Prata • RJ,-22.924970626831055,-43.51445007324219,topic_concert_venue,NOISE,ambiguous residential/business name
overture:Área 21 Eventos:-22.79037:-43.18848,Área 21 Eventos,-22.790367126464844,-43.188480377197266,topic_concert_venue,NOISE,generic event-rental business
overture:Época De Glória Feira De Antiguidades e Artes:-22.92008:-43.17052,Época De Glória Feira De Antiguidades e Artes,-22.920080184936523,-43.17052459716797,topic_concert_venue,CULTURAL,"antiques and arts fair, historic market"
overture:𝗖𝗢𝗠𝗣𝗥𝗢 𝗢𝗨𝗥𝗢 𝗥𝗜𝗢:-22.90444:-43.17656,𝗖𝗢𝗠𝗣𝗥𝗢 𝗢𝗨𝗥𝗢 𝗥𝗜𝗢,-22.904436111450195,-43.17655944824219,topic_concert_venue,NOISE,private gold-buying/pawn business
overture:Acueducto Carioca:-22.91260:-43.17985,Acueducto Carioca,-22.91259765625,-43.17985153198242,landmark_and_historical_building,CULTURAL,historic Carioca Aqueduct (Arcos da Lapa)
overture:Adorable Tijuca:-22.93953:-43.24994,Adorable Tijuca,-22.939529418945312,-43.249935150146484,landmark_and_historical_building,NOISE,residential condo development name
overture:Alameda colibris:-22.81650:-43.35398,Alameda colibris,-22.816503524780273,-43.353981018066406,landmark_and_historical_building,NOISE,residential street/condo name
overture:Alaska:-22.98220:-43.23752,Alaska,-22.98219871520996,-43.23752212524414,landmark_and_historical_building,NOISE,"ambiguous single word, no clear referent"
overture:Albany:-22.96449:-43.17756,Albany,-22.964492797851562,-43.17756271362305,landmark_and_historical_building,NOISE,"ambiguous single word, likely condo name"
overture:Alcóolicos Anônimos:-22.92463:-43.24347,Alcóolicos Anônimos,-22.92462730407715,-43.243473052978516,landmark_and_historical_building,NOISE,"AA meeting location, not cultural"
overture:Alfa Barra I:-23.00978:-43.36476,Alfa Barra I,-23.009784698486328,-43.36476135253906,landmark_and_historical_building,NOISE,residential condo
overture:Alfabarra II:-23.00983:-43.36737,Alfabarra II,-23.00982666015625,-43.367374420166016,landmark_and_historical_building,NOISE,residential condo
overture:All Jardim Oceânico:-23.00599:-43.31240,All Jardim Oceânico,-23.0059871673584,-43.31239700317383,landmark_and_historical_building,NOISE,residential condo development
overture:Almirante Calheiros Da Graca:-22.89830:-43.28424,Almirante Calheiros Da Graca,-22.898296356201172,-43.284236907958984,landmark_and_historical_building,NOISE,ambiguous street/name fragment
overture:Almirante Guinlem:-22.98589:-43.21849,Almirante Guinlem,-22.98589324951172,-43.21848678588867,landmark_and_historical_building,NOISE,ambiguous street name fragment
overture:Alphaville:-22.99169:-43.39533,Alphaville,-22.99169158935547,-43.395328521728516,landmark_and_historical_building,NOISE,residential development brand
overture:Alphaville Barra da Tijuca:-23.01191:-43.30858,Alphaville Barra da Tijuca,-23.01190757751465,-43.30857849121094,landmark_and_historical_building,NOISE,residential development
"overture:Alto Do Corcovado, Rio De Janeiro - RJ:-22.95302:-43.21061","Alto Do Corcovado, Rio De Janeiro - RJ",-22.953022003173828,-43.21060562133789,landmark_and_historical_building,NATURAL,hilltop area of Corcovado mountain
overture:Alto Grajau:-22.91962:-43.26421,Alto Grajau,-22.919618606567383,-43.26421356201172,landmark_and_historical_building,NOISE,generic neighborhood/locality name
overture:Alvorada da Barra:-23.00313:-43.43569,Alvorada da Barra,-23.00312614440918,-43.435691833496094,landmark_and_historical_building,NOISE,residential condo scenic name
overture:Amarelinho:-22.82423:-43.33832,Amarelinho,-22.82423210144043,-43.33831787109375,landmark_and_historical_building,NOISE,"ambiguous nickname, likely bar"
overture:Amcrag Guillobel:-22.90521:-43.54246,Amcrag Guillobel,-22.905210494995117,-43.54246139526367,landmark_and_historical_building,NOISE,"ambiguous, likely address/personal name"
overture:America Club Condominium:-22.87661:-43.26614,America Club Condominium,-22.876605987548828,-43.26613998413086,landmark_and_historical_building,NOISE,"residential condo despite ""club"" name"
overture:American Village:-23.00573:-43.48116,American Village,-23.00572967529297,-43.48115539550781,landmark_and_historical_building,NOISE,residential development
overture:Amigos do Ocean Drive -:-23.01009:-43.36896,Amigos do Ocean Drive -,-23.010087966918945,-43.36895751953125,landmark_and_historical_building,NOISE,residents social group name
overture:Amo Cristo Redentor - I Love Christ The Redeemer:-22.96161:-43.27309,Amo Cristo Redentor - I Love Christ The Redeemer,-22.961605072021484,-43.273094177246094,landmark_and_historical_building,NOISE,"fan-page style pin, not at the actual monument site"
overture:Amznwarehouses US:-22.93770:-43.33493,Amznwarehouses US,-22.93769645690918,-43.33492660522461,landmark_and_historical_building,NOISE,commercial warehouse
overture:Amália/Baleares (Urubuzinho):-22.87576:-43.31109,Amália/Baleares (Urubuzinho),-22.875762939453125,-43.31108856201172,landmark_and_historical_building,NOISE,ambiguous street/building names
overture:Ananab Co-Living:-22.93523:-43.19366,Ananab Co-Living,-22.93522834777832,-43.19366455078125,landmark_and_historical_building,NOISE,co-living residential business
overture:Anil Jacarepaguá:-22.95775:-43.33608,Anil Jacarepaguá,-22.957748413085938,-43.336082458496094,landmark_and_historical_building,NOISE,generic neighborhood name
overture:Antiga Casa do Sitio do Picapau Amarelo:-23.04592:-43.55410,Antiga Casa do Sitio do Picapau Amarelo,-23.045921325683594,-43.55409622192383,landmark_and_historical_building,NOISE,"private residence with themed nickname, no documented heritage"
overture:Antonio Salema:-22.92295:-43.24063,Antonio Salema,-22.92294692993164,-43.24062728881836,landmark_and_historical_building,NOISE,ambiguous personal/street name
overture:Ap de Bangu:-22.86931:-43.46148,Ap de Bangu,-22.86931037902832,-43.46147537231445,landmark_and_historical_building,NOISE,personal apartment nickname
overture:Ap-Cdd:-22.95113:-43.35538,Ap-Cdd,-22.951133728027344,-43.355377197265625,landmark_and_historical_building,NOISE,personal apartment abbreviation
overture:Ape Nay e Lipe:-22.81038:-43.32754,Ape Nay e Lipe,-22.810379028320312,-43.32754135131836,landmark_and_historical_building,NOISE,personal apartment nickname
overture:Aperana:-22.98797:-43.22933,Aperana,-22.98797035217285,-43.229331970214844,landmark_and_historical_building,NOISE,"ambiguous single word, no clear referent"
overture:Apogeu Barra:-22.97899:-43.41896,Apogeu Barra,-22.97899055480957,-43.4189567565918,landmark_and_historical_building,NOISE,residential condo
overture:Apolo:-22.94166:-43.17631,Apolo,-22.941661834716797,-43.17631149291992,landmark_and_historical_building,NOISE,"ambiguous single word, likely business"
overture:Apoteose:-22.91307:-43.19578,Apoteose,-22.913070678710938,-43.19578170776367,landmark_and_historical_building,CULTURAL,"Praça da Apoteose, Carnival parade finish monument square"
overture:Apê:-22.98370:-43.20715,Apê,-22.98369789123535,-43.2071533203125,landmark_and_historical_building,NOISE,generic apartment reference
overture:Apê do Ribery:-22.89782:-43.26364,Apê do Ribery,-22.8978214263916,-43.26363754272461,landmark_and_historical_building,NOISE,personal apartment nickname
overture:AquaMarina:-22.76058:-43.45336,AquaMarina,-22.760581970214844,-43.4533576965332,landmark_and_historical_building,NOISE,residential development
overture:Aqueduct Taquara:-22.93625:-43.39985,Aqueduct Taquara,-22.936246871948242,-43.39985275268555,landmark_and_historical_building,NOISE,no documented heritage aqueduct at this location
overture:Aqueduto da Carioca:-22.91260:-43.17985,Aqueduto da Carioca,-22.91259765625,-43.17985153198242,landmark_and_historical_building,CULTURAL,historic Carioca Aqueduct (Arcos da Lapa)
overture:Arco do Teles:-22.86372:-43.37260,Arco do Teles,-22.863719940185547,-43.37260055541992,landmark_and_historical_building,CULTURAL,colonial-era heritage arcade in Centro
overture:Arcos Da Lapa - Vida Boemia Do Rio De Janeiro:-22.91295:-43.18325,Arcos Da Lapa - Vida Boemia Do Rio De Janeiro,-22.912952423095703,-43.18324661254883,landmark_and_historical_building,CULTURAL,historic Lapa Arches aqueduct/monument
overture:Arcos da Lapa:-22.91285:-43.17978,Arcos da Lapa,-22.912853240966797,-43.179779052734375,landmark_and_historical_building,CULTURAL,historic Lapa Arches aqueduct/monument
overture:Areia Branca / São Benedito:-22.93768:-43.68308,Areia Branca / São Benedito,-22.93767547607422,-43.683082580566406,landmark_and_historical_building,NOISE,generic locality/neighborhood name
overture:Arena Camaragibe:-22.92631:-43.23405,Arena Camaragibe,-22.926307678222656,-43.23405075073242,landmark_and_historical_building,NOISE,"local sports facility, not cultural heritage"
overture:Argentão:-22.97880:-43.22690,Argentão,-22.978803634643555,-43.226898193359375,landmark_and_historical_building,NOISE,"ambiguous single word, no clear referent"
overture:Ari-Leão:-22.85112:-43.24670,Ari-Leão,-22.851118087768555,-43.2467041015625,landmark_and_historical_building,NOISE,ambiguous street/personal name
overture:Armazem da Utopia:-22.89419:-43.19883,Armazem da Utopia,-22.894193649291992,-43.19882583618164,landmark_and_historical_building,CULTURAL,"known cultural events venue in converted warehouse, Gamboa"
overture:Arnaldo Eugênio:-22.90994:-43.53205,Arnaldo Eugênio,-22.909942626953125,-43.53205490112305,landmark_and_historical_building,NOISE,ambiguous personal/street name
"overture:Arroio Fundo (vattendrag i Brasilien, Rio de Janeiro):-22.97760:-43.34803","Arroio Fundo (vattendrag i Brasilien, Rio de Janeiro)",-22.97760009765625,-43.34803009033203,landmark_and_historical_building,NATURAL,stream/watercourse
overture:Arroio Tindiba:-22.93262:-43.36539,Arroio Tindiba,-22.9326229095459,-43.36539077758789,landmark_and_historical_building,NATURAL,stream
overture:Arte Studios:-22.96433:-43.40213,Arte Studios,-22.96433448791504,-43.402130126953125,landmark_and_historical_building,NOISE,private studio/apartment business
overture:Arvrão:-22.96528:-43.27637,Arvrão,-22.965280532836914,-43.276371002197266,landmark_and_historical_building,NOISE,"ambiguous single word, no clear referent"
overture:Associacao Condominios e Moradores R Maestro Vila Lobos:-22.92144:-43.21682,Associacao Condominios e Moradores R Maestro Vila Lobos,-22.92144012451172,-43.21681594848633,landmark_and_historical_building,NOISE,condo/residents association
overture:Associação de moradores Village Pavuna:-22.82144:-43.37910,Associação de moradores Village Pavuna,-22.821443557739258,-43.37910079956055,landmark_and_historical_building,NOISE,residents association
overture:Associação dos moradores : Alto Bela Vista:-22.92980:-43.38776,Associação dos moradores : Alto Bela Vista,-22.929800033569336,-43.38775634765625,landmark_and_historical_building,NOISE,residents association
overture:Asé Carmelita:-22.87307:-43.57642,Asé Carmelita,-22.87306785583496,-43.576419830322266,landmark_and_historical_building,NOISE,"private religious house, no documented public heritage"
overture:Atmosfera Condominium Park:-22.91465:-43.22023,Atmosfera Condominium Park,-22.914648056030273,-43.22023010253906,landmark_and_historical_building,NOISE,residential condo
overture:Ausente arrumando a casa face aberto:-22.86169:-43.45425,Ausente arrumando a casa face aberto,-22.86168670654297,-43.454254150390625,landmark_and_historical_building,NOISE,"nonsensical personal status text, not a POI"
"overture:Av Nossa Senhora De Copacabana, 99:-22.96463:-43.17523","Av Nossa Senhora De Copacabana, 99",-22.96463394165039,-43.17523193359375,landmark_and_historical_building,NOISE,bare address
overture:Av.Pastor Martin Luther King Jr n3.275 - Engenho da Rainha:-22.86831:-43.29691,Av.Pastor Martin Luther King Jr n3.275 - Engenho da Rainha,-22.86830711364746,-43.296905517578125,landmark_and_historical_building,NOISE,bare address
overture:Avant Garde:-22.93639:-43.33483,Avant Garde,-22.936391830444336,-43.3348274230957,landmark_and_historical_building,NOISE,ambiguous business/condo name
overture:Avenida Atlantica:-22.96855:-43.17998,Avenida Atlantica,-22.96855354309082,-43.17997741699219,landmark_and_historical_building,NOISE,"street name, generic infrastructure"
overture:Avenida Brasil - Passarela 12:-22.83907:-43.29248,Avenida Brasil - Passarela 12,-22.839073181152344,-43.29248046875,landmark_and_historical_building,NOISE,generic pedestrian overpass infrastructure
overture:Avenida Lineu Paula Machado 1006:-22.96630:-43.21845,Avenida Lineu Paula Machado 1006,-22.96629524230957,-43.218448638916016,landmark_and_historical_building,NOISE,bare address
overture:Avenida Lúcio Costa:-23.00847:-43.32721,Avenida Lúcio Costa,-23.008474349975586,-43.32720947265625,landmark_and_historical_building,NOISE,"street name, generic infrastructure"
overture:Avenida Maracanã:-22.92708:-43.23843,Avenida Maracanã,-22.927078247070312,-43.238426208496094,landmark_and_historical_building,NOISE,street name
overture:Avenida Mergulhao:-22.88220:-43.54956,Avenida Mergulhao,-22.882204055786133,-43.549560546875,landmark_and_historical_building,NOISE,street name
overture:Avenida Sete de Setembro:-22.90346:-43.10078,Avenida Sete de Setembro,-22.903461456298828,-43.10078048706055,landmark_and_historical_building,NOISE,street name
overture:Avenida das Américas:-23.00217:-43.42286,Avenida das Américas,-23.002174377441406,-43.4228630065918,landmark_and_historical_building,NOISE,"street name, generic infrastructure"
overture:Avenida epitacio pessoa 2180:-22.97870:-43.19918,Avenida epitacio pessoa 2180,-22.97869873046875,-43.19917678833008,landmark_and_historical_building,NOISE,bare address
overture:Avenida paranapuã:-22.79558:-43.18064,Avenida paranapuã,-22.795576095581055,-43.180641174316406,landmark_and_historical_building,NOISE,street name
overture:Avignon e Nimes:-22.89768:-43.29738,Avignon e Nimes,-22.897680282592773,-43.29737854003906,landmark_and_historical_building,NOISE,residential building name
overture:Azul Da Cor Do Mar:-23.01952:-43.46740,Azul Da Cor Do Mar,-23.019521713256836,-43.46739959716797,landmark_and_historical_building,NOISE,"residential development, scenic name"
overture:Azul do Mar:-22.88798:-43.36230,Azul do Mar,-22.887981414794922,-43.362300872802734,landmark_and_historical_building,NOISE,residential/business scenic name
overture:BXD CRUEL:-22.78489:-43.37901,BXD CRUEL,-22.784887313842773,-43.379005432128906,landmark_and_historical_building,NOISE,"ambiguous tag/crew name, no documented referent"
overture:Baianas da Estação Primeira de Mangueira:-22.90352:-43.24060,Baianas da Estação Primeira de Mangueira,-22.903520584106445,-43.240596771240234,landmark_and_historical_building,CULTURAL,tribute to the Baianas of the historic Mangueira samba school
overture:Bairro Carioca:-22.89210:-43.24865,Bairro Carioca,-22.8920955657959,-43.248653411865234,landmark_and_historical_building,NOISE,generic neighborhood name
overture:Bairro Carioca Triagem:-22.89464:-43.24667,Bairro Carioca Triagem,-22.894638061523438,-43.24666976928711,landmark_and_historical_building,NOISE,generic neighborhood name
overture:Bairro Da Luz:-22.75885:-43.46981,Bairro Da Luz,-22.758853912353516,-43.469810485839844,landmark_and_historical_building,NOISE,generic neighborhood name
overture:Bairro Higienópolis - RJ:-22.87757:-43.25908,Bairro Higienópolis - RJ,-22.87757110595703,-43.25907897949219,landmark_and_historical_building,NOISE,generic neighborhood name
overture:Bairro Lins:-22.90967:-43.27128,Bairro Lins,-22.909671783447266,-43.27128219604492,landmark_and_historical_building,NOISE,generic neighborhood name
overture:Bairro das Laranjeiras - RJ:-22.93112:-43.17852,Bairro das Laranjeiras - RJ,-22.931121826171875,-43.17851638793945,landmark_and_historical_building,NOISE,generic neighborhood name
overture:Bairro de Inhaúma:-22.87746:-43.28556,Bairro de Inhaúma,-22.877458572387695,-43.28556442260742,landmark_and_historical_building,NOISE,generic neighborhood name
overture:Bairro de Jacarépaguá:-22.93120:-43.35784,Bairro de Jacarépaguá,-22.931198120117188,-43.35783767700195,landmark_and_historical_building,NOISE,generic neighborhood name
overture:Bairro de Realengo:-22.88084:-43.43750,Bairro de Realengo,-22.880836486816406,-43.4375,landmark_and_historical_building,NOISE,generic neighborhood name
overture:Bairro de cascadura:-22.87867:-43.32253,Bairro de cascadura,-22.8786678314209,-43.32252883911133,landmark_and_historical_building,NOISE,generic neighborhood name
overture:Baixada Fluminense:-22.75946:-43.44260,Baixada Fluminense,-22.759458541870117,-43.442596435546875,landmark_and_historical_building,NOISE,"broad regional name, not a specific site"
overture:Balança Mas Não Cai:-22.90707:-43.19412,Balança Mas Não Cai,-22.907072067260742,-43.19411849975586,landmark_and_historical_building,NOISE,"ambiguous phrase, likely bar/nickname"
overture:Bancários Barao 207:-22.90362:-43.34808,Bancários Barao 207,-22.903615951538086,-43.34808349609375,landmark_and_historical_building,NOISE,bare address/apartment
overture:Bancários de Cavalcanti:-22.87385:-43.31065,Bancários de Cavalcanti,-22.873849868774414,-43.31065368652344,landmark_and_historical_building,NOISE,street/neighborhood name
overture:Bangu:-22.84389:-43.46941,Bangu,-22.843887329101562,-43.46941375732422,landmark_and_historical_building,NOISE,generic neighborhood name
overture:Bangu:-22.87127:-43.46128,Bangu,-22.87127113342285,-43.46128463745117,landmark_and_historical_building,NOISE,generic neighborhood name
overture:Barata:-22.89474:-43.44096,Barata,-22.894737243652344,-43.44096374511719,landmark_and_historical_building,NOISE,"ambiguous nickname, no clear referent"
overture:Barra Acrópole:-22.97144:-43.39190,Barra Acrópole,-22.9714412689209,-43.391902923583984,landmark_and_historical_building,NOISE,"residential condo, scenic name"
overture:Barra Bali Apple:-23.00908:-43.43660,Barra Bali Apple,-23.009075164794922,-43.43660354614258,landmark_and_historical_building,NOISE,residential condo
overture:Barra Da Tijuca Itanhangá:-22.97669:-43.32863,Barra Da Tijuca Itanhangá,-22.976694107055664,-43.32863235473633,landmark_and_historical_building,NOISE,generic neighborhood name
overture:Barra Da Tijuca Posto Três:-22.94265:-43.33932,Barra Da Tijuca Posto Três,-22.942649841308594,-43.339317321777344,landmark_and_historical_building,NOISE,generic locality reference
overture:Barra Sol:-23.00517:-43.32592,Barra Sol,-23.005172729492188,-43.325923919677734,landmark_and_historical_building,NOISE,residential condo
overture:Barra Verde:-22.96745:-43.39194,Barra Verde,-22.967451095581055,-43.391937255859375,landmark_and_historical_building,NOISE,residential condo/neighborhood
overture:Barra Village House e Life:-23.00166:-43.43705,Barra Village House e Life,-23.001657485961914,-43.43705368041992,landmark_and_historical_building,NOISE,residential condo
overture:Barra Village Lakes:-23.00760:-43.46260,Barra Village Lakes,-23.007598876953125,-43.46260070800781,landmark_and_historical_building,NOISE,residential condo
overture:Barra da Tijuca:-23.00991:-43.43807,Barra da Tijuca,-23.00991439819336,-43.43806838989258,landmark_and_historical_building,NOISE,"broad district name, not a specific site"
overture:Barra da Tijuca - Rio de Janeiro:-23.01074:-43.30817,Barra da Tijuca - Rio de Janeiro,-23.0107421875,-43.30816650390625,landmark_and_historical_building,NOISE,"broad district name, not a specific site"
overture:Barreira Do Vasco Complexo Da Pedreira:-22.82219:-43.35489,Barreira Do Vasco Complexo Da Pedreira,-22.822187423706055,-43.35489273071289,landmark_and_historical_building,NOISE,favela/residential complex name
overture:Bartcaverna:-22.90310:-43.24878,Bartcaverna,-22.90309715270996,-43.248783111572266,landmark_and_historical_building,NOISE,private bar business
overture:Base do Tk:-22.80474:-43.40622,Base do Tk,-22.80474281311035,-43.40622329711914,landmark_and_historical_building,NOISE,"ambiguous private ""base"" nickname"
overture:Bazar 4 de Dezembro:-22.88527:-43.36278,Bazar 4 de Dezembro,-22.885272979736328,-43.3627815246582,landmark_and_historical_building,NOISE,private shop business
overture:Beach condo Plus:-22.96439:-43.39782,Beach condo Plus,-22.96438980102539,-43.397823333740234,landmark_and_historical_building,NOISE,residential condo
overture:Beco Do Constâncio:-22.95170:-43.68178,Beco Do Constâncio,-22.951696395874023,-43.68178176879883,landmark_and_historical_building,NOISE,"alley name, no clear cultural referent"
overture:Beco da Pantera:-22.91522:-43.17690,Beco da Pantera,-22.915220260620117,-43.176902770996094,landmark_and_historical_building,NOISE,"alley name, no clear cultural referent"
overture:Beco da bomba:-22.79555:-43.38026,Beco da bomba,-22.79555320739746,-43.38025665283203,landmark_and_historical_building,NOISE,"alley name, ambiguous slang"
overture:Beco do Juca Futebol Resenha:-22.84690:-43.35260,Beco do Juca Futebol Resenha,-22.846900939941406,-43.35260009765625,landmark_and_historical_building,NOISE,informal casual soccer hangout spot
overture:Bela Vida Campo Grande:-22.89895:-43.57498,Bela Vida Campo Grande,-22.898948669433594,-43.574981689453125,landmark_and_historical_building,NOISE,residential development
overture:Bela Vista Nova Iguaçu:-22.75945:-43.48945,Bela Vista Nova Iguaçu,-22.75944709777832,-43.48945236206055,landmark_and_historical_building,NOISE,residential development
overture:Bella Carolina:-22.90575:-43.28622,Bella Carolina,-22.90575408935547,-43.286224365234375,landmark_and_historical_building,NOISE,residential building name
overture:Belle Vie:-22.93595:-43.33205,Belle Vie,-22.93595314025879,-43.332054138183594,landmark_and_historical_building,NOISE,residential building name
overture:Belle Ville Botafogo:-22.95828:-43.19428,Belle Ville Botafogo,-22.95827865600586,-43.194278717041016,landmark_and_historical_building,NOISE,residential condo
overture:Bem vindo Fumacê:-22.86737:-43.42314,Bem vindo Fumacê,-22.867368698120117,-43.42314147949219,landmark_and_historical_building,NOISE,"nonsensical phrase, personal/ambiguous"
overture:Bento Lisboa Catete:-22.92626:-43.17944,Bento Lisboa Catete,-22.92626190185547,-43.179443359375,landmark_and_historical_building,NOISE,"street name, ambiguous"
overture:Bento Ribeiro:-22.87188:-43.35723,Bento Ribeiro,-22.87188148498535,-43.35722732543945,landmark_and_historical_building,NOISE,generic neighborhood name
overture:Big Brother Brasil:-22.95667:-43.40889,Big Brother Brasil,-22.956666946411133,-43.40888977050781,landmark_and_historical_building,NOISE,"unrelated TV show reference, not a heritage site"
overture:Blend Life and Business:-22.93299:-43.35287,Blend Life and Business,-22.932992935180664,-43.352867126464844,landmark_and_historical_building,NOISE,coworking/business name
overture:Bloco 1:-22.87475:-43.27363,Bloco 1,-22.87474822998047,-43.27362823486328,landmark_and_historical_building,NOISE,generic building block number
overture:Bloco 23:-22.85067:-43.37960,Bloco 23,-22.85067367553711,-43.379600524902344,landmark_and_historical_building,NOISE,generic building block number
overture:Bloco Cordão do Prata Preta:-22.88067:-43.23019,Bloco Cordão do Prata Preta,-22.88067054748535,-43.230186462402344,landmark_and_historical_building,NOISE,"informal neighborhood Carnival street group, no fixed heritage site"
overture:Bloco Perereca do Grajaú:-22.92197:-43.26283,Bloco Perereca do Grajaú,-22.921968460083008,-43.26282501220703,landmark_and_historical_building,NOISE,informal neighborhood Carnival street group
overture:Bloco Seu Kuka:-22.92044:-43.25975,Bloco Seu Kuka,-22.920442581176758,-43.25975036621094,landmark_and_historical_building,NOISE,informal neighborhood Carnival street group
overture:Bloco Vira-lata:-22.99867:-43.25945,Bloco Vira-lata,-22.998672485351562,-43.25944900512695,landmark_and_historical_building,NOISE,informal neighborhood Carnival street group
overture:Blue Bali:-23.01000:-43.44012,Blue Bali,-23.0100040435791,-43.440120697021484,landmark_and_historical_building,NOISE,residential condo
overture:Blue Bay:-22.88568:-43.12318,Blue Bay,-22.88567543029785,-43.12317657470703,landmark_and_historical_building,NOISE,residential condo
overture:Bolt House:-22.94817:-43.18263,Bolt House,-22.94816780090332,-43.1826286315918,landmark_and_historical_building,NOISE,residential building
overture:Bon Vivaggi:-22.94314:-43.33670,Bon Vivaggi,-22.943140029907227,-43.33669662475586,landmark_and_historical_building,NOISE,residential condo
overture:Bora Bora Hills Town:-22.93223:-43.33403,Bora Bora Hills Town,-22.932228088378906,-43.33403015136719,landmark_and_historical_building,NOISE,residential condo
overture:Bora Bora Tijuca:-22.92711:-43.24022,Bora Bora Tijuca,-22.927114486694336,-43.2402229309082,landmark_and_historical_building,NOISE,residential condo
overture:Bosque Dos Esquilos:-22.96207:-43.33475,Bosque Dos Esquilos,-22.962066650390625,-43.334747314453125,landmark_and_historical_building,NATURAL,"grove/park, not a designed historic garden"
overture:Bosque da Boiúna:-22.91417:-43.39582,Bosque da Boiúna,-22.914167404174805,-43.39582061767578,landmark_and_historical_building,NATURAL,grove/forest
overture:Bosque dos Bandeirantes:-23.00510:-43.50887,Bosque dos Bandeirantes,-23.005096435546875,-43.50886535644531,landmark_and_historical_building,NATURAL,grove/park
overture:Bosque dos Buritis:-22.93735:-43.24649,Bosque dos Buritis,-22.937353134155273,-43.24648666381836,landmark_and_historical_building,NATURAL,grove/park
overture:Botafogo:-22.95000:-43.18417,Botafogo,-22.950000762939453,-43.184173583984375,landmark_and_historical_building,NOISE,"broad neighborhood name, not a specific site"
overture:Botequim da Cidade do Samba:-22.89492:-43.19672,Botequim da Cidade do Samba,-22.894920349121094,-43.19671630859375,landmark_and_historical_building,NOISE,private bar/restaurant business
overture:Bougainville Blanc and Rouge:-22.90629:-43.10111,Bougainville Blanc and Rouge,-22.90629005432129,-43.101112365722656,landmark_and_historical_building,NOISE,residential building name
overture:Boulevard Carioca:-22.90825:-43.58162,Boulevard Carioca,-22.90825080871582,-43.58162307739258,landmark_and_historical_building,NOISE,commercial/street development name
overture:Brisa Leblon Mozak:-22.98693:-43.22971,Brisa Leblon Mozak,-22.986927032470703,-43.229705810546875,landmark_and_historical_building,NOISE,residential condo
overture:Brito Corretagem:-23.01021:-43.44859,Brito Corretagem,-23.01020622253418,-43.44859313964844,landmark_and_historical_building,NOISE,real estate brokerage business
overture:Bronze drika:-22.80947:-43.32471,Bronze drika,-22.809473037719727,-43.324710845947266,landmark_and_historical_building,NOISE,"private tanning/beauty business, personal nickname"
overture:Brow:-22.93566:-43.17707,Brow,-22.93565559387207,-43.17707443237305,landmark_and_historical_building,NOISE,likely eyebrow salon business
overture:Buenos Aires Corporate:-22.90200:-43.17673,Buenos Aires Corporate,-22.902000427246094,-43.176727294921875,landmark_and_historical_building,NOISE,commercial office building
overture:Building Grand Valley:-22.94413:-43.33862,Building Grand Valley,-22.94412612915039,-43.338623046875,landmark_and_historical_building,NOISE,residential building
overture:Building Lucca Della Robbia:-23.00430:-43.38248,Building Lucca Della Robbia,-23.004297256469727,-43.382476806640625,landmark_and_historical_building,NOISE,residential building
overture:Building Mare Vita:-23.00307:-43.39419,Building Mare Vita,-23.00307273864746,-43.39419174194336,landmark_and_historical_building,NOISE,residential building
overture:Building Park Ritz:-22.86402:-43.54241,Building Park Ritz,-22.86402130126953,-43.54240798950195,landmark_and_historical_building,NOISE,residential building
overture:Building Promenade St. Clement:-22.94971:-43.19128,Building Promenade St. Clement,-22.9497127532959,-43.1912841796875,landmark_and_historical_building,NOISE,residential building
overture:Building Royal Barravai:-23.00606:-43.32161,Building Royal Barravai,-23.00606346130371,-43.32160949707031,landmark_and_historical_building,NOISE,residential building
overture:Building Summer Time:-23.02348:-43.45309,Building Summer Time,-23.023475646972656,-43.453094482421875,landmark_and_historical_building,NOISE,residential building
overture:Building Vila Real Condo:-22.84965:-43.31366,Building Vila Real Condo,-22.849651336669922,-43.313663482666016,landmark_and_historical_building,NOISE,residential condo
overture:Building Villanova Fontes:-22.93603:-43.24495,Building Villanova Fontes,-22.936025619506836,-43.24494934082031,landmark_and_historical_building,NOISE,residential building
overture:Building Viva Lapa:-22.91179:-43.18354,Building Viva Lapa,-22.911785125732422,-43.183536529541016,landmark_and_historical_building,NOISE,residential building
overture:Buraco do Lume:-22.90612:-43.17620,Buraco do Lume,-22.906118392944336,-43.176204681396484,landmark_and_historical_building,NOISE,"private bar/nightlife spot, no documented heritage"
overture:C.P.D.L:-22.90008:-43.28996,C.P.D.L,-22.900081634521484,-43.28995895385742,landmark_and_historical_building,NOISE,"ambiguous acronym, likely organization/business"
overture:CDD Vila Norma:-22.78295:-43.40521,CDD Vila Norma,-22.7829532623291,-43.405208587646484,landmark_and_historical_building,NOISE,residential condo
overture:CMS Píndaro de Carvalho Rodrigues:-22.97968:-43.22952,CMS Píndaro de Carvalho Rodrigues,-22.979677200317383,-43.229522705078125,landmark_and_historical_building,NOISE,"public school, not cultural heritage"
overture:CP Shope:-22.90650:-43.19415,CP Shope,-22.906497955322266,-43.19415283203125,landmark_and_historical_building,NOISE,commercial shop
overture:Cabuçu:-22.78982:-43.42101,Cabuçu,-22.789823532104492,-43.42101287841797,landmark_and_historical_building,NOISE,"generic locality name, no documented heritage site"
overture:Cachambi:-22.89279:-43.26698,Cachambi,-22.89278793334961,-43.26698303222656,landmark_and_historical_building,NOISE,generic neighborhood name
"overture:Cachoeira Anil,rj:-22.88140:-43.43755","Cachoeira Anil,rj",-22.881404876708984,-43.43754959106445,landmark_and_historical_building,NATURAL,waterfall
overture:Cachoeira Da Mazomba:-22.84525:-43.76049,Cachoeira Da Mazomba,-22.84524917602539,-43.7604866027832,landmark_and_historical_building,NATURAL,waterfall
overture:Cachoeira Indiana Jones:-23.01663:-43.46807,Cachoeira Indiana Jones,-23.016630172729492,-43.46807098388672,landmark_and_historical_building,NATURAL,waterfall
"overture:Cachoeira Véu de Noiva, Vila de Maringa, Itatiaia, RJ:-22.92786:-43.35540","Cachoeira Véu de Noiva, Vila de Maringa, Itatiaia, RJ",-22.927860260009766,-43.35539627075195,landmark_and_historical_building,NATURAL,waterfall
overture:Cachoeira das Fadas-Minas Gerais:-22.95680:-43.17728,Cachoeira das Fadas-Minas Gerais,-22.956796646118164,-43.177276611328125,landmark_and_historical_building,NATURAL,waterfall
overture:Cacuia:-22.82195:-43.18390,Cacuia,-22.821945190429688,-43.183895111083984,landmark_and_historical_building,NOISE,generic neighborhood name
overture:Cais do Valongo:-22.89665:-43.18717,Cais do Valongo,-22.896648406982422,-43.187171936035156,landmark_and_historical_building,CULTURAL,"Valongo Wharf, UNESCO World Heritage archaeological site"
overture:Caju (cidade do Rio de Janeiro):-22.88000:-43.22056,Caju (cidade do Rio de Janeiro),-22.880002975463867,-43.22056198120117,landmark_and_historical_building,NOISE,generic neighborhood name
overture:Calle Due:-22.90563:-43.10557,Calle Due,-22.90562629699707,-43.105567932128906,landmark_and_historical_building,NOISE,residential building name
overture:Calle Uno:-22.90534:-43.10523,Calle Uno,-22.90534210205078,-43.105228424072266,landmark_and_historical_building,NOISE,residential building name
overture:Calçadão Itaguaí:-22.87145:-43.77791,Calçadão Itaguaí,-22.8714542388916,-43.77791213989258,landmark_and_historical_building,NOISE,generic pedestrian walkway infrastructure
overture:Caminho dos Pescadores:-22.96348:-43.16468,Caminho dos Pescadores,-22.963476181030273,-43.164676666259766,landmark_and_historical_building,NOISE,generic named residential street/path
overture:Caminhos da Barra:-22.95617:-43.34953,Caminhos da Barra,-22.95616912841797,-43.34952926635742,landmark_and_historical_building,NOISE,residential development name
overture:Caminhos do Rio:-22.78439:-43.41300,Caminhos do Rio,-22.784385681152344,-43.41299819946289,landmark_and_historical_building,NOISE,generic development name
overture:Campo 7 Praça Seca:-22.88963:-43.34403,Campo 7 Praça Seca,-22.88962745666504,-43.34402847290039,landmark_and_historical_building,NOISE,generic sports field
overture:Campo de Sao Joao:-23.04862:-43.55834,Campo de Sao Joao,-23.048616409301758,-43.5583381652832,landmark_and_historical_building,NOISE,generic sports field
overture:Campo grande:-22.89962:-43.56221,Campo grande,-22.89962387084961,-43.56221008300781,landmark_and_historical_building,NOISE,"broad district name, not a specific site"
overture:Campo grande:-22.87097:-43.55298,Campo grande,-22.8709659576416,-43.552978515625,landmark_and_historical_building,NOISE,"broad district name, not a specific site"
overture:Campo grande:-22.88638:-43.58458,Campo grande,-22.886375427246094,-43.5845832824707,landmark_and_historical_building,NOISE,"broad district name, not a specific site"
overture:Campão Irajá:-22.82538:-43.32785,Campão Irajá,-22.82538414001465,-43.32784652709961,landmark_and_historical_building,NOISE,generic sports field
overture:Campão da Rio Grande:-22.91758:-43.40343,Campão da Rio Grande,-22.917583465576172,-43.4034309387207,landmark_and_historical_building,NOISE,generic sports field
overture:Canal Cação Vermelho:-22.90222:-43.69191,Canal Cação Vermelho,-22.902223587036133,-43.69191360473633,landmark_and_historical_building,NATURAL,canal
overture:Canal Faria-Timbó:-22.87880:-43.25071,Canal Faria-Timbó,-22.878803253173828,-43.25071334838867,landmark_and_historical_building,NATURAL,canal
overture:Canal Gruçai:-22.83657:-43.27370,Canal Gruçai,-22.836570739746094,-43.27370071411133,landmark_and_historical_building,NATURAL,canal
overture:Canal Marapendi:-23.00000:-43.31667,Canal Marapendi,-23.0,-43.316673278808594,landmark_and_historical_building,NATURAL,canal
overture:Canal São Fernando:-22.92872:-43.77055,Canal São Fernando,-22.928720474243164,-43.77055358886719,landmark_and_historical_building,NATURAL,canal
overture:Canal da Ceasa:-22.83863:-43.33675,Canal da Ceasa,-22.83863067626953,-43.33675003051758,landmark_and_historical_building,NATURAL,canal
overture:Canal da Visconde de Albuquerque:-22.97900:-43.22766,Canal da Visconde de Albuquerque,-22.979000091552734,-43.2276611328125,landmark_and_historical_building,NATURAL,"drainage canal, geographic waterway"
overture:Canal das Taxas:-23.02071:-43.49185,Canal das Taxas,-23.02071189880371,-43.491851806640625,landmark_and_historical_building,NATURAL,"drainage canal, geographic waterway"
overture:Canal de Santo Agostinho:-22.91079:-43.78764,Canal de Santo Agostinho,-22.91079330444336,-43.78764343261719,landmark_and_historical_building,NATURAL,"drainage canal, geographic waterway"
overture:Canal de Sarapuí:-22.82750:-43.45278,Canal de Sarapuí,-22.827503204345703,-43.452781677246094,landmark_and_historical_building,NATURAL,"drainage canal, geographic waterway"
overture:Canal de Sernambetiba:-23.03556:-43.49334,Canal de Sernambetiba,-23.035560607910156,-43.49333572387695,landmark_and_historical_building,NATURAL,"drainage canal, geographic waterway"
overture:Canal do Bacalhau:-23.05771:-43.56327,Canal do Bacalhau,-23.057710647583008,-43.563270568847656,landmark_and_historical_building,NATURAL,"drainage canal, geographic waterway"
overture:Canal do Cascalho:-23.00323:-43.49403,Canal do Cascalho,-23.003232955932617,-43.49403381347656,landmark_and_historical_building,NATURAL,"drainage canal, geographic waterway"
overture:Canal do Guandu:-22.86667:-43.68333,Canal do Guandu,-22.866670608520508,-43.68333053588867,landmark_and_historical_building,NATURAL,"drainage canal, geographic waterway"
overture:Canal do Mangue:-22.89732:-43.21064,Canal do Mangue,-22.897323608398438,-43.21064376831055,landmark_and_historical_building,NATURAL,"drainage canal, geographic waterway"
overture:Cantinho de Paz!:-22.91100:-43.39818,Cantinho de Paz!,-22.91100311279297,-43.3981819152832,landmark_and_historical_building,NOISE,"generic personal/informal name, no referent"
overture:Canto do Recreio - RJ:-23.01230:-43.38496,Canto do Recreio - RJ,-23.012300491333008,-43.38496017456055,landmark_and_historical_building,NOISE,generic residential area label
overture:Capela de Santa Bárbara:-22.93829:-43.13165,Capela de Santa Bárbara,-22.93828582763672,-43.131649017333984,landmark_and_historical_building,CULTURAL,historic chapel
overture:Cardeal Musa Apart:-22.91692:-43.18883,Cardeal Musa Apart,-22.91692352294922,-43.18882751464844,landmark_and_historical_building,NOISE,apartment building
overture:Carolina:-22.74930:-43.43375,Carolina,-22.749298095703125,-43.433746337890625,landmark_and_historical_building,NOISE,"ambiguous single word, no clear referent"
overture:Casa:-22.98373:-43.20765,Casa,-22.983726501464844,-43.20764923095703,landmark_and_historical_building,NOISE,"bare generic word ""house"""
overture:Casa De Festa Em Realengo:-22.87580:-43.44498,Casa De Festa Em Realengo,-22.875802993774414,-43.444976806640625,landmark_and_historical_building,NOISE,private party rental hall
overture:Casa Golden Garden:-22.91794:-43.54963,Casa Golden Garden,-22.917936325073242,-43.549625396728516,landmark_and_historical_building,NOISE,residential building
overture:Casa Meu Amor:-22.89944:-43.12262,Casa Meu Amor,-22.899444580078125,-43.12261962890625,landmark_and_historical_building,NOISE,personal home nickname
overture:Casa Parc des Palmier:-23.00355:-43.43987,Casa Parc des Palmier,-23.00354766845703,-43.43986892700195,landmark_and_historical_building,NOISE,residential building
overture:Casa Própria Laiane Zidório:-22.90431:-43.56576,Casa Própria Laiane Zidório,-22.904312133789062,-43.565757751464844,landmark_and_historical_building,NOISE,personal home
overture:Casa Rio:-22.88026:-43.44236,Casa Rio,-22.880260467529297,-43.44235610961914,landmark_and_historical_building,NOISE,generic private house name
overture:Casa da Camila:-22.97545:-43.18835,Casa da Camila,-22.975446701049805,-43.18834686279297,landmark_and_historical_building,NOISE,personal home nickname
overture:Casa da Colina:-22.92055:-43.18211,Casa da Colina,-22.92055320739746,-43.182106018066406,landmark_and_historical_building,NOISE,personal home/residential
overture:Casa da Dani:-22.99583:-43.23892,Casa da Dani,-22.995826721191406,-43.238922119140625,landmark_and_historical_building,NOISE,personal home nickname
overture:Casa da Montanha:-22.76343:-43.47007,Casa da Montanha,-22.763429641723633,-43.470069885253906,landmark_and_historical_building,NOISE,personal home nickname
overture:Casa da Neusa- São Pedro da Aldeia:-22.81917:-43.26958,Casa da Neusa- São Pedro da Aldeia,-22.819171905517578,-43.26957702636719,landmark_and_historical_building,NOISE,personal home nickname
overture:Casa da Palma:-22.94445:-43.20432,Casa da Palma,-22.94445037841797,-43.204315185546875,landmark_and_historical_building,NOISE,personal home nickname
overture:Casa da Praia:-23.01438:-43.30580,Casa da Praia,-23.014375686645508,-43.30580139160156,landmark_and_historical_building,NOISE,personal home nickname
overture:Casa da Sofia:-22.88404:-43.28834,Casa da Sofia,-22.884042739868164,-43.2883415222168,landmark_and_historical_building,NOISE,personal home nickname
overture:Casa da Tia Paulinha:-22.93050:-43.34124,Casa da Tia Paulinha,-22.930503845214844,-43.34123611450195,landmark_and_historical_building,NOISE,personal home nickname
overture:Casa da Vovó Alzira:-22.92903:-43.56045,Casa da Vovó Alzira,-22.929033279418945,-43.56045150756836,landmark_and_historical_building,NOISE,personal home nickname
overture:Casa da sereia:-22.86896:-43.45393,Casa da sereia,-22.868959426879883,-43.45392990112305,landmark_and_historical_building,NOISE,personal home nickname
overture:Casa da tia:-22.78449:-43.42786,Casa da tia,-22.784488677978516,-43.4278564453125,landmark_and_historical_building,NOISE,personal home nickname
overture:Casa da tia juju:-22.96855:-43.18642,Casa da tia juju,-22.968547821044922,-43.186424255371094,landmark_and_historical_building,NOISE,personal home nickname
overture:Casa do Claudio Cyrillo:-22.97930:-43.21933,Casa do Claudio Cyrillo,-22.97929573059082,-43.219329833984375,landmark_and_historical_building,NOISE,personal home
overture:Casa do Jorge miguel:-22.89543:-43.71507,Casa do Jorge miguel,-22.89543342590332,-43.71506881713867,landmark_and_historical_building,NOISE,personal home
overture:Casa do Juanzin:-22.81632:-43.37756,Casa do Juanzin,-22.816320419311523,-43.37755584716797,landmark_and_historical_building,NOISE,personal home nickname
overture:Casa do Mozão:-22.82856:-43.40987,Casa do Mozão,-22.828563690185547,-43.409873962402344,landmark_and_historical_building,NOISE,personal home nickname
overture:Casa do Oleiro:-22.76213:-43.42940,Casa do Oleiro,-22.762134552001953,-43.42940139770508,landmark_and_historical_building,NOISE,"generic house name, no heritage"
overture:Casa do Rio:-22.82789:-43.32288,Casa do Rio,-22.82788848876953,-43.322879791259766,landmark_and_historical_building,NOISE,generic private house name
overture:Casa do Xandro:-22.97261:-43.59063,Casa do Xandro,-22.972610473632812,-43.59062576293945,landmark_and_historical_building,NOISE,personal home nickname
overture:Casa do meu tio:-22.84640:-43.33947,Casa do meu tio,-22.846403121948242,-43.339473724365234,landmark_and_historical_building,NOISE,personal home nickname
overture:Casa dos pais:-23.00134:-43.34159,Casa dos pais,-23.0013427734375,-43.341590881347656,landmark_and_historical_building,NOISE,personal home nickname
overture:Casa mãe:-22.91386:-43.27209,Casa mãe,-22.913860321044922,-43.272090911865234,landmark_and_historical_building,NOISE,personal home nickname
overture:Casa silvestre:-22.86907:-43.54745,Casa silvestre,-22.86907386779785,-43.54745101928711,landmark_and_historical_building,NOISE,personal home nickname
overture:Casaredo:-22.92909:-43.37737,Casaredo,-22.92909049987793,-43.37737274169922,landmark_and_historical_building,NOISE,"ambiguous, no clear referent"
overture:Casarão Cultural dos Arcos:-22.91343:-43.18073,Casarão Cultural dos Arcos,-22.913434982299805,-43.18073272705078,landmark_and_historical_building,CULTURAL,named cultural center/heritage mansion
overture:Casas Bahia:-22.97798:-43.33824,Casas Bahia,-22.977981567382812,-43.33823776245117,landmark_and_historical_building,NOISE,retail chain store
overture:Cascadura:-22.88220:-43.32648,Cascadura,-22.882204055786133,-43.32648468017578,landmark_and_historical_building,NOISE,generic neighborhood label
overture:Cascatinha Taunay:-22.95877:-43.27726,Cascatinha Taunay,-22.95877456665039,-43.27725601196289,landmark_and_historical_building,NATURAL,waterfall in Tijuca Forest
overture:Cass:-22.90005:-43.10279,Cass,-22.900054931640625,-43.10279083251953,landmark_and_historical_building,NOISE,"ambiguous single word, no clear referent"
overture:Castel Sant'Angelo:-22.95371:-43.18839,Castel Sant'Angelo,-22.95370864868164,-43.18838882446289,landmark_and_historical_building,NOISE,condo/building named after foreign landmark
overture:Castelo Do Rei:-22.98975:-43.24994,Castelo Do Rei,-22.9897518157959,-43.24993896484375,landmark_and_historical_building,NOISE,generic condo name
overture:Castelo Mourisco:-22.87491:-43.24537,Castelo Mourisco,-22.87491226196289,-43.24536895751953,landmark_and_historical_building,CULTURAL,iconic Moorish Castle heritage building at UFRJ
overture:Castelo da Família Real de Portunha:-22.96612:-43.18797,Castelo da Família Real de Portunha,-22.966121673583984,-43.187965393066406,landmark_and_historical_building,NOISE,"unclear fanciful name, no real referent"
overture:Catete Palace:-22.92588:-43.17620,Catete Palace,-22.925878524780273,-43.17620086669922,landmark_and_historical_building,CULTURAL,historic Palácio do Catete
overture:Caxias:-23.00982:-43.35794,Caxias,-23.00982093811035,-43.35793685913086,landmark_and_historical_building,NOISE,"generic place name, ambiguous"
overture:Ccju:-22.94747:-43.33687,Ccju,-22.947471618652344,-43.33686828613281,landmark_and_historical_building,NOISE,"ambiguous acronym, no clear referent"
overture:Cdm Vivendas da Baroneza:-22.78431:-43.42743,Cdm Vivendas da Baroneza,-22.784311294555664,-43.427433013916016,landmark_and_historical_building,NOISE,residential development
overture:Cena Carioca:-22.91087:-43.17612,Cena Carioca,-22.910865783691406,-43.176116943359375,landmark_and_historical_building,NOISE,"ambiguous name, no clear referent"
overture:Central Park Riviera 1:-22.76640:-43.27959,Central Park Riviera 1,-22.766403198242188,-43.27959442138672,landmark_and_historical_building,NOISE,residential building
overture:Centro (Rio de Janeiro):-22.90810:-43.17636,Centro (Rio de Janeiro),-22.908103942871094,-43.176361083984375,landmark_and_historical_building,NOISE,"broad generic district label, not a specific POI"
overture:Centro Empresarial Leonardo da Vinci:-22.92082:-43.21820,Centro Empresarial Leonardo da Vinci,-22.920822143554688,-43.21820068359375,landmark_and_historical_building,NOISE,office/business center
overture:Centro de Tradições Nordestinas Luiz Gonzaga:-22.89746:-43.22038,Centro de Tradições Nordestinas Luiz Gonzaga,-22.897462844848633,-43.220375061035156,landmark_and_historical_building,CULTURAL,cultural center with real programming (Feira de São Cristóvão)
overture:Cenário Laranjeiras:-22.93171:-43.18660,Cenário Laranjeiras,-22.93170738220215,-43.18659973144531,landmark_and_historical_building,NOISE,"ambiguous name, no clear referent"
overture:Chafariz do Mestre Valentim:-22.90271:-43.17392,Chafariz do Mestre Valentim,-22.902713775634766,-43.17392349243164,landmark_and_historical_building,CULTURAL,historic fountain monument by noted sculptor
overture:Chalé do Alto:-22.96402:-43.27631,Chalé do Alto,-22.96402359008789,-43.27631378173828,landmark_and_historical_building,NOISE,"private chalet, no clear heritage"
overture:Chalé do Sal:-22.93050:-43.18996,Chalé do Sal,-22.930503845214844,-43.189964294433594,landmark_and_historical_building,NOISE,"private chalet, no clear heritage"
overture:Charme de Copa:-22.96341:-43.17476,Charme de Copa,-22.96340560913086,-43.17475891113281,landmark_and_historical_building,NOISE,ambiguous business/apartment name
overture:Chateau de Cheverny:-22.96524:-43.19186,Chateau de Cheverny,-22.965242385864258,-43.191864013671875,landmark_and_historical_building,NOISE,condo building named after foreign chateau
overture:Chatuba Penha RJ:-22.84588:-43.29274,Chatuba Penha RJ,-22.845884323120117,-43.2927360534668,landmark_and_historical_building,NOISE,generic community label
overture:Chatuba de Mesquita - Lar Doce Lar:-22.80057:-43.44077,Chatuba de Mesquita - Lar Doce Lar,-22.800569534301758,-43.440765380859375,landmark_and_historical_building,NOISE,residential community name
overture:Choice:-23.02197:-43.49063,Choice,-23.021974563598633,-43.49062728881836,landmark_and_historical_building,NOISE,"ambiguous single word, no clear referent"
overture:Churrasco Da Praça:-22.84233:-43.24860,Churrasco Da Praça,-22.842330932617188,-43.24859619140625,landmark_and_historical_building,NOISE,restaurant/BBQ spot
overture:Chácara Froes:-22.91351:-43.10960,Chácara Froes,-22.91351318359375,-43.10960006713867,landmark_and_historical_building,NOISE,"private farm/estate, no documented heritage"
overture:Chácara da Freguesia:-22.94434:-43.33445,Chácara da Freguesia,-22.944339752197266,-43.33444595336914,landmark_and_historical_building,NOISE,"private farm/estate, no documented heritage"
overture:Chácara do Abaeté:-22.90250:-43.11543,Chácara do Abaeté,-22.902502059936523,-43.11543273925781,landmark_and_historical_building,NOISE,"private farm/estate, no documented heritage"
overture:Chácara do Itaguaí:-22.89673:-43.10253,Chácara do Itaguaí,-22.896732330322266,-43.10253143310547,landmark_and_historical_building,NOISE,"private farm/estate, no documented heritage"
overture:Cidade Alta:-22.81957:-43.29438,Cidade Alta,-22.819570541381836,-43.29438400268555,landmark_and_historical_building,NOISE,generic neighborhood label
overture:Cidade Jardim:-22.98859:-43.36515,Cidade Jardim,-22.988590240478516,-43.36514663696289,landmark_and_historical_building,NOISE,residential development
overture:Cidade Jardim - Barra:-23.01427:-43.52639,Cidade Jardim - Barra,-23.014270782470703,-43.52638626098633,landmark_and_historical_building,NOISE,residential development
overture:Cidade Jardim Barra da Tijuca:-22.96624:-43.38500,Cidade Jardim Barra da Tijuca,-22.966243743896484,-43.3849983215332,landmark_and_historical_building,NOISE,residential development
overture:Cidade Universitária da UFRJ:-22.85306:-43.22583,Cidade Universitária da UFRJ,-22.853055953979492,-43.225833892822266,landmark_and_historical_building,CULTURAL,historic university campus
overture:Cimento Lins:-22.77457:-43.41014,Cimento Lins,-22.774574279785156,-43.4101448059082,landmark_and_historical_building,NOISE,industrial/business name
overture:Claudia:-22.97206:-43.19001,Claudia,-22.972055435180664,-43.190006256103516,landmark_and_historical_building,NOISE,"ambiguous single name, no clear referent"
overture:Climao:-22.96570:-43.21923,Climao,-22.965700149536133,-43.21923065185547,landmark_and_historical_building,NOISE,"ambiguous, no clear referent"
overture:Clube Militar:-22.95633:-43.16476,Clube Militar,-22.95632553100586,-43.16476058959961,landmark_and_historical_building,CULTURAL,historic centenary military social club
overture:Clube Naval:-22.90818:-43.17667,Clube Naval,-22.908180236816406,-43.176673889160156,landmark_and_historical_building,CULTURAL,historic centenary naval club
overture:Clube dos marambaias:-23.05920:-43.56100,Clube dos marambaias,-23.059200286865234,-43.561004638671875,landmark_and_historical_building,NOISE,"private club, no documented heritage"
overture:Coabe:-22.85675:-43.25425,Coabe,-22.85675048828125,-43.25425338745117,landmark_and_historical_building,NOISE,"ambiguous acronym, no clear referent"
overture:Cobertura do Gui:-22.98678:-43.25355,Cobertura do Gui,-22.98677635192871,-43.25354766845703,landmark_and_historical_building,NOISE,private penthouse apartment
overture:Cocobongo:-22.87164:-43.34322,Cocobongo,-22.871644973754883,-43.34321975708008,landmark_and_historical_building,NOISE,ambiguous business/nightclub name
overture:Cocotá - Ilha Do Governador:-22.80269:-43.18229,Cocotá - Ilha Do Governador,-22.802688598632812,-43.18228530883789,landmark_and_historical_building,NOISE,generic neighborhood label
overture:Cohab De Bonsucesso:-22.85644:-43.25363,Cohab De Bonsucesso,-22.8564395904541,-43.25362777709961,landmark_and_historical_building,NOISE,public housing complex
overture:Cohab Jacarezinho:-22.88614:-43.25307,Cohab Jacarezinho,-22.886138916015625,-43.253074645996094,landmark_and_historical_building,NOISE,public housing complex
overture:Colinas Do Itanhangá:-22.97984:-43.32510,Colinas Do Itanhangá,-22.979843139648438,-43.325103759765625,landmark_and_historical_building,NOISE,residential development
overture:Colinas de Campo Grande:-22.88904:-43.52929,Colinas de Campo Grande,-22.889039993286133,-43.52928924560547,landmark_and_historical_building,NOISE,residential development
overture:Colinas do Retiro:-22.86567:-43.47866,Colinas do Retiro,-22.865671157836914,-43.47866439819336,landmark_and_historical_building,NOISE,residential development
overture:Colonia de Férias RJ:-22.95808:-43.35148,Colonia de Férias RJ,-22.95808219909668,-43.35148239135742,landmark_and_historical_building,NOISE,private vacation camp
overture:Colors:-22.94096:-43.33461,Colors,-22.940959930419922,-43.33461380004883,landmark_and_historical_building,NOISE,"ambiguous single word, no clear referent"
overture:Colégio:-22.84615:-43.34248,Colégio,-22.846149444580078,-43.34247970581055,landmark_and_historical_building,NOISE,"bare generic word ""school"""
overture:Colégio Estadual Barão de Tefé:-22.76438:-43.68590,Colégio Estadual Barão de Tefé,-22.764375686645508,-43.68589782714844,landmark_and_historical_building,NOISE,"public school, not heritage site"
overture:Comari - Campo Grande - Rj:-22.91659:-43.55433,Comari - Campo Grande - Rj,-22.916589736938477,-43.5543327331543,landmark_and_historical_building,NOISE,ambiguous business name
overture:Comdomínio Colinas Do Magarça:-22.94177:-43.58716,Comdomínio Colinas Do Magarça,-22.9417724609375,-43.587162017822266,landmark_and_historical_building,NOISE,residential condo
overture:Comendador Siqueira:-22.92815:-43.34779,Comendador Siqueira,-22.928150177001953,-43.34779357910156,landmark_and_historical_building,NOISE,"ambiguous name, likely street reference"
overture:Companhia Siderúrgica do Atlântico:-22.89893:-43.73333,Companhia Siderúrgica do Atlântico,-22.898929595947266,-43.733333587646484,landmark_and_historical_building,NOISE,industrial steel company
overture:Completo Piedade:-22.89056:-43.31161,Completo Piedade,-22.89055824279785,-43.311607360839844,landmark_and_historical_building,NOISE,"ambiguous, no clear referent"
overture:Complexo  ZP:-22.85061:-43.28405,Complexo  ZP,-22.850614547729492,-43.28404998779297,landmark_and_historical_building,NOISE,"ambiguous, no clear referent"
overture:Complexo Da Barreira.:-22.90882:-43.58689,Complexo Da Barreira.,-22.908824920654297,-43.58688735961914,landmark_and_historical_building,NOISE,residential/favela complex
overture:Complexo Das Casinha:-22.79608:-43.42146,Complexo Das Casinha,-22.79607582092285,-43.42145919799805,landmark_and_historical_building,NOISE,residential complex
overture:Complexo Do LINS:-22.91255:-43.27568,Complexo Do LINS,-22.912551879882812,-43.27568054199219,landmark_and_historical_building,NOISE,residential/favela complex
overture:Complexo da João Teles:-22.78860:-43.17934,Complexo da João Teles,-22.788602828979492,-43.17933654785156,landmark_and_historical_building,NOISE,residential complex
overture:Complexo da Penha:-22.84652:-43.28972,Complexo da Penha,-22.846515655517578,-43.28971862792969,landmark_and_historical_building,NOISE,favela/residential complex
overture:Complexo da R.D:-22.80497:-43.40591,Complexo da R.D,-22.804969787597656,-43.40591049194336,landmark_and_historical_building,NOISE,ambiguous residential complex
"overture:Complexo do Alemão, Rio de Janeiro:-22.86056:-43.27361","Complexo do Alemão, Rio de Janeiro",-22.86055564880371,-43.27361297607422,landmark_and_historical_building,NOISE,residential neighborhood/favela complex
overture:Complexo do chapadao:-22.81896:-43.37537,Complexo do chapadao,-22.818960189819336,-43.3753662109375,landmark_and_historical_building,NOISE,residential/favela complex
overture:Comunidade do Jacarezinho-RJ:-22.94476:-43.34285,Comunidade do Jacarezinho-RJ,-22.94476318359375,-43.34285354614258,landmark_and_historical_building,NOISE,residential community
overture:Comunidade do Vidigal:-22.91232:-43.18338,Comunidade do Vidigal,-22.912322998046875,-43.183380126953125,landmark_and_historical_building,NOISE,residential community
overture:Comunidade saibreira:-22.88351:-43.48014,Comunidade saibreira,-22.883514404296875,-43.48014450073242,landmark_and_historical_building,NOISE,residential community
overture:Conceito California:-22.76114:-43.42575,Conceito California,-22.761140823364258,-43.425750732421875,landmark_and_historical_building,NOISE,ambiguous business/condo name
overture:Conceição 179:-22.89978:-43.18456,Conceição 179,-22.8997802734375,-43.1845588684082,landmark_and_historical_building,NOISE,bare address
overture:Concetto Nero:-23.00900:-43.47333,Concetto Nero,-23.009002685546875,-43.473331451416016,landmark_and_historical_building,NOISE,ambiguous business name
overture:Cond Bosque da Freguesia:-22.95310:-43.34723,Cond Bosque da Freguesia,-22.95310401916504,-43.347225189208984,landmark_and_historical_building,NOISE,residential condo
overture:Cond Clube Vida Boa I e II:-22.94295:-43.58324,Cond Clube Vida Boa I e II,-22.94295310974121,-43.5832405090332,landmark_and_historical_building,NOISE,residential condo/club
overture:Cond Grand Village:-22.97069:-43.38974,Cond Grand Village,-22.970693588256836,-43.38974380493164,landmark_and_historical_building,NOISE,residential condo
overture:Cond Solar do grajaú:-22.91942:-43.25675,Cond Solar do grajaú,-22.919422149658203,-43.25674819946289,landmark_and_historical_building,NOISE,residential condo
overture:Cond vila Heloisa 1220:-22.95621:-43.34684,Cond vila Heloisa 1220,-22.956205368041992,-43.34683609008789,landmark_and_historical_building,NOISE,residential condo
overture:Cond. Crystal Lake:-23.01311:-43.43436,Cond. Crystal Lake,-23.01310920715332,-43.434356689453125,landmark_and_historical_building,NOISE,residential condo
overture:Cond. Gávea Garden:-22.97764:-43.22989,Cond. Gávea Garden,-22.977638244628906,-43.22989273071289,landmark_and_historical_building,NOISE,residential condo
overture:Cond. Laura Garcia:-22.92419:-43.24971,Cond. Laura Garcia,-22.924190521240234,-43.24970626831055,landmark_and_historical_building,NOISE,residential condo
overture:Cond. Pq. Encantado:-22.89594:-43.30810,Cond. Pq. Encantado,-22.895938873291016,-43.308101654052734,landmark_and_historical_building,NOISE,residential condo
overture:Cond. Prainha da Ilha:-22.82385:-43.16786,Cond. Prainha da Ilha,-22.8238468170166,-43.16786193847656,landmark_and_historical_building,NOISE,residential condo
overture:Cond. Solaris da Torre:-22.92293:-43.25262,Cond. Solaris da Torre,-22.92292594909668,-43.25261688232422,landmark_and_historical_building,NOISE,residential condo
overture:Cond. Sulacap Green:-22.89173:-43.39825,Cond. Sulacap Green,-22.891733169555664,-43.39824676513672,landmark_and_historical_building,NOISE,residential condo
overture:Cond. Varandas do Méier:-22.89849:-43.28897,Cond. Varandas do Méier,-22.89848518371582,-43.28897476196289,landmark_and_historical_building,NOISE,residential condo
overture:Cond. Village Bouganvilles:-22.90548:-43.56614,Cond. Village Bouganvilles,-22.90548324584961,-43.566139221191406,landmark_and_historical_building,NOISE,residential condo
overture:Cond. Village do Tingui:-22.88376:-43.56650,Cond. Village do Tingui,-22.883764266967773,-43.56650161743164,landmark_and_historical_building,NOISE,residential condo
overture:Cond. vale dos bem te vis:-22.95287:-43.34288,Cond. vale dos bem te vis,-22.952869415283203,-43.3428840637207,landmark_and_historical_building,NOISE,residential condo
overture:Cond.Vale Das Palmeiras:-22.86421:-43.55933,Cond.Vale Das Palmeiras,-22.86421012878418,-43.55933380126953,landmark_and_historical_building,NOISE,residential condo
overture:Condado Luz do Sol II:-22.92546:-43.37565,Condado Luz do Sol II,-22.92546272277832,-43.375648498535156,landmark_and_historical_building,NOISE,residential condo
overture:Condado de Palmares:-22.91723:-43.22088,Condado de Palmares,-22.917234420776367,-43.22087860107422,landmark_and_historical_building,NOISE,residential condo
overture:Conde das Palmeiras:-22.90158:-43.25104,Conde das Palmeiras,-22.90158462524414,-43.25103759765625,landmark_and_historical_building,NOISE,residential condo
overture:Conde de Cascais:-22.98731:-43.22670,Conde de Cascais,-22.987314224243164,-43.2266960144043,landmark_and_historical_building,NOISE,residential condo
overture:Condo All Blue:-22.84932:-43.31925,Condo All Blue,-22.849315643310547,-43.31924819946289,landmark_and_historical_building,NOISE,residential condo
overture:Condo Aluizio de Azevedo:-22.93344:-43.18710,Condo Aluizio de Azevedo,-22.933435440063477,-43.187103271484375,landmark_and_historical_building,NOISE,residential condo
overture:Condo Bella Vitta Jacarepagua:-22.94180:-43.36747,Condo Bella Vitta Jacarepagua,-22.941804885864258,-43.36747360229492,landmark_and_historical_building,NOISE,residential condo
overture:Condo Belle Ville:-22.89277:-43.39638,Condo Belle Ville,-22.89277458190918,-43.39637756347656,landmark_and_historical_building,NOISE,residential condo
overture:Condo Blue One:-23.00243:-43.42516,Condo Blue One,-23.00243377685547,-43.42515563964844,landmark_and_historical_building,NOISE,residential condo
overture:Condo Building Ghirlandaio:-23.00304:-43.38234,Condo Building Ghirlandaio,-23.003040313720703,-43.3823356628418,landmark_and_historical_building,NOISE,residential condo
overture:Condo Building Jerusalem:-22.88196:-43.49145,Condo Building Jerusalem,-22.881956100463867,-43.491451263427734,landmark_and_historical_building,NOISE,residential condo
overture:Condo Building Verdes Mares:-23.00987:-43.42047,Condo Building Verdes Mares,-23.00986671447754,-43.420467376708984,landmark_and_historical_building,NOISE,residential condo
overture:Condo Cove Park:-22.88462:-43.11957,Condo Cove Park,-22.884624481201172,-43.119571685791016,landmark_and_historical_building,NOISE,residential condo
overture:Condo Darcy Vargas:-22.85164:-43.25013,Condo Darcy Vargas,-22.851638793945312,-43.2501335144043,landmark_and_historical_building,NOISE,residential condo
overture:Condo Eldorado Green:-22.93094:-43.34769,Condo Eldorado Green,-22.930936813354492,-43.347694396972656,landmark_and_historical_building,NOISE,residential condo
overture:Condo Gardens London:-22.92819:-43.33831,Condo Gardens London,-22.92818832397461,-43.338314056396484,landmark_and_historical_building,NOISE,residential condo
overture:Condo Grove Mirataia:-22.93626:-43.36266,Condo Grove Mirataia,-22.936260223388672,-43.36266326904297,landmark_and_historical_building,NOISE,residential condo
overture:Condo Horacio Camargo:-22.92470:-43.52794,Condo Horacio Camargo,-22.924701690673828,-43.52793502807617,landmark_and_historical_building,NOISE,residential condo
overture:Condo Itaúna Gold:-23.01053:-43.42089,Condo Itaúna Gold,-23.01053237915039,-43.42089080810547,landmark_and_historical_building,NOISE,residential condo
overture:Condo Longbeach and Casablanca:-23.00338:-43.35140,Condo Longbeach and Casablanca,-23.003376007080078,-43.351402282714844,landmark_and_historical_building,NOISE,residential condo
overture:Condo Park Royal:-22.88286:-43.63025,Condo Park Royal,-22.882863998413086,-43.6302490234375,landmark_and_historical_building,NOISE,residential condo
overture:Condo Peninsula Way:-22.98712:-43.35757,Condo Peninsula Way,-22.98711585998535,-43.35757064819336,landmark_and_historical_building,NOISE,residential condo
overture:Condo Piacenza Life:-22.87519:-43.53435,Condo Piacenza Life,-22.875185012817383,-43.53435134887695,landmark_and_historical_building,NOISE,residential condo
overture:Condo Retreat of the Roses:-22.81869:-43.30455,Condo Retreat of the Roses,-22.81869125366211,-43.3045539855957,landmark_and_historical_building,NOISE,residential condo
overture:Condo Royal Green:-22.98989:-43.35419,Condo Royal Green,-22.989885330200195,-43.35418701171875,landmark_and_historical_building,NOISE,residential condo
overture:Condo Saint Lucia:-23.00508:-43.33229,Condo Saint Lucia,-23.00507926940918,-43.33229446411133,landmark_and_historical_building,NOISE,residential condo
overture:Condo San Fil Building:-23.00581:-43.32951,Condo San Fil Building,-23.00581169128418,-43.32951354980469,landmark_and_historical_building,NOISE,residential condo
overture:Condo San Francesco:-22.76241:-43.39694,Condo San Francesco,-22.762409210205078,-43.396942138671875,landmark_and_historical_building,NOISE,residential condo
overture:Condo San Remo:-22.88221:-43.54957,Condo San Remo,-22.882211685180664,-43.54956817626953,landmark_and_historical_building,NOISE,residential condo
overture:Condo Sol Marapendi:-23.00698:-43.32505,Condo Sol Marapendi,-23.006980895996094,-43.325050354003906,landmark_and_historical_building,NOISE,residential condo
overture:Condo Soul Garden Icaraí:-22.90087:-43.10207,Condo Soul Garden Icaraí,-22.900869369506836,-43.10206985473633,landmark_and_historical_building,NOISE,residential condo
overture:Condo Tijuca Solar Building:-22.91679:-43.23442,Condo Tijuca Solar Building,-22.916791915893555,-43.23441696166992,landmark_and_historical_building,NOISE,residential condo
overture:Condo Van Erven:-22.91753:-43.19784,Condo Van Erven,-22.917526245117188,-43.197837829589844,landmark_and_historical_building,NOISE,residential condo
overture:Condo Villa Angela:-22.76423:-43.48989,Condo Villa Angela,-22.76423454284668,-43.48989486694336,landmark_and_historical_building,NOISE,residential condo
overture:Condo Villa Borghese:-22.88241:-43.55096,Condo Villa Borghese,-22.88241195678711,-43.55095672607422,landmark_and_historical_building,NOISE,residential condo
overture:Condo Villa Carioca:-22.92663:-43.24679,Condo Villa Carioca,-22.9266300201416,-43.246788024902344,landmark_and_historical_building,NOISE,residential condo
overture:Condo Villa Espanã:-22.97136:-43.39042,Condo Villa Espanã,-22.971364974975586,-43.390419006347656,landmark_and_historical_building,NOISE,residential condo
overture:Condo Villaggio Dei Fiori:-22.89528:-43.10019,Condo Villaggio Dei Fiori,-22.89528465270996,-43.10018539428711,landmark_and_historical_building,NOISE,residential condo
overture:Condo Villas Castle:-22.92848:-43.35939,Condo Villas Castle,-22.928483963012695,-43.35939407348633,landmark_and_historical_building,NOISE,residential condo
overture:Condo Villas Of Almond:-22.91696:-43.61544,Condo Villas Of Almond,-22.916959762573242,-43.615440368652344,landmark_and_historical_building,NOISE,residential condo
overture:Condomi'nio Caminhos do Rio 1:-22.78449:-43.40919,Condomi'nio Caminhos do Rio 1,-22.784486770629883,-43.40919494628906,landmark_and_historical_building,NOISE,residential condo
overture:Condomi'nio Ilha de Cozumel:-23.00846:-43.32904,Condomi'nio Ilha de Cozumel,-23.008455276489258,-43.32904052734375,landmark_and_historical_building,NOISE,residential condo
overture:Condomi'nio Oswaldo Lussac:-22.93957:-43.36279,Condomi'nio Oswaldo Lussac,-22.9395694732666,-43.36278533935547,landmark_and_historical_building,NOISE,residential condo
overture:Condomi'nio Quinta do Morgado:-22.97644:-43.50007,Condomi'nio Quinta do Morgado,-22.976438522338867,-43.50006866455078,landmark_and_historical_building,NOISE,residential condo
overture:Condomi'nio Recanto das Andorinhas:-22.84321:-43.36221,Condomi'nio Recanto das Andorinhas,-22.843210220336914,-43.362213134765625,landmark_and_historical_building,NOISE,residential condo
overture:Condomi'nio San Martin:-22.92382:-43.36064,Condomi'nio San Martin,-22.92382049560547,-43.36064147949219,landmark_and_historical_building,NOISE,residential condo
overture:Condomi'nio Sesquicentenario:-22.82299:-43.30891,Condomi'nio Sesquicentenario,-22.82299041748047,-43.30890655517578,landmark_and_historical_building,NOISE,residential condo
overture:Condomi'nio Village dos Oitis:-22.99142:-43.48050,Condomi'nio Village dos Oitis,-22.991422653198242,-43.48050308227539,landmark_and_historical_building,NOISE,residential condo
overture:Condomi'nio Vivendas das Cotovias:-22.88468:-43.62766,Condomi'nio Vivendas das Cotovias,-22.88468360900879,-43.62765884399414,landmark_and_historical_building,NOISE,residential condo
overture:Condomi'nio Vivendas das Oliveiras:-22.91161:-43.58199,Condomi'nio Vivendas das Oliveiras,-22.91160774230957,-43.58198547363281,landmark_and_historical_building,NOISE,residential condo
overture:Condomi'nio do Edifi'cio Inconfide ncia:-22.90082:-43.12528,Condomi'nio do Edifi'cio Inconfide ncia,-22.900821685791016,-43.125282287597656,landmark_and_historical_building,NOISE,residential condo building
overture:Condomi'nio do Edifi'cio Michelangelo:-22.90631:-43.11307,Condomi'nio do Edifi'cio Michelangelo,-22.90631103515625,-43.113067626953125,landmark_and_historical_building,NOISE,residential condo building
overture:Condomini:-22.92605:-43.55169,Condomini,-22.926050186157227,-43.55168533325195,landmark_and_historical_building,NOISE,"ambiguous truncated word, no clear referent"
overture:Condominium Art Life:-23.01734:-43.49263,Condominium Art Life,-23.01734161376953,-43.49263000488281,landmark_and_historical_building,NOISE,residential condominium
overture:Condominium Chácara Rio Building:-22.92983:-43.20927,Condominium Chácara Rio Building,-22.92983055114746,-43.20927047729492,landmark_and_historical_building,NOISE,residential condominium
overture:Condominium Fazenda Passaredo:-22.92172:-43.41338,Condominium Fazenda Passaredo,-22.92171859741211,-43.41337585449219,landmark_and_historical_building,NOISE,residential condominium
overture:Condominium GREEN LIVING:-22.75077:-43.69167,Condominium GREEN LIVING,-22.75077247619629,-43.69166946411133,landmark_and_historical_building,NOISE,residential condominium
overture:Condominium Garden of Acacias:-22.93531:-43.55738,Condominium Garden of Acacias,-22.935312271118164,-43.557376861572266,landmark_and_historical_building,NOISE,residential condominium
overture:Condominium Garden of Ipe:-22.86373:-43.26916,Condominium Garden of Ipe,-22.86372947692871,-43.269161224365234,landmark_and_historical_building,NOISE,residential condominium
overture:Condominium Park Renovare:-22.87901:-43.55041,Condominium Park Renovare,-22.879005432128906,-43.550411224365234,landmark_and_historical_building,NOISE,residential condominium
overture:Condominium Park Silvestre:-22.87139:-43.54833,Condominium Park Silvestre,-22.871389389038086,-43.54833221435547,landmark_and_historical_building,NOISE,residential condominium
overture:Condominium Quinta da Lagoa:-22.97757:-43.19823,Condominium Quinta da Lagoa,-22.97757339477539,-43.1982307434082,landmark_and_historical_building,NOISE,residential condominium
overture:Condominium Via Bella:-22.98779:-43.35729,Condominium Via Bella,-22.987791061401367,-43.3572883605957,landmark_and_historical_building,NOISE,residential condominium
overture:Condominium Via Corcovado:-22.88404:-43.31456,Condominium Via Corcovado,-22.884037017822266,-43.31455993652344,landmark_and_historical_building,NOISE,residential condominium
overture:Condominium Village of Ipês:-22.83326:-43.71311,Condominium Village of Ipês,-22.833261489868164,-43.71310806274414,landmark_and_historical_building,NOISE,residential condominium
overture:Condominium Villagio Del Mare:-23.02753:-43.47614,Condominium Villagio Del Mare,-23.02753448486328,-43.47614288330078,landmark_and_historical_building,NOISE,residential condominium
overture:Condominium park of Hortências:-22.91396:-43.54824,Condominium park of Hortências,-22.91396141052246,-43.54823684692383,landmark_and_historical_building,NOISE,residential condominium
overture:Condomino delos:-22.90752:-43.69513,Condomino delos,-22.90752410888672,-43.695133209228516,landmark_and_historical_building,NOISE,residential condominium
overture:Condominío Bairro Carioca:-22.89286:-43.24833,Condominío Bairro Carioca,-22.892858505249023,-43.24832534790039,landmark_and_historical_building,NOISE,residential condominium
overture:Condominío Beira Alta:-22.82561:-43.31540,Condominío Beira Alta,-22.825607299804688,-43.31540298461914,landmark_and_historical_building,NOISE,residential condominium
overture:Condomínioparquedolazer18-19:-22.92500:-43.36618,Condomínioparquedolazer18-19,-22.925003051757812,-43.36617660522461,landmark_and_historical_building,NOISE,residential condominium leisure area
overture:Condomínios Alfataurus:-23.00832:-43.36575,Condomínios Alfataurus,-23.008317947387695,-43.365745544433594,landmark_and_historical_building,NOISE,residential condominium
overture:Condomíno La Plage:-23.03106:-43.48023,Condomíno La Plage,-23.031055450439453,-43.48023223876953,landmark_and_historical_building,NOISE,residential condominium
manual:Confeitaria Colombo,Confeitaria Colombo,-22.9068,-43.1786,landmark_and_historical_building,CULTURAL,historic 1894 Belle Époque landmark café
overture:Conflorvegan:-22.91920:-43.25758,Conflorvegan,-22.919200897216797,-43.25758361816406,landmark_and_historical_building,NOISE,vegan restaurant business
overture:Conjunto 61:-22.89444:-43.71582,Conjunto 61,-22.894437789916992,-43.715816497802734,landmark_and_historical_building,NOISE,housing complex
overture:Conjunto Boa Esperança:-22.81331:-43.59085,Conjunto Boa Esperança,-22.813308715820312,-43.59084701538086,landmark_and_historical_building,NOISE,housing complex
overture:Conjunto Cesarão - Santa Cruz:-22.93544:-43.66528,Conjunto Cesarão - Santa Cruz,-22.935440063476562,-43.66527557373047,landmark_and_historical_building,NOISE,housing complex
overture:Conjunto Cesarão Sitio:-22.93355:-43.65120,Conjunto Cesarão Sitio,-22.933549880981445,-43.65120315551758,landmark_and_historical_building,NOISE,housing complex
overture:Conjunto Coronel Vieira:-22.84889:-43.31990,Conjunto Coronel Vieira,-22.848888397216797,-43.31989669799805,landmark_and_historical_building,NOISE,housing complex
overture:Conjunto César maia:-22.98977:-43.43174,Conjunto César maia,-22.98977279663086,-43.43174362182617,landmark_and_historical_building,NOISE,housing complex
overture:Conjunto Da Pmerj Olaria Rj:-22.85065:-43.27509,Conjunto Da Pmerj Olaria Rj,-22.850650787353516,-43.27508544921875,landmark_and_historical_building,NOISE,police housing complex
overture:Conjunto Do Desipe - Bangu:-22.84587:-43.48559,Conjunto Do Desipe - Bangu,-22.845867156982422,-43.485591888427734,landmark_and_historical_building,NOISE,housing complex
overture:Conjunto Dom Bosco:-22.80375:-43.58640,Conjunto Dom Bosco,-22.803752899169922,-43.586402893066406,landmark_and_historical_building,NOISE,housing complex
overture:Conjunto Dos Ferroviários Dr. Roberto Silveira:-22.78733:-43.31690,Conjunto Dos Ferroviários Dr. Roberto Silveira,-22.787330627441406,-43.316898345947266,landmark_and_historical_building,NOISE,railway workers housing complex
overture:Conjunto Guandu 2:-22.90461:-43.70819,Conjunto Guandu 2,-22.90460777282715,-43.70819091796875,landmark_and_historical_building,NOISE,housing complex
overture:Conjunto Habitacional Prefeito Sá lessa:-22.82518:-43.35615,Conjunto Habitacional Prefeito Sá lessa,-22.825178146362305,-43.35614776611328,landmark_and_historical_building,NOISE,housing complex
overture:Conjunto Habitacional Presidente Getúlio Vargas:-22.84952:-43.38079,Conjunto Habitacional Presidente Getúlio Vargas,-22.849519729614258,-43.38079071044922,landmark_and_historical_building,NOISE,housing complex
overture:Conjunto Habitacional São Sebastião:-22.94440:-43.34204,Conjunto Habitacional São Sebastião,-22.944400787353516,-43.342037200927734,landmark_and_historical_building,NOISE,housing complex
overture:Conjunto Liberdade:-22.90132:-43.70949,Conjunto Liberdade,-22.901315689086914,-43.70948791503906,landmark_and_historical_building,NOISE,housing complex
overture:Conjunto Ubaldo de Oliveira:-22.86313:-43.47188,Conjunto Ubaldo de Oliveira,-22.863134384155273,-43.47187805175781,landmark_and_historical_building,NOISE,housing complex
overture:Conjunto da Joaquim Ribeiro:-22.87773:-43.28617,Conjunto da Joaquim Ribeiro,-22.877729415893555,-43.28617477416992,landmark_and_historical_building,NOISE,housing complex
overture:Conjunto da Marinha:-22.75180:-43.49168,Conjunto da Marinha,-22.75180435180664,-43.491676330566406,landmark_and_historical_building,NOISE,navy housing complex
overture:Conjunto dos Ferroviários:-22.88633:-43.29327,Conjunto dos Ferroviários,-22.886329650878906,-43.293270111083984,landmark_and_historical_building,NOISE,housing complex
overture:Conjunto dos Mouras:-22.93706:-43.63309,Conjunto dos Mouras,-22.937055587768555,-43.633087158203125,landmark_and_historical_building,NOISE,housing complex
overture:Conjunto nova sepetiba:-22.95987:-43.68554,Conjunto nova sepetiba,-22.959871292114258,-43.685543060302734,landmark_and_historical_building,NOISE,housing complex
overture:Connect Icarai:-22.90758:-43.10274,Connect Icarai,-22.907581329345703,-43.10273742675781,landmark_and_historical_building,NOISE,business
overture:Connect Life Work Trade:-22.91822:-43.37913,Connect Life Work Trade,-22.918224334716797,-43.379127502441406,landmark_and_historical_building,NOISE,coworking business
overture:Conquista Campo Grande:-22.87262:-43.52630,Conquista Campo Grande,-22.872623443603516,-43.526302337646484,landmark_and_historical_building,NOISE,residential development
overture:Conquista Jardim Guadalupe:-22.84443:-43.37486,Conquista Jardim Guadalupe,-22.84442901611328,-43.37486267089844,landmark_and_historical_building,NOISE,residential development
overture:Conquista Mendanha:-22.86825:-43.55198,Conquista Mendanha,-22.86824607849121,-43.55197525024414,landmark_and_historical_building,NOISE,residential development
overture:Consultor Imobiliário Jorge Rondão:-22.86742:-43.55332,Consultor Imobiliário Jorge Rondão,-22.867420196533203,-43.553321838378906,landmark_and_historical_building,NOISE,real estate agent
overture:Contemporâneo Design Resort:-22.94751:-43.56160,Contemporâneo Design Resort,-22.947513580322266,-43.56160354614258,landmark_and_historical_building,NOISE,resort business
overture:Copa do Rei:-22.85650:-43.35308,Copa do Rei,-22.85650062561035,-43.35307693481445,landmark_and_historical_building,NOISE,"ambiguous, no clear cultural referent"
overture:Copacabana:-22.96846:-43.18859,Copacabana,-22.96845817565918,-43.18859100341797,landmark_and_historical_building,NATURAL,beach/coastal neighborhood named for its beach
overture:Copacabana Bela Vista:-22.96395:-43.17255,Copacabana Bela Vista,-22.963953018188477,-43.172550201416016,landmark_and_historical_building,NOISE,residential building name
overture:Copacabana-Rio-AluguelForTemporada-VistaParaoMar:-22.96381:-43.17192,Copacabana-Rio-AluguelForTemporada-VistaParaoMar,-22.963808059692383,-43.17192077636719,landmark_and_historical_building,NOISE,vacation rental listing
overture:Coqueirinho:-22.77786:-43.32941,Coqueirinho,-22.777864456176758,-43.32940673828125,landmark_and_historical_building,NOISE,ambiguous locality name
overture:Coqueirão:-22.98709:-43.20627,Coqueirão,-22.987085342407227,-43.20627212524414,landmark_and_historical_building,NOISE,ambiguous locality name
overture:Coreto de Sepetiba Rj:-22.97089:-43.70963,Coreto de Sepetiba Rj,-22.97089385986328,-43.70962905883789,landmark_and_historical_building,CULTURAL,historic bandstand in town square
overture:Corporate Tijuca:-22.92161:-43.23470,Corporate Tijuca,-22.921607971191406,-43.23469543457031,landmark_and_historical_building,NOISE,office building
overture:Corretor Alex Dantas CAC:-22.75154:-43.45531,Corretor Alex Dantas CAC,-22.751543045043945,-43.4553108215332,landmark_and_historical_building,NOISE,real estate agent
overture:Corretor Ary Teixeira:-22.84142:-43.36966,Corretor Ary Teixeira,-22.841421127319336,-43.369659423828125,landmark_and_historical_building,NOISE,real estate agent
overture:Corretor Lucas Mendes:-22.94197:-43.34154,Corretor Lucas Mendes,-22.941970825195312,-43.3415412902832,landmark_and_historical_building,NOISE,real estate agent
overture:Cosmos:-22.90591:-43.60982,Cosmos,-22.90591049194336,-43.60982131958008,landmark_and_historical_building,NOISE,ambiguous neighborhood name
overture:Cosmos City:-22.91693:-43.61456,Cosmos City,-22.916927337646484,-43.614559173583984,landmark_and_historical_building,NOISE,residential development
overture:Costa Blanca:-23.00634:-43.32664,Costa Blanca,-23.006338119506836,-43.326637268066406,landmark_and_historical_building,NOISE,residential building name
overture:Costa Del Sol:-23.01028:-43.33267,Costa Del Sol,-23.010282516479492,-43.332672119140625,landmark_and_historical_building,NOISE,residential building name
overture:Costa barros:-22.82123:-43.35620,Costa barros,-22.82122802734375,-43.356197357177734,landmark_and_historical_building,NOISE,ambiguous neighborhood name
overture:Costa do Atlântico:-22.98664:-43.19786,Costa do Atlântico,-22.986637115478516,-43.19785690307617,landmark_and_historical_building,NOISE,residential building name
overture:Costão do Grumari:-23.05495:-43.53920,Costão do Grumari,-23.054950714111328,-43.53920364379883,landmark_and_historical_building,NATURAL,rocky headland
overture:Covanca:-22.91579:-43.34472,Covanca,-22.915786743164062,-43.3447151184082,landmark_and_historical_building,NOISE,ambiguous locality name
overture:Cozinha da Nutri Daiana Queiroz:-22.87103:-43.76700,Cozinha da Nutri Daiana Queiroz,-22.871034622192383,-43.766998291015625,landmark_and_historical_building,NOISE,nutritionist business
overture:Cremtei:-22.82406:-43.32884,Cremtei,-22.824060440063477,-43.32884216308594,landmark_and_historical_building,NOISE,ambiguous business/clinic
overture:Cristo Redentor - RJ:-22.91068:-43.65784,Cristo Redentor - RJ,-22.910680770874023,-43.6578369140625,landmark_and_historical_building,CULTURAL,iconic Art Deco statue monument
overture:Cruzada de são Sebastião:-22.98184:-43.21619,Cruzada de são Sebastião,-22.981840133666992,-43.216190338134766,landmark_and_historical_building,NOISE,residential housing complex
overture:Cruzeiro do Sul (Mesquita):-22.77855:-43.42863,Cruzeiro do Sul (Mesquita),-22.778553009033203,-43.428627014160156,landmark_and_historical_building,NOISE,ambiguous generic reference
overture:Cukrová homole (hora):-22.94861:-43.15722,Cukrová homole (hora),-22.9486141204834,-43.157222747802734,landmark_and_historical_building,NATURAL,Sugarloaf Mountain (natural peak)
overture:Cupim City .:-22.75340:-43.46259,Cupim City .,-22.753400802612305,-43.462589263916016,landmark_and_historical_building,NOISE,residential development
overture:Cury Nova Iguaçu:-22.76107:-43.41965,Cury Nova Iguaçu,-22.761070251464844,-43.419647216796875,landmark_and_historical_building,NOISE,real estate developer brand
overture:Cury Ramos:-22.86150:-43.25511,Cury Ramos,-22.861495971679688,-43.25511169433594,landmark_and_historical_building,NOISE,real estate developer brand
overture:DIAS soluções A GÁS:-22.77055:-43.52759,DIAS soluções A GÁS,-22.770553588867188,-43.527591705322266,landmark_and_historical_building,NOISE,business
overture:DNA HOMER:-22.90721:-43.56602,DNA HOMER,-22.90721321105957,-43.56602096557617,landmark_and_historical_building,NOISE,ambiguous business
overture:Da Prata:-22.76113:-43.41917,Da Prata,-22.761125564575195,-43.419166564941406,landmark_and_historical_building,NOISE,"ambiguous, no clear cultural referent"
overture:Deck Aterro Flamengo:-22.93574:-43.17002,Deck Aterro Flamengo,-22.935739517211914,-43.17002487182617,landmark_and_historical_building,CULTURAL,feature of Burle Marx-designed historic Aterro do Flamengo park
overture:Del Bosco:-22.94149:-43.33828,Del Bosco,-22.941490173339844,-43.33827590942383,landmark_and_historical_building,NOISE,residential building name
overture:Dez Rocha Miranda:-22.85136:-43.34531,Dez Rocha Miranda,-22.851364135742188,-43.345314025878906,landmark_and_historical_building,NOISE,real estate development
overture:Dez Zona Norte:-22.82970:-43.32247,Dez Zona Norte,-22.82969856262207,-43.32246780395508,landmark_and_historical_building,NOISE,real estate development
overture:Dias Ferreira Leblon Studios:-22.98220:-43.22462,Dias Ferreira Leblon Studios,-22.982200622558594,-43.22462463378906,landmark_and_historical_building,NOISE,residential/commercial studios
overture:Disegno Casas Boutique:-23.00988:-43.42601,Disegno Casas Boutique,-23.009878158569336,-43.42600631713867,landmark_and_historical_building,NOISE,business
overture:Drop Vertical - Escola de Surf e Kitesurf:-23.00917:-43.34249,Drop Vertical - Escola de Surf e Kitesurf,-23.009166717529297,-43.34249496459961,landmark_and_historical_building,NOISE,surf school business
overture:Duque de Epson:-22.97351:-43.18654,Duque de Epson,-22.973512649536133,-43.18653869628906,landmark_and_historical_building,NOISE,"ambiguous, no clear referent"
overture:Dúvidas sobre sexo:-23.01152:-43.44580,Dúvidas sobre sexo,-23.011520385742188,-43.44580078125,landmark_and_historical_building,NOISE,not a real point of interest
overture:EXATO  Estrada do Rio Grande Taquara:-22.91903:-43.39349,EXATO  Estrada do Rio Grande Taquara,-22.91903305053711,-43.39349365234375,landmark_and_historical_building,NOISE,business (driving school)
overture:East Side Méier:-22.89644:-43.28291,East Side Méier,-22.896438598632812,-43.28291320800781,landmark_and_historical_building,NOISE,residential/commercial development
overture:Ed Argelia:-22.96858:-43.18250,Ed Argelia,-22.968582153320312,-43.182498931884766,landmark_and_historical_building,NOISE,apartment building
overture:Ed Celestial:-22.93394:-43.17738,Ed Celestial,-22.93393898010254,-43.17738342285156,landmark_and_historical_building,NOISE,apartment building
overture:Ed Faestal:-22.87135:-43.77781,Ed Faestal,-22.87135124206543,-43.77780532836914,landmark_and_historical_building,NOISE,apartment building
overture:Ed Fidalgo/ Ed Las Palmas:-22.76130:-43.45139,Ed Fidalgo/ Ed Las Palmas,-22.761301040649414,-43.451385498046875,landmark_and_historical_building,NOISE,apartment buildings
overture:Ed Maria Quiteria:-22.97291:-43.19235,Ed Maria Quiteria,-22.97290802001953,-43.19234848022461,landmark_and_historical_building,NOISE,apartment building
overture:Ed Space VII and VIII:-22.90424:-43.11837,Ed Space VII and VIII,-22.904239654541016,-43.11837387084961,landmark_and_historical_building,NOISE,apartment building
overture:Ed Torre Charles Degaulle:-23.00225:-43.32795,Ed Torre Charles Degaulle,-23.00225257873535,-43.32795333862305,landmark_and_historical_building,NOISE,apartment building
overture:Ed Verbenas:-22.87817:-43.36736,Ed Verbenas,-22.8781681060791,-43.36735534667969,landmark_and_historical_building,NOISE,apartment building
overture:Ed. Alita:-22.89543:-43.35402,Ed. Alita,-22.89542579650879,-43.35401916503906,landmark_and_historical_building,NOISE,apartment building
overture:Ed. Allegro:-22.81143:-43.19606,Ed. Allegro,-22.811431884765625,-43.19606018066406,landmark_and_historical_building,NOISE,apartment building
overture:Ed. Canopus:-22.97952:-43.22046,Ed. Canopus,-22.979516983032227,-43.220462799072266,landmark_and_historical_building,NOISE,apartment building
overture:Ed. Chinguar:-22.75730:-43.45961,Ed. Chinguar,-22.757295608520508,-43.4596061706543,landmark_and_historical_building,NOISE,apartment building
overture:Ed. Conquest:-22.75919:-43.45875,Ed. Conquest,-22.759193420410156,-43.45874786376953,landmark_and_historical_building,NOISE,apartment building
overture:Ed. Elias F. Pariz:-22.78907:-43.30747,Ed. Elias F. Pariz,-22.789066314697266,-43.307472229003906,landmark_and_historical_building,NOISE,apartment building
overture:Ed. Gandhi:-22.95526:-43.17511,Ed. Gandhi,-22.95525550842285,-43.175106048583984,landmark_and_historical_building,NOISE,apartment building
overture:Ed. Gois Monteiro 155:-22.95562:-43.17886,Ed. Gois Monteiro 155,-22.955623626708984,-43.178863525390625,landmark_and_historical_building,NOISE,apartment building
overture:Ed. Ingá Beira Mar:-22.90349:-43.12626,Ed. Ingá Beira Mar,-22.903486251831055,-43.126258850097656,landmark_and_historical_building,NOISE,apartment building
overture:Ed. Jardim das Tulipas:-22.88467:-43.36578,Ed. Jardim das Tulipas,-22.884666442871094,-43.365779876708984,landmark_and_historical_building,NOISE,apartment building
overture:Ed. Jursan:-22.90972:-43.19170,Ed. Jursan,-22.90972328186035,-43.19169616699219,landmark_and_historical_building,NOISE,apartment building
overture:Ed. Lucie Danon:-22.96907:-43.18673,Ed. Lucie Danon,-22.969070434570312,-43.186729431152344,landmark_and_historical_building,NOISE,apartment building
overture:Ed. Luiz de Camões:-22.97126:-43.18465,Ed. Luiz de Camões,-22.971256256103516,-43.184654235839844,landmark_and_historical_building,NOISE,apartment building
overture:Ed. Mar do Norte:-22.87251:-43.34244,Ed. Mar do Norte,-22.872509002685547,-43.342437744140625,landmark_and_historical_building,NOISE,apartment building
overture:Ed. Marcedo VIII:-22.87910:-43.36043,Ed. Marcedo VIII,-22.879104614257812,-43.36042785644531,landmark_and_historical_building,NOISE,apartment building
overture:Ed. Marcílio Dias:-22.88540:-43.12528,Ed. Marcílio Dias,-22.885400772094727,-43.12527847290039,landmark_and_historical_building,NOISE,apartment building
overture:Ed. Mário Scapin:-22.75831:-43.45023,Ed. Mário Scapin,-22.75830841064453,-43.450225830078125,landmark_and_historical_building,NOISE,apartment building
overture:Ed. Nicias:-22.98569:-43.19632,Ed. Nicias,-22.985687255859375,-43.196319580078125,landmark_and_historical_building,NOISE,apartment building
overture:Ed. Parreiras:-22.98388:-43.19539,Ed. Parreiras,-22.983882904052734,-43.19538879394531,landmark_and_historical_building,NOISE,apartment building
overture:Ed. Pasteur Palace:-22.95268:-43.17715,Ed. Pasteur Palace,-22.952682495117188,-43.17715072631836,landmark_and_historical_building,NOISE,apartment building
overture:Ed. Pena Safira:-22.96736:-43.19102,Ed. Pena Safira,-22.967361450195312,-43.19102096557617,landmark_and_historical_building,NOISE,apartment building
overture:Ed. Pina:-22.97090:-43.18960,Ed. Pina,-22.970901489257812,-43.18960189819336,landmark_and_historical_building,NOISE,apartment building
overture:Ed. Porto Brisa V:-22.87908:-43.37101,Ed. Porto Brisa V,-22.879079818725586,-43.371009826660156,landmark_and_historical_building,NOISE,apartment building
overture:Ed. Porto Seguro:-22.95192:-43.18628,Ed. Porto Seguro,-22.95191764831543,-43.186283111572266,landmark_and_historical_building,NOISE,apartment building
overture:Ed. Reserva Marapendi:-23.01236:-43.44323,Ed. Reserva Marapendi,-23.012359619140625,-43.443233489990234,landmark_and_historical_building,NOISE,apartment building
overture:Ed. Rose Blanche:-22.91010:-43.29172,Ed. Rose Blanche,-22.91010284423828,-43.291717529296875,landmark_and_historical_building,NOISE,apartment building
overture:Ed. San Diego:-22.96876:-43.18608,Ed. San Diego,-22.968761444091797,-43.18607711791992,landmark_and_historical_building,NOISE,apartment building
overture:Ed. Solar Do Marques:-22.89253:-43.11347,Ed. Solar Do Marques,-22.89253044128418,-43.113468170166016,landmark_and_historical_building,NOISE,apartment building
overture:Ed. Solar do Valqueire:-22.87828:-43.36953,Ed. Solar do Valqueire,-22.878278732299805,-43.36952590942383,landmark_and_historical_building,NOISE,apartment building
overture:Ed. Sta Mônica:-22.87444:-43.27264,Ed. Sta Mônica,-22.874435424804688,-43.27263641357422,landmark_and_historical_building,NOISE,apartment building
overture:Ed. Taquara:-22.96964:-43.18754,Ed. Taquara,-22.96964454650879,-43.187538146972656,landmark_and_historical_building,NOISE,apartment building
overture:Ed. Tirante:-22.89329:-43.11963,Ed. Tirante,-22.893291473388672,-43.119625091552734,landmark_and_historical_building,NOISE,apartment building
overture:Ed. Varandas do Recreio:-23.01108:-43.44865,Ed. Varandas do Recreio,-23.01108169555664,-43.44865417480469,landmark_and_historical_building,NOISE,apartment building
overture:Ed. Vila Normanda:-22.97112:-43.18440,Ed. Vila Normanda,-22.971120834350586,-43.18439865112305,landmark_and_historical_building,NOISE,apartment building
overture:Ed.Del Valle:-22.90982:-43.19343,Ed.Del Valle,-22.90981674194336,-43.19343185424805,landmark_and_historical_building,NOISE,apartment building
overture:Edf. Chopin:-22.96770:-43.17952,Edf. Chopin,-22.967702865600586,-43.17952346801758,landmark_and_historical_building,NOISE,apartment building
overture:Edf. Marrocos:-22.96850:-43.18267,Edf. Marrocos,-22.96849822998047,-43.182674407958984,landmark_and_historical_building,NOISE,apartment building
overture:Edf. Vendome:-22.96911:-43.20498,Edf. Vendome,-22.96910858154297,-43.20497512817383,landmark_and_historical_building,NOISE,apartment building
overture:Edficio Curupaiti:-22.89957:-43.29123,Edficio Curupaiti,-22.899566650390625,-43.291229248046875,landmark_and_historical_building,NOISE,apartment building
overture:Edificio 3 de Outubro:-22.89753:-43.18597,Edificio 3 de Outubro,-22.89752960205078,-43.185970306396484,landmark_and_historical_building,NOISE,apartment building
overture:Edificio Acapulco:-22.90720:-43.10906,Edificio Acapulco,-22.90719985961914,-43.10905838012695,landmark_and_historical_building,NOISE,apartment building
overture:Edificio Antonini:-22.91184:-43.19307,Edificio Antonini,-22.91183853149414,-43.19306564331055,landmark_and_historical_building,NOISE,apartment building
overture:Edificio Atina Mirza:-22.80168:-43.37152,Edificio Atina Mirza,-22.801679611206055,-43.371517181396484,landmark_and_historical_building,NOISE,apartment building
overture:Edificio Bella Vita:-23.00279:-43.39191,Edificio Bella Vita,-23.002792358398438,-43.39190673828125,landmark_and_historical_building,NOISE,apartment building
overture:Edificio Boa Esperança:-22.98177:-43.19407,Edificio Boa Esperança,-22.981765747070312,-43.19406509399414,landmark_and_historical_building,NOISE,apartment building
overture:Edificio Bruno:-22.86984:-43.34282,Edificio Bruno,-22.869836807250977,-43.34282302856445,landmark_and_historical_building,NOISE,apartment building
overture:Edificio Clarissac:-22.89735:-43.18296,Edificio Clarissac,-22.89735221862793,-43.18296432495117,landmark_and_historical_building,NOISE,apartment building
overture:Edificio Colatina:-22.98359:-43.19063,Edificio Colatina,-22.98358917236328,-43.19062805175781,landmark_and_historical_building,NOISE,apartment building
overture:Edificio Comercial Jardim Guanabara:-22.80567:-43.20922,Edificio Comercial Jardim Guanabara,-22.805665969848633,-43.20922088623047,landmark_and_historical_building,NOISE,commercial building
overture:Edificio Conde Pereira Carneiro:-22.90427:-43.17812,Edificio Conde Pereira Carneiro,-22.904272079467773,-43.17811584472656,landmark_and_historical_building,NOISE,apartment building
overture:Edificio Cortina d'ampezzo:-22.90043:-43.28589,Edificio Cortina d'ampezzo,-22.900434494018555,-43.285892486572266,landmark_and_historical_building,NOISE,apartment building
overture:Edificio Costabella:-23.00761:-43.32294,Edificio Costabella,-23.007606506347656,-43.32294464111328,landmark_and_historical_building,NOISE,apartment building
overture:Edificio El Salvador:-22.88421:-43.42984,Edificio El Salvador,-22.88420867919922,-43.429840087890625,landmark_and_historical_building,NOISE,apartment building
overture:Edificio Feliciano Sodré:-22.89402:-43.11965,Edificio Feliciano Sodré,-22.894023895263672,-43.11964797973633,landmark_and_historical_building,NOISE,apartment building
overture:Edificio Formidable:-22.93078:-43.18874,Edificio Formidable,-22.930782318115234,-43.188743591308594,landmark_and_historical_building,NOISE,apartment building
overture:Edificio Guignard:-22.75928:-43.45902,Edificio Guignard,-22.75927734375,-43.459022521972656,landmark_and_historical_building,NOISE,apartment building
overture:Edificio Harry Franco:-22.93159:-43.24162,Edificio Harry Franco,-22.931594848632812,-43.241615295410156,landmark_and_historical_building,NOISE,apartment building
overture:Edificio Independencia:-22.90447:-43.17668,Edificio Independencia,-22.904468536376953,-43.17668151855469,landmark_and_historical_building,NOISE,apartment building
overture:Edificio Itu:-22.90864:-43.17772,Edificio Itu,-22.908641815185547,-43.17771911621094,landmark_and_historical_building,NOISE,apartment building
overture:Edificio Joia 160:-22.91649:-43.37980,Edificio Joia 160,-22.916492462158203,-43.379798889160156,landmark_and_historical_building,NOISE,apartment building
overture:Edificio Joseph Gire:-22.89726:-43.18103,Edificio Joseph Gire,-22.897262573242188,-43.181034088134766,landmark_and_historical_building,NOISE,apartment building
overture:Edificio Key West:-22.96185:-43.17492,Edificio Key West,-22.96184539794922,-43.174922943115234,landmark_and_historical_building,NOISE,apartment building
overture:Edificio Leblon:-22.98425:-43.22342,Edificio Leblon,-22.9842472076416,-43.22341537475586,landmark_and_historical_building,NOISE,apartment building
overture:Edificio Lemar:-22.96278:-43.16991,Edificio Lemar,-22.96278190612793,-43.16991424560547,landmark_and_historical_building,NOISE,apartment building
overture:Edificio Maggio:-22.90154:-43.12573,Edificio Maggio,-22.901538848876953,-43.125728607177734,landmark_and_historical_building,NOISE,apartment building
overture:Edificio Malága:-22.96907:-43.38760,Edificio Malága,-22.96906852722168,-43.387596130371094,landmark_and_historical_building,NOISE,apartment building
overture:Edificio Mar Del Zur:-22.89829:-43.28138,Edificio Mar Del Zur,-22.89828872680664,-43.28137969970703,landmark_and_historical_building,NOISE,apartment building
overture:Edificio Mar de Ipanema Vip Center:-22.98425:-43.20163,Edificio Mar de Ipanema Vip Center,-22.9842529296875,-43.201629638671875,landmark_and_historical_building,NOISE,apartment building
"overture:Edificio Maracaí, Tijuca, Rio De Janeiro:-22.94103:-43.25224","Edificio Maracaí, Tijuca, Rio De Janeiro",-22.941028594970703,-43.252235412597656,landmark_and_historical_building,NOISE,apartment building
overture:Edificio Marapé:-22.97546:-43.18907,Edificio Marapé,-22.975461959838867,-43.18906784057617,landmark_and_historical_building,NOISE,apartment building
overture:Edificio Maria Regina:-22.95875:-43.19922,Edificio Maria Regina,-22.958749771118164,-43.199222564697266,landmark_and_historical_building,NOISE,apartment building
overture:Edificio Mucajai:-22.98612:-43.19101,Edificio Mucajai,-22.986122131347656,-43.191009521484375,landmark_and_historical_building,NOISE,apartment building
overture:Edificio Nilo Peçanha:-22.90376:-43.12374,Edificio Nilo Peçanha,-22.90376091003418,-43.12374496459961,landmark_and_historical_building,NOISE,apartment building
overture:Edificio Parque Nossa Senhora Lourdes:-22.90310:-43.28271,Edificio Parque Nossa Senhora Lourdes,-22.90309715270996,-43.28271484375,landmark_and_historical_building,NOISE,apartment building
overture:Edificio Pinhotiba:-22.75836:-43.44860,Edificio Pinhotiba,-22.758359909057617,-43.44860076904297,landmark_and_historical_building,NOISE,apartment building
overture:Edificio Polux:-22.97780:-43.19357,Edificio Polux,-22.977798461914062,-43.193572998046875,landmark_and_historical_building,NOISE,apartment building
overture:Edificio Praça dos Estudantes:-22.90306:-43.56752,Edificio Praça dos Estudantes,-22.903064727783203,-43.5675163269043,landmark_and_historical_building,NOISE,apartment building
overture:Edificio Primavera:-22.84367:-43.26543,Edificio Primavera,-22.843671798706055,-43.26542663574219,landmark_and_historical_building,NOISE,apartment building
overture:Edificio Queen Christina:-23.00913:-43.36674,Edificio Queen Christina,-23.009132385253906,-43.36674118041992,landmark_and_historical_building,NOISE,apartment building
overture:Edificio Reno:-22.96679:-43.38575,Edificio Reno,-22.966787338256836,-43.385746002197266,landmark_and_historical_building,NOISE,apartment building
overture:Edificio Rua Macedo Sobrinho:-22.95917:-43.19852,Edificio Rua Macedo Sobrinho,-22.95917320251465,-43.19852066040039,landmark_and_historical_building,NOISE,apartment building
overture:Edificio Rubilite:-22.96969:-43.18516,Edificio Rubilite,-22.96968650817871,-43.185157775878906,landmark_and_historical_building,NOISE,apartment building
overture:Edificio Samurai:-22.92125:-43.23806,Edificio Samurai,-22.921247482299805,-43.238059997558594,landmark_and_historical_building,NOISE,apartment building
overture:Edificio Satélite:-22.98355:-43.19133,Edificio Satélite,-22.983545303344727,-43.19133377075195,landmark_and_historical_building,NOISE,apartment building
overture:Edificio Serraazul:-22.94607:-43.33659,Edificio Serraazul,-22.946067810058594,-43.33658981323242,landmark_and_historical_building,NOISE,apartment building
overture:Edificio Solar da Quinta:-22.90301:-43.22040,Edificio Solar da Quinta,-22.90300941467285,-43.220401763916016,landmark_and_historical_building,NOISE,apartment building
overture:Edificio São Pedro:-22.87259:-43.34284,Edificio São Pedro,-22.872591018676758,-43.342838287353516,landmark_and_historical_building,NOISE,apartment building
overture:Edificio Varandas de Sao Clemente:-22.94931:-43.18619,Edificio Varandas de Sao Clemente,-22.94931411743164,-43.18619155883789,landmark_and_historical_building,NOISE,apartment building
overture:Edificio Villa Dei Fiori:-22.89903:-43.27715,Edificio Villa Dei Fiori,-22.89903450012207,-43.27715301513672,landmark_and_historical_building,NOISE,apartment building
overture:Edificio Viva Vila:-22.92113:-43.24704,Edificio Viva Vila,-22.92112922668457,-43.247039794921875,landmark_and_historical_building,NOISE,apartment building
overture:Edificio Zattar:-22.91681:-43.22168,Edificio Zattar,-22.916812896728516,-43.221683502197266,landmark_and_historical_building,NOISE,apartment building
overture:Edificio Âncora:-22.81506:-43.42650,Edificio Âncora,-22.815061569213867,-43.4265022277832,landmark_and_historical_building,NOISE,apartment building
overture:EdifÍCio Enzo:-22.98656:-43.32228,EdifÍCio Enzo,-22.986560821533203,-43.3222770690918,landmark_and_historical_building,NOISE,named residential apartment building
overture:Edifício 13 De Janeiro:-22.87861:-43.49220,Edifício 13 De Janeiro,-22.87860679626465,-43.49220275878906,landmark_and_historical_building,NOISE,named residential apartment building
overture:Edifício Alaska:-22.92934:-43.17849,Edifício Alaska,-22.92934226989746,-43.17848587036133,landmark_and_historical_building,NOISE,named residential apartment building
overture:Edifício Aldebaran:-22.92043:-43.25345,Edifício Aldebaran,-22.920433044433594,-43.253448486328125,landmark_and_historical_building,NOISE,named residential apartment building
overture:Edifício Aldeia Branca:-23.02529:-43.46541,Edifício Aldeia Branca,-23.025285720825195,-43.46541213989258,landmark_and_historical_building,NOISE,named residential apartment building
overture:Edifício Alessandra:-22.92379:-43.21897,Edifício Alessandra,-22.923791885375977,-43.218971252441406,landmark_and_historical_building,NOISE,named residential apartment building
overture:Edifício Alfa Classic:-23.00955:-43.36788,Edifício Alfa Classic,-23.009552001953125,-43.367881774902344,landmark_and_historical_building,NOISE,named residential apartment building
overture:Edifício Alfa Ritz:-22.99492:-43.36541,Edifício Alfa Ritz,-22.99492073059082,-43.36540603637695,landmark_and_historical_building,NOISE,named residential apartment building
overture:Edifício Amaury Louzada:-22.91876:-43.19501,Edifício Amaury Louzada,-22.91876220703125,-43.19501495361328,landmark_and_historical_building,NOISE,named residential apartment building
overture:Edifício Aquários:-22.98087:-43.22081,Edifício Aquários,-22.980865478515625,-43.2208137512207,landmark_and_historical_building,NOISE,named residential apartment building
overture:Edifício Armando Christóvão:-22.78611:-43.30968,Edifício Armando Christóvão,-22.786109924316406,-43.3096809387207,landmark_and_historical_building,NOISE,named residential apartment building
overture:Edifício Avanti:-22.88917:-43.28092,Edifício Avanti,-22.88917350769043,-43.280921936035156,landmark_and_historical_building,NOISE,named residential apartment building
overture:Edifício Azevedo Mattos:-22.92219:-43.67979,Edifício Azevedo Mattos,-22.922189712524414,-43.67979431152344,landmark_and_historical_building,NOISE,named residential apartment building
overture:Edifício Bachur:-22.91881:-43.25277,Edifício Bachur,-22.918813705444336,-43.252769470214844,landmark_and_historical_building,NOISE,named residential apartment building
overture:Edifício Bahia:-22.88029:-43.49333,Edifício Bahia,-22.88028907775879,-43.49332809448242,landmark_and_historical_building,NOISE,named residential apartment building
overture:Edifício Baião:-22.88665:-43.30192,Edifício Baião,-22.886646270751953,-43.30192184448242,landmark_and_historical_building,NOISE,named residential apartment building
overture:Edifício Bandeirante José Dias:-23.01169:-43.32101,Edifício Bandeirante José Dias,-23.01169204711914,-43.32101058959961,landmark_and_historical_building,NOISE,named residential apartment building
overture:Edifício Bandeirantes:-23.02575:-43.46464,Edifício Bandeirantes,-23.025747299194336,-43.464637756347656,landmark_and_historical_building,NOISE,named residential apartment building
overture:Edifício Barão de Pirassinunga:-22.92796:-43.23232,Edifício Barão de Pirassinunga,-22.927963256835938,-43.232322692871094,landmark_and_historical_building,NOISE,named residential apartment building
overture:Edifício Barão do Ingá:-22.90130:-43.12447,Edifício Barão do Ingá,-22.901302337646484,-43.12446975708008,landmark_and_historical_building,NOISE,named residential apartment building
overture:Edifício Beethoven:-22.90224:-43.12401,Edifício Beethoven,-22.902240753173828,-43.1240119934082,landmark_and_historical_building,NOISE,named residential apartment building
overture:Edifício Bellino Esperança:-22.97858:-43.22766,Edifício Bellino Esperança,-22.978580474853516,-43.227664947509766,landmark_and_historical_building,NOISE,named residential apartment building
overture:Edifício Belém:-22.93116:-43.17553,Edifício Belém,-22.931163787841797,-43.1755256652832,landmark_and_historical_building,NOISE,named residential apartment building
overture:Edifício Berlin:-23.00373:-43.35717,Edifício Berlin,-23.003732681274414,-43.3571662902832,landmark_and_historical_building,NOISE,named residential apartment building
overture:Edifício Beton:-22.90483:-43.17628,Edifício Beton,-22.904829025268555,-43.17628479003906,landmark_and_historical_building,NOISE,named residential apartment building
overture:Edifício Bosque das Camélias:-22.89544:-43.27673,Edifício Bosque das Camélias,-22.89543914794922,-43.27672576904297,landmark_and_historical_building,NOISE,named residential apartment building
overture:Edifício Cabo da Roca IV:-23.02066:-43.47844,Edifício Cabo da Roca IV,-23.020662307739258,-43.47843933105469,landmark_and_historical_building,NOISE,named residential apartment building
overture:Edifício Calle Fenice:-22.90232:-43.10133,Edifício Calle Fenice,-22.902318954467773,-43.1013298034668,landmark_and_historical_building,NOISE,named residential apartment building
overture:Edifício Calle Nóbrega:-22.90333:-43.10337,Edifício Calle Nóbrega,-22.903329849243164,-43.103370666503906,landmark_and_historical_building,NOISE,named residential apartment building
overture:Edifício Campilho:-22.87754:-43.34016,Edifício Campilho,-22.877540588378906,-43.34015655517578,landmark_and_historical_building,NOISE,named residential apartment building
overture:Edifício Canning:-22.98521:-43.19504,Edifício Canning,-22.985210418701172,-43.19504165649414,landmark_and_historical_building,NOISE,named residential apartment building
overture:Edifício Capemi Gemini:-22.91212:-43.23975,Edifício Capemi Gemini,-22.91212272644043,-43.23974609375,landmark_and_historical_building,NOISE,named residential apartment building
overture:Edifício Caravelas:-22.89426:-43.26956,Edifício Caravelas,-22.89426040649414,-43.269561767578125,landmark_and_historical_building,NOISE,named residential apartment building
overture:Edifício Cardeal Arco Verde:-22.90596:-43.17677,Edifício Cardeal Arco Verde,-22.905960083007812,-43.17677307128906,landmark_and_historical_building,NOISE,named residential apartment building
overture:Edifício Caribe:-22.93354:-43.35948,Edifício Caribe,-22.93354034423828,-43.35947799682617,landmark_and_historical_building,NOISE,named residential apartment building
overture:Edifício Castelão:-22.80747:-43.42820,Edifício Castelão,-22.807466506958008,-43.42819595336914,landmark_and_historical_building,NOISE,named residential apartment building
overture:Edifício Caxias:-22.96441:-43.17815,Edifício Caxias,-22.964405059814453,-43.17815399169922,landmark_and_historical_building,NOISE,named residential apartment building
overture:Edifício Centro Rio Belo:-22.91308:-43.19085,Edifício Centro Rio Belo,-22.9130802154541,-43.19084548950195,landmark_and_historical_building,NOISE,named residential apartment building
overture:Edifício Chalita:-22.90886:-43.18604,Edifício Chalita,-22.908863067626953,-43.18603515625,landmark_and_historical_building,NOISE,named residential apartment building
overture:Edifício Chaves Pinheiro:-22.88654:-43.27798,Edifício Chaves Pinheiro,-22.886539459228516,-43.277984619140625,landmark_and_historical_building,NOISE,named residential apartment building
overture:Edifício Chopin:-22.89874:-43.28256,Edifício Chopin,-22.89873695373535,-43.28255844116211,landmark_and_historical_building,NOISE,named residential apartment building
overture:Edifício Cintia:-22.92162:-43.24612,Edifício Cintia,-22.92162322998047,-43.24612045288086,landmark_and_historical_building,NOISE,named residential apartment building
overture:Edifício Civitas B:-22.91177:-43.17428,Edifício Civitas B,-22.911771774291992,-43.174278259277344,landmark_and_historical_building,NOISE,named residential apartment building
overture:Edifício Commander:-22.96640:-43.18706,Edifício Commander,-22.966400146484375,-43.18706130981445,landmark_and_historical_building,NOISE,named residential apartment building
overture:Edifício Conde Du Lac:-22.97995:-43.20317,Edifício Conde Du Lac,-22.97995376586914,-43.20316696166992,landmark_and_historical_building,NOISE,named residential apartment building
overture:Edifício Conde de Lorena:-22.90975:-43.28735,Edifício Conde de Lorena,-22.909748077392578,-43.287349700927734,landmark_and_historical_building,NOISE,named residential apartment building
overture:Edifício Conde de Resende:-22.91417:-43.18932,Edifício Conde de Resende,-22.914173126220703,-43.18931579589844,landmark_and_historical_building,NOISE,named residential apartment building
overture:Edifício Congonhas do Campo:-22.94636:-43.18839,Edifício Congonhas do Campo,-22.946359634399414,-43.188392639160156,landmark_and_historical_building,NOISE,named residential apartment building
overture:Edifício Cosentino:-22.96335:-43.17784,Edifício Cosentino,-22.963354110717773,-43.17783737182617,landmark_and_historical_building,NOISE,named residential apartment building
overture:Edifício Costa Allegra:-22.97126:-43.39589,Edifício Costa Allegra,-22.97126007080078,-43.39589309692383,landmark_and_historical_building,NOISE,named residential apartment building
overture:Edifício Cristina:-22.76078:-43.45312,Edifício Cristina,-22.760784149169922,-43.453121185302734,landmark_and_historical_building,NOISE,named residential apartment building
overture:Edifício Cruz Alta:-22.93540:-43.17726,Edifício Cruz Alta,-22.935400009155273,-43.17726135253906,landmark_and_historical_building,NOISE,named residential apartment building
overture:Edifício Céu Mar:-22.96761:-43.18431,Edifício Céu Mar,-22.967607498168945,-43.1843147277832,landmark_and_historical_building,NOISE,named residential apartment building
overture:Edifício Dakar:-22.98523:-43.19596,Edifício Dakar,-22.985231399536133,-43.19595718383789,landmark_and_historical_building,NOISE,named residential apartment building
overture:Edifício Darlington:-22.97565:-43.19170,Edifício Darlington,-22.975648880004883,-43.19170379638672,landmark_and_historical_building,NOISE,named residential apartment building
overture:Edifício Del Verdun:-22.92365:-43.25757,Edifício Del Verdun,-22.923646926879883,-43.257572174072266,landmark_and_historical_building,NOISE,named residential apartment building
overture:Edifício Diamante Verde:-22.89478:-43.27414,Edifício Diamante Verde,-22.894775390625,-43.27413558959961,landmark_and_historical_building,NOISE,named residential apartment building
overture:Edifício Dom Diogo:-22.94035:-43.17727,Edifício Dom Diogo,-22.940349578857422,-43.177268981933594,landmark_and_historical_building,NOISE,named residential apartment building
overture:Edifício Dom Fernando:-22.93739:-43.36996,Edifício Dom Fernando,-22.937393188476562,-43.36996078491211,landmark_and_historical_building,NOISE,named residential apartment building
overture:Edifício Dom João Cordeiro:-22.78696:-43.30690,Edifício Dom João Cordeiro,-22.78696060180664,-43.3068962097168,landmark_and_historical_building,NOISE,named residential apartment building
overture:Edifício Donatelo:-22.93107:-43.23397,Edifício Donatelo,-22.931074142456055,-43.23396682739258,landmark_and_historical_building,NOISE,named residential apartment building
overture:Edifício Dr. Demócrito Linhares:-22.91510:-43.24355,Edifício Dr. Demócrito Linhares,-22.915098190307617,-43.24354553222656,landmark_and_historical_building,NOISE,named residential apartment building
overture:Edifício Duas Marias:-22.91881:-43.26046,Edifício Duas Marias,-22.918811798095703,-43.26045608520508,landmark_and_historical_building,NOISE,named residential apartment building
overture:Edifício Dulce Ortiz:-22.97669:-43.19240,Edifício Dulce Ortiz,-22.9766902923584,-43.19239807128906,landmark_and_historical_building,NOISE,named residential apartment building
overture:Edifício Duo Prime:-22.95650:-43.19078,Edifício Duo Prime,-22.95649528503418,-43.1907844543457,landmark_and_historical_building,NOISE,named residential apartment building
overture:Edifício Duque De Oxford:-22.96525:-43.17533,Edifício Duque De Oxford,-22.965253829956055,-43.17533493041992,landmark_and_historical_building,NOISE,named residential apartment building
overture:Edifício Edison:-22.97962:-43.19127,Edifício Edison,-22.979618072509766,-43.19126892089844,landmark_and_historical_building,NOISE,named residential apartment building
overture:Edifício Edson Jones Santana:-22.89659:-43.10785,Edifício Edson Jones Santana,-22.89659309387207,-43.107852935791016,landmark_and_historical_building,NOISE,named residential apartment building
overture:Edifício Eduardo Magalhães:-22.90275:-43.17782,Edifício Eduardo Magalhães,-22.902751922607422,-43.17782211303711,landmark_and_historical_building,NOISE,named residential apartment building
overture:Edifício Ernesto e Lúcia:-22.86912:-43.34962,Edifício Ernesto e Lúcia,-22.869123458862305,-43.3496208190918,landmark_and_historical_building,NOISE,named residential apartment building
overture:Edifício Escuna:-23.02434:-43.46056,Edifício Escuna,-23.024341583251953,-43.4605598449707,landmark_and_historical_building,NOISE,named residential apartment building
overture:Edifício Essenzia:-22.92755:-43.23352,Edifício Essenzia,-22.92754554748535,-43.2335205078125,landmark_and_historical_building,NOISE,named residential apartment building
overture:Edifício Estrela da Tarde:-22.97986:-43.19048,Edifício Estrela da Tarde,-22.979856491088867,-43.19047927856445,landmark_and_historical_building,NOISE,named residential apartment building
overture:Edifício Evelyn:-22.98310:-43.21330,Edifício Evelyn,-22.98310089111328,-43.21329879760742,landmark_and_historical_building,NOISE,named residential apartment building
overture:Edifício Fontana Di Trevi:-22.96936:-43.38813,Edifício Fontana Di Trevi,-22.969356536865234,-43.38813400268555,landmark_and_historical_building,NOISE,named residential apartment building
overture:Edifício Francilia:-22.98294:-43.19168,Edifício Francilia,-22.982940673828125,-43.19167709350586,landmark_and_historical_building,NOISE,named residential apartment building
overture:Edifício Gabino:-22.97627:-43.18911,Edifício Gabino,-22.976266860961914,-43.18910598754883,landmark_and_historical_building,NOISE,named residential apartment building
overture:Edifício Galileu Galilei:-22.93377:-43.33534,Edifício Galileu Galilei,-22.93377113342285,-43.3353385925293,landmark_and_historical_building,NOISE,named residential apartment building
overture:Edifício General Ayrosa:-22.92786:-43.25741,Edifício General Ayrosa,-22.927860260009766,-43.25741195678711,landmark_and_historical_building,NOISE,named residential apartment building
overture:Edifício Gold River:-22.91407:-43.22473,Edifício Gold River,-22.914066314697266,-43.224727630615234,landmark_and_historical_building,NOISE,named residential apartment building
overture:Edifício Gramado:-22.98346:-43.19682,Edifício Gramado,-22.983457565307617,-43.196815490722656,landmark_and_historical_building,NOISE,named residential apartment building
overture:Edifício Grenoble:-22.96391:-43.17761,Edifício Grenoble,-22.963911056518555,-43.177608489990234,landmark_and_historical_building,NOISE,named residential apartment building
overture:Edifício Guanabara:-22.87963:-43.49316,Edifício Guanabara,-22.8796329498291,-43.493160247802734,landmark_and_historical_building,NOISE,named residential apartment building
overture:Edifício Guimarães:-22.96468:-43.17559,Edifício Guimarães,-22.964679718017578,-43.175594329833984,landmark_and_historical_building,NOISE,named residential apartment building
overture:Edifício Gustave Eiffel:-22.95034:-43.19120,Edifício Gustave Eiffel,-22.950340270996094,-43.19120407104492,landmark_and_historical_building,NOISE,named residential apartment building
overture:Edifício Habitat Urca Gold:-22.95565:-43.17392,Edifício Habitat Urca Gold,-22.955646514892578,-43.17392349243164,landmark_and_historical_building,NOISE,named residential apartment building
overture:Edifício Hecio Affonso Bloco 1:-22.91228:-43.26744,Edifício Hecio Affonso Bloco 1,-22.912281036376953,-43.26743698120117,landmark_and_historical_building,NOISE,named residential apartment building
overture:Edifício Henriette Curi:-22.90954:-43.10146,Edifício Henriette Curi,-22.909542083740234,-43.10145568847656,landmark_and_historical_building,NOISE,named residential apartment building
overture:Edifício Hércules:-22.94401:-43.18222,Edifício Hércules,-22.944007873535156,-43.182220458984375,landmark_and_historical_building,NOISE,named residential apartment building
overture:Edifício Iasa I:-22.98414:-43.20449,Edifício Iasa I,-22.9841365814209,-43.204490661621094,landmark_and_historical_building,NOISE,named residential apartment building
overture:Edifício Ipiranga:-22.91473:-43.27201,Edifício Ipiranga,-22.91472816467285,-43.27201461791992,landmark_and_historical_building,NOISE,named residential apartment building
overture:Edifício Itapuã:-22.90048:-43.10328,Edifício Itapuã,-22.900482177734375,-43.1032829284668,landmark_and_historical_building,NOISE,named residential apartment building
overture:Edifício Jacques Cousteau:-22.89668:-43.10091,Edifício Jacques Cousteau,-22.896684646606445,-43.100914001464844,landmark_and_historical_building,NOISE,named residential apartment building
overture:Edifício Jalisco:-22.97993:-43.22055,Edifício Jalisco,-22.979930877685547,-43.220550537109375,landmark_and_historical_building,NOISE,named residential apartment building
overture:Edifício Jaqueline:-22.89997:-43.12889,Edifício Jaqueline,-22.89997100830078,-43.1288948059082,landmark_and_historical_building,NOISE,named residential apartment building
overture:Edifício Jardim Palmares:-22.76653:-43.50853,Edifício Jardim Palmares,-22.766525268554688,-43.50852966308594,landmark_and_historical_building,NOISE,named residential apartment building
overture:Edifício Jiquiba:-22.91093:-43.22114,Edifício Jiquiba,-22.910934448242188,-43.22114181518555,landmark_and_historical_building,NOISE,named residential apartment building
overture:Edifício Jomar:-22.91743:-43.21835,Edifício Jomar,-22.917428970336914,-43.218353271484375,landmark_and_historical_building,NOISE,named residential apartment building
overture:Edifício Julia:-22.92217:-43.24015,Edifício Julia,-22.922170639038086,-43.240150451660156,landmark_and_historical_building,NOISE,named residential apartment building
overture:Edifício Justus Wallerstein:-22.98378:-43.19020,Edifício Justus Wallerstein,-22.983776092529297,-43.19020462036133,landmark_and_historical_building,NOISE,named residential apartment building
overture:Edifício Kauai:-22.94277:-43.33767,Edifício Kauai,-22.94277000427246,-43.337669372558594,landmark_and_historical_building,NOISE,named residential apartment building
overture:Edifício Kenya:-22.98127:-43.19104,Edifício Kenya,-22.981273651123047,-43.191036224365234,landmark_and_historical_building,NOISE,named residential apartment building
overture:Edifício Key Biscayne:-23.00542:-43.33035,Edifício Key Biscayne,-23.005420684814453,-43.330345153808594,landmark_and_historical_building,NOISE,named residential apartment building
overture:Edifício Kings Bay:-22.95579:-43.17883,Edifício Kings Bay,-22.955791473388672,-43.178829193115234,landmark_and_historical_building,NOISE,named residential apartment building
overture:Edifício Lacê:-22.85527:-43.26170,Edifício Lacê,-22.855270385742188,-43.26170349121094,landmark_and_historical_building,NOISE,named residential apartment building
overture:Edifício Lavoisier:-22.98395:-43.21385,Edifício Lavoisier,-22.983945846557617,-43.21384811401367,landmark_and_historical_building,NOISE,named residential apartment building
overture:Edifício Lemos Cunha:-22.90694:-43.10465,Edifício Lemos Cunha,-22.906944274902344,-43.10464859008789,landmark_and_historical_building,NOISE,named residential apartment building
overture:Edifício Les Palais:-22.94350:-43.18607,Edifício Les Palais,-22.943496704101562,-43.186073303222656,landmark_and_historical_building,NOISE,named residential apartment building
overture:Edifício Locanda Apeninos:-22.96451:-43.18342,Edifício Locanda Apeninos,-22.964509963989258,-43.18342208862305,landmark_and_historical_building,NOISE,named residential apartment building
overture:Edifício Luciana:-23.02521:-43.46503,Edifício Luciana,-23.02520751953125,-43.46503448486328,landmark_and_historical_building,NOISE,named residential apartment building
overture:Edifício Lux:-22.98204:-43.19544,Edifício Lux,-22.982040405273438,-43.195438385009766,landmark_and_historical_building,NOISE,named residential apartment building
overture:Edifício Lydia:-22.95265:-43.18208,Edifício Lydia,-22.952646255493164,-43.18207931518555,landmark_and_historical_building,NOISE,named residential apartment building
overture:Edifício Madre Teresa de Calcutá:-22.93066:-43.23343,Edifício Madre Teresa de Calcutá,-22.930662155151367,-43.23343276977539,landmark_and_historical_building,NOISE,named residential apartment building
overture:Edifício Maimbu:-22.97202:-43.18689,Edifício Maimbu,-22.97201919555664,-43.186885833740234,landmark_and_historical_building,NOISE,named residential apartment building
overture:Edifício Maisons Leblon:-22.98269:-43.21987,Edifício Maisons Leblon,-22.982694625854492,-43.21986770629883,landmark_and_historical_building,NOISE,named residential apartment building
overture:Edifício Manaus:-22.92385:-43.22907,Edifício Manaus,-22.923851013183594,-43.22907257080078,landmark_and_historical_building,NOISE,named residential apartment building
overture:Edifício Manoel Luiz Vieira:-22.90282:-43.10282,Edifício Manoel Luiz Vieira,-22.902820587158203,-43.102821350097656,landmark_and_historical_building,NOISE,named residential apartment building
overture:Edifício Mansão Daumier:-22.95187:-43.18784,Edifício Mansão Daumier,-22.951873779296875,-43.187835693359375,landmark_and_historical_building,NOISE,named residential apartment building
overture:Edifício Mar Azul:-22.97304:-43.19215,Edifício Mar Azul,-22.973039627075195,-43.19215393066406,landmark_and_historical_building,NOISE,named residential apartment building
overture:Edifício Marechal Pradel:-22.88673:-43.35500,Edifício Marechal Pradel,-22.886730194091797,-43.35499954223633,landmark_and_historical_building,NOISE,named residential apartment building
overture:Edifício Maria Idalina:-22.89689:-43.35716,Edifício Maria Idalina,-22.896894454956055,-43.35715866088867,landmark_and_historical_building,NOISE,named residential apartment building
overture:Edifício Marlua:-22.91690:-43.38300,Edifício Marlua,-22.91690444946289,-43.38300323486328,landmark_and_historical_building,NOISE,named residential apartment building
overture:Edifício Martinho da Vila:-22.91790:-43.25296,Edifício Martinho da Vila,-22.91790008544922,-43.252960205078125,landmark_and_historical_building,NOISE,named residential apartment building
overture:Edifício Master:-22.97292:-43.18689,Edifício Master,-22.972923278808594,-43.1868896484375,landmark_and_historical_building,NOISE,named residential apartment building
overture:Edifício Mathilde Peçanha:-22.90196:-43.10155,Edifício Mathilde Peçanha,-22.901962280273438,-43.10154724121094,landmark_and_historical_building,NOISE,named residential apartment building
overture:Edifício Mirante do Méier:-22.90043:-43.27212,Edifício Mirante do Méier,-22.900426864624023,-43.27212142944336,landmark_and_historical_building,NOISE,named residential apartment building
overture:Edifício Moana I:-22.93454:-43.35105,Edifício Moana I,-22.934541702270508,-43.351051330566406,landmark_and_historical_building,NOISE,named residential apartment building
overture:Edifício Mongeral XIII:-22.94688:-43.25592,Edifício Mongeral XIII,-22.946876525878906,-43.255924224853516,landmark_and_historical_building,NOISE,named residential apartment building
overture:Edifício Monteiro Lobato:-22.91893:-43.19539,Edifício Monteiro Lobato,-22.918933868408203,-43.19539260864258,landmark_and_historical_building,NOISE,named residential apartment building
overture:Edifício Montes Claros:-22.96379:-43.17854,Edifício Montes Claros,-22.963788986206055,-43.17853927612305,landmark_and_historical_building,NOISE,named residential apartment building
overture:Edifício Morada Paradiso:-22.78809:-43.30394,Edifício Morada Paradiso,-22.7880916595459,-43.3039436340332,landmark_and_historical_building,NOISE,named residential apartment building
overture:Edifício Máxime:-22.90211:-43.18445,Edifício Máxime,-22.90210723876953,-43.184452056884766,landmark_and_historical_building,NOISE,named residential apartment building
overture:Edifício Natan:-22.93506:-43.33326,Edifício Natan,-22.93505859375,-43.3332633972168,landmark_and_historical_building,NOISE,named residential apartment building
overture:Edifício Noblesse:-22.96572:-43.18804,Edifício Noblesse,-22.965723037719727,-43.18804168701172,landmark_and_historical_building,NOISE,named residential apartment building
overture:Edifício Nobre da Passagem:-22.95452:-43.18157,Edifício Nobre da Passagem,-22.95451545715332,-43.18157196044922,landmark_and_historical_building,NOISE,named residential apartment building
overture:Edifício Nove De Julho:-22.94238:-43.18097,Edifício Nove De Julho,-22.94237518310547,-43.180973052978516,landmark_and_historical_building,NOISE,named residential apartment building
overture:Edifício Opera Di Milano:-22.95517:-43.18335,Edifício Opera Di Milano,-22.955171585083008,-43.183349609375,landmark_and_historical_building,NOISE,named residential apartment building
overture:Edifício Otávio Kelly:-22.93286:-43.24155,Edifício Otávio Kelly,-22.932857513427734,-43.24155044555664,landmark_and_historical_building,NOISE,named residential apartment building
overture:Edifício Pajussara:-22.89944:-43.55882,Edifício Pajussara,-22.899438858032227,-43.55882263183594,landmark_and_historical_building,NOISE,named residential apartment building
overture:Edifício Palazzo Di Ravena:-22.92345:-43.26243,Edifício Palazzo Di Ravena,-22.923450469970703,-43.26243209838867,landmark_and_historical_building,NOISE,named residential apartment building
overture:Edifício Pallazo Di Reggio:-22.93913:-43.19600,Edifício Pallazo Di Reggio,-22.93913459777832,-43.19600296020508,landmark_and_historical_building,NOISE,named residential apartment building
overture:Edifício Palmeiras de Icaraí:-22.90203:-43.11411,Edifício Palmeiras de Icaraí,-22.90203094482422,-43.11410903930664,landmark_and_historical_building,NOISE,named residential apartment building
overture:Edifício Panorama:-22.98516:-43.21072,Edifício Panorama,-22.98515510559082,-43.21072006225586,landmark_and_historical_building,NOISE,named residential apartment building
overture:Edifício Park Place:-22.90379:-43.10364,Edifício Park Place,-22.903789520263672,-43.1036376953125,landmark_and_historical_building,NOISE,named residential apartment building
overture:Edifício Pasmado:-22.95576:-43.17857,Edifício Pasmado,-22.95576286315918,-43.17856979370117,landmark_and_historical_building,NOISE,named residential apartment building
overture:Edifício Paulo da Câmara:-22.93035:-43.23799,Edifício Paulo da Câmara,-22.93035316467285,-43.23798751831055,landmark_and_historical_building,NOISE,named residential apartment building
overture:Edifício Península Fit:-22.93835:-43.35814,Edifício Península Fit,-22.9383487701416,-43.35813903808594,landmark_and_historical_building,NOISE,named residential apartment building
overture:Edifício Petrônio:-22.96551:-43.17672,Edifício Petrônio,-22.965511322021484,-43.176719665527344,landmark_and_historical_building,NOISE,named residential apartment building
overture:Edifício Petúnia:-23.00197:-43.33945,Edifício Petúnia,-23.00196647644043,-43.339447021484375,landmark_and_historical_building,NOISE,named residential apartment building
overture:Edifício Piranhão:-22.91114:-43.20567,Edifício Piranhão,-22.9111385345459,-43.205665588378906,landmark_and_historical_building,NOISE,named residential apartment building
overture:Edifício Piratininga - Bloco 7:-22.91427:-43.37999,Edifício Piratininga - Bloco 7,-22.914268493652344,-43.3799934387207,landmark_and_historical_building,NOISE,named residential apartment building
overture:Edifício Pomar das Laranjeiras:-22.93657:-43.18792,Edifício Pomar das Laranjeiras,-22.936569213867188,-43.18791961669922,landmark_and_historical_building,NOISE,named residential apartment building
overture:Edifício Pontal Beach Green:-23.02992:-43.48338,Edifício Pontal Beach Green,-23.02992057800293,-43.48338317871094,landmark_and_historical_building,NOISE,named residential apartment building
overture:Edifício Port Saint Maxime:-22.99530:-43.25742,Edifício Port Saint Maxime,-22.99530029296875,-43.257423400878906,landmark_and_historical_building,NOISE,named residential apartment building
overture:Edifício Portal da Urca:-22.95199:-43.17595,Edifício Portal da Urca,-22.951988220214844,-43.17594528198242,landmark_and_historical_building,NOISE,named residential apartment building
overture:Edifício Porto Bonança I:-22.88924:-43.28230,Edifício Porto Bonança I,-22.889244079589844,-43.28230285644531,landmark_and_historical_building,NOISE,named residential apartment building
overture:Edifício Portofelice:-23.00341:-43.34133,Edifício Portofelice,-23.003406524658203,-43.34132766723633,landmark_and_historical_building,NOISE,named residential apartment building
overture:Edifício Praia:-22.97658:-43.18875,Edifício Praia,-22.97657585144043,-43.18874740600586,landmark_and_historical_building,NOISE,named residential apartment building
overture:Edifício Praia de Grumari:-23.02061:-43.47422,Edifício Praia de Grumari,-23.020614624023438,-43.47421646118164,landmark_and_historical_building,NOISE,named residential apartment building
overture:Edifício Praia de Guarujá:-23.01013:-43.33945,Edifício Praia de Guarujá,-23.010133743286133,-43.33945083618164,landmark_and_historical_building,NOISE,named residential apartment building
overture:Edifício Praia do Leme:-22.96197:-43.16520,Edifício Praia do Leme,-22.961965560913086,-43.16520309448242,landmark_and_historical_building,NOISE,named residential apartment building
overture:Edifício Presidente Rodrigues Alves:-22.93784:-43.17639,Edifício Presidente Rodrigues Alves,-22.937841415405273,-43.176387786865234,landmark_and_historical_building,NOISE,named residential apartment building
overture:Edifício Prestige:-23.02283:-43.45009,Edifício Prestige,-23.0228328704834,-43.45008850097656,landmark_and_historical_building,NOISE,named residential apartment building
overture:Edifício Previlége:-23.00841:-43.30756,Edifício Previlége,-23.008411407470703,-43.30755615234375,landmark_and_historical_building,NOISE,named residential apartment building
overture:Edifício Previnal:-22.97151:-43.18605,Edifício Previnal,-22.971506118774414,-43.18605422973633,landmark_and_historical_building,NOISE,named residential apartment building
overture:Edifício Prince d'Orange:-22.92426:-43.17860,Edifício Prince d'Orange,-22.92426300048828,-43.1786003112793,landmark_and_historical_building,NOISE,named residential apartment building
overture:Edifício Quality:-23.00795:-43.30754,Edifício Quality,-23.007949829101562,-43.30754470825195,landmark_and_historical_building,NOISE,named residential apartment building
overture:Edifício Queen Victoria:-22.88795:-43.36681,Edifício Queen Victoria,-22.8879451751709,-43.36681365966797,landmark_and_historical_building,NOISE,named residential apartment building
overture:Edifício Queenstown:-22.92845:-43.23272,Edifício Queenstown,-22.92845344543457,-43.232723236083984,landmark_and_historical_building,NOISE,named residential apartment building
overture:Edifício Rainha Raquel:-22.90588:-43.29920,Edifício Rainha Raquel,-22.90587615966797,-43.29920196533203,landmark_and_historical_building,NOISE,named residential apartment building
overture:Edifício Realeza:-22.95926:-43.19138,Edifício Realeza,-22.959264755249023,-43.19137954711914,landmark_and_historical_building,NOISE,named residential apartment building
overture:Edifício Regina Behar:-22.96663:-43.17995,Edifício Regina Behar,-22.96662712097168,-43.179954528808594,landmark_and_historical_building,NOISE,named residential apartment building
overture:Edifício Regina Célia:-22.89529:-43.25019,Edifício Regina Célia,-22.895288467407227,-43.25019454956055,landmark_and_historical_building,NOISE,named residential apartment building
overture:Edifício Reserva Estampadores:-22.87968:-43.47084,Edifício Reserva Estampadores,-22.879680633544922,-43.4708366394043,landmark_and_historical_building,NOISE,named residential apartment building
overture:Edifício Rhapsody:-22.97441:-43.19918,Edifício Rhapsody,-22.97440528869629,-43.19918441772461,landmark_and_historical_building,NOISE,named residential apartment building
overture:Edifício Rio Verde:-22.90798:-43.17550,Edifício Rio Verde,-22.907976150512695,-43.17550277709961,landmark_and_historical_building,NOISE,named residential apartment building
overture:Edifício River:-22.79191:-43.30933,Edifício River,-22.791912078857422,-43.309329986572266,landmark_and_historical_building,NOISE,named residential apartment building
overture:Edifício Saint George:-23.00402:-43.32786,Edifício Saint George,-23.004024505615234,-43.327857971191406,landmark_and_historical_building,NOISE,named residential apartment building
overture:Edifício Saint Louis:-22.97249:-43.35835,Edifício Saint Louis,-22.972490310668945,-43.35835266113281,landmark_and_historical_building,NOISE,named residential apartment building
overture:Edifício Saint Marcel:-22.95649:-43.18115,Edifício Saint Marcel,-22.95648956298828,-43.181148529052734,landmark_and_historical_building,NOISE,named residential apartment building
overture:Edifício Saint Paul:-23.00844:-43.31678,Edifício Saint Paul,-23.008438110351562,-43.3167839050293,landmark_and_historical_building,NOISE,named residential apartment building
overture:Edifício Salvador Dalí:-22.76021:-43.45782,Edifício Salvador Dalí,-22.76020622253418,-43.45781707763672,landmark_and_historical_building,NOISE,named residential apartment building
overture:Edifício Salzburg:-22.90320:-43.10898,Edifício Salzburg,-22.903196334838867,-43.10898208618164,landmark_and_historical_building,NOISE,named residential apartment building
overture:Edifício San Giovanni:-22.95479:-43.17471,Edifício San Giovanni,-22.954788208007812,-43.17470932006836,landmark_and_historical_building,NOISE,named residential apartment building
overture:Edifício Santa Cecília:-22.88131:-43.46535,Edifício Santa Cecília,-22.881305694580078,-43.465354919433594,landmark_and_historical_building,NOISE,named residential apartment building
overture:Edifício Santa Edwiges:-22.96521:-43.18036,Edifício Santa Edwiges,-22.965206146240234,-43.180362701416016,landmark_and_historical_building,NOISE,named residential apartment building
overture:Edifício Serro Azul:-22.92738:-43.17940,Edifício Serro Azul,-22.927379608154297,-43.17939758300781,landmark_and_historical_building,NOISE,named residential apartment building
overture:Edifício Shoshana:-22.91558:-43.23207,Edifício Shoshana,-22.915576934814453,-43.23207473754883,landmark_and_historical_building,NOISE,named residential apartment building
overture:Edifício Silva Mourao:-22.88844:-43.27944,Edifício Silva Mourao,-22.88843536376953,-43.279441833496094,landmark_and_historical_building,NOISE,named residential apartment building
overture:Edifício Solano:-22.96487:-43.17641,Edifício Solano,-22.964866638183594,-43.17641067504883,landmark_and_historical_building,NOISE,named residential apartment building
overture:Edifício Solar Aroazes:-22.97151:-43.39674,Edifício Solar Aroazes,-22.971511840820312,-43.3967399597168,landmark_and_historical_building,NOISE,named residential apartment building
overture:Edifício Solar Lúcio de Mendonça:-22.91579:-43.22391,Edifício Solar Lúcio de Mendonça,-22.915790557861328,-43.22391128540039,landmark_and_historical_building,NOISE,named residential apartment building
overture:Edifício Solar Pinhoville:-22.75418:-43.44721,Edifício Solar Pinhoville,-22.754175186157227,-43.447208404541016,landmark_and_historical_building,NOISE,named residential apartment building
overture:Edifício Solar Real:-22.93771:-43.33540,Edifício Solar Real,-22.93770980834961,-43.33539581298828,landmark_and_historical_building,NOISE,generic residential apartment building
overture:Edifício Solar Visconde Figueiredo:-22.93738:-43.17609,Edifício Solar Visconde Figueiredo,-22.937379837036133,-43.176090240478516,landmark_and_historical_building,NOISE,generic residential apartment building
overture:Edifício Solar da Praia:-22.98711:-43.19242,Edifício Solar da Praia,-22.987110137939453,-43.192420959472656,landmark_and_historical_building,NOISE,generic residential apartment building
overture:Edifício Solar das Mangueiras:-22.75837:-43.40166,Edifício Solar das Mangueiras,-22.758371353149414,-43.40165710449219,landmark_and_historical_building,NOISE,generic residential apartment building
overture:Edifício Solar de Belém:-22.91172:-43.21792,Edifício Solar de Belém,-22.91172218322754,-43.217918395996094,landmark_and_historical_building,NOISE,generic residential apartment building
overture:Edifício Solar de Guapeni:-22.92491:-43.22984,Edifício Solar de Guapeni,-22.92490577697754,-43.22983932495117,landmark_and_historical_building,NOISE,generic residential apartment building
overture:Edifício Solarium:-22.98229:-43.19907,Edifício Solarium,-22.9822940826416,-43.19906997680664,landmark_and_historical_building,NOISE,generic residential apartment building
overture:Edifício Sousa Franco:-22.91322:-43.24654,Edifício Sousa Franco,-22.913223266601562,-43.24654006958008,landmark_and_historical_building,NOISE,generic residential apartment building
overture:Edifício Spazio Redentore:-22.91937:-43.21040,Edifício Spazio Redentore,-22.919374465942383,-43.21040344238281,landmark_and_historical_building,NOISE,generic residential apartment building
overture:Edifício Stela Angelorum:-22.91977:-43.17709,Edifício Stela Angelorum,-22.919767379760742,-43.177085876464844,landmark_and_historical_building,NOISE,generic residential apartment building
overture:Edifício Strelitzia Biancha:-22.90334:-43.10193,Edifício Strelitzia Biancha,-22.90334129333496,-43.101932525634766,landmark_and_historical_building,NOISE,generic residential apartment building
overture:Edifício Sulmar:-22.96470:-43.19043,Edifício Sulmar,-22.964704513549805,-43.190433502197266,landmark_and_historical_building,NOISE,generic residential apartment building
overture:Edifício Sunshine:-23.00211:-43.39009,Edifício Sunshine,-23.00210952758789,-43.39009094238281,landmark_and_historical_building,NOISE,generic residential apartment building
overture:Edifício Surubi:-22.97765:-43.19064,Edifício Surubi,-22.977651596069336,-43.19063949584961,landmark_and_historical_building,NOISE,generic residential apartment building
overture:Edifício São Clemente:-22.94925:-43.18549,Edifício São Clemente,-22.949249267578125,-43.18548583984375,landmark_and_historical_building,NOISE,generic residential apartment building
overture:Edifício São Francisco de Assis:-22.75960:-43.45193,Edifício São Francisco de Assis,-22.75959587097168,-43.451927185058594,landmark_and_historical_building,NOISE,"residential building named after saint, not a heritage site"
overture:Edifício São George:-22.88517:-43.37558,Edifício São George,-22.88517189025879,-43.37557601928711,landmark_and_historical_building,NOISE,generic residential apartment building
overture:Edifício São José 40:-22.90513:-43.17542,Edifício São José 40,-22.905132293701172,-43.17542266845703,landmark_and_historical_building,NOISE,generic residential apartment building
overture:Edifício São Maurício:-22.86683:-43.29180,Edifício São Maurício,-22.86682891845703,-43.29180145263672,landmark_and_historical_building,NOISE,generic residential apartment building
overture:Edifício São Paulo:-22.98656:-43.19099,Edifício São Paulo,-22.986560821533203,-43.19099044799805,landmark_and_historical_building,NOISE,generic residential apartment building
overture:Edifício São Sebastião:-22.90007:-43.12254,Edifício São Sebastião,-22.900068283081055,-43.12254333496094,landmark_and_historical_building,NOISE,generic residential apartment building
overture:Edifício Sílvia e Carolina:-22.90057:-43.10124,Edifício Sílvia e Carolina,-22.90056610107422,-43.10124206542969,landmark_and_historical_building,NOISE,generic residential apartment building
overture:Edifício Tapajós:-22.92982:-43.37553,Edifício Tapajós,-22.92982292175293,-43.37553405761719,landmark_and_historical_building,NOISE,generic residential apartment building
overture:Edifício Teca Barão:-22.92313:-43.25001,Edifício Teca Barão,-22.923128128051758,-43.2500114440918,landmark_and_historical_building,NOISE,generic residential apartment building
overture:Edifício Thasos:-22.87852:-43.33736,Edifício Thasos,-22.878524780273438,-43.33736038208008,landmark_and_historical_building,NOISE,generic residential apartment building
overture:Edifício Tome de Souza:-22.91131:-43.21051,Edifício Tome de Souza,-22.91131019592285,-43.210514068603516,landmark_and_historical_building,NOISE,generic residential apartment building
overture:Edifício Torre Central:-22.91266:-43.19059,Edifício Torre Central,-22.91266441345215,-43.190589904785156,landmark_and_historical_building,NOISE,generic residential apartment building
overture:Edifício Torres Sobrinho:-22.89767:-43.27277,Edifício Torres Sobrinho,-22.897666931152344,-43.272769927978516,landmark_and_historical_building,NOISE,generic residential apartment building
overture:Edifício Tour de Bordeaux:-22.89987:-43.10258,Edifício Tour de Bordeaux,-22.899871826171875,-43.10258483886719,landmark_and_historical_building,NOISE,generic residential apartment building
overture:Edifício Treze de Janeiro:-22.94593:-43.18343,Edifício Treze de Janeiro,-22.945932388305664,-43.183433532714844,landmark_and_historical_building,NOISE,generic residential apartment building
overture:Edifício Tupinambás:-22.89341:-43.12302,Edifício Tupinambás,-22.893413543701172,-43.123023986816406,landmark_and_historical_building,NOISE,generic residential apartment building
overture:Edifício Van Conde Lage:-22.91762:-43.17787,Edifício Van Conde Lage,-22.91762351989746,-43.17787170410156,landmark_and_historical_building,NOISE,generic residential apartment building
overture:Edifício Van Santa Clara:-22.96522:-43.19278,Edifício Van Santa Clara,-22.965219497680664,-43.19278335571289,landmark_and_historical_building,NOISE,generic residential apartment building
overture:Edifício Varandas Tijuca:-22.92256:-43.21307,Edifício Varandas Tijuca,-22.922561645507812,-43.21307373046875,landmark_and_historical_building,NOISE,generic residential apartment building
overture:Edifício Verônica XIII:-23.02278:-43.47469,Edifício Verônica XIII,-23.02277946472168,-43.474693298339844,landmark_and_historical_building,NOISE,generic residential apartment building
overture:Edifício Via Cancun:-23.00715:-43.32457,Edifício Via Cancun,-23.007150650024414,-43.32456970214844,landmark_and_historical_building,NOISE,generic residential apartment building
overture:Edifício Vicenza:-22.98146:-43.21997,Edifício Vicenza,-22.98145866394043,-43.219974517822266,landmark_and_historical_building,NOISE,generic residential apartment building
overture:Edifício Villa D'Este:-22.90305:-43.10228,Edifício Villa D'Este,-22.903045654296875,-43.10227584838867,landmark_and_historical_building,NOISE,generic residential apartment building
overture:Edifício Villa Del Quar:-22.90250:-43.10618,Edifício Villa Del Quar,-22.902498245239258,-43.106178283691406,landmark_and_historical_building,NOISE,generic residential apartment building
overture:Edifício Visconde de Maua:-22.89684:-43.12131,Edifício Visconde de Maua,-22.896835327148438,-43.12131118774414,landmark_and_historical_building,NOISE,generic residential apartment building
overture:Edifício Vitória:-22.78879:-43.31266,Edifício Vitória,-22.788789749145508,-43.31265640258789,landmark_and_historical_building,NOISE,generic residential apartment building
overture:Edifício Vivenda Verde:-22.91336:-43.26821,Edifício Vivenda Verde,-22.913360595703125,-43.26820755004883,landmark_and_historical_building,NOISE,generic residential apartment building
overture:Edifício Vivenda das Laranjeiras:-22.94215:-43.19303,Edifício Vivenda das Laranjeiras,-22.942148208618164,-43.193031311035156,landmark_and_historical_building,NOISE,generic residential apartment building
overture:Edifício Vivendas Do Sol:-22.90157:-43.35472,Edifício Vivendas Do Sol,-22.901565551757812,-43.3547248840332,landmark_and_historical_building,NOISE,generic residential apartment building
overture:Edifício Vivendas do Sul:-22.94589:-43.33674,Edifício Vivendas do Sul,-22.945892333984375,-43.33673858642578,landmark_and_historical_building,NOISE,generic residential apartment building
overture:Edifício Viúva Lacerda:-22.95604:-43.19997,Edifício Viúva Lacerda,-22.956039428710938,-43.19996643066406,landmark_and_historical_building,NOISE,generic residential apartment building
overture:Edifício Wall Street:-22.89970:-43.17881,Edifício Wall Street,-22.899696350097656,-43.17880630493164,landmark_and_historical_building,NOISE,generic residential apartment building
overture:Edifício Yette:-23.01814:-43.46568,Edifício Yette,-23.018138885498047,-43.465675354003906,landmark_and_historical_building,NOISE,generic residential apartment building
overture:Edifício York Place:-22.91159:-43.10605,Edifício York Place,-22.911590576171875,-43.10605239868164,landmark_and_historical_building,NOISE,generic residential apartment building
overture:Edifício casa amarela:-22.90573:-43.29808,Edifício casa amarela,-22.905733108520508,-43.29808044433594,landmark_and_historical_building,NOISE,generic residential apartment building
overture:Edifício das Azaleias:-22.96438:-43.38464,Edifício das Azaleias,-22.96438217163086,-43.38463592529297,landmark_and_historical_building,NOISE,generic residential apartment building
overture:Edifício palacete São Jorge:-22.93634:-43.17571,Edifício palacete São Jorge,-22.936342239379883,-43.17570877075195,landmark_and_historical_building,NOISE,"modern apartment building using ""palacete"" as marketing name, not a real historic mansion"
overture:Edifício senador paula:-22.98092:-43.19894,Edifício senador paula,-22.980915069580078,-43.198936462402344,landmark_and_historical_building,NOISE,generic residential apartment building
overture:Edifício Âncora:-22.94205:-43.18066,Edifício Âncora,-22.942052841186523,-43.18065643310547,landmark_and_historical_building,NOISE,generic residential apartment building
overture:Edifício Érika:-22.93959:-43.17981,Edifício Érika,-22.93958854675293,-43.179805755615234,landmark_and_historical_building,NOISE,generic residential apartment building
overture:Edna Germana Corretora:-22.89642:-43.60406,Edna Germana Corretora,-22.89641761779785,-43.604061126708984,landmark_and_historical_building,NOISE,real estate broker business
overture:Elevato Bonsucesso:-22.86728:-43.27173,Elevato Bonsucesso,-22.86727523803711,-43.271732330322266,landmark_and_historical_building,NOISE,overpass/elevated road infrastructure
overture:Em Bangu:-22.87271:-43.48127,Em Bangu,-22.87270736694336,-43.48126983642578,landmark_and_historical_building,NOISE,"ambiguous, no clear referent"
overture:Em fim:  Lar doce Lar:-22.88410:-43.31667,Em fim:  Lar doce Lar,-22.884103775024414,-43.31666564941406,landmark_and_historical_building,NOISE,personal home nickname
overture:Empreendimento Del Monte Club and Houses:-22.92801:-43.33632,Empreendimento Del Monte Club and Houses,-22.92800521850586,-43.3363151550293,landmark_and_historical_building,NOISE,residential development
overture:Empreendimento Rossi Libertá Resort:-22.99968:-43.41684,Empreendimento Rossi Libertá Resort,-22.999683380126953,-43.41684341430664,landmark_and_historical_building,NOISE,residential development
overture:Engenho Da Rainha:-22.87232:-43.29607,Engenho Da Rainha,-22.8723201751709,-43.29606628417969,landmark_and_historical_building,NOISE,"neighborhood name, not a distinct heritage site"
overture:Engenho Novo:-22.90803:-43.26886,Engenho Novo,-22.908029556274414,-43.26885986328125,landmark_and_historical_building,NOISE,"neighborhood name, not a distinct heritage site"
overture:Enjoy:-23.01076:-43.47143,Enjoy,-23.01075553894043,-43.471431732177734,landmark_and_historical_building,NOISE,"ambiguous single word, no clear referent"
overture:Equipe Leandro Galvão:-23.03112:-43.47206,Equipe Leandro Galvão,-23.03112030029297,-43.4720573425293,landmark_and_historical_building,NOISE,business/team name
overture:Escada de Acesso ao Morro da Conceicao:-22.89747:-43.18117,Escada de Acesso ao Morro da Conceicao,-22.897470474243164,-43.18117141723633,landmark_and_historical_building,CULTURAL,historic stairway in Rio's old port heritage district
overture:Escadaria da Marechal Mascarenhas de Morais:-22.96413:-43.18336,Escadaria da Marechal Mascarenhas de Morais,-22.964126586914062,-43.1833610534668,landmark_and_historical_building,CULTURAL,historic stairway
overture:Espacio Laguna:-22.98442:-43.38487,Espacio Laguna,-22.984416961669922,-43.38486862182617,landmark_and_historical_building,NOISE,residential/business development
overture:Espaço Gourmet da Família Gato:-22.77786:-43.35073,Espaço Gourmet da Família Gato,-22.777860641479492,-43.350730895996094,landmark_and_historical_building,NOISE,private event/party rental space
overture:Espaço São Clemente:-22.94971:-43.18829,Espaço São Clemente,-22.94971466064453,-43.18829345703125,landmark_and_historical_building,NOISE,"generic ""Espaço"" event space, no documented cultural programming"
overture:Especialista Imobiliário:-22.80225:-43.35767,Especialista Imobiliário,-22.8022518157959,-43.35767364501953,landmark_and_historical_building,NOISE,real estate business
overture:Espigao do Méier:-22.90310:-43.28281,Espigao do Méier,-22.903104782104492,-43.28281021118164,landmark_and_historical_building,NOISE,"generic tall building, not heritage"
overture:Esqueleto Hotel Panorama:-22.85466:-43.39014,Esqueleto Hotel Panorama,-22.854660034179688,-43.39013671875,landmark_and_historical_building,NOISE,private hotel business
overture:Esquina com Raul Pompeia:-22.98209:-43.19227,Esquina com Raul Pompeia,-22.982086181640625,-43.19226837158203,landmark_and_historical_building,NOISE,generic street corner
overture:Essence Condominium:-22.97617:-43.37387,Essence Condominium,-22.976167678833008,-43.373870849609375,landmark_and_historical_building,NOISE,residential condominium
overture:Estatua Equestre de D. Pedro I:-22.90699:-43.18304,Estatua Equestre de D. Pedro I,-22.906986236572266,-43.18304443359375,landmark_and_historical_building,CULTURAL,historic equestrian statue monument
overture:Estação Flamengo:-22.93409:-43.17604,Estação Flamengo,-22.934093475341797,-43.17604064941406,landmark_and_historical_building,NOISE,transit station
overture:Estação Jardim de Alah:-22.99250:-43.25499,Estação Jardim de Alah,-22.99250030517578,-43.2549934387207,landmark_and_historical_building,NOISE,transit/park station infrastructure
overture:Estação Teleférica:-22.86741:-43.25516,Estação Teleférica,-22.867412567138672,-43.255157470703125,landmark_and_historical_building,NOISE,cable car transit station
overture:Estação Zona Norte Londres:-22.81190:-43.36744,Estação Zona Norte Londres,-22.811904907226562,-43.367435455322266,landmark_and_historical_building,NOISE,ambiguous business/transit name
overture:Estr. Do Morgado - Vargem Grande:-22.99248:-43.50927,Estr. Do Morgado - Vargem Grande,-22.992481231689453,-43.509273529052734,landmark_and_historical_building,NOISE,bare road name
overture:Estrada Santa Maria:-22.88056:-43.58055,Estrada Santa Maria,-22.880563735961914,-43.5805549621582,landmark_and_historical_building,NOISE,bare road name
"overture:Estrada do Tijuaçu, Alto da Boa Vista:-22.97128:-43.28493","Estrada do Tijuaçu, Alto da Boa Vista",-22.971281051635742,-43.28492736816406,landmark_and_historical_building,NOISE,bare road name
overture:Estrada do capenha 1130:-22.93289:-43.34952,Estrada do capenha 1130,-22.932893753051758,-43.34952163696289,landmark_and_historical_building,NOISE,bare address
overture:Estrada do colégio 77:-22.83863:-43.33469,Estrada do colégio 77,-22.838634490966797,-43.334693908691406,landmark_and_historical_building,NOISE,bare address
overture:Estrada do rio grande:-22.92309:-43.37437,Estrada do rio grande,-22.923093795776367,-43.37437057495117,landmark_and_historical_building,NOISE,bare road name
overture:Estrelas Full Condominium:-22.96902:-43.39185,Estrelas Full Condominium,-22.96902084350586,-43.391849517822266,landmark_and_historical_building,NOISE,residential condominium
overture:Estátua de João Cândido:-22.90216:-43.17340,Estátua de João Cândido,-22.902158737182617,-43.173397064208984,landmark_and_historical_building,CULTURAL,historic statue of naval revolt leader João Cândido
overture:Euzébio Flamengo:-22.93734:-43.17529,Euzébio Flamengo,-22.937339782714844,-43.175289154052734,landmark_and_historical_building,NOISE,ambiguous business name
overture:Evidence Península:-22.99100:-43.35051,Evidence Península,-22.991003036499023,-43.35050582885742,landmark_and_historical_building,NOISE,residential development
overture:Ex-Combatentes:-22.88534:-43.25185,Ex-Combatentes,-22.88534164428711,-43.25185012817383,landmark_and_historical_building,NOISE,"ambiguous referent, no confirmed monument"
overture:Exclusive Noronha:-22.89403:-43.09972,Exclusive Noronha,-22.894025802612305,-43.0997200012207,landmark_and_historical_building,NOISE,residential/business
overture:Explana Barra Bali:-23.00932:-43.43726,Explana Barra Bali,-23.009323120117188,-43.43726348876953,landmark_and_historical_building,NOISE,residential development
overture:Fabux's House:-22.91601:-43.22738,Fabux's House,-22.916006088256836,-43.227378845214844,landmark_and_historical_building,NOISE,personal home nickname
overture:Facile:-22.93683:-43.37168,Facile,-22.93682861328125,-43.371681213378906,landmark_and_historical_building,NOISE,ambiguous single word/business
overture:Favela da Barão:-22.89976:-43.35134,Favela da Barão,-22.899763107299805,-43.351341247558594,landmark_and_historical_building,NOISE,informal residential settlement
overture:Favela da Rocinha:-22.98342:-43.29302,Favela da Rocinha,-22.983417510986328,-43.29302215576172,landmark_and_historical_building,NOISE,informal residential settlement
overture:Favelão:-22.97990:-43.21918,Favelão,-22.979900360107422,-43.219181060791016,landmark_and_historical_building,NOISE,ambiguous residential reference
overture:Fazenda Atlântica:-22.89548:-43.57759,Fazenda Atlântica,-22.895477294921875,-43.57758712768555,landmark_and_historical_building,NOISE,farm with no documented heritage status
overture:Fazenda Imperial de Santa Cruz:-22.91000:-43.68531,Fazenda Imperial de Santa Cruz,-22.910003662109375,-43.685306549072266,landmark_and_historical_building,CULTURAL,historic imperial-era royal farm estate
overture:Fazenda do Viegas:-22.88597:-43.48428,Fazenda do Viegas,-22.88597297668457,-43.48427963256836,landmark_and_historical_building,NOISE,farm with no documented heritage status
overture:Filomena nunes:-22.84080:-43.26330,Filomena nunes,-22.840803146362305,-43.26329803466797,landmark_and_historical_building,NOISE,"personal name, no clear referent"
overture:Fiori Residências:-22.87503:-43.56971,Fiori Residências,-22.87502670288086,-43.56970977783203,landmark_and_historical_building,NOISE,residential development
overture:First Humaitá:-22.95315:-43.19634,First Humaitá,-22.953147888183594,-43.19634246826172,landmark_and_historical_building,NOISE,residential building
overture:Five Lagoa:-22.96561:-43.20211,Five Lagoa,-22.96561050415039,-43.20211410522461,landmark_and_historical_building,NOISE,residential building
overture:Floratta di Carmem:-22.90513:-43.10519,Floratta di Carmem,-22.905128479003906,-43.105186462402344,landmark_and_historical_building,NOISE,residential building
overture:Flyinguru:-22.99047:-43.25215,Flyinguru,-22.99047088623047,-43.25215148925781,landmark_and_historical_building,NOISE,private business
overture:Focus Tijuca:-22.91657:-43.22101,Focus Tijuca,-22.91657066345215,-43.22100830078125,landmark_and_historical_building,NOISE,residential building
overture:Font Vieille:-22.98942:-43.35288,Font Vieille,-22.989416122436523,-43.352882385253906,landmark_and_historical_building,NOISE,residential/business
overture:Fonte Wallace:-22.96992:-43.22438,Fonte Wallace,-22.969919204711914,-43.22438049316406,landmark_and_historical_building,CULTURAL,historic Wallace cast-iron fountain landmark
overture:Fort Copacabana:-22.98618:-43.18653,Fort Copacabana,-22.986177444458008,-43.1865348815918,landmark_and_historical_building,CULTURAL,historic military fort and museum
"overture:Fortaleza De Sao João, Urca:-22.83379:-43.31466","Fortaleza De Sao João, Urca",-22.833791732788086,-43.314659118652344,landmark_and_historical_building,CULTURAL,historic fortress
overture:Forte Do Leme:-22.88125:-43.35560,Forte Do Leme,-22.88124656677246,-43.35559844970703,landmark_and_historical_building,CULTURAL,historic fort
overture:Forte de Boa Viagem:-22.90933:-43.13053,Forte de Boa Viagem,-22.909330368041992,-43.130531311035156,landmark_and_historical_building,CULTURAL,historic fort
overture:Foz do iguassu:-22.97759:-43.18835,Foz do iguassu,-22.97758674621582,-43.188350677490234,landmark_and_historical_building,NOISE,"mislabeled/erroneous entry, not a Rio landmark"
overture:Fra Angelico:-22.90217:-43.11372,Fra Angelico,-22.902172088623047,-43.11371612548828,landmark_and_historical_building,NOISE,"ambiguous, no clear referent"
overture:Francico Otaviano:-22.98661:-43.18995,Francico Otaviano,-22.986614227294922,-43.189945220947266,landmark_and_historical_building,NOISE,bare street name
overture:Freedom - Barra da Tijuca:-22.96791:-43.39371,Freedom - Barra da Tijuca,-22.967905044555664,-43.393714904785156,landmark_and_historical_building,NOISE,residential development
overture:Freedom freguesia:-22.93663:-43.32677,Freedom freguesia,-22.936630249023438,-43.32676696777344,landmark_and_historical_building,NOISE,residential development
overture:Freguesia Tower:-22.94416:-43.33577,Freguesia Tower,-22.944156646728516,-43.33576583862305,landmark_and_historical_building,NOISE,residential building
"overture:Frei Luiz Alevato, 356:-22.93551:-43.36801","Frei Luiz Alevato, 356",-22.93550682067871,-43.368011474609375,landmark_and_historical_building,NOISE,bare address
overture:Frequesia:-22.93432:-43.33594,Frequesia,-22.934324264526367,-43.3359375,landmark_and_historical_building,NOISE,generic neighborhood name/typo
overture:Front Park:-22.93595:-43.57049,Front Park,-22.935951232910156,-43.57048797607422,landmark_and_historical_building,NOISE,residential building
overture:FrontLake Barra:-22.97269:-43.38174,FrontLake Barra,-22.97269058227539,-43.38174057006836,landmark_and_historical_building,NOISE,residential building
overture:Furnas da Tijuca:-22.97455:-43.28665,Furnas da Tijuca,-22.974552154541016,-43.28664779663086,landmark_and_historical_building,NATURAL,rock formation/caves in Tijuca forest
"overture:Furquim Mendes, Noroeste City:-22.80587:-43.31545","Furquim Mendes, Noroeste City",-22.80587387084961,-43.315452575683594,landmark_and_historical_building,NOISE,address/residential development
overture:Fábrica Bhering:-22.90106:-43.20338,Fábrica Bhering,-22.90106201171875,-43.2033805847168,landmark_and_historical_building,CULTURAL,historic chocolate factory turned cultural venue
overture:Fênix Administração de Condomínios:-22.89417:-43.12106,Fênix Administração de Condomínios,-22.894174575805664,-43.121055603027344,landmark_and_historical_building,NOISE,property management business
overture:G.S.A - Guerreiros da Selva Airsoft:-22.94821:-43.25867,G.S.A - Guerreiros da Selva Airsoft,-22.948213577270508,-43.258670806884766,landmark_and_historical_building,NOISE,private airsoft business
overture:GMA Consultoria e Assessoria de Condominios:-23.01788:-43.45889,GMA Consultoria e Assessoria de Condominios,-23.01787757873535,-43.458885192871094,landmark_and_historical_building,NOISE,condominium consulting business
overture:GOD of WAR:-22.86799:-43.36494,GOD of WAR,-22.867990493774414,-43.36494064331055,landmark_and_historical_building,NOISE,"ambiguous, likely bar/venue name"
overture:GRAN Reserva Metropolitano:-22.95062:-43.38103,GRAN Reserva Metropolitano,-22.950620651245117,-43.38103485107422,landmark_and_historical_building,NOISE,residential development
overture:Gabinete Real:-22.90527:-43.17251,Gabinete Real,-22.9052734375,-43.17251205444336,landmark_and_historical_building,CULTURAL,"Real Gabinete Português de Leitura, historic royal reading library"
overture:Galeria San James:-22.96511:-43.18020,Galeria San James,-22.965105056762695,-43.180198669433594,landmark_and_historical_building,NOISE,private shopping gallery
overture:Galeão:-22.81166:-43.22783,Galeão,-22.811660766601562,-43.22782516479492,landmark_and_historical_building,NOISE,airport/district infrastructure name
overture:Garden Park:-22.92684:-43.25743,Garden Park,-22.926841735839844,-43.25742721557617,landmark_and_historical_building,NOISE,residential building
overture:Garden Party:-22.90849:-43.37861,Garden Party,-22.908491134643555,-43.37860870361328,landmark_and_historical_building,NOISE,residential/business
overture:Gardênia Azul:-22.94447:-43.36118,Gardênia Azul,-22.944473266601562,-43.361183166503906,landmark_and_historical_building,NOISE,"neighborhood name, no specific site"
overture:Garganta do Grumari:-23.04844:-43.54990,Garganta do Grumari,-23.04844093322754,-43.549896240234375,landmark_and_historical_building,NATURAL,natural canyon/gorge near Grumari
overture:Gauguin:-22.98996:-43.35099,Gauguin,-22.989959716796875,-43.350990295410156,landmark_and_historical_building,NOISE,"ambiguous, likely business name"
overture:Gavea:-22.98439:-43.23967,Gavea,-22.984390258789062,-43.23966979980469,landmark_and_historical_building,NOISE,"neighborhood name, no specific site"
overture:Gellegöç Tarihi Mekan:-22.92456:-43.23196,Gellegöç Tarihi Mekan,-22.924562454223633,-43.23196029663086,landmark_and_historical_building,NOISE,"garbled/unclear entry, no clear referent"
overture:General José de San Martín:-22.97543:-43.19789,General José de San Martín,-22.97542953491211,-43.19789123535156,landmark_and_historical_building,CULTURAL,statue/monument to historic figure
overture:Giardini Di Milano:-23.01114:-43.47327,Giardini Di Milano,-23.011137008666992,-43.47327423095703,landmark_and_historical_building,NOISE,residential building
overture:Glaucia:-22.75711:-43.35485,Glaucia,-22.757110595703125,-43.35485076904297,landmark_and_historical_building,NOISE,"personal name, no clear referent"
overture:Global Park:-22.96376:-43.40176,Global Park,-22.963756561279297,-43.40176010131836,landmark_and_historical_building,NOISE,residential building
overture:Gokano:-22.91425:-43.42099,Gokano,-22.91425323486328,-43.42098617553711,landmark_and_historical_building,NOISE,ambiguous business
overture:Golden Garden:-22.94831:-43.18967,Golden Garden,-22.948307037353516,-43.189666748046875,landmark_and_historical_building,NOISE,residential building
overture:Gragoatá Bay:-22.90107:-43.13302,Gragoatá Bay,-22.901065826416016,-43.13302230834961,landmark_and_historical_building,NATURAL,geographic bay feature
overture:Grand Araguaia:-22.93451:-43.33512,Grand Araguaia,-22.934507369995117,-43.335121154785156,landmark_and_historical_building,NOISE,residential building
overture:Grand Life Icaraí:-22.89676:-43.11200,Grand Life Icaraí,-22.896759033203125,-43.112003326416016,landmark_and_historical_building,NOISE,residential building
overture:Grand Reserva - Campo Grande:-22.88345:-43.60942,Grand Reserva - Campo Grande,-22.883453369140625,-43.60942077636719,landmark_and_historical_building,NOISE,residential development
overture:Grand Village Freguesia:-22.94483:-43.33506,Grand Village Freguesia,-22.94483184814453,-43.33506393432617,landmark_and_historical_building,NOISE,residential development
overture:Grande Miquelon:-22.85801:-43.48740,Grande Miquelon,-22.858013153076172,-43.487396240234375,landmark_and_historical_building,NOISE,residential building
overture:Gravata:-22.86729:-43.37304,Gravata,-22.86728858947754,-43.373043060302734,landmark_and_historical_building,NOISE,"ambiguous single word, no clear referent"
overture:Green Life - Niterói - GF Consultoria:-22.88470:-43.11802,Green Life - Niterói - GF Consultoria,-22.884702682495117,-43.11801528930664,landmark_and_historical_building,NOISE,real estate consulting business
overture:Green Ocean:-22.98488:-43.21848,Green Ocean,-22.98487663269043,-43.218482971191406,landmark_and_historical_building,NOISE,residential building
overture:Green Tijuca:-22.92601:-43.24156,Green Tijuca,-22.926013946533203,-43.24156188964844,landmark_and_historical_building,NOISE,residential building
overture:Gruta Karl Glasl:-22.96879:-43.22527,Gruta Karl Glasl,-22.968788146972656,-43.22527313232422,landmark_and_historical_building,NATURAL,grotto/cave
overture:HO 200:-22.96454:-43.19302,HO 200,-22.964540481567383,-43.193023681640625,landmark_and_historical_building,NOISE,ambiguous code/address
overture:Hadock Lobo esquina com Matoso:-22.91561:-43.20840,Hadock Lobo esquina com Matoso,-22.915613174438477,-43.208396911621094,landmark_and_historical_building,NOISE,generic street corner
overture:Helô Mozak:-22.98236:-43.20657,Helô Mozak,-22.982357025146484,-43.206573486328125,landmark_and_historical_building,NOISE,"personal name, no clear referent"
overture:Henri Matisse:-23.01851:-43.46314,Henri Matisse,-23.018508911132812,-43.46314239501953,landmark_and_historical_building,NOISE,"ambiguous, likely street name"
overture:Hilton Fly Rio:-22.99916:-43.26192,Hilton Fly Rio,-22.999156951904297,-43.26191711425781,landmark_and_historical_building,NOISE,hotel business
overture:Hipermercado Extra Vila da Penha:-22.88418:-43.28102,Hipermercado Extra Vila da Penha,-22.884180068969727,-43.28102111816406,landmark_and_historical_building,NOISE,supermarket business
overture:Home Rio:-22.98293:-43.21679,Home Rio,-22.982933044433594,-43.21678924560547,landmark_and_historical_building,NOISE,business/residential name
overture:Home Sweet Home:-22.93146:-43.63520,Home Sweet Home,-22.931459426879883,-43.635196685791016,landmark_and_historical_building,NOISE,personal home nickname
overture:Honório gurgel:-22.84951:-43.35722,Honório gurgel,-22.84951400756836,-43.35722351074219,landmark_and_historical_building,NOISE,"neighborhood name, no specific site"
overture:Hub Co-Living:-22.91266:-43.17767,Hub Co-Living,-22.912662506103516,-43.17766571044922,landmark_and_historical_building,NOISE,co-living residential business
overture:Humaitá Garden Lagoinha:-22.81717:-43.61234,Humaitá Garden Lagoinha,-22.81716537475586,-43.612342834472656,landmark_and_historical_building,NOISE,residential building
overture:Hydra Clube de Morar:-22.91562:-43.22289,Hydra Clube de Morar,-22.915618896484375,-43.22289276123047,landmark_and_historical_building,NOISE,residential apartment complex
overture:IAPC de Irajá:-22.82360:-43.33290,IAPC de Irajá,-22.823604583740234,-43.33290481567383,landmark_and_historical_building,NOISE,residential housing complex
overture:IAPI de Del Castilho:-22.87614:-43.27034,IAPI de Del Castilho,-22.876136779785156,-43.27033996582031,landmark_and_historical_building,NOISE,residential housing complex
overture:INPS:-22.78862:-43.18530,INPS,-22.78862190246582,-43.18529510498047,landmark_and_historical_building,NOISE,"former institute office building, ambiguous"
overture:Ibrahim Sued Statue:-22.96881:-43.18029,Ibrahim Sued Statue,-22.968812942504883,-43.1802864074707,landmark_and_historical_building,CULTURAL,statue of noted Brazilian public figure
overture:Icarai' Golden Style:-22.90644:-43.10331,Icarai' Golden Style,-22.90644073486328,-43.10330581665039,landmark_and_historical_building,NOISE,residential building
overture:Icaraí Privillege:-22.90791:-43.10331,Icaraí Privillege,-22.90791130065918,-43.103309631347656,landmark_and_historical_building,NOISE,residential building
overture:Ideal Village Condominium Rossi Guandu Sape:-22.87751:-43.56142,Ideal Village Condominium Rossi Guandu Sape,-22.87750816345215,-43.56141662597656,landmark_and_historical_building,NOISE,residential condominium
overture:Igarapava 53:-22.98689:-43.23111,Igarapava 53,-22.986888885498047,-43.23111343383789,landmark_and_historical_building,NOISE,bare address
overture:Ilha Da Trindade:-22.86453:-43.30235,Ilha Da Trindade,-22.864534378051758,-43.302345275878906,landmark_and_historical_building,NATURAL,"island, geographic feature"
"overture:Ilha Das Flores - São Gonçalo, RJ:-22.85003:-43.10205","Ilha Das Flores - São Gonçalo, RJ",-22.85003089904785,-43.102046966552734,landmark_and_historical_building,NATURAL,"island, geographic feature"
overture:Ilha Pura:-22.98293:-43.41184,Ilha Pura,-22.982933044433594,-43.411842346191406,landmark_and_historical_building,NOISE,residential development
overture:Ilha Pura Barra da Tijuca:-22.98310:-43.40995,Ilha Pura Barra da Tijuca,-22.98309898376465,-43.409950256347656,landmark_and_historical_building,NOISE,residential development
overture:Ilha Terceira:-22.76102:-43.45680,Ilha Terceira,-22.761016845703125,-43.4567985534668,landmark_and_historical_building,NOISE,residential development named after Azores island
"overture:Ilha das Palmas (ö i Brasilien, Rio de Janeiro, lat -23,06, long -43,51):-23.06284:-43.51153","Ilha das Palmas (ö i Brasilien, Rio de Janeiro, lat -23,06, long -43,51)",-23.062843322753906,-43.511531829833984,landmark_and_historical_building,NATURAL,"small island, geographic feature"
overture:Iluminato Botafogo:-22.94650:-43.18903,Iluminato Botafogo,-22.946502685546875,-43.18903350830078,landmark_and_historical_building,NOISE,residential building
overture:In Rio Das Pedras Jacarepaguá-RJ:-22.97387:-43.33502,In Rio Das Pedras Jacarepaguá-RJ,-22.973873138427734,-43.33502197265625,landmark_and_historical_building,NOISE,neighborhood/business reference
overture:Ingá Offices:-22.90306:-43.12400,Ingá Offices,-22.903057098388672,-43.12400436401367,landmark_and_historical_building,NOISE,office building
overture:Inhauma Prev:-22.86481:-43.30141,Inhauma Prev,-22.86480712890625,-43.301414489746094,landmark_and_historical_building,NOISE,private business
overture:Injoy Lofts Ipanema:-22.98075:-43.20484,Injoy Lofts Ipanema,-22.980749130249023,-43.204837799072266,landmark_and_historical_building,NOISE,residential building
overture:Inovar Predial:-22.89334:-43.12107,Inovar Predial,-22.893342971801758,-43.12107467651367,landmark_and_historical_building,NOISE,property management business
overture:Instituto vida real:-22.85596:-43.24673,Instituto vida real,-22.85596466064453,-43.246726989746094,landmark_and_historical_building,NOISE,private wellness/health institute
overture:Interlagos Quality:-22.99723:-43.41932,Interlagos Quality,-22.997228622436523,-43.4193229675293,landmark_and_historical_building,NOISE,residential building
overture:Ipa Studios Design:-22.98539:-43.20761,Ipa Studios Design,-22.985389709472656,-43.20760726928711,landmark_and_historical_building,NOISE,private design studio business
overture:Ipanema:-22.98169:-43.19908,Ipanema,-22.981689453125,-43.19908142089844,landmark_and_historical_building,NOISE,"ambiguous neighborhood name, no distinct site"
overture:Ipanema Copa Posto 6:-22.98404:-43.19390,Ipanema Copa Posto 6,-22.98403549194336,-43.19390106201172,landmark_and_historical_building,NOISE,beach lifeguard post marker
overture:Ipanema Tower:-22.98507:-43.20623,Ipanema Tower,-22.985071182250977,-43.206233978271484,landmark_and_historical_building,NOISE,residential tower
overture:Ipiranga:-22.80612:-43.56368,Ipiranga,-22.806116104125977,-43.56367874145508,landmark_and_historical_building,NOISE,ambiguous neighborhood name
overture:Iraja 1158:-22.83207:-43.32780,Iraja 1158,-22.832069396972656,-43.32780456542969,landmark_and_historical_building,NOISE,street address
overture:Irajá:-22.84313:-43.32293,Irajá,-22.8431339263916,-43.32292556762695,landmark_and_historical_building,NOISE,ambiguous neighborhood name
overture:Irajá:-22.82304:-43.32792,Irajá,-22.82303810119629,-43.32791519165039,landmark_and_historical_building,NOISE,ambiguous neighborhood name
overture:Irajá:-22.77293:-43.35126,Irajá,-22.772930145263672,-43.35126495361328,landmark_and_historical_building,NOISE,ambiguous neighborhood name
overture:Irajá (Rio de Janeiro):-22.83445:-43.32723,Irajá (Rio de Janeiro),-22.834447860717773,-43.32722854614258,landmark_and_historical_building,NOISE,ambiguous neighborhood name
overture:Irmandade do Corte:-22.78434:-43.37456,Irmandade do Corte,-22.78434181213379,-43.37456130981445,landmark_and_historical_building,NOISE,unclear/ambiguous referent
overture:Island Personal Office:-23.00270:-43.33815,Island Personal Office,-23.002700805664062,-43.33815383911133,landmark_and_historical_building,NOISE,private business office
overture:Itabirito (Urubu):-22.88047:-43.30432,Itabirito (Urubu),-22.88047218322754,-43.304317474365234,landmark_and_historical_building,NATURAL,rock/hill formation name
overture:Itanhaga:-22.98646:-43.30999,Itanhaga,-22.986461639404297,-43.309993743896484,landmark_and_historical_building,NOISE,ambiguous neighborhood name
overture:Itaperu:-22.92243:-43.19656,Itaperu,-22.922426223754883,-43.19655990600586,landmark_and_historical_building,NOISE,"ambiguous single word, no referent"
overture:J W festa e eventos:-22.88680:-43.59443,J W festa e eventos,-22.886795043945312,-43.59443283081055,landmark_and_historical_building,NOISE,party rental events business
overture:Jacare na Praça da Concórdia:-22.88461:-43.25657,Jacare na Praça da Concórdia,-22.884605407714844,-43.25656509399414,landmark_and_historical_building,NOISE,informal/ambiguous local reference
"overture:Jacarezinho, Largo dos Tubas, RJ:-22.88460:-43.25634","Jacarezinho, Largo dos Tubas, RJ",-22.88459587097168,-43.256343841552734,landmark_and_historical_building,NOISE,informal local place reference
overture:Jagoroaba:-22.87895:-43.37103,Jagoroaba,-22.878950119018555,-43.37102508544922,landmark_and_historical_building,NOISE,"ambiguous single word, no referent"
overture:Jamaica City:-22.90862:-43.29959,Jamaica City,-22.908618927001953,-43.299591064453125,landmark_and_historical_building,NOISE,residential development
overture:Jambalaya Resort Beach:-22.83170:-43.35023,Jambalaya Resort Beach,-22.831697463989258,-43.3502311706543,landmark_and_historical_building,NOISE,private resort business
overture:Jardim América - RJ:-22.81300:-43.32284,Jardim América - RJ,-22.813003540039062,-43.32284164428711,landmark_and_historical_building,NOISE,ambiguous neighborhood name
overture:Jardim Garrido:-22.98656:-43.63271,Jardim Garrido,-22.986560821533203,-43.63270950317383,landmark_and_historical_building,NOISE,residential neighborhood
overture:Jardim Icaraí:-22.90350:-43.10184,Jardim Icaraí,-22.90350341796875,-43.10184097290039,landmark_and_historical_building,NOISE,ambiguous neighborhood name
overture:Jardim Meriti:-22.77754:-43.37281,Jardim Meriti,-22.77754020690918,-43.37281036376953,landmark_and_historical_building,NOISE,ambiguous neighborhood name
overture:Jardim Paris:-22.91352:-43.10090,Jardim Paris,-22.913516998291016,-43.10089874267578,landmark_and_historical_building,NOISE,residential development
overture:Jardim Sao Joao:-22.89155:-43.12144,Jardim Sao Joao,-22.891550064086914,-43.12144088745117,landmark_and_historical_building,NOISE,ambiguous neighborhood name
overture:Jardim bangu:-22.84579:-43.46563,Jardim bangu,-22.84579086303711,-43.46562576293945,landmark_and_historical_building,NOISE,ambiguous neighborhood name
overture:Jardim carioca:-22.80219:-43.19761,Jardim carioca,-22.80219078063965,-43.19761276245117,landmark_and_historical_building,NOISE,ambiguous neighborhood name
overture:Jardim de Alah:-22.98355:-43.21624,Jardim de Alah,-22.98354721069336,-43.21623611450195,landmark_and_historical_building,CULTURAL,historic designed public canal garden
overture:Jardim do Alto Estilo e Serviços:-23.02221:-43.48677,Jardim do Alto Estilo e Serviços,-23.022207260131836,-43.48677444458008,landmark_and_historical_building,NOISE,private business (salon/services)
overture:Jardim do Itanhanga:-22.99436:-43.30129,Jardim do Itanhanga,-22.99436378479004,-43.30128860473633,landmark_and_historical_building,NOISE,residential neighborhood
overture:Jardim do Méier:-22.90014:-43.27857,Jardim do Méier,-22.900136947631836,-43.27857208251953,landmark_and_historical_building,NOISE,ambiguous neighborhood name
overture:Jardim dos Lírios I:-22.95060:-43.64236,Jardim dos Lírios I,-22.950603485107422,-43.64236068725586,landmark_and_historical_building,NOISE,residential development
overture:Jardins de Maria:-23.00434:-43.44324,Jardins de Maria,-23.004337310791016,-43.4432373046875,landmark_and_historical_building,NOISE,residential development
overture:Jequitiba 1:-22.97375:-43.23091,Jequitiba 1,-22.973745346069336,-43.23091125488281,landmark_and_historical_building,NOISE,address/building
overture:Jhessy Unhas:-22.80072:-43.39761,Jhessy Unhas,-22.80072021484375,-43.397605895996094,landmark_and_historical_building,NOISE,nail salon business
overture:Jn Marcenaria/ moves planejados:-22.91131:-43.27783,Jn Marcenaria/ moves planejados,-22.911314010620117,-43.27783203125,landmark_and_historical_building,NOISE,carpentry business
overture:Jorginhos Rooftop:-22.79469:-43.29240,Jorginhos Rooftop,-22.794689178466797,-43.292396545410156,landmark_and_historical_building,NOISE,rooftop bar/restaurant business
overture:José Vicente:-22.91956:-43.25730,José Vicente,-22.919559478759766,-43.25729751586914,landmark_and_historical_building,NOISE,ambiguous personal name
overture:Julho de castilho lote 1:-22.78424:-43.39558,Julho de castilho lote 1,-22.784238815307617,-43.39558029174805,landmark_and_historical_building,NOISE,bare lot address
overture:Junqueira freire:-22.89496:-43.28695,Junqueira freire,-22.894956588745117,-43.286949157714844,landmark_and_historical_building,NOISE,ambiguous street/person reference
overture:Jóia do Campo:-22.91367:-43.54754,Jóia do Campo,-22.913665771484375,-43.547542572021484,landmark_and_historical_building,NOISE,"farm/sítio, no documented heritage"
overture:Ki Delícia:-22.83664:-43.41048,Ki Delícia,-22.83664321899414,-43.410484313964844,landmark_and_historical_building,NOISE,food business
overture:Kitnet Mobiliada:-22.95296:-43.38085,Kitnet Mobiliada,-22.95296287536621,-43.38085174560547,landmark_and_historical_building,NOISE,rental apartment listing
overture:Kitnets Nova Iguaçu:-22.77062:-43.44253,Kitnets Nova Iguaçu,-22.770618438720703,-43.44253158569336,landmark_and_historical_building,NOISE,rental apartments listing
overture:L'unité Araguaia:-22.93446:-43.33447,L'unité Araguaia,-22.934463500976562,-43.33447265625,landmark_and_historical_building,NOISE,residential building
overture:L_O_V_E:-22.91398:-43.27253,L_O_V_E,-22.913984298706055,-43.27253341674805,landmark_and_historical_building,NOISE,"ambiguous, no clear referent"
overture:La Plagne:-22.98682:-43.22544,La Plagne,-22.986818313598633,-43.225440979003906,landmark_and_historical_building,NOISE,residential building
overture:Lac Premier:-23.00531:-43.37182,Lac Premier,-23.005313873291016,-43.37181854248047,landmark_and_historical_building,NOISE,residential building
overture:Ladeira Dos Tabajaras:-22.96518:-43.18890,Ladeira Dos Tabajaras,-22.965179443359375,-43.188899993896484,landmark_and_historical_building,CULTURAL,"historic street, noted favela street-art/mural project"
overture:Ladeira do Castro:-22.91880:-43.18596,Ladeira do Castro,-22.918798446655273,-43.18596267700195,landmark_and_historical_building,NOISE,"generic sloped street, no documented heritage"
overture:Lagoa Bella:-22.97755:-43.19729,Lagoa Bella,-22.97754669189453,-43.197288513183594,landmark_and_historical_building,NOISE,residential building
overture:Laguna di Mare:-22.98325:-43.38233,Laguna di Mare,-22.983253479003906,-43.382328033447266,landmark_and_historical_building,NOISE,residential development
overture:Laje dos Balbinot:-22.93861:-43.33563,Laje dos Balbinot,-22.938608169555664,-43.335628509521484,landmark_and_historical_building,NOISE,private residence nickname
overture:Lajão:-22.93304:-43.33454,Lajão,-22.93304443359375,-43.334537506103516,landmark_and_historical_building,NOISE,"ambiguous single word, no referent"
overture:Lake Buena Vista condo:-23.00736:-43.32239,Lake Buena Vista condo,-23.007362365722656,-43.3223876953125,landmark_and_historical_building,NOISE,residential condo
overture:Lanna Kingdom:-22.97242:-43.20816,Lanna Kingdom,-22.972421646118164,-43.20816421508789,landmark_and_historical_building,NOISE,ambiguous business/nickname
overture:Lapa de Irajá:-22.81827:-43.33324,Lapa de Irajá,-22.818267822265625,-43.33324432373047,landmark_and_historical_building,NOISE,ambiguous local area name
overture:Lar:-22.97662:-43.19198,Lar,-22.97661781311035,-43.19198226928711,landmark_and_historical_building,NOISE,"generic ""home"", personal nickname"
overture:Lar Cida:-23.02273:-43.48835,Lar Cida,-23.022733688354492,-43.488346099853516,landmark_and_historical_building,NOISE,personal home nickname
overture:Lar Doce Lar:-22.97549:-43.18995,Lar Doce Lar,-22.97549057006836,-43.1899528503418,landmark_and_historical_building,NOISE,"generic ""home sweet home"" nickname"
overture:Lar de David Farias:-22.76134:-43.45889,Lar de David Farias,-22.761335372924805,-43.45888900756836,landmark_and_historical_building,NOISE,personal home nickname
overture:Lar doce lar:-22.93945:-43.36819,Lar doce lar,-22.939453125,-43.36819076538086,landmark_and_historical_building,NOISE,"generic ""home sweet home"" nickname"
overture:Lar doce lar:-22.85139:-43.35000,Lar doce lar,-22.85139274597168,-43.349998474121094,landmark_and_historical_building,NOISE,"generic ""home sweet home"" nickname"
overture:Lar doce lar:-22.97163:-43.18908,Lar doce lar,-22.97162628173828,-43.189083099365234,landmark_and_historical_building,NOISE,"generic ""home sweet home"" nickname"
overture:Lar doce lar Cury:-22.88788:-43.12488,Lar doce lar Cury,-22.887880325317383,-43.124881744384766,landmark_and_historical_building,NOISE,developer-branded residence
overture:Laranjeiras:-22.93853:-43.18894,Laranjeiras,-22.938533782958984,-43.188941955566406,landmark_and_historical_building,NOISE,ambiguous neighborhood name
overture:Largo Alexandre Herculano:-22.90582:-43.18209,Largo Alexandre Herculano,-22.90581512451172,-43.18209457397461,landmark_and_historical_building,CULTURAL,historic square named for notable figure
overture:Largo Da Capela 601:-22.91644:-43.41497,Largo Da Capela 601,-22.916439056396484,-43.41497039794922,landmark_and_historical_building,NOISE,street address
overture:Largo Do Remi:-22.92876:-43.39281,Largo Do Remi,-22.92876434326172,-43.3928108215332,landmark_and_historical_building,NOISE,unverified generic square name
overture:Largo Grimmauld n12:-22.82692:-43.33213,Largo Grimmauld n12,-22.82691764831543,-43.33213424682617,landmark_and_historical_building,NOISE,fictional (Harry Potter) joke house name
overture:Largo de Itararé:-22.85652:-43.26671,Largo de Itararé,-22.856515884399414,-43.26670837402344,landmark_and_historical_building,NOISE,unverified generic square name
overture:Largo do Guimaraes:-22.92141:-43.18598,Largo do Guimaraes,-22.921405792236328,-43.185977935791016,landmark_and_historical_building,CULTURAL,famous historic Santa Teresa plaza/tram stop
overture:Largo do Machado Station:-22.93090:-43.17831,Largo do Machado Station,-22.93090057373047,-43.178306579589844,landmark_and_historical_building,CULTURAL,historic Rio landmark square
overture:Largo dos Palácios:-22.95124:-43.19397,Largo dos Palácios,-22.951242446899414,-43.193965911865234,landmark_and_historical_building,NOISE,unverified generic square name
overture:Lazuli Niterói:-22.90762:-43.12971,Lazuli Niterói,-22.907617568969727,-43.12971496582031,landmark_and_historical_building,NOISE,residential building
overture:Le Grand Miguel Couto:-22.90065:-43.10344,Le Grand Miguel Couto,-22.90064811706543,-43.10343933105469,landmark_and_historical_building,NOISE,residential building
overture:Leblon:-22.98446:-43.23070,Leblon,-22.98445701599121,-43.2307014465332,landmark_and_historical_building,NOISE,ambiguous neighborhood name
overture:Leblon InFoco:-22.98561:-43.21802,Leblon InFoco,-22.985605239868164,-43.218021392822266,landmark_and_historical_building,NOISE,private business
overture:Leme:-22.96347:-43.17352,Leme,-22.96346664428711,-43.17352294921875,landmark_and_historical_building,NOISE,ambiguous neighborhood name
overture:Lenda:-22.90191:-43.12604,Lenda,-22.901906967163086,-43.126041412353516,landmark_and_historical_building,NOISE,"ambiguous single word, no referent"
overture:Leopoldina Minas Gerais:-22.88116:-43.47554,Leopoldina Minas Gerais,-22.881160736083984,-43.47553634643555,landmark_and_historical_building,NOISE,ambiguous/misplaced reference
overture:Lesboland:-22.93107:-43.23859,Lesboland,-22.93107032775879,-43.238590240478516,landmark_and_historical_building,NOISE,"ambiguous, no clear referent"
overture:Liberty House Residências:-23.00562:-43.33899,Liberty House Residências,-23.005624771118164,-43.3389892578125,landmark_and_historical_building,NOISE,residential building
overture:Liberty Personnalité Résidences:-22.88963:-43.27813,Liberty Personnalité Résidences,-22.889633178710938,-43.27812957763672,landmark_and_historical_building,NOISE,residential building
overture:Life Resort Club Campo Grande:-22.92544:-43.55204,Life Resort Club Campo Grande,-22.92543601989746,-43.55203628540039,landmark_and_historical_building,NOISE,private resort/club business
overture:Like Barra da Tijuca:-22.96327:-43.39149,Like Barra da Tijuca,-22.963266372680664,-43.39149475097656,landmark_and_historical_building,NOISE,residential building
overture:Living Wish Norte:-22.88770:-43.28107,Living Wish Norte,-22.887704849243164,-43.28106689453125,landmark_and_historical_building,NOISE,residential building
overture:Lobie Vilares:-22.96494:-43.19118,Lobie Vilares,-22.96494483947754,-43.19118118286133,landmark_and_historical_building,NOISE,ambiguous residential reference
overture:Loft Premium:-22.91121:-43.10530,Loft Premium,-22.91121482849121,-43.10530090332031,landmark_and_historical_building,NOISE,residential/business unit
overture:Loompalândia:-22.85296:-43.39091,Loompalândia,-22.85296058654785,-43.390907287597656,landmark_and_historical_building,NOISE,ambiguous personal nickname
overture:Lopes House:-22.93281:-43.35268,Lopes House,-22.932809829711914,-43.352684020996094,landmark_and_historical_building,NOISE,personal home nickname
overture:Lote 7:-22.81714:-43.37663,Lote 7,-22.817140579223633,-43.376625061035156,landmark_and_historical_building,NOISE,bare lot address
overture:Loteamento Belford Roxo:-22.75527:-43.39981,Loteamento Belford Roxo,-22.755273818969727,-43.399810791015625,landmark_and_historical_building,NOISE,residential development
overture:Loteamento Monte Líbano:-22.87921:-43.59513,Loteamento Monte Líbano,-22.879207611083984,-43.59512710571289,landmark_and_historical_building,NOISE,residential development
overture:Luar do Pontal:-23.02325:-43.51294,Luar do Pontal,-23.023250579833984,-43.512939453125,landmark_and_historical_building,NOISE,residential development
overture:Luau do Recreio:-23.02250:-43.49001,Luau do Recreio,-23.022499084472656,-43.49000549316406,landmark_and_historical_building,NOISE,informal bonfire/party spot
overture:Luggo Mauá:-22.89873:-43.18116,Luggo Mauá,-22.898725509643555,-43.1811637878418,landmark_and_historical_building,NOISE,rental housing brand
overture:Lumina Rio:-22.89524:-43.18774,Lumina Rio,-22.895238876342773,-43.187740325927734,landmark_and_historical_building,NOISE,residential building
overture:Luperce Miranda Vista Alegre:-22.82672:-43.32290,Luperce Miranda Vista Alegre,-22.826719284057617,-43.32290267944336,landmark_and_historical_building,NOISE,ambiguous street/person reference
overture:Léo Oliveira Corretor:-22.87679:-43.41794,Léo Oliveira Corretor,-22.876789093017578,-43.41794204711914,landmark_and_historical_building,NOISE,real estate agent business
overture:MRV Riviera Tropical:-22.88466:-43.62514,MRV Riviera Tropical,-22.884658813476562,-43.62513732910156,landmark_and_historical_building,NOISE,residential development
overture:Maayan - Barra Da Tijuca:-22.96699:-43.38653,Maayan - Barra Da Tijuca,-22.966991424560547,-43.38652801513672,landmark_and_historical_building,NOISE,residential building
overture:Madureira rj:-22.87849:-43.33908,Madureira rj,-22.87848663330078,-43.339080810546875,landmark_and_historical_building,NOISE,ambiguous neighborhood name
overture:Maggiore Residenziale - Sacisa:-22.89429:-43.27417,Maggiore Residenziale - Sacisa,-22.894285202026367,-43.274169921875,landmark_and_historical_building,NOISE,residential development
overture:Mais + Recanto da Taquara - ROSSI:-22.91913:-43.36464,Mais + Recanto da Taquara - ROSSI,-22.919132232666016,-43.3646354675293,landmark_and_historical_building,NOISE,residential development
overture:Maison Merlot:-22.93153:-43.36216,Maison Merlot,-22.93152618408203,-43.36215591430664,landmark_and_historical_building,NOISE,residential building
overture:Maison Paradis:-23.02509:-43.48920,Maison Paradis,-23.025087356567383,-43.48919677734375,landmark_and_historical_building,NOISE,residential building
overture:Maison Saint Marcelin:-22.95956:-43.20195,Maison Saint Marcelin,-22.959564208984375,-43.20194625854492,landmark_and_historical_building,NOISE,residential building
overture:Maison du Soleil:-22.90478:-43.28212,Maison du Soleil,-22.904775619506836,-43.28212356567383,landmark_and_historical_building,NOISE,residential building
overture:Majestic Cyrela:-22.96508:-43.38644,Majestic Cyrela,-22.965084075927734,-43.386436462402344,landmark_and_historical_building,NOISE,residential building
overture:Majesty:-22.93172:-43.33347,Majesty,-22.931724548339844,-43.333473205566406,landmark_and_historical_building,NOISE,generic residential building name
overture:Maluco 22:-22.98865:-43.24904,Maluco 22,-22.988651275634766,-43.24904251098633,landmark_and_historical_building,NOISE,ambiguous nickname
overture:Mandarim Península Barra:-22.99051:-43.35168,Mandarim Península Barra,-22.990510940551758,-43.35167694091797,landmark_and_historical_building,NOISE,residential building
overture:Mangueira (cidade do Rio de Janeiro):-22.90389:-43.23695,Mangueira (cidade do Rio de Janeiro),-22.903892517089844,-43.23694610595703,landmark_and_historical_building,NOISE,ambiguous neighborhood reference
overture:Mangueiral:-22.86674:-43.48022,Mangueiral,-22.866737365722656,-43.480220794677734,landmark_and_historical_building,NOISE,residential development
overture:Manoel Leitao:-22.91894:-43.21540,Manoel Leitao,-22.918943405151367,-43.215396881103516,landmark_and_historical_building,NOISE,ambiguous street/person reference
overture:Mansão Bitcoin:-23.03401:-43.48861,Mansão Bitcoin,-23.03400993347168,-43.48860549926758,landmark_and_historical_building,NOISE,private residence joke name
overture:Mansão Boa Vista:-22.96005:-43.27124,Mansão Boa Vista,-22.960054397583008,-43.271236419677734,landmark_and_historical_building,NOISE,private residence
overture:Mansão Marins:-22.81730:-43.31696,Mansão Marins,-22.81729507446289,-43.316959381103516,landmark_and_historical_building,NOISE,private residence
overture:Mansão Ross:-22.97429:-43.33310,Mansão Ross,-22.974294662475586,-43.333099365234375,landmark_and_historical_building,NOISE,private residence
overture:Mansão de Pedra Guedes:-22.83639:-43.31983,Mansão de Pedra Guedes,-22.836389541625977,-43.319828033447266,landmark_and_historical_building,NOISE,private residence
overture:Mansão dos Cordeiros:-22.85305:-43.46699,Mansão dos Cordeiros,-22.853050231933594,-43.46698760986328,landmark_and_historical_building,NOISE,private residence
overture:Mansão dos Dantas:-22.91940:-43.35192,Mansão dos Dantas,-22.919395446777344,-43.35192108154297,landmark_and_historical_building,NOISE,private residence
overture:Mansão dos Fernandes:-22.81064:-43.31493,Mansão dos Fernandes,-22.810644149780273,-43.31493377685547,landmark_and_historical_building,NOISE,private residence
overture:Mansão dos Kaulino's:-22.81204:-43.20627,Mansão dos Kaulino's,-22.812040328979492,-43.206268310546875,landmark_and_historical_building,NOISE,private residence
overture:Mansões da Prata:-22.91487:-43.51844,Mansões da Prata,-22.914871215820312,-43.518436431884766,landmark_and_historical_building,NOISE,residential development
overture:Mar de Ibiza:-22.90161:-43.10190,Mar de Ibiza,-22.901613235473633,-43.10190200805664,landmark_and_historical_building,NOISE,residential building
overture:Maramar:-23.03278:-43.49314,Maramar,-23.032779693603516,-43.49314498901367,landmark_and_historical_building,NOISE,ambiguous residential/business name
overture:Maraville  Rio Grande:-22.91859:-43.38926,Maraville  Rio Grande,-22.918594360351562,-43.38925552368164,landmark_and_historical_building,NOISE,residential building
overture:Marcão Comunidade Novo Rio:-22.96186:-43.34776,Marcão Comunidade Novo Rio,-22.961856842041016,-43.34775924682617,landmark_and_historical_building,NOISE,informal community nickname
overture:Mare Pontal Oceanico:-23.02125:-43.50576,Mare Pontal Oceanico,-23.02125358581543,-43.50575637817383,landmark_and_historical_building,NOISE,residential building
overture:Marechal Hermes:-22.85624:-43.37374,Marechal Hermes,-22.85624122619629,-43.37373733520508,landmark_and_historical_building,CULTURAL,heritage-listed early planned garden suburb
"overture:Marechal Hermes, Rio de Janeiro:-22.86195:-43.37083","Marechal Hermes, Rio de Janeiro",-22.861948013305664,-43.37083435058594,landmark_and_historical_building,CULTURAL,heritage-listed early planned garden suburb
overture:Maria:-22.86835:-43.79301,Maria,-22.86834716796875,-43.79301071166992,landmark_and_historical_building,NOISE,ambiguous personal name
overture:Marquês de valença:-22.92118:-43.22574,Marquês de valença,-22.921175003051758,-43.225738525390625,landmark_and_historical_building,NOISE,ambiguous street reference
overture:Martins Pena_ Vila São Luiz:-22.77820:-43.29087,Martins Pena_ Vila São Luiz,-22.7782039642334,-43.29086685180664,landmark_and_historical_building,NOISE,residential address
overture:Matinho:-22.89017:-43.34782,Matinho,-22.890165328979492,-43.34782409667969,landmark_and_historical_building,NOISE,"ambiguous single word, no referent"
overture:Matizes Icarai Niteroi:-22.90472:-43.11168,Matizes Icarai Niteroi,-22.904720306396484,-43.1116828918457,landmark_and_historical_building,NOISE,residential building
overture:Mazzetti:-22.86252:-43.30518,Mazzetti,-22.862520217895508,-43.30517578125,landmark_and_historical_building,NOISE,"ambiguous single word, no referent"
overture:Mc Nego do Borel:-23.06712:-43.56572,Mc Nego do Borel,-23.067123413085938,-43.56571578979492,landmark_and_historical_building,NOISE,informal personal/nickname reference
overture:Meier:-22.89370:-43.28137,Meier,-22.89370346069336,-43.2813720703125,landmark_and_historical_building,NOISE,ambiguous neighborhood name
overture:Mendanha:-22.85416:-43.53953,Mendanha,-22.854156494140625,-43.53953170776367,landmark_and_historical_building,NATURAL,mountain range (Serra do Mendanha)
overture:Meringuava 1396:-22.91545:-43.38790,Meringuava 1396,-22.91545295715332,-43.387901306152344,landmark_and_historical_building,NOISE,street address
overture:Mesa do Imperado:-22.96851:-43.25685,Mesa do Imperado,-22.968505859375,-43.25685119628906,landmark_and_historical_building,CULTURAL,historic Mesa do Imperador monument in Tijuca Forest
overture:Mesquita:-22.79243:-43.42739,Mesquita,-22.792428970336914,-43.42738723754883,landmark_and_historical_building,NOISE,ambiguous municipality name
overture:Mesquita rj:-22.79668:-43.44059,Mesquita rj,-22.79667854309082,-43.44058609008789,landmark_and_historical_building,NOISE,ambiguous municipality name
overture:Meu lar:-22.95349:-43.33953,Meu lar,-22.953487396240234,-43.33952713012695,landmark_and_historical_building,NOISE,"generic ""my home"" nickname"
overture:Minha:-22.86238:-43.78281,Minha,-22.86237907409668,-43.782806396484375,landmark_and_historical_building,NOISE,"ambiguous single word, no referent"
overture:Minha Casa Minha Vida:-22.90293:-43.56105,Minha Casa Minha Vida,-22.90293312072754,-43.5610466003418,landmark_and_historical_building,NOISE,generic housing program reference
overture:Minha Humilde Residência:-22.89911:-43.23499,Minha Humilde Residência,-22.89911460876465,-43.2349853515625,landmark_and_historical_building,NOISE,personal home nickname
overture:Minha Praia Cond. Clube:-22.96761:-43.39702,Minha Praia Cond. Clube,-22.96761131286621,-43.39702224731445,landmark_and_historical_building,NOISE,residential condo club
overture:Minha cass:-22.88406:-43.43050,Minha cass,-22.884056091308594,-43.43049621582031,landmark_and_historical_building,NOISE,personal home nickname
overture:Mirante 4:-22.98822:-43.23178,Mirante 4,-22.988224029541016,-43.231781005859375,landmark_and_historical_building,NATURAL,generic lookout/viewpoint
overture:Mirante Do Ttk:-22.92429:-43.18169,Mirante Do Ttk,-22.924293518066406,-43.18169021606445,landmark_and_historical_building,NATURAL,lookout/viewpoint
overture:Mirante Dona Marta:-22.94500:-43.19642,Mirante Dona Marta,-22.944995880126953,-43.19641876220703,landmark_and_historical_building,NATURAL,hillside lookout/viewpoint
overture:Mirante JW Marriott:-22.97226:-43.18560,Mirante JW Marriott,-22.972257614135742,-43.18560028076172,landmark_and_historical_building,NATURAL,hotel-adjacent lookout/viewpoint
overture:Mirante Jackson de Figueiredo:-23.00865:-43.28787,Mirante Jackson de Figueiredo,-23.008647918701172,-43.287872314453125,landmark_and_historical_building,NATURAL,lookout/viewpoint
overture:Mirante Livingstone Rezende:-22.81879:-43.20559,Mirante Livingstone Rezende,-22.81879234313965,-43.205589294433594,landmark_and_historical_building,NATURAL,lookout/viewpoint
overture:Mirante Sétimo Céu:-22.98915:-43.22905,Mirante Sétimo Céu,-22.989154815673828,-43.22904968261719,landmark_and_historical_building,NATURAL,lookout/viewpoint
overture:Mirante da Imprensa:-22.96904:-43.22513,Mirante da Imprensa,-22.969038009643555,-43.225128173828125,landmark_and_historical_building,NATURAL,lookout/viewpoint
overture:Mirante da Paz:-22.98333:-43.19847,Mirante da Paz,-22.98332977294922,-43.19846725463867,landmark_and_historical_building,NATURAL,lookout/viewpoint
overture:Mirante da Praia Vermelha:-22.95744:-43.16515,Mirante da Praia Vermelha,-22.957441329956055,-43.16515350341797,landmark_and_historical_building,NATURAL,lookout/viewpoint
overture:Mirante da Praia da Joatinga:-23.01493:-43.28840,Mirante da Praia da Joatinga,-23.014928817749023,-43.28839874267578,landmark_and_historical_building,NATURAL,lookout/viewpoint
overture:Mirante da bt:-22.83556:-43.28728,Mirante da bt,-22.83555793762207,-43.28727722167969,landmark_and_historical_building,NATURAL,lookout/viewpoint
overture:Mirante das Canoas:-22.98852:-43.26910,Mirante das Canoas,-22.9885196685791,-43.26909637451172,landmark_and_historical_building,NATURAL,lookout/viewpoint
overture:Mirante de Boa Viagem:-22.90751:-43.12652,Mirante de Boa Viagem,-22.907506942749023,-43.12651824951172,landmark_and_historical_building,NATURAL,lookout/viewpoint
overture:Mirante do Caete:-22.98485:-43.27874,Mirante do Caete,-22.984851837158203,-43.27873611450195,landmark_and_historical_building,NATURAL,lookout/viewpoint
overture:Mirante do Excelsior:-22.94243:-43.27275,Mirante do Excelsior,-22.942432403564453,-43.27275085449219,landmark_and_historical_building,NATURAL,lookout/viewpoint
overture:Mirante do Joá:-23.00860:-43.28735,Mirante do Joá,-23.00860023498535,-43.287353515625,landmark_and_historical_building,NATURAL,lookout/viewpoint
overture:Mirante do Leblon:-22.98967:-43.22740,Mirante do Leblon,-22.989673614501953,-43.22739791870117,landmark_and_historical_building,NATURAL,lookout/viewpoint
overture:Mirante do Leme:-22.96257:-43.16579,Mirante do Leme,-22.962566375732422,-43.165794372558594,landmark_and_historical_building,NATURAL,lookout/viewpoint
overture:Mirante do Morro da Cruz:-22.76779:-43.11370,Mirante do Morro da Cruz,-22.767791748046875,-43.11370086669922,landmark_and_historical_building,NATURAL,hill lookout/viewpoint
overture:Mirante do Pavão:-22.97929:-43.19313,Mirante do Pavão,-22.979291915893555,-43.1931266784668,landmark_and_historical_building,NATURAL,lookout/viewpoint
overture:Mirante do Pontal:-23.03419:-43.49143,Mirante do Pontal,-23.034191131591797,-43.491432189941406,landmark_and_historical_building,NATURAL,lookout/viewpoint
overture:Mirante do Pão de Açúcar:-22.94959:-43.15663,Mirante do Pão de Açúcar,-22.9495906829834,-43.1566276550293,landmark_and_historical_building,NATURAL,mountain lookout at Sugarloaf
overture:Mirante do Rato Molhado:-22.92379:-43.18671,Mirante do Rato Molhado,-22.92378807067871,-43.18670654296875,landmark_and_historical_building,NATURAL,lookout/viewpoint
overture:Mirante do Rio Grande:-22.92023:-43.39856,Mirante do Rio Grande,-22.920230865478516,-43.398563385009766,landmark_and_historical_building,NATURAL,lookout/viewpoint
overture:Mirante do Roncador:-23.03787:-43.49949,Mirante do Roncador,-23.037874221801758,-43.499488830566406,landmark_and_historical_building,NATURAL,lookout/viewpoint
overture:Mirante do Valongo:-22.89891:-43.18705,Mirante do Valongo,-22.898914337158203,-43.187049865722656,landmark_and_historical_building,CULTURAL,overlook tied to Valongo Wharf UNESCO heritage site
overture:Moinho Fluminense:-22.89627:-43.19144,Moinho Fluminense,-22.896270751953125,-43.191436767578125,landmark_and_historical_building,CULTURAL,historic flour mill industrial heritage landmark
overture:Monte Horebe em Mesquita RJ:-22.84855:-43.32082,Monte Horebe em Mesquita RJ,-22.848548889160156,-43.320823669433594,landmark_and_historical_building,NOISE,"modern church, no documented heritage"
overture:Monumental Okara:-22.88693:-43.11248,Monumental Okara,-22.886926651000977,-43.112483978271484,landmark_and_historical_building,NOISE,residential building
overture:Mood Lapa:-22.91409:-43.18892,Mood Lapa,-22.91408920288086,-43.18891906738281,landmark_and_historical_building,NOISE,private bar/club business
overture:Morada Delas:-22.97532:-43.32681,Morada Delas,-22.975324630737305,-43.326805114746094,landmark_and_historical_building,NOISE,residential building
overture:Morada do Sol - Bloco D:-22.95650:-43.17863,Morada do Sol - Bloco D,-22.956501007080078,-43.17863464355469,landmark_and_historical_building,NOISE,residential building block
overture:Morada dos Colibris - JPA:-22.92698:-43.38815,Morada dos Colibris - JPA,-22.926977157592773,-43.388145446777344,landmark_and_historical_building,NOISE,residential development
overture:Moradas Do Itanhangá Condominium:-22.97564:-43.32765,Moradas Do Itanhangá Condominium,-22.97563934326172,-43.3276481628418,landmark_and_historical_building,NOISE,residential condo
overture:Moradas Santa Clara:-22.75131:-43.42268,Moradas Santa Clara,-22.75130844116211,-43.42268371582031,landmark_and_historical_building,NOISE,residential development
overture:Moradas do Itanhangá:-22.97699:-43.32949,Moradas do Itanhangá,-22.97698974609375,-43.32949447631836,landmark_and_historical_building,NOISE,residential development
"overture:Morro Boa Vista (berg i Brasilien, Rio de Janeiro, Rio de Janeiro):-22.96413:-43.26356","Morro Boa Vista (berg i Brasilien, Rio de Janeiro, Rio de Janeiro)",-22.964130401611328,-43.2635612487793,landmark_and_historical_building,NATURAL,hill/mountain
overture:Morro Cara de Cão:-22.94028:-43.15363,Morro Cara de Cão,-22.940275192260742,-43.15362548828125,landmark_and_historical_building,NATURAL,rock hill formation
overture:Morro Do Embaixador:-22.77518:-43.33804,Morro Do Embaixador,-22.775184631347656,-43.338035583496094,landmark_and_historical_building,NATURAL,hill (morro)
overture:Morro Do Familia:-22.90691:-43.30569,Morro Do Familia,-22.906911849975586,-43.30569076538086,landmark_and_historical_building,NATURAL,hill (morro)
overture:Morro Do Joá - Rio De Janeiro:-22.96138:-43.20719,Morro Do Joá - Rio De Janeiro,-22.961380004882812,-43.207191467285156,landmark_and_historical_building,NATURAL,hill (morro)
overture:Morro Pau da Bandeira:-22.91416:-43.25778,Morro Pau da Bandeira,-22.914161682128906,-43.257781982421875,landmark_and_historical_building,NATURAL,hill (morro)
overture:Morro Santo Amaro:-22.92361:-43.18056,Morro Santo Amaro,-22.92361068725586,-43.180564880371094,landmark_and_historical_building,NATURAL,hill (morro)
overture:Morro da Bica:-22.88889:-43.33944,Morro da Bica,-22.888885498046875,-43.33944320678711,landmark_and_historical_building,NATURAL,hill (morro)
"overture:Morro da Bica (kulle i Brasilien, lat -22,81, long -43,19):-22.81439:-43.19375","Morro da Bica (kulle i Brasilien, lat -22,81, long -43,19)",-22.814388275146484,-43.19375228881836,landmark_and_historical_building,NATURAL,hill (morro)
overture:Morro da Boa Vista São Lourenço Niterói:-22.88695:-43.11089,Morro da Boa Vista São Lourenço Niterói,-22.886947631835938,-43.11088943481445,landmark_and_historical_building,NATURAL,hill (morro)
overture:Morro da Cachoeirinha:-22.91972:-43.27778,Morro da Cachoeirinha,-22.919723510742188,-43.27777862548828,landmark_and_historical_building,NATURAL,hill (morro)
overture:Morro da Caixa D'Água (berg):-22.90260:-43.39376,Morro da Caixa D'Água (berg),-22.902603149414062,-43.39375686645508,landmark_and_historical_building,NATURAL,hill (morro/berg)
overture:Morro da Conceicao:-22.88028:-43.67758,Morro da Conceicao,-22.88028335571289,-43.677581787109375,landmark_and_historical_building,NATURAL,hill (morro)
"overture:Morro da Conceição (kulle i Brasilien, lat -22,82, long -43,35):-22.81581:-43.35355","Morro da Conceição (kulle i Brasilien, lat -22,82, long -43,35)",-22.815813064575195,-43.353546142578125,landmark_and_historical_building,NATURAL,hill (morro)
overture:Morro da Eno:-22.82360:-43.31138,Morro da Eno,-22.823598861694336,-43.311378479003906,landmark_and_historical_building,NATURAL,hill (morro)
"overture:Morro da Formiga (kulle i Brasilien, Rio de Janeiro, Rio de Janeiro, lat -22,86, long -43,52):-22.85685:-43.52489","Morro da Formiga (kulle i Brasilien, Rio de Janeiro, Rio de Janeiro, lat -22,86, long -43,52)",-22.856853485107422,-43.52488708496094,landmark_and_historical_building,NATURAL,hill (morro)
overture:Morro da Mangueira:-22.90389:-43.23695,Morro da Mangueira,-22.903892517089844,-43.23694610595703,landmark_and_historical_building,NATURAL,hill (morro)
overture:Morro da Quinta do Caju:-22.87437:-43.21205,Morro da Quinta do Caju,-22.874366760253906,-43.2120475769043,landmark_and_historical_building,NATURAL,hill (morro)
"overture:Morro da Tapera (kulle i Brasilien, Rio de Janeiro):-22.81223:-43.17902","Morro da Tapera (kulle i Brasilien, Rio de Janeiro)",-22.812232971191406,-43.17902374267578,landmark_and_historical_building,NATURAL,hill (morro)
overture:Morro da Urca:-22.95089:-43.16377,Morro da Urca,-22.950889587402344,-43.16376876831055,landmark_and_historical_building,NATURAL,hill (morro)
"overture:Morro das Araras (kulle i Brasilien, Rio de Janeiro):-22.78684:-43.17730","Morro das Araras (kulle i Brasilien, Rio de Janeiro)",-22.786840438842773,-43.177303314208984,landmark_and_historical_building,NATURAL,hill (morro)
overture:Morro de São Lourenço:-22.88747:-43.11008,Morro de São Lourenço,-22.887466430664062,-43.11008071899414,landmark_and_historical_building,NATURAL,hill (morro)
overture:Morro do Alemão:-22.86056:-43.27361,Morro do Alemão,-22.86055564880371,-43.27361297607422,landmark_and_historical_building,NATURAL,hill (morro)
overture:Morro do Castelo:-22.75250:-43.10334,Morro do Castelo,-22.75250244140625,-43.103336334228516,landmark_and_historical_building,NATURAL,hill/landform (morro)
overture:Morro do Inglês:-22.94223:-43.20334,Morro do Inglês,-22.942228317260742,-43.203338623046875,landmark_and_historical_building,NATURAL,hill (morro)
overture:Morro do Outeiro:-22.96949:-43.40370,Morro do Outeiro,-22.96949005126953,-43.40370178222656,landmark_and_historical_building,NATURAL,hill (morro)
overture:Morro do Pica Pau:-22.98366:-43.31216,Morro do Pica Pau,-22.98366355895996,-43.31216049194336,landmark_and_historical_building,NATURAL,hill (morro)
overture:Morro do Pico:-22.93130:-43.12339,Morro do Pico,-22.931299209594727,-43.123390197753906,landmark_and_historical_building,NATURAL,hill (morro)
overture:Morro do Pontal de Sernambetiba:-23.03417:-43.47010,Morro do Pontal de Sernambetiba,-23.034170150756836,-43.470096588134766,landmark_and_historical_building,NATURAL,hill (morro)
overture:Morro do Vintém:-22.89834:-43.26640,Morro do Vintém,-22.898338317871094,-43.266395568847656,landmark_and_historical_building,NATURAL,hill (morro)
overture:Morro dos Caboclos:-22.95167:-43.51751,Morro dos Caboclos,-22.951669692993164,-43.51750946044922,landmark_and_historical_building,NATURAL,hill (morro)
"overture:Morro dos Macacos (kulle i Brasilien, Rio de Janeiro, Rio de Janeiro, lat -22,89, long -43,43):-22.89316:-43.42504","Morro dos Macacos (kulle i Brasilien, Rio de Janeiro, Rio de Janeiro, lat -22,89, long -43,43)",-22.893163681030273,-43.42504119873047,landmark_and_historical_building,NATURAL,hill (morro)
overture:Moto Táxi Village:-22.81504:-43.38102,Moto Táxi Village,-22.81503677368164,-43.38102340698242,landmark_and_historical_building,NOISE,private moto-taxi business
overture:Mudrá Full Living:-22.99906:-43.40622,Mudrá Full Living,-22.999061584472656,-43.40622329711914,landmark_and_historical_building,NOISE,residential development name
overture:Murals in the Lapa district:-22.91511:-43.17903,Murals in the Lapa district,-22.915111541748047,-43.17902755737305,landmark_and_historical_building,CULTURAL,notable street art/murals
overture:Murdock House:-22.89293:-43.56692,Murdock House,-22.892929077148438,-43.566917419433594,landmark_and_historical_building,NOISE,"generic house name, no historic referent"
overture:Murinho da Urca:-22.93523:-43.17519,Murinho da Urca,-22.93523406982422,-43.175193786621094,landmark_and_historical_building,NATURAL,informal waterfront lookout wall
overture:Musal:-22.88112:-43.38741,Musal,-22.881122589111328,-43.387413024902344,landmark_and_historical_building,NOISE,"ambiguous single word, no clear referent"
overture:Muzema:-22.99012:-43.32046,Muzema,-22.990123748779297,-43.32046127319336,landmark_and_historical_building,NOISE,generic neighborhood/locality name
overture:Márcio Alto Aratanha:-22.91245:-43.56863,Márcio Alto Aratanha,-22.91245460510254,-43.56863021850586,landmark_and_historical_building,NOISE,ambiguous personal-sounding name
overture:Mário Carpenter:-22.88460:-43.29246,Mário Carpenter,-22.884601593017578,-43.29246139526367,landmark_and_historical_building,NOISE,ambiguous personal name
overture:Méier:-22.90698:-43.29196,Méier,-22.906984329223633,-43.291961669921875,landmark_and_historical_building,NOISE,generic neighborhood name
overture:Mérito Jacarepaguá:-22.95799:-43.34238,Mérito Jacarepaguá,-22.957992553710938,-43.342376708984375,landmark_and_historical_building,NOISE,residential development name
overture:NOVO CCHCS:-22.83728:-43.32843,NOVO CCHCS,-22.8372802734375,-43.328426361083984,landmark_and_historical_building,NOISE,"institutional acronym, unclear referent"
overture:Nascimento Silva:-22.98180:-43.20896,Nascimento Silva,-22.98179817199707,-43.20895767211914,landmark_and_historical_building,NOISE,"street/personal name, no clear referent"
overture:Nau da Barra:-22.99765:-43.37819,Nau da Barra,-22.99764633178711,-43.37818908691406,landmark_and_historical_building,NOISE,business/development name
overture:Nau dos Descobrimentos:-22.90502:-43.16987,Nau dos Descobrimentos,-22.905017852783203,-43.16987228393555,landmark_and_historical_building,CULTURAL,monument (Discovery ship memorial)
overture:Ninho dos Accioly:-22.93819:-43.34105,Ninho dos Accioly,-22.938188552856445,-43.34104537963867,landmark_and_historical_building,NOISE,personal home nickname
overture:Niteroi:-22.90374:-43.10846,Niteroi,-22.903738021850586,-43.10845947265625,landmark_and_historical_building,NOISE,"city name, not a POI"
overture:Niterói:-22.90749:-43.17650,Niterói,-22.907489776611328,-43.17649841308594,landmark_and_historical_building,NOISE,"city name, not a POI"
overture:Niterói Working Center:-22.89399:-43.11955,Niterói Working Center,-22.89398956298828,-43.11954879760742,landmark_and_historical_building,NOISE,private business/office center
overture:No Morro da Caixa d' Água:-22.91389:-43.35693,No Morro da Caixa d' Água,-22.913894653320312,-43.35692596435547,landmark_and_historical_building,NATURAL,hill (morro) reference
overture:No Quintal do Gica:-22.82630:-43.39866,No Quintal do Gica,-22.8262996673584,-43.39866256713867,landmark_and_historical_building,NOISE,personal backyard nickname
overture:Nobrega UM:-22.90129:-43.10555,Nobrega UM,-22.901287078857422,-43.10554885864258,landmark_and_historical_building,NOISE,"ambiguous name, no clear referent"
overture:Norte Dreams:-22.89076:-43.26960,Norte Dreams,-22.890756607055664,-43.26959991455078,landmark_and_historical_building,NOISE,residential development name
overture:Norte Premium:-22.88908:-43.28715,Norte Premium,-22.88907814025879,-43.28715133666992,landmark_and_historical_building,NOISE,residential development name
overture:Nova CCPL:-22.89126:-43.24746,Nova CCPL,-22.891263961791992,-43.247459411621094,landmark_and_historical_building,NOISE,"institutional acronym, unclear referent"
overture:Novo Horizonte:-22.95630:-43.33354,Novo Horizonte,-22.956300735473633,-43.33353805541992,landmark_and_historical_building,NOISE,generic community/locality name
overture:O`Sullivan House:-22.87353:-43.41301,O`Sullivan House,-22.87352752685547,-43.41301345825195,landmark_and_historical_building,NOISE,"generic house name, no historic referent"
overture:Obelisco da Avenida Rio Branco:-22.91271:-43.17479,Obelisco da Avenida Rio Branco,-22.9127140045166,-43.1747932434082,landmark_and_historical_building,CULTURAL,public monument (obelisk)
overture:Ocean Breeze:-23.01752:-43.48178,Ocean Breeze,-23.017518997192383,-43.48177719116211,landmark_and_historical_building,NOISE,residential development name
overture:Ocean Star:-23.01006:-43.35205,Ocean Star,-23.010059356689453,-43.352054595947266,landmark_and_historical_building,NOISE,residential/business name
overture:Oceana Golf - Absolute Design:-23.00058:-43.40428,Oceana Golf - Absolute Design,-23.000577926635742,-43.40427780151367,landmark_and_historical_building,NOISE,private golf/design business
overture:Oceana Golf Barra da Tijuca:-23.00125:-43.40755,Oceana Golf Barra da Tijuca,-23.001249313354492,-43.40754699707031,landmark_and_historical_building,NOISE,private golf course
overture:Oceana Waterfront:-23.02651:-43.46272,Oceana Waterfront,-23.026506423950195,-43.46271896362305,landmark_and_historical_building,NOISE,residential development name
overture:Oceanside Recreio - Emccamp:-23.01872:-43.48559,Oceanside Recreio - Emccamp,-23.01871681213379,-43.485591888427734,landmark_and_historical_building,NOISE,residential development name
overture:On Botafogo Voluntarios da Patria Cyrela:-22.95150:-43.18542,On Botafogo Voluntarios da Patria Cyrela,-22.95149803161621,-43.18541717529297,landmark_and_historical_building,NOISE,residential development (Cyrela)
overture:On The Sea Arpoador:-22.98727:-43.19058,On The Sea Arpoador,-22.98727035522461,-43.190582275390625,landmark_and_historical_building,NOISE,residential/business name
overture:Only by Living:-22.88636:-43.28004,Only by Living,-22.88636016845703,-43.28003692626953,landmark_and_historical_building,NOISE,business/development name
overture:Opera di Milano Residenza:-22.90298:-43.10452,Opera di Milano Residenza,-22.902982711791992,-43.104515075683594,landmark_and_historical_building,NOISE,residential development name
overture:Orange Village Condo:-22.87266:-43.53069,Orange Village Condo,-22.872657775878906,-43.53068542480469,landmark_and_historical_building,NOISE,condominium
overture:Oreo Clapp:-22.88041:-43.30785,Oreo Clapp,-22.880409240722656,-43.30785369873047,landmark_and_historical_building,NOISE,ambiguous business name
overture:Oriente-se:-22.90866:-43.23434,Oriente-se,-22.908655166625977,-43.23434066772461,landmark_and_historical_building,NOISE,ambiguous business/school name
overture:Osvaldo Cruz (bairro do Rio de Janeiro):-22.87056:-43.35001,Osvaldo Cruz (bairro do Rio de Janeiro),-22.870555877685547,-43.350006103515625,landmark_and_historical_building,NOISE,explicitly a neighborhood (bairro)
overture:PEDRA De Guaratba:-22.99120:-43.62716,PEDRA De Guaratba,-22.99120330810547,-43.62716293334961,landmark_and_historical_building,NATURAL,rock formation (pedra)
overture:PNR1 ESAO:-22.86172:-43.39312,PNR1 ESAO,-22.861722946166992,-43.39311981201172,landmark_and_historical_building,NOISE,"institutional/military acronym, unclear public cultural access"
overture:Paciência:-22.87602:-43.62933,Paciência,-22.876020431518555,-43.62932586669922,landmark_and_historical_building,NOISE,generic neighborhood name
overture:Padre miguel:-22.86308:-43.45351,Padre miguel,-22.86308479309082,-43.453514099121094,landmark_and_historical_building,NOISE,generic neighborhood name
overture:Painel Etnias:-22.89513:-43.18488,Painel Etnias,-22.895132064819336,-43.184879302978516,landmark_and_historical_building,CULTURAL,famous Kobra mural (street art)
overture:Pala'cio - Parque Lage:-22.96018:-43.21217,Pala'cio - Parque Lage,-22.96018409729004,-43.21217346191406,landmark_and_historical_building,CULTURAL,historic Parque Lage mansion
overture:Palace II:-23.00616:-43.32227,Palace II,-23.00615882873535,-43.322265625,landmark_and_historical_building,NOISE,generic residential building name
overture:Palacete Laguna:-22.91157:-43.22294,Palacete Laguna,-22.91157341003418,-43.222938537597656,landmark_and_historical_building,NOISE,generic residential building name
overture:Palacete Princesa Isabel:-22.92320:-43.69316,Palacete Princesa Isabel,-22.92320442199707,-43.69315719604492,landmark_and_historical_building,NOISE,"likely marketing name for development, not documented heritage mansion"
overture:Palacio da Ilha Fiscal:-22.81294:-43.40663,Palacio da Ilha Fiscal,-22.812936782836914,-43.4066276550293,landmark_and_historical_building,CULTURAL,historic imperial palace
overture:Palacio de Buckingham:-22.98465:-43.20006,Palacio de Buckingham,-22.98465347290039,-43.2000617980957,landmark_and_historical_building,NOISE,"joke/nickname, not a real palace"
overture:Palacio de Edimburgo:-22.93369:-43.20023,Palacio de Edimburgo,-22.93369483947754,-43.200225830078125,landmark_and_historical_building,NOISE,"joke/nickname, not a real palace"
overture:Palazzo Botafogo:-22.95681:-43.18441,Palazzo Botafogo,-22.956811904907227,-43.184410095214844,landmark_and_historical_building,NOISE,luxury apartment building name
overture:Palazzo Di Shangri La:-22.95410:-43.18138,Palazzo Di Shangri La,-22.954099655151367,-43.18137741088867,landmark_and_historical_building,NOISE,luxury apartment building name
overture:Palhaçada Real:-23.02402:-43.49128,Palhaçada Real,-23.024023056030273,-43.491275787353516,landmark_and_historical_building,NOISE,"odd/joke name, no clear referent"
"overture:Palmas, Ilha Grande:-22.97177:-43.19020","Palmas, Ilha Grande",-22.971773147583008,-43.1901969909668,landmark_and_historical_building,NOISE,"ambiguous, mismatched to real Ilha Grande location"
overture:Palmeira Imperial:-22.96955:-43.22469,Palmeira Imperial,-22.96954917907715,-43.22468566894531,landmark_and_historical_building,CULTURAL,"heritage imperial palm, Jardim Botânico"
overture:Palmeiras da Penha:-22.83789:-43.27642,Palmeiras da Penha,-22.837886810302734,-43.276424407958984,landmark_and_historical_building,NOISE,ambiguous street/locality name
overture:Palácio Arariboia:-22.89449:-43.12125,Palácio Arariboia,-22.894485473632812,-43.121253967285156,landmark_and_historical_building,CULTURAL,"historic palace, seat of Niterói government"
overture:Palácio De La Potrinyh - Malvinas:-22.86029:-43.48187,Palácio De La Potrinyh - Malvinas,-22.860286712646484,-43.481868743896484,landmark_and_historical_building,NOISE,"odd nickname, no documented heritage"
overture:Palácio Pedro Ernesto:-22.90985:-43.17664,Palácio Pedro Ernesto,-22.909854888916016,-43.17664337158203,landmark_and_historical_building,CULTURAL,"historic palace, Rio city council seat"
overture:Palácio Vigia:-22.90127:-43.17642,Palácio Vigia,-22.90126609802246,-43.17641830444336,landmark_and_historical_building,NOISE,no documented real palace referent
overture:Palácio de são cristóvão:-22.90583:-43.22445,Palácio de são cristóvão,-22.905834197998047,-43.22444534301758,landmark_and_historical_building,CULTURAL,historic imperial palace (National Museum)
overture:Pan De Azucar:-22.95456:-43.16706,Pan De Azucar,-22.95456314086914,-43.16706085205078,landmark_and_historical_building,NATURAL,Sugarloaf Mountain
overture:Paradigma:-22.89704:-43.12176,Paradigma,-22.89703941345215,-43.121761322021484,landmark_and_historical_building,NOISE,"ambiguous single word, no clear referent"
overture:Parcão Tijuca:-22.93152:-43.24376,Parcão Tijuca,-22.931522369384766,-43.24375534057617,landmark_and_historical_building,NOISE,generic neighborhood leisure park
overture:Park Rossette:-22.91395:-43.60574,Park Rossette,-22.913951873779297,-43.605735778808594,landmark_and_historical_building,NOISE,residential development name
overture:Park View Barra Bonita:-23.02324:-43.48694,Park View Barra Bonita,-23.023237228393555,-43.486942291259766,landmark_and_historical_building,NOISE,residential development name
overture:Park condominium Onix:-22.90708:-43.67154,Park condominium Onix,-22.907081604003906,-43.67153549194336,landmark_and_historical_building,NOISE,condominium
overture:Park condominium Reality:-22.88015:-43.55083,Park condominium Reality,-22.880151748657227,-43.55083084106445,landmark_and_historical_building,NOISE,condominium
overture:Parque Anchieta:-22.83030:-43.41767,Parque Anchieta,-22.83029556274414,-43.41767120361328,landmark_and_historical_building,NOISE,generic municipal leisure park
overture:Parque Bondinho:-22.95553:-43.16701,Parque Bondinho,-22.955530166625977,-43.16700744628906,landmark_and_historical_building,NOISE,"generic park name, no documented heritage"
overture:Parque Coqueiros:-22.97472:-43.49840,Parque Coqueiros,-22.97472381591797,-43.4984016418457,landmark_and_historical_building,NOISE,generic neighborhood park
overture:Parque Natural Municipal do Gericinó:-22.81271:-43.41616,Parque Natural Municipal do Gericinó,-22.812705993652344,-43.41615676879883,landmark_and_historical_building,NATURAL,municipal nature reserve
overture:Parque Roma:-22.91414:-43.55687,Parque Roma,-22.914140701293945,-43.5568733215332,landmark_and_historical_building,NOISE,generic neighborhood park
overture:Parque São Pedro:-22.86471:-43.46309,Parque São Pedro,-22.864713668823242,-43.46309280395508,landmark_and_historical_building,NOISE,generic neighborhood park
overture:Parque das Ruínas:-22.91780:-43.18232,Parque das Ruínas,-22.917797088623047,-43.182315826416016,landmark_and_historical_building,CULTURAL,"historic ruins park, Santa Teresa"
overture:Parque dos Sonhos:-22.76287:-43.48895,Parque dos Sonhos,-22.76287078857422,-43.48894500732422,landmark_and_historical_building,NOISE,generic park name
overture:Passarela Do 314:-22.99766:-43.23947,Passarela Do 314,-22.997663497924805,-43.239471435546875,landmark_and_historical_building,NOISE,pedestrian overpass infrastructure
overture:Passarela GAGa:-22.96792:-43.17902,Passarela GAGa,-22.967920303344727,-43.179019927978516,landmark_and_historical_building,NOISE,ambiguous footbridge/infrastructure name
overture:Patrimovel Jardins do Valqueire:-22.88227:-43.35810,Patrimovel Jardins do Valqueire,-22.882265090942383,-43.358097076416016,landmark_and_historical_building,NOISE,real estate company
overture:Patrimovel Scena Laguna:-22.98374:-43.38143,Patrimovel Scena Laguna,-22.98373794555664,-43.38142776489258,landmark_and_historical_building,NOISE,real estate company
overture:Pau Grande:-22.83569:-43.28513,Pau Grande,-22.835691452026367,-43.285125732421875,landmark_and_historical_building,NOISE,generic locality name
overture:Pau-brasil:-22.96973:-43.22517,Pau-brasil,-22.9697265625,-43.22516632080078,landmark_and_historical_building,CULTURAL,"named heritage tree specimen, Jardim Botânico"
overture:Paulo Prado 63:-22.87878:-43.35378,Paulo Prado 63,-22.87877655029297,-43.353782653808594,landmark_and_historical_building,NOISE,bare street address
overture:Pavuna:-22.81923:-43.35868,Pavuna,-22.819225311279297,-43.358680725097656,landmark_and_historical_building,NOISE,generic neighborhood name
"overture:Pavuna, Rio de Janeiro:-22.81521:-43.37282","Pavuna, Rio de Janeiro",-22.815214157104492,-43.37281799316406,landmark_and_historical_building,NOISE,generic neighborhood name
overture:Paço Real:-22.90393:-43.22131,Paço Real,-22.903932571411133,-43.22130584716797,landmark_and_historical_building,CULTURAL,historic imperial palace name (São Cristóvão)
overture:Paço de São Cristóvão:-22.90572:-43.22689,Paço de São Cristóvão,-22.905723571777344,-43.22689437866211,landmark_and_historical_building,CULTURAL,historic imperial palace
overture:Peach Bali:-23.00909:-43.43728,Peach Bali,-23.009090423583984,-43.43728256225586,landmark_and_historical_building,NOISE,private restaurant/business
overture:Pedra Aguda:-22.98463:-43.27684,Pedra Aguda,-22.984630584716797,-43.27684020996094,landmark_and_historical_building,NATURAL,rock formation (pedra)
overture:Pedra Do Telégrafo:-23.03350:-43.56240,Pedra Do Telégrafo,-23.03350067138672,-43.56239700317383,landmark_and_historical_building,NATURAL,rock formation (pedra)
overture:Pedra Dois Irmãos:-22.99000:-43.23973,Pedra Dois Irmãos,-22.99000358581543,-43.23972702026367,landmark_and_historical_building,NATURAL,rock formation (pedra)
overture:Pedra Negra:-22.95888:-43.41417,Pedra Negra,-22.958881378173828,-43.41416549682617,landmark_and_historical_building,NATURAL,rock formation (pedra)
overture:Pedra da Babilônia:-22.91917:-43.22806,Pedra da Babilônia,-22.919166564941406,-43.228057861328125,landmark_and_historical_building,NATURAL,rock formation (pedra)
overture:Pedra da Gávea - Rio de Janeiro:-22.90638:-43.60931,Pedra da Gávea - Rio de Janeiro,-22.90637969970703,-43.60930633544922,landmark_and_historical_building,NATURAL,rock mountain (pedra)
overture:Pedra da Macumba:-23.03202:-43.48052,Pedra da Macumba,-23.032020568847656,-43.48051834106445,landmark_and_historical_building,NATURAL,rock formation (pedra)
overture:Pedra da Onça:-22.78923:-43.16149,Pedra da Onça,-22.78923225402832,-43.16149139404297,landmark_and_historical_building,NATURAL,rock formation (pedra)
overture:Pedra da Proa:-22.96410:-43.25652,Pedra da Proa,-22.964099884033203,-43.25651931762695,landmark_and_historical_building,NATURAL,rock formation (pedra)
overture:Pedra da Tartaruga:-23.07331:-43.55126,Pedra da Tartaruga,-23.073312759399414,-43.5512580871582,landmark_and_historical_building,NATURAL,rock formation (pedra)
overture:Pedra de Itapuca:-22.90514:-43.12016,Pedra de Itapuca,-22.90513801574707,-43.120155334472656,landmark_and_historical_building,NATURAL,rock formation (pedra)
overture:Pedra de Itapuã:-23.03223:-43.48084,Pedra de Itapuã,-23.032230377197266,-43.48084259033203,landmark_and_historical_building,NATURAL,rock formation (pedra)
overture:Pedra de São Francisco:-22.94250:-43.31861,Pedra de São Francisco,-22.942502975463867,-43.3186149597168,landmark_and_historical_building,NATURAL,rock formation (pedra)
overture:Pedra do Índio:-22.90503:-43.11832,Pedra do Índio,-22.905027389526367,-43.118324279785156,landmark_and_historical_building,NATURAL,rock formation (pedra)
overture:Pena Turquesa:-22.95144:-43.19173,Pena Turquesa,-22.95144271850586,-43.19172668457031,landmark_and_historical_building,NOISE,"ambiguous name, no clear referent"
overture:Penhasco 2 irmãos:-22.98867:-43.23173,Penhasco 2 irmãos,-22.98866844177246,-43.231727600097656,landmark_and_historical_building,NATURAL,cliff (penhasco)
overture:Peninsula:-22.98884:-43.35320,Peninsula,-22.988842010498047,-43.35319900512695,landmark_and_historical_building,NOISE,residential development name
overture:Península - Barra Da Tijuca:-22.87167:-43.24187,Península - Barra Da Tijuca,-22.87166976928711,-43.24186706542969,landmark_and_historical_building,NOISE,residential development name
overture:Península - Barra da Tijuca:-22.98900:-43.35491,Península - Barra da Tijuca,-22.988998413085938,-43.35490798950195,landmark_and_historical_building,NOISE,residential development name
overture:Península Condominium Bernini:-22.99309:-43.35109,Península Condominium Bernini,-22.99308967590332,-43.35109329223633,landmark_and_historical_building,NOISE,condominium
overture:Península Office:-22.98707:-43.35853,Península Office,-22.9870662689209,-43.3585319519043,landmark_and_historical_building,NOISE,private office building
overture:Península Style:-22.99067:-43.35089,Península Style,-22.99066734313965,-43.35089111328125,landmark_and_historical_building,NOISE,residential/business name
overture:Pereira pinto:-22.86435:-43.29929,Pereira pinto,-22.86435317993164,-43.299285888671875,landmark_and_historical_building,NOISE,street/personal name
overture:Perrottão:-22.90023:-43.56181,Perrottão,-22.900230407714844,-43.56180953979492,landmark_and_historical_building,NOISE,"ambiguous name, no clear referent"
overture:Personnalise:-22.97065:-43.39457,Personnalise,-22.970653533935547,-43.394569396972656,landmark_and_historical_building,NOISE,private business name
overture:Personnalité Luxury Apartments:-22.93410:-43.33406,Personnalité Luxury Apartments,-22.934101104736328,-43.33406448364258,landmark_and_historical_building,NOISE,residential development
overture:Piazza Del Sole:-22.96453:-43.21932,Piazza Del Sole,-22.96452522277832,-43.21931838989258,landmark_and_historical_building,NOISE,residential/building development name
overture:Pico da Pedra Branca:-22.93200:-43.47307,Pico da Pedra Branca,-22.9320011138916,-43.47306823730469,landmark_and_historical_building,NATURAL,mountain peak
overture:Piedade:-22.88609:-43.30586,Piedade,-22.88608741760254,-43.30585861206055,landmark_and_historical_building,NOISE,generic neighborhood name
overture:Pier Residências:-23.00996:-43.29975,Pier Residências,-23.009963989257812,-43.299747467041016,landmark_and_historical_building,NOISE,residential development
overture:Pier da barra:-23.01310:-43.29637,Pier da barra,-23.013099670410156,-43.29637145996094,landmark_and_historical_building,NOISE,generic pier infrastructure
overture:Pilares:-22.88417:-43.29173,Pilares,-22.884166717529297,-43.291725158691406,landmark_and_historical_building,NOISE,generic neighborhood name
overture:Planalto - Anchieta Rj:-22.82506:-43.40020,Planalto - Anchieta Rj,-22.825063705444336,-43.400203704833984,landmark_and_historical_building,NOISE,generic locality name
overture:Planet Icarai:-22.90229:-43.10897,Planet Icarai,-22.90229034423828,-43.10896682739258,landmark_and_historical_building,NOISE,private business name
overture:Point do Encontro:-22.91429:-43.29857,Point do Encontro,-22.914287567138672,-43.2985725402832,landmark_and_historical_building,NOISE,"generic ""meeting point"" name"
overture:Polo Novo Rio Antigo:-22.90826:-43.18393,Polo Novo Rio Antigo,-22.90826416015625,-43.18393325805664,landmark_and_historical_building,CULTURAL,historic downtown cultural district
overture:Pombal:-22.77982:-43.38466,Pombal,-22.77981948852539,-43.38465881347656,landmark_and_historical_building,NOISE,"ambiguous single word, no clear referent"
overture:Pombal - Niterói:-22.87412:-43.10709,Pombal - Niterói,-22.874120712280273,-43.10708999633789,landmark_and_historical_building,NOISE,generic locality name
overture:Pombal Da Prata:-22.76303:-43.41161,Pombal Da Prata,-22.76302719116211,-43.41161346435547,landmark_and_historical_building,NOISE,generic locality name
overture:Pombal De Marechal Hermes:-22.86439:-43.36879,Pombal De Marechal Hermes,-22.864389419555664,-43.36879348754883,landmark_and_historical_building,NOISE,generic locality name
overture:Pombal De Santa Eugênia:-22.75081:-43.45712,Pombal De Santa Eugênia,-22.750810623168945,-43.457115173339844,landmark_and_historical_building,NOISE,generic locality name
overture:Pombal Vila Isabel:-22.91016:-43.24479,Pombal Vila Isabel,-22.910160064697266,-43.24478530883789,landmark_and_historical_building,NOISE,generic locality name
overture:Pombal do ibc:-22.75030:-43.44413,Pombal do ibc,-22.750301361083984,-43.444129943847656,landmark_and_historical_building,NOISE,generic locality/institution name
overture:Ponta Zé Mundongo:-22.95000:-43.11668,Ponta Zé Mundongo,-22.950000762939453,-43.116676330566406,landmark_and_historical_building,NATURAL,headland (ponta)
overture:Ponta da Joatinga:-23.01648:-43.29596,Ponta da Joatinga,-23.016475677490234,-43.29595947265625,landmark_and_historical_building,NATURAL,headland (ponta)
overture:Ponta da Mãe Maria:-22.81667:-43.26667,Ponta da Mãe Maria,-22.816673278808594,-43.26667022705078,landmark_and_historical_building,NATURAL,headland (ponta)
overture:Ponta da Restinga (udde i Brasilien):-22.80000:-43.23333,Ponta da Restinga (udde i Brasilien),-22.800003051757812,-43.233333587646484,landmark_and_historical_building,NATURAL,headland (ponta)
overture:Ponta de Irajá:-22.81667:-43.28334,Ponta de Irajá,-22.816673278808594,-43.2833366394043,landmark_and_historical_building,NATURAL,headland (ponta)
overture:Ponta de Santa Cruz:-22.93779:-43.13525,Ponta de Santa Cruz,-22.93779182434082,-43.13524627685547,landmark_and_historical_building,NATURAL,headland (ponta)
overture:Ponta de Tubiacanga:-22.78439:-43.22998,Ponta de Tubiacanga,-22.784393310546875,-43.22998046875,landmark_and_historical_building,NATURAL,headland (ponta)
overture:Ponta do Catalão:-22.84859:-43.22184,Ponta do Catalão,-22.848590850830078,-43.22183609008789,landmark_and_historical_building,NATURAL,headland (ponta)
overture:Ponta do Tiro:-22.81107:-43.17662,Ponta do Tiro,-22.81106948852539,-43.17662048339844,landmark_and_historical_building,NATURAL,headland (ponta)
overture:Portal da Antiga Academia de Belas Artes:-22.96601:-43.22652,Portal da Antiga Academia de Belas Artes,-22.966007232666016,-43.22651672363281,landmark_and_historical_building,CULTURAL,historic Fine Arts Academy portal relic
overture:Portao Historico da Fortaleza de Sao Joao:-22.94354:-43.15702,Portao Historico da Fortaleza de Sao Joao,-22.943544387817383,-43.157020568847656,landmark_and_historical_building,CULTURAL,historic fortress gate
overture:Porto Carioca:-22.90052:-43.20774,Porto Carioca,-22.90052032470703,-43.20773696899414,landmark_and_historical_building,NOISE,ambiguous business/place name
overture:Porto Maravilha:-22.89715:-43.20277,Porto Maravilha,-22.897151947021484,-43.2027702331543,landmark_and_historical_building,CULTURAL,revitalized historic port cultural district
overture:Porto Olímpico:-22.85656:-43.38353,Porto Olímpico,-22.856557846069336,-43.3835334777832,landmark_and_historical_building,NOISE,"sports/infrastructure venue, not heritage"
overture:Porto dos Cabritos numero 1000:-23.00229:-43.32521,Porto dos Cabritos numero 1000,-23.00229263305664,-43.3252067565918,landmark_and_historical_building,NOISE,bare street address
overture:Portoalegre:-22.95723:-43.18456,Portoalegre,-22.957225799560547,-43.18456268310547,landmark_and_historical_building,NOISE,ambiguous business/building name
overture:Portofino:-23.00388:-43.34155,Portofino,-23.003881454467773,-43.341548919677734,landmark_and_historical_building,NOISE,private restaurant/business name
overture:Posto 1:-23.01424:-43.29899,Posto 1,-23.014244079589844,-43.29899215698242,landmark_and_historical_building,NOISE,generic beach lifeguard post marker
"overture:Posto 13, Prata, Nova Iguaçu:-22.76030:-43.41536","Posto 13, Prata, Nova Iguaçu",-22.760303497314453,-43.41536331176758,landmark_and_historical_building,NOISE,address/locality
overture:Posto 4 Copacabana:-22.97345:-43.18987,Posto 4 Copacabana,-22.973451614379883,-43.18986892700195,landmark_and_historical_building,NOISE,generic beach lifeguard post marker
overture:Poça do Ville Prime:-22.92104:-43.24787,Poça do Ville Prime,-22.921043395996094,-43.247867584228516,landmark_and_historical_building,NOISE,residential development name
"overture:Praca Da Bandeira, Vila São Luiz, Duque De Caxias Rj:-22.77317:-43.29743","Praca Da Bandeira, Vila São Luiz, Duque De Caxias Rj",-22.77317237854004,-43.29743194580078,landmark_and_historical_building,NOISE,address/locality
overture:Praca Espanha:-22.98361:-43.21342,Praca Espanha,-22.98360824584961,-43.21342468261719,landmark_and_historical_building,NOISE,"generic square, no documented cultural significance"
overture:Praca Luiz La Saigne:-22.92127:-43.23530,Praca Luiz La Saigne,-22.921268463134766,-43.23530197143555,landmark_and_historical_building,NOISE,"generic square, personal name"
overture:Praia Park Sol:-22.98651:-43.46850,Praia Park Sol,-22.986509323120117,-43.46849822998047,landmark_and_historical_building,NOISE,residential development name
overture:Praia da Macumba:-23.03227:-43.48467,Praia da Macumba,-23.03227424621582,-43.48467254638672,landmark_and_historical_building,NATURAL,beach (praia)
overture:Praia do Recreio:-23.01556:-43.41251,Praia do Recreio,-23.015560150146484,-43.412506103515625,landmark_and_historical_building,NATURAL,beach (praia)
overture:Praça Antônio Amado:-22.84611:-43.36438,Praça Antônio Amado,-22.846113204956055,-43.364383697509766,landmark_and_historical_building,NOISE,"generic square, personal name"
overture:Praça Barra Bonita - Recreio:-22.88624:-43.37001,Praça Barra Bonita - Recreio,-22.886240005493164,-43.3700065612793,landmark_and_historical_building,NOISE,"generic neighborhood square, no heritage significance"
overture:Praça Chale:-22.96655:-43.41473,Praça Chale,-22.966550827026367,-43.414730072021484,landmark_and_historical_building,NOISE,"generic local square, no documented heritage"
overture:Praça Compositor Ismael Silva:-22.91309:-43.20256,Praça Compositor Ismael Silva,-22.913087844848633,-43.20256423950195,landmark_and_historical_building,NOISE,generic neighborhood square despite honorific name
"overture:Praça Da Apoteose, Vila São Luiz:-22.77729:-43.29299","Praça Da Apoteose, Vila São Luiz",-22.77728843688965,-43.292991638183594,landmark_and_historical_building,NOISE,"coordinates place it in Duque de Caxias, not the real Sambódromo plaza"
overture:Praça Da Rodo:-22.89695:-43.36942,Praça Da Rodo,-22.89694595336914,-43.36941909790039,landmark_and_historical_building,NOISE,generic local square
overture:Praça Doutor Roberto Em Morro da Mibeira Catumbi:-22.91800:-43.20005,Praça Doutor Roberto Em Morro da Mibeira Catumbi,-22.918001174926758,-43.200050354003906,landmark_and_historical_building,NOISE,generic local square
overture:Praça Jardim Vista Alegre:-22.83109:-43.31381,Praça Jardim Vista Alegre,-22.831085205078125,-43.313812255859375,landmark_and_historical_building,NOISE,generic residential-area square
overture:Praça Marechal Âncora:-23.00314:-43.39334,Praça Marechal Âncora,-23.003143310546875,-43.393341064453125,landmark_and_historical_building,NOISE,"coordinates in Barra/Recreio, not the real Centro landmark plaza"
overture:Praça Olavo Bilac:-22.90348:-43.17994,Praça Olavo Bilac,-22.90347671508789,-43.179935455322266,landmark_and_historical_building,NOISE,"generic square, honorific name only"
"overture:Praça Parada Modelo, Guapimirim:-22.90866:-43.16962","Praça Parada Modelo, Guapimirim",-22.908660888671875,-43.16961669921875,landmark_and_historical_building,NOISE,"generic square, Guapimirim outside city scope"
overture:Praça Quincas Borba:-22.89028:-43.38562,Praça Quincas Borba,-22.890283584594727,-43.3856201171875,landmark_and_historical_building,NOISE,"generic local square, literary name only"
overture:Praça Sans Penã Tijuca:-22.90474:-43.30188,Praça Sans Penã Tijuca,-22.904743194580078,-43.301876068115234,landmark_and_historical_building,NOISE,"coordinates in Jacarepaguá/Barra, not the real Tijuca landmark square"
overture:Praça São Salvador:-22.93660:-43.17743,Praça São Salvador,-22.936595916748047,-43.177433013916016,landmark_and_historical_building,CULTURAL,known bohemian cultural gathering square in Laranjeiras
overture:Praça Vista Chinesa:-22.92698:-43.37603,Praça Vista Chinesa,-22.926984786987305,-43.37602996826172,landmark_and_historical_building,NOISE,"coordinates far from the real Vista Chinesa pavilion, generic square"
overture:Praça da Bandeira:-22.91125:-43.21460,Praça da Bandeira,-22.911245346069336,-43.214595794677734,landmark_and_historical_building,NOISE,"now functions as a traffic interchange, no distinct cultural site"
overture:Praça da Boa Vista Santa Cruz:-22.92183:-43.69109,Praça da Boa Vista Santa Cruz,-22.921825408935547,-43.69108963012695,landmark_and_historical_building,NOISE,generic local square
overture:Praça da Telemar:-22.78289:-43.42777,Praça da Telemar,-22.782894134521484,-43.42776870727539,landmark_and_historical_building,NOISE,generic square named after telecom company
overture:Praça da Vila Sāo Luiz:-22.77440:-43.29626,Praça da Vila Sāo Luiz,-22.774404525756836,-43.2962646484375,landmark_and_historical_building,NOISE,generic local square
overture:Praça do Bnh:-22.91215:-43.54157,Praça do Bnh,-22.912151336669922,-43.541568756103516,landmark_and_historical_building,NOISE,generic square named after housing bank
overture:Praça do Brizolinha:-22.94445:-43.38548,Praça do Brizolinha,-22.94445037841797,-43.38547897338867,landmark_and_historical_building,NOISE,generic local square
overture:Praça do Country:-22.82648:-43.28630,Praça do Country,-22.82648277282715,-43.28629684448242,landmark_and_historical_building,NOISE,generic square near residential club
overture:Praça do Coutry - Brás de Pina:-22.82366:-43.28691,Praça do Coutry - Brás de Pina,-22.82366180419922,-43.28691101074219,landmark_and_historical_building,NOISE,generic residential-area square
overture:Praça do Eucalipto:-22.82845:-43.28601,Praça do Eucalipto,-22.828453063964844,-43.286006927490234,landmark_and_historical_building,NOISE,generic square named after a tree
overture:Praça do Skate - 77:-22.88940:-43.44448,Praça do Skate - 77,-22.889400482177734,-43.444480895996094,landmark_and_historical_building,NOISE,"skate park, not cultural heritage"
overture:Praça do Skate Rocinha:-22.99022:-43.25194,Praça do Skate Rocinha,-22.990222930908203,-43.2519416809082,landmark_and_historical_building,NOISE,"skate park, not cultural heritage"
overture:Praça dos Expedicionários:-22.90522:-43.17142,Praça dos Expedicionários,-22.905221939086914,-43.171424865722656,landmark_and_historical_building,CULTURAL,WWII veterans memorial plaza in central Rio
overture:Praça seca:-22.89507:-43.35019,Praça seca,-22.89506721496582,-43.350189208984375,landmark_and_historical_building,NOISE,bare neighborhood name
overture:Prima Classe:-22.93889:-43.33704,Prima Classe,-22.93889045715332,-43.337039947509766,landmark_and_historical_building,NOISE,private business name
overture:Proj Vilaisabel:-22.91488:-43.24615,Proj Vilaisabel,-22.914880752563477,-43.246150970458984,landmark_and_historical_building,NOISE,ambiguous development/project label
overture:Projeto Semeando:-22.81739:-43.34730,Projeto Semeando,-22.81739044189453,-43.3473014831543,landmark_and_historical_building,NOISE,"community project, not a heritage site"
overture:Prologis Dutra RJ I:-22.79902:-43.34903,Prologis Dutra RJ I,-22.79901695251465,-43.34902572631836,landmark_and_historical_building,NOISE,logistics warehouse business
overture:Promenade Rio Stay:-22.97514:-43.41453,Promenade Rio Stay,-22.975135803222656,-43.414527893066406,landmark_and_historical_building,NOISE,hospitality business
overture:Providencia e Tudoo Doois:-22.89982:-43.19699,Providencia e Tudoo Doois,-22.899824142456055,-43.19699478149414,landmark_and_historical_building,NOISE,"ambiguous name, no clear referent"
overture:Prédio:-22.91675:-43.22910,Prédio,-22.9167537689209,-43.229103088378906,landmark_and_historical_building,NOISE,"bare generic ""building"""
overture:Prédio Brisa do Mar:-23.03009:-43.47255,Prédio Brisa do Mar,-23.030088424682617,-43.47254943847656,landmark_and_historical_building,NOISE,residential building
overture:Prédio Michelozzo:-23.00356:-43.38289,Prédio Michelozzo,-23.003555297851562,-43.38289260864258,landmark_and_historical_building,NOISE,residential building name
overture:Prédio hermes:-23.02534:-43.46514,Prédio hermes,-23.02533721923828,-43.46513748168945,landmark_and_historical_building,NOISE,residential building
overture:Prédio onde morou Renato Russo:-22.98179:-43.20839,Prédio onde morou Renato Russo,-22.981792449951172,-43.20838928222656,landmark_and_historical_building,CULTURAL,former residence of noted Brazilian musician Renato Russo
overture:Puerto Madero:-23.02273:-43.48797,Puerto Madero,-23.022727966308594,-43.487972259521484,landmark_and_historical_building,NOISE,restaurant/venue business
overture:Pulse Offices:-22.96486:-43.21788,Pulse Offices,-22.964860916137695,-43.21787643432617,landmark_and_historical_building,NOISE,office building
overture:Pão de açúcar:-22.94945:-43.15635,Pão de açúcar,-22.949453353881836,-43.156349182128906,landmark_and_historical_building,NATURAL,Sugarloaf Mountain rock formation
overture:Píer da Pedra de Guaratiba:-23.00189:-43.64221,Píer da Pedra de Guaratiba,-23.001893997192383,-43.6422119140625,landmark_and_historical_building,NOISE,pier infrastructure
overture:Qg Malhão:-22.85457:-43.24456,Qg Malhão,-22.854568481445312,-43.24456024169922,landmark_and_historical_building,NOISE,fitness/training business
overture:Quality Green:-22.97074:-43.36765,Quality Green,-22.97073745727539,-43.367645263671875,landmark_and_historical_building,NOISE,landscaping/plant business
overture:Quartier Carioca:-22.92841:-43.17964,Quartier Carioca,-22.92841339111328,-43.17964172363281,landmark_and_historical_building,NOISE,residential condo development
overture:Quattro Pinheiro Guimaraes Botafogo:-22.95829:-43.19345,Quattro Pinheiro Guimaraes Botafogo,-22.958290100097656,-43.19344711303711,landmark_and_historical_building,NOISE,residential condo development
overture:Quebra-Coco:-22.81357:-43.20931,Quebra-Coco,-22.813568115234375,-43.20930862426758,landmark_and_historical_building,NOISE,"ambiguous name, no clear referent"
overture:Queen Victoria Building condo:-23.00908:-43.36784,Queen Victoria Building condo,-23.009075164794922,-43.367835998535156,landmark_and_historical_building,NOISE,explicitly a condo
overture:Querovoar.net:-22.96719:-43.18189,Querovoar.net,-22.96718978881836,-43.18189239501953,landmark_and_historical_building,NOISE,business website (paragliding company)
overture:Quintal do Normando:-22.89397:-43.27470,Quintal do Normando,-22.89396858215332,-43.274696350097656,landmark_and_historical_building,NOISE,restaurant/bar business
overture:Quintal do Well:-22.84386:-43.32460,Quintal do Well,-22.84386444091797,-43.3245964050293,landmark_and_historical_building,NOISE,restaurant/bar business
overture:Quintas de Icaraí:-22.90729:-43.10344,Quintas de Icaraí,-22.90728759765625,-43.10344314575195,landmark_and_historical_building,NOISE,"residential development, Niterói not Rio"
overture:Quintas do Pontal Recreio dos Bandeirantes:-23.02579:-43.50465,Quintas do Pontal Recreio dos Bandeirantes,-23.025787353515625,-43.50464630126953,landmark_and_historical_building,NOISE,residential condo development
overture:Quintas do Rio:-22.98481:-43.50184,Quintas do Rio,-22.98480987548828,-43.5018424987793,landmark_and_historical_building,NOISE,residential condo development
overture:RG33:-22.95186:-43.19383,RG33,-22.951858520507812,-43.19382858276367,landmark_and_historical_building,NOISE,"ambiguous code-name, likely business/building"
"overture:RIO Cidade Maravilhosa"":-22.88356:-43.27487","RIO Cidade Maravilhosa""",-22.883560180664062,-43.274871826171875,landmark_and_historical_building,NOISE,"generic slogan, no distinct referent"
overture:RS Personal Trainer:-22.83644:-43.40272,RS Personal Trainer,-22.836437225341797,-43.4027214050293,landmark_and_historical_building,NOISE,private fitness business
overture:RUA UÇÁ:-22.81703:-43.20164,RUA UÇÁ,-22.817033767700195,-43.20164489746094,landmark_and_historical_building,NOISE,bare street name
overture:Rampa Pedra Bonita:-22.99916:-43.26192,Rampa Pedra Bonita,-22.999162673950195,-43.261924743652344,landmark_and_historical_building,NATURAL,hang-gliding ramp on natural rock formation Pedra Bonita
overture:Rancho PAIOL:-22.97899:-43.68959,Rancho PAIOL,-22.978988647460938,-43.68959426879883,landmark_and_historical_building,NOISE,private ranch/venue
overture:Raro Palacete Art Déco:-22.94629:-43.18512,Raro Palacete Art Déco,-22.9462947845459,-43.185123443603516,landmark_and_historical_building,CULTURAL,historic Art Deco mansion
overture:Ravana:-22.92309:-43.25006,Ravana,-22.923091888427734,-43.250064849853516,landmark_and_historical_building,NOISE,"ambiguous single word, no clear referent"
overture:Realengo:-22.89190:-43.44435,Realengo,-22.89190101623535,-43.4443473815918,landmark_and_historical_building,NOISE,bare neighborhood name
overture:Realengo.:-22.88667:-43.42482,Realengo.,-22.886672973632812,-43.4248161315918,landmark_and_historical_building,NOISE,bare neighborhood name
overture:Recanto Do Grajaú:-22.91954:-43.26915,Recanto Do Grajaú,-22.919538497924805,-43.2691535949707,landmark_and_historical_building,NOISE,residential/venue name
overture:Recanto Do Pontal - Tenda:-22.93318:-43.35260,Recanto Do Pontal - Tenda,-22.93317985534668,-43.35260009765625,landmark_and_historical_building,NOISE,event tent rental venue
overture:Recanto do Pontal:-23.01999:-43.51258,Recanto do Pontal,-23.01998519897461,-43.51258087158203,landmark_and_historical_building,NOISE,residential development
overture:Recreio dos Anciãos:-22.94057:-43.25122,Recreio dos Anciãos,-22.940570831298828,-43.251216888427734,landmark_and_historical_building,NOISE,"senior care facility, not cultural"
overture:Recreio dos Bandeirantes posto 12:-23.02868:-43.47203,Recreio dos Bandeirantes posto 12,-23.028682708740234,-43.47203063964844,landmark_and_historical_building,NATURAL,named beach location marker
overture:Regina reis:-22.89357:-43.31741,Regina reis,-22.893573760986328,-43.317405700683594,landmark_and_historical_building,NOISE,"personal name, no clear referent"
overture:Região Amazônica:-22.96623:-43.21832,Região Amazônica,-22.96623420715332,-43.21831512451172,landmark_and_historical_building,NOISE,"ambiguous name, no clear referent"
overture:Região Oceânica de Niterói:-22.90008:-43.11773,Região Oceânica de Niterói,-22.900075912475586,-43.117733001708984,landmark_and_historical_building,NOISE,"bare administrative region, Niterói not Rio"
overture:Reino do Brasil:-22.90000:-43.23333,Reino do Brasil,-22.90000343322754,-43.233333587646484,landmark_and_historical_building,NOISE,ambiguous business/venue name
overture:Relógio de Sol:-22.97040:-43.22451,Relógio de Sol,-22.970399856567383,-43.224510192871094,landmark_and_historical_building,NOISE,"unverified sundial marker, no documented heritage"
overture:Relógio do Cacuia:-22.81206:-43.19179,Relógio do Cacuia,-22.812061309814453,-43.19178771972656,landmark_and_historical_building,NOISE,"local landmark clock, no documented heritage"
overture:Represa do Ciganos:-22.92835:-43.29929,Represa do Ciganos,-22.9283504486084,-43.299285888671875,landmark_and_historical_building,NATURAL,reservoir/dam landscape feature
overture:República Alvorada:-22.78836:-43.17714,República Alvorada,-22.788362503051758,-43.1771354675293,landmark_and_historical_building,NOISE,residential building
overture:República MonasLisas:-22.74807:-43.70591,República MonasLisas,-22.748065948486328,-43.70591354370117,landmark_and_historical_building,NOISE,student housing building
overture:República Morada Jardim:-22.86863:-43.21885,República Morada Jardim,-22.868629455566406,-43.21885299682617,landmark_and_historical_building,NOISE,student housing building
overture:Res. Paineiras:-22.91159:-43.56349,Res. Paineiras,-22.91158676147461,-43.5634880065918,landmark_and_historical_building,NOISE,residential building
overture:Reserva Carioca:-22.96974:-43.39356,Reserva Carioca,-22.969743728637695,-43.39356231689453,landmark_and_historical_building,NOISE,residential condo development
overture:Reserva Do Pontal:-22.92795:-43.37345,Reserva Do Pontal,-22.92795181274414,-43.373451232910156,landmark_and_historical_building,NOISE,residential condo development
overture:Reserva Marapendi:-23.02057:-43.46424,Reserva Marapendi,-23.020572662353516,-43.46424102783203,landmark_and_historical_building,NATURAL,protected ecological reserve/lagoon
overture:Reserva Mirataia:-22.93734:-43.36237,Reserva Mirataia,-22.93734359741211,-43.36237335205078,landmark_and_historical_building,NOISE,residential condo development
overture:Reserva Natura Camorim:-22.96956:-43.41856,Reserva Natura Camorim,-22.96956443786621,-43.41856384277344,landmark_and_historical_building,NOISE,residential condo development
overture:Reserva da Freguesia:-22.93151:-43.33298,Reserva da Freguesia,-22.93151092529297,-43.332984924316406,landmark_and_historical_building,NOISE,residential condo development
overture:Reserva do Duque:-22.75744:-43.31123,Reserva do Duque,-22.757444381713867,-43.31122970581055,landmark_and_historical_building,NOISE,residential/farm property
overture:Reserva dos Pássaros:-22.94254:-43.33286,Reserva dos Pássaros,-22.942535400390625,-43.33285903930664,landmark_and_historical_building,NOISE,residential condo development
overture:Reservatorio do Morro do Ingles:-22.94438:-43.20243,Reservatorio do Morro do Ingles,-22.944381713867188,-43.20243453979492,landmark_and_historical_building,NOISE,urban water-tank infrastructure
overture:Residencias Golf Club:-22.99963:-43.26694,Residencias Golf Club,-22.999631881713867,-43.26694107055664,landmark_and_historical_building,NOISE,residential condo development
overture:Residência:-22.98406:-43.69678,Residência,-22.984058380126953,-43.696781158447266,landmark_and_historical_building,NOISE,"bare generic ""residence"""
overture:Residência Alex:-22.84416:-43.46853,Residência Alex,-22.84415626525879,-43.46853256225586,landmark_and_historical_building,NOISE,personal home
overture:Residência de Oliveira Argentino:-22.91618:-43.22739,Residência de Oliveira Argentino,-22.916179656982422,-43.227386474609375,landmark_and_historical_building,NOISE,personal home
overture:Residência oficial do Lucival:-22.91448:-43.18405,Residência oficial do Lucival,-22.91448211669922,-43.184051513671875,landmark_and_historical_building,NOISE,personal home nickname
overture:Residêncial Estação da Luz:-22.78635:-43.41293,Residêncial Estação da Luz,-22.786352157592773,-43.412933349609375,landmark_and_historical_building,NOISE,residential condo development
overture:Residências Castel del Monte:-22.76348:-43.44952,Residências Castel del Monte,-22.76348114013672,-43.449520111083984,landmark_and_historical_building,NOISE,residential condo development
overture:Residências da Floresta:-22.76372:-43.44875,Residências da Floresta,-22.763721466064453,-43.44874572753906,landmark_and_historical_building,NOISE,residential condo development
overture:Restinga de Maricá:-22.91272:-43.20646,Restinga de Maricá,-22.9127197265625,-43.20646286010742,landmark_and_historical_building,NATURAL,coastal restinga vegetation landscape feature
overture:Retiro da Serra:-22.81732:-43.30550,Retiro da Serra,-22.817323684692383,-43.30549621582031,landmark_and_historical_building,NOISE,generic retreat/venue name
overture:Revista dos Condomínios:-22.90415:-43.10947,Revista dos Condomínios,-22.904151916503906,-43.10947036743164,landmark_and_historical_building,NOISE,condominium publication business
overture:Rio 40:-22.93972:-43.17827,Rio 40,-22.939722061157227,-43.17827224731445,landmark_and_historical_building,NOISE,ambiguous business name
overture:Rio Andaraí:-22.92802:-43.25354,Rio Andaraí,-22.928020477294922,-43.253536224365234,landmark_and_historical_building,NATURAL,river/watercourse
overture:Rio Apart:-22.97692:-43.19141,Rio Apart,-22.97692108154297,-43.19141387939453,landmark_and_historical_building,NOISE,apart-hotel business
overture:Rio Apartments:-22.96502:-43.17554,Rio Apartments,-22.965023040771484,-43.175540924072266,landmark_and_historical_building,NOISE,residential/hotel business
overture:Rio Bota-Soho:-22.95331:-43.18987,Rio Bota-Soho,-22.95330810546875,-43.18987274169922,landmark_and_historical_building,NOISE,bar/restaurant business
overture:Rio By Yoo:-22.93871:-43.17123,Rio By Yoo,-22.93870735168457,-43.171226501464844,landmark_and_historical_building,NOISE,branded residential condo development
overture:Rio Cabuçu Mirim:-22.91534:-43.55038,Rio Cabuçu Mirim,-22.915340423583984,-43.55038070678711,landmark_and_historical_building,NATURAL,river/watercourse
overture:Rio Cantagalo:-22.93671:-43.64215,Rio Cantagalo,-22.936710357666016,-43.64215087890625,landmark_and_historical_building,NATURAL,river/watercourse
overture:Rio De Janeiro Tijuca:-22.91298:-43.21750,Rio De Janeiro Tijuca,-22.912982940673828,-43.21750259399414,landmark_and_historical_building,NOISE,"ambiguous generic label, no clear referent"
overture:Rio Energy:-22.89819:-43.20492,Rio Energy,-22.898189544677734,-43.20492172241211,landmark_and_historical_building,NOISE,energy company business
"overture:Rio Engenho Novo (vattendrag i Brasilien, lat -22,94, long -43,38):-22.93504:-43.38311","Rio Engenho Novo (vattendrag i Brasilien, lat -22,94, long -43,38)",-22.935043334960938,-43.38311004638672,landmark_and_historical_building,NATURAL,river/watercourse
overture:Rio Fortaleza:-22.92473:-43.30262,Rio Fortaleza,-22.92473030090332,-43.3026237487793,landmark_and_historical_building,NATURAL,river/watercourse
"overture:Rio Ipiranga (vattendrag i Brasilien, Rio de Janeiro):-22.80210:-43.62389","Rio Ipiranga (vattendrag i Brasilien, Rio de Janeiro)",-22.80210304260254,-43.62389373779297,landmark_and_historical_building,NATURAL,river/watercourse
overture:Rio Itapuca:-23.03664:-43.55788,Rio Itapuca,-23.036640167236328,-43.55787658691406,landmark_and_historical_building,NATURAL,river/watercourse
"overture:Rio Jordão (vattendrag i Brasilien, Rio de Janeiro):-22.91590:-43.37357","Rio Jordão (vattendrag i Brasilien, Rio de Janeiro)",-22.915903091430664,-43.373573303222656,landmark_and_historical_building,NATURAL,river/watercourse
overture:Rio Lucas:-22.81032:-43.29016,Rio Lucas,-22.810321807861328,-43.2901611328125,landmark_and_historical_building,NATURAL,river/watercourse
overture:Rio Méier (vattendrag i Brasilien):-22.88134:-43.28672,Rio Méier (vattendrag i Brasilien),-22.88134002685547,-43.28671646118164,landmark_and_historical_building,NATURAL,river/watercourse
overture:Rio Nunes:-22.84915:-43.27156,Rio Nunes,-22.849153518676758,-43.27156066894531,landmark_and_historical_building,NATURAL,river/watercourse
overture:Rio Oceane:-22.86724:-43.56141,Rio Oceane,-22.86723518371582,-43.5614128112793,landmark_and_historical_building,NOISE,"residential development, not tagged as watercourse"
"overture:Rio Pequeno (vattendrag i Brasilien, Rio de Janeiro):-22.91567:-43.40953","Rio Pequeno (vattendrag i Brasilien, Rio de Janeiro)",-22.91567039489746,-43.40953063964844,landmark_and_historical_building,NATURAL,river/watercourse
"overture:Rio Perdido (vattendrag i Brasilien, Rio de Janeiro):-22.92896:-43.26623","Rio Perdido (vattendrag i Brasilien, Rio de Janeiro)",-22.9289608001709,-43.266231536865234,landmark_and_historical_building,NATURAL,river/watercourse
overture:Rio Sanatório:-22.85353:-43.35234,Rio Sanatório,-22.853530883789062,-43.35234069824219,landmark_and_historical_building,NOISE,"ambiguous name, no clear referent"
overture:Rio Star:-22.89304:-43.19423,Rio Star,-22.893043518066406,-43.19422912597656,landmark_and_historical_building,NOISE,"unbuilt/unverified attraction, ambiguous"
overture:Rio São Gonçalo (vattendrag):-22.96934:-43.42478,Rio São Gonçalo (vattendrag),-22.969343185424805,-43.424781799316406,landmark_and_historical_building,NATURAL,river/watercourse
overture:Rio São João de Meriti:-22.80155:-43.27391,Rio São João de Meriti,-22.801551818847656,-43.27390670776367,landmark_and_historical_building,NATURAL,river/watercourse
"overture:Rio Taquara (vattendrag i Brasilien, Rio de Janeiro):-22.98059:-43.30785","Rio Taquara (vattendrag i Brasilien, Rio de Janeiro)",-22.9805908203125,-43.30785369873047,landmark_and_historical_building,NATURAL,river/watercourse
"overture:Rio Tingui (vattendrag i Brasilien, Rio de Janeiro):-22.84888:-43.37176","Rio Tingui (vattendrag i Brasilien, Rio de Janeiro)",-22.848880767822266,-43.371761322021484,landmark_and_historical_building,NATURAL,river/watercourse
overture:Rio da Toca:-22.97475:-43.49572,Rio da Toca,-22.974750518798828,-43.495723724365234,landmark_and_historical_building,NATURAL,river/watercourse
"overture:Rio das Pedras (vattendrag i Brasilien, Rio de Janeiro, lat -22,98, long -43,33):-22.97666:-43.33438","Rio das Pedras (vattendrag i Brasilien, Rio de Janeiro, lat -22,98, long -43,33)",-22.97666358947754,-43.334381103515625,landmark_and_historical_building,NATURAL,river/watercourse
overture:Rio de Janeiro:-22.90519:-43.29094,Rio de Janeiro,-22.905189514160156,-43.29093933105469,landmark_and_historical_building,NOISE,"bare city name, not a specific POI"
overture:Rio do Açude:-22.96966:-43.28371,Rio do Açude,-22.969663619995117,-43.28371047973633,landmark_and_historical_building,NATURAL,river/watercourse
overture:Rio do Portinho:-23.04287:-43.57654,Rio do Portinho,-23.04287338256836,-43.576541900634766,landmark_and_historical_building,NATURAL,river/watercourse
overture:Rio do ”A”:-22.88375:-43.59433,Rio do ”A”,-22.883750915527344,-43.59432601928711,landmark_and_historical_building,NATURAL,river/watercourse
"overture:Rio dos Cachorros (vattendrag i Brasilien, Rio de Janeiro, lat -22,80, long -43,33):-22.80244:-43.32672","Rio dos Cachorros (vattendrag i Brasilien, Rio de Janeiro, lat -22,80, long -43,33)",-22.802440643310547,-43.32672119140625,landmark_and_historical_building,NATURAL,river/watercourse
"overture:Rio Água Fria (vattendrag i Brasilien, Rio de Janeiro):-22.95207:-43.48862","Rio Água Fria (vattendrag i Brasilien, Rio de Janeiro)",-22.952070236206055,-43.48862075805664,landmark_and_historical_building,NATURAL,river/watercourse
overture:Riomar VII:-23.00014:-43.40434,Riomar VII,-23.000137329101562,-43.404335021972656,landmark_and_historical_building,NOISE,residential condo tower
overture:Ritz:-22.90694:-43.10086,Ritz,-22.906944274902344,-43.10086441040039,landmark_and_historical_building,NOISE,ambiguous business name
overture:Riviera Carioca:-22.89863:-43.31461,Riviera Carioca,-22.89862632751465,-43.314613342285156,landmark_and_historical_building,NOISE,residential condo development
overture:Riviera Dei Fiori:-23.00570:-43.33984,Riviera Dei Fiori,-23.005695343017578,-43.33983612060547,landmark_and_historical_building,NOISE,residential condo development
overture:Riviera Del Sol:-23.01344:-43.49278,Riviera Del Sol,-23.013439178466797,-43.49278259277344,landmark_and_historical_building,NOISE,residential condo development
overture:Rivieras De Florenca:-22.94401:-43.33382,Rivieras De Florenca,-22.944011688232422,-43.33381652832031,landmark_and_historical_building,NOISE,residential condo development
overture:Rocha Miranda:-22.85048:-43.34483,Rocha Miranda,-22.85047721862793,-43.34483337402344,landmark_and_historical_building,NOISE,bare neighborhood name
"overture:Rocinha, Rio de Janeiro:-22.98861:-43.24834","Rocinha, Rio de Janeiro",-22.988611221313477,-43.24833679199219,landmark_and_historical_building,NOISE,"bare neighborhood name, not a specific site"
overture:Rodo City:-22.92561:-43.66972,Rodo City,-22.925613403320312,-43.669715881347656,landmark_and_historical_building,NOISE,shopping/business complex
overture:Rodoviária novo rio:-22.89869:-43.20827,Rodoviária novo rio,-22.898693084716797,-43.208274841308594,landmark_and_historical_building,NOISE,bus station infrastructure
overture:Rooftop 603:-22.89416:-43.28115,Rooftop 603,-22.89415740966797,-43.28115463256836,landmark_and_historical_building,NOISE,bar/venue business
overture:Rooftop Vieira Souto:-22.98604:-43.20877,Rooftop Vieira Souto,-22.986040115356445,-43.20876693725586,landmark_and_historical_building,NOISE,bar/venue business
overture:Roselien II:-22.90085:-43.29079,Roselien II,-22.900846481323242,-43.29079055786133,landmark_and_historical_building,NOISE,residential condo development
overture:Rossi Ideal Vila Guaratiba:-22.99670:-43.62832,Rossi Ideal Vila Guaratiba,-22.9967041015625,-43.628318786621094,landmark_and_historical_building,NOISE,residential real-estate development
overture:Rosário Fusco:-22.83445:-43.28806,Rosário Fusco,-22.83444595336914,-43.28805923461914,landmark_and_historical_building,NOISE,ambiguous personal/street name
overture:Royal Blue:-23.00195:-43.42323,Royal Blue,-23.0019474029541,-43.42323303222656,landmark_and_historical_building,NOISE,ambiguous business name
overture:Rua Aguiar:-22.92373:-43.22102,Rua Aguiar,-22.923728942871094,-43.22101974487305,landmark_and_historical_building,NOISE,bare street name
overture:Rua Alfredo Bastos:-22.88662:-43.42749,Rua Alfredo Bastos,-22.886621475219727,-43.427486419677734,landmark_and_historical_building,NOISE,bare street name
overture:Rua Alvaro Albuquerque:-22.83086:-43.40085,Rua Alvaro Albuquerque,-22.83085823059082,-43.400848388671875,landmark_and_historical_building,NOISE,bare street name
overture:Rua Barão 51:-22.89968:-43.35116,Rua Barão 51,-22.89968490600586,-43.351158142089844,landmark_and_historical_building,NOISE,bare address
overture:Rua Barão de Macaúbas:-22.94946:-43.19272,Rua Barão de Macaúbas,-22.949464797973633,-43.192718505859375,landmark_and_historical_building,NOISE,bare street name
overture:Rua Beira rio:-22.82015:-43.41029,Rua Beira rio,-22.820148468017578,-43.41028594970703,landmark_and_historical_building,NOISE,bare street name
overture:Rua Bento Lisboa 36:-22.92609:-43.17957,Rua Bento Lisboa 36,-22.92608642578125,-43.1795654296875,landmark_and_historical_building,NOISE,bare address
"overture:Rua Candido Mendes, 240, Gloria:-22.91972:-43.18032","Rua Candido Mendes, 240, Gloria",-22.919719696044922,-43.18032455444336,landmark_and_historical_building,NOISE,bare address
overture:Rua Cisplatina Irajá.:-22.84579:-43.32525,Rua Cisplatina Irajá.,-22.845794677734375,-43.32524871826172,landmark_and_historical_building,NOISE,bare street name
overture:Rua Domingos Ferreira:-22.97427:-43.18800,Rua Domingos Ferreira,-22.97426986694336,-43.18800354003906,landmark_and_historical_building,NOISE,bare street name
overture:Rua Dulce:-22.91848:-43.22640,Rua Dulce,-22.91847801208496,-43.22639846801758,landmark_and_historical_building,NOISE,bare street name
overture:Rua Farme de amoedo:-22.98450:-43.19767,Rua Farme de amoedo,-22.9844970703125,-43.19766616821289,landmark_and_historical_building,NOISE,bare street name
overture:Rua Figueiredo Pímentel:-22.88362:-43.30713,Rua Figueiredo Pímentel,-22.883617401123047,-43.30712890625,landmark_and_historical_building,NOISE,bare street name
overture:Rua Francisco Mota 174:-22.90657:-43.54376,Rua Francisco Mota 174,-22.906574249267578,-43.54376220703125,landmark_and_historical_building,NOISE,bare address
overture:Rua Groairas:-22.91461:-43.26729,Rua Groairas,-22.91460609436035,-43.26729202270508,landmark_and_historical_building,NOISE,bare street name
overture:Rua Gustavo Sampaio:-22.98247:-43.19226,Rua Gustavo Sampaio,-22.982471466064453,-43.1922607421875,landmark_and_historical_building,NOISE,bare street name
overture:Rua Igarapé Jardim Olavo Bilac Duque De Caxias:-22.77935:-43.32688,Rua Igarapé Jardim Olavo Bilac Duque De Caxias,-22.779346466064453,-43.32687759399414,landmark_and_historical_building,NOISE,"bare street name, outside Rio city"
overture:Rua Irineu Marinho:-22.90946:-43.19392,Rua Irineu Marinho,-22.90946388244629,-43.19391632080078,landmark_and_historical_building,NOISE,bare street name
overture:Rua Japurá:-22.90043:-43.34895,Rua Japurá,-22.900426864624023,-43.34894943237305,landmark_and_historical_building,NOISE,bare street name
overture:Rua Jornalista Pierre Plancher:-23.00857:-43.33902,Rua Jornalista Pierre Plancher,-23.00857162475586,-43.33901596069336,landmark_and_historical_building,NOISE,bare street name
overture:Rua João Adil de Oliveira:-22.82359:-43.32682,Rua João Adil de Oliveira,-22.823591232299805,-43.32682418823242,landmark_and_historical_building,NOISE,bare street name
overture:Rua João Pereira:-22.87522:-43.33296,Rua João Pereira,-22.875221252441406,-43.33295822143555,landmark_and_historical_building,NOISE,bare street name
overture:Rua Lancastre:-22.89165:-43.33515,Rua Lancastre,-22.891645431518555,-43.33515167236328,landmark_and_historical_building,NOISE,bare street name
overture:Rua Leocádio Figueiredo:-22.84498:-43.36820,Rua Leocádio Figueiredo,-22.844980239868164,-43.368202209472656,landmark_and_historical_building,NOISE,bare street name
"overture:Rua Mangueiral N11, Campo Grande/ Rj.:-22.91959:-43.55484","Rua Mangueiral N11, Campo Grande/ Rj.",-22.919586181640625,-43.554840087890625,landmark_and_historical_building,NOISE,bare address
overture:Rua Maria Antonia:-22.90797:-43.27157,Rua Maria Antonia,-22.907968521118164,-43.271568298339844,landmark_and_historical_building,NOISE,bare street name
overture:Rua Mercúrio:-22.82167:-43.34056,Rua Mercúrio,-22.821666717529297,-43.34055709838867,landmark_and_historical_building,NOISE,bare street name
overture:Rua Nazário:-22.90454:-43.24645,Rua Nazário,-22.904541015625,-43.24645233154297,landmark_and_historical_building,NOISE,bare street name
overture:Rua Newton Fontoura Reis:-23.02641:-43.46598,Rua Newton Fontoura Reis,-23.026412963867188,-43.465980529785156,landmark_and_historical_building,NOISE,bare street name
overture:Rua Nova Canaã Morro:-22.86119:-43.24301,Rua Nova Canaã Morro,-22.861190795898438,-43.24300765991211,landmark_and_historical_building,NOISE,bare street name
overture:Rua Oliveira:-22.90329:-43.28111,Rua Oliveira,-22.903291702270508,-43.281105041503906,landmark_and_historical_building,NOISE,bare street name
overture:Rua Pajuçara- Ilha do Governador:-22.82715:-43.40547,Rua Pajuçara- Ilha do Governador,-22.827150344848633,-43.40547180175781,landmark_and_historical_building,NOISE,bare street name
overture:Rua Pedro Guedes são cristovao:-22.91127:-43.21955,Rua Pedro Guedes são cristovao,-22.911266326904297,-43.21955108642578,landmark_and_historical_building,NOISE,bare street name
overture:Rua Professor Nehemias Gueiros:-23.01838:-43.45341,Rua Professor Nehemias Gueiros,-23.018375396728516,-43.45341110229492,landmark_and_historical_building,NOISE,bare street name
overture:Rua Quatro (Cj Guandu Velho):-22.90140:-43.70309,Rua Quatro (Cj Guandu Velho),-22.901397705078125,-43.70309066772461,landmark_and_historical_building,NOISE,bare street name in housing complex
overture:Rua Sandra Freitas:-22.82576:-43.38765,Rua Sandra Freitas,-22.825763702392578,-43.38764953613281,landmark_and_historical_building,NOISE,bare street name
overture:Rua São Sebastião:-22.85751:-43.26933,Rua São Sebastião,-22.85750961303711,-43.26932907104492,landmark_and_historical_building,NOISE,bare street name
overture:Rua arquiteto:-23.02580:-43.48510,Rua arquiteto,-23.025802612304688,-43.485103607177734,landmark_and_historical_building,NOISE,bare/incomplete street name
overture:Rua cabo herculano:-22.83313:-43.30785,Rua cabo herculano,-22.8331298828125,-43.30785369873047,landmark_and_historical_building,NOISE,bare street name
overture:Rua castelo branco:-22.82358:-43.28077,Rua castelo branco,-22.823575973510742,-43.2807731628418,landmark_and_historical_building,NOISE,bare street name
overture:Rua citeria Irajá rj:-22.82857:-43.32434,Rua citeria Irajá rj,-22.828569412231445,-43.3243408203125,landmark_and_historical_building,NOISE,bare street name
overture:TACONEO Casa de Flamenco & Outras Artes:-22.91521:-43.22013,TACONEO Casa de Flamenco & Outras Artes,-22.915205001831055,-43.22013473510742,cultural_center,NOISE,private flamenco dance school/business
overture:Casa Música & Inovação:-22.92142:-43.18167,Casa Música & Inovação,-22.921422958374023,-43.181671142578125,topic_concert_venue,NOISE,"generic business name, no confirmed heritage/programming"
overture:Casa de Festas Sol&Natureza:-22.90733:-43.40905,Casa de Festas Sol&Natureza,-22.907333374023438,-43.4090461730957,topic_concert_venue,NOISE,party-rental hall
overture:Corpo & Expressão:-22.96445:-43.21788,Corpo & Expressão,-22.964445114135742,-43.21788024902344,topic_concert_venue,NOISE,private dance/movement studio
overture:D&M Personalizados Bangu:-22.84973:-43.46223,D&M Personalizados Bangu,-22.849729537963867,-43.46223068237305,topic_concert_venue,NOISE,printing/personalization shop
overture:EAM Sítios&Eventos:-23.00121:-43.64473,EAM Sítios&Eventos,-23.00120735168457,-43.64472579956055,topic_concert_venue,NOISE,"farm/sítio events business, no heritage status"
overture:Espaço 42 Mtc Festas & Eventos:-22.83851:-43.29849,Espaço 42 Mtc Festas & Eventos,-22.83850860595703,-43.298492431640625,topic_concert_venue,NOISE,party rental hall
overture:Espaço LD - Festas & Eventos:-22.78033:-43.37849,Espaço LD - Festas & Eventos,-22.78033447265625,-43.37848663330078,topic_concert_venue,NOISE,party rental hall
overture:Espaço Mix - Festas & Eventos:-22.81375:-43.34154,Espaço Mix - Festas & Eventos,-22.813753128051758,-43.3415412902832,topic_concert_venue,NOISE,party rental hall
overture:Espaço Realize Sonhos & Festas:-22.93101:-43.54898,Espaço Realize Sonhos & Festas,-22.931011199951172,-43.548980712890625,topic_concert_venue,NOISE,party rental hall
overture:Espaço Verde Festas & Eventos- SANTA CRUZ:-22.89281:-43.67416,Espaço Verde Festas & Eventos- SANTA CRUZ,-22.892810821533203,-43.67416000366211,topic_concert_venue,NOISE,party rental hall
overture:GGRF - Geek & Game Rio Festival:-22.98104:-43.40997,GGRF - Geek & Game Rio Festival,-22.981037139892578,-43.409969329833984,topic_concert_venue,NOISE,recurring commercial fan convention
overture:L&V:-22.75704:-43.31739,L&V,-22.75704002380371,-43.3173942565918,topic_concert_venue,NOISE,ambiguous unclear referent
overture:M&M Eventos:-22.84553:-43.30178,M&M Eventos,-22.84553337097168,-43.301780700683594,topic_concert_venue,NOISE,event planning company
overture:MW Garçons Festas & Eventos:-22.77823:-43.31091,MW Garçons Festas & Eventos,-22.77823257446289,-43.3109130859375,topic_concert_venue,NOISE,event staffing company
overture:Rock & Metal Dance Studio:-22.89967:-43.56192,Rock & Metal Dance Studio,-22.899673461914062,-43.56191635131836,topic_concert_venue,NOISE,private dance studio business
overture:Salao de Festas F&F:-22.77954:-43.43151,Salao de Festas F&F,-22.779541015625,-43.4315071105957,topic_concert_venue,NOISE,generic party rental hall
overture:Salão Festas & Eventos Infantis:-22.75533:-43.47118,Salão Festas & Eventos Infantis,-22.755327224731445,-43.4711799621582,topic_concert_venue,NOISE,generic party rental hall
overture:Salão de Festas & Eventos Trindade:-22.90924:-43.57793,Salão de Festas & Eventos Trindade,-22.909238815307617,-43.57792663574219,topic_concert_venue,NOISE,generic party rental hall
overture:Salão de Festas F&G:-22.74801:-43.50013,Salão de Festas F&G,-22.748010635375977,-43.5001335144043,topic_concert_venue,NOISE,generic party rental hall
overture:Salão de Festas e Eventos L&R:-22.83409:-43.38271,Salão de Festas e Eventos L&R,-22.83409309387207,-43.382713317871094,topic_concert_venue,NOISE,generic party rental hall
overture:T&J Decorações:-22.85644:-43.49119,T&J Decorações,-22.856443405151367,-43.49119186401367,topic_concert_venue,NOISE,private decorations business
overture:Top Festas & Eventos:-22.96207:-43.39222,Top Festas & Eventos,-22.96207046508789,-43.392215728759766,topic_concert_venue,NOISE,generic event-rental business
overture:Alfa Barra Resort & Services:-23.00969:-43.36879,Alfa Barra Resort & Services,-23.009693145751953,-43.36878967285156,landmark_and_historical_building,NOISE,private resort business
overture:Claris Casa & Clube:-23.01392:-43.44058,Claris Casa & Clube,-23.013916015625,-43.440582275390625,landmark_and_historical_building,NOISE,private club/residential
overture:D&A Areia de Quartzo:-22.91368:-43.54753,D&A Areia de Quartzo,-22.913684844970703,-43.54753112792969,landmark_and_historical_building,NOISE,business
overture:Residencia D&J:-22.78583:-43.43636,Residencia D&J,-22.785829544067383,-43.436363220214844,landmark_and_historical_building,NOISE,personal home nickname
overture:Grbc Grilo de Bangu Carnaval 2019:-22.88612:-43.47761,Grbc Grilo de Bangu Carnaval 2019,-22.886123657226562,-43.47760772705078,topic_concert_venue,NOISE,"carnival block/community group listing, not a cultural site"
